Observation,Vote,Age,HomeOwner,Gender,Married,HouseholdSize,Income,Education,Religious
1,undecided,51,1,female,1,4,171,15,0
2,decided,46,1,female,1,6,420,15,1
3,undecided,55,1,male,1,6,132,16,0
4,decided,50,1,male,1,4,18,8,0
5,undecided,49,1,female,1,2,66,15,1
6,undecided,56,1,female,1,5,127,13,1
7,undecided,30,1,female,1,7,79,15,1
8,decided,54,0,female,1,5,122,12,0
9,decided,45,1,female,1,5,83,18,1
10,decided,34,1,male,1,3,289,15,0
11,undecided,41,1,male,0,4,74,15,0
12,decided,49,1,female,1,3,222,20,1
13,undecided,56,1,male,1,3,73,16,0
14,decided,41,1,female,1,5,161,9,1
15,decided,59,1,other,1,4,71,20,1
16,decided,38,0,female,1,3,242,18,1
17,decided,52,1,male,1,3,276,15,0
18,decided,47,1,female,1,3,130,20,1
19,undecided,57,1,female,1,2,94,15,0
20,decided,66,1,other,1,4,163,20,1
21,undecided,54,1,other,1,5,99,18,0
22,undecided,48,1,female,1,3,104,18,0
23,decided,63,1,female,0,3,174,20,1
24,undecided,62,1,male,0,2,136,16,0
25,decided,37,1,male,1,2,198.5,9,1
26,decided,67,1,female,1,3,18,8,0
27,undecided,54,1,female,0,1,53,20,0
28,undecided,56,1,female,1,3,80,20,0
29,undecided,51,1,female,1,3,53,16,0
30,decided,35,1,female,1,3,78,18,1
31,undecided,38,1,female,0,3,40.5,15,0
32,undecided,63,1,female,1,3,90,20,0
33,undecided,52,0,female,0,4,53,16,1
34,undecided,32,1,male,1,4,75,18,0
35,decided,52,1,female,1,5,172,18,1
36,decided,43,1,male,1,2,90,9,0
37,decided,38,0,female,1,5,354,15,0
38,decided,53,1,male,1,4,227,18,0
39,decided,58,1,female,1,4,77,20,1
40,decided,53,1,female,0,4,106,18,1
41,undecided,57,1,female,0,1,65,20,0
42,undecided,53,1,female,1,7,134,15,1
43,decided,57,1,female,1,2,139,12,1
44,undecided,57,1,female,1,3,4,20,0
45,decided,37,1,male,1,3,62,8,0
46,decided,50,1,female,1,3,101,20,1
47,decided,45,1,female,1,4,323,15,0
48,undecided,55,1,female,1,5,26,16,1
49,undecided,34,1,male,1,5,66,15,0
50,decided,50,1,female,0,3,41,20,1
51,decided,64,1,female,1,3,103,8,0
52,undecided,50,1,female,1,3,58,15,1
53,decided,35,1,female,1,5,174,18,1
54,decided,49,1,female,1,5,66,20,1
55,undecided,64,1,female,1,5,73,20,0
56,undecided,54,1,other,1,2,218,18,1
57,decided,37,0,male,1,2,114,18,1
58,undecided,48,1,female,1,2,49,15,1
59,decided,65,0,female,1,5,32,8,0
60,decided,39,1,female,1,3,167,18,1
61,decided,49,1,female,1,4,216,12,0
62,undecided,39,1,other,1,4,84,15,1
63,decided,56,1,other,1,2,88,20,1
64,decided,54,1,male,1,2,82,9,0
65,decided,48,1,other,0,1,68,10,0
66,decided,54,1,female,1,2,47,8,1
67,undecided,42,1,female,1,3,138,15,1
68,undecided,51,1,female,0,1,92,18,0
69,undecided,73,0,female,1,2,90,20,0
70,undecided,65,1,female,1,4,171,20,0
71,undecided,47,1,other,1,5,96,15,0
72,decided,33,1,other,1,4,81,8,0
73,decided,44,1,male,1,7,135,20,0
74,decided,45,1,male,1,6,190,16,0
75,undecided,51,1,female,1,4,150,18,0
76,undecided,38,1,female,1,4,130,15,0
77,undecided,38,1,female,1,3,131,18,0
78,decided,43,1,female,1,4,119,20,1
79,decided,55,1,female,1,3,78.5,20,1
80,decided,43,0,male,0,1,24,8,1
81,decided,59,1,male,0,3,71,20,0
82,undecided,51,1,female,1,3,164,13,1
83,undecided,55,1,female,1,5,51,20,0
84,undecided,51,1,female,1,3,127,18,0
85,decided,54,1,female,1,3,92,20,1
86,decided,48,0,male,1,3,85,20,0
87,decided,54,1,male,1,4,126,18,1
88,undecided,64,1,male,1,3,100,16,0
89,undecided,62,0,female,0,3,65.5,20,0
90,undecided,39,1,male,1,4,91,15,0
91,undecided,43,1,female,1,4,233,18,0
92,decided,66,1,other,0,2,38,20,1
93,decided,44,1,female,1,3,157,12,1
94,decided,60,1,male,1,2,134,20,0
95,undecided,37,1,female,1,3,161,18,0
96,decided,47,1,female,1,3,101,12,1
97,decided,46,0,other,1,4,123,18,1
98,undecided,46,1,female,0,1,85,18,0
99,undecided,61,1,female,1,5,108,20,0
100,decided,41,1,female,1,4,99,18,1
101,undecided,57,1,female,1,5,87,16,0
102,decided,50,1,female,1,3,44,18,1
103,decided,52,1,female,1,4,57,8,0
104,decided,55,1,male,1,4,237,20,0
105,decided,56,1,male,1,4,56,20,1
106,decided,69,1,other,1,2,30,20,1
107,decided,33,1,female,1,2,111.5,8,0
108,undecided,37,0,female,1,4,107,15,0
109,undecided,51,1,female,1,3,82,20,0
110,undecided,36,1,male,1,3,160,15,1
111,undecided,46,1,female,1,2,96,18,0
112,decided,39,1,female,0,4,31,18,1
113,undecided,64,1,female,1,3,16,13,0
114,decided,53,1,female,1,5,124,8,1
115,undecided,46,1,other,0,1,82,18,0
116,decided,61,1,male,1,3,77,20,1
117,decided,47,1,male,1,4,132,12,0
118,undecided,36,1,female,1,7,60,15,1
119,undecided,49,1,male,1,4,138,16,1
120,decided,63,1,female,1,5,450,20,1
121,undecided,37,1,male,1,3,20,12,1
122,decided,41,1,other,0,2,22,10,1
123,decided,54,1,male,1,3,110.5,8,1
124,decided,46,0,female,0,1,135.5,8,0
125,decided,47,1,male,1,3,177,20,1
126,undecided,61,1,male,1,6,12,16,1
127,undecided,42,0,female,1,5,59,18,0
128,undecided,35,1,other,1,6,28,15,0
129,decided,49,1,female,1,2,117,12,1
130,undecided,58,1,female,1,2,112,20,0
131,decided,57,1,female,1,2,108,8,1
132,decided,45,1,female,1,2,98,18,1
133,undecided,33,1,other,1,3,21,18,1
134,decided,43,1,other,1,6,77,12,0
135,decided,44,1,other,0,5,79.5,18,1
136,undecided,58,0,female,1,3,16,16,0
137,undecided,43,1,female,1,6,119,15,1
138,decided,43,1,female,1,4,85,20,1
139,decided,51,0,male,1,3,107,9,0
140,decided,54,0,male,1,3,49,8,0
141,undecided,49,1,female,1,4,154,15,1
142,decided,75,1,female,0,1,67,20,1
143,undecided,32,1,female,1,3,37,15,0
144,decided,52,1,female,1,2,69.5,20,1
145,decided,48,1,male,1,3,90,20,0
146,decided,34,1,female,1,3,4,18,1
147,undecided,34,1,male,1,3,126,15,0
148,undecided,31,1,male,1,5,108,15,1
149,decided,50,1,male,0,2,118,20,1
150,decided,46,1,male,1,5,153,18,1
151,undecided,49,0,female,1,3,112,13,0
152,decided,54,1,female,1,4,46,18,1
153,decided,45,1,female,1,3,134,18,1
154,decided,65,1,female,0,4,58,8,0
155,decided,36,1,female,1,5,91,18,1
156,undecided,58,1,female,1,3,88,20,0
157,decided,37,1,female,1,5,142,18,1
158,decided,49,0,male,1,7,117,8,0
159,decided,34,1,female,1,4,94,12,0
160,decided,35,1,female,1,6,229,15,1
161,decided,54,1,female,1,2,32,20,1
162,undecided,48,1,female,0,1,61,18,0
163,undecided,57,1,female,1,2,50,16,1
164,undecided,47,1,male,0,2,31,18,1
165,undecided,29,1,female,1,7,131,15,0
166,decided,59,1,female,0,1,41,20,1
167,decided,61,1,male,1,3,127,20,0
168,undecided,44,1,male,0,1,59,18,1
169,decided,43,1,female,1,3,260,20,1
170,undecided,55,1,female,1,2,178,18,0
171,undecided,62,1,female,0,1,131,20,0
172,decided,61,1,female,1,3,26,20,1
173,undecided,47,1,female,1,7,165,15,1
174,decided,53,1,female,1,5,220,20,1
175,decided,46,1,female,1,4,187,12,1
176,undecided,37,1,other,1,2,81.5,15,0
177,undecided,57,1,female,1,3,68.5,15,0
178,decided,30,1,female,1,6,291,15,0
179,decided,58,1,female,0,1,107.5,8,1
180,decided,30,1,female,1,5,504,15,0
181,decided,45,1,male,1,3,179,16,0
182,undecided,42,1,female,0,1,64,20,0
183,undecided,58,1,female,1,6,18,15,1
184,decided,54,1,female,0,1,48,18,1
185,undecided,62,1,female,0,1,30,20,0
186,decided,32,1,female,1,4,424,15,0
187,decided,34,1,female,1,2,256,15,0
188,undecided,37,1,female,1,5,17,15,0
189,undecided,41,1,male,1,4,56,15,1
190,decided,51,0,male,1,2,58,18,1
191,decided,50,0,male,1,2,47,8,1
192,decided,36,1,female,0,1,94,9,0
193,undecided,47,1,female,1,6,17,15,0
194,decided,43,1,female,1,4,38,8,1
195,undecided,47,1,female,1,3,137,18,0
196,decided,32,1,female,1,5,96,8,0
197,undecided,48,1,female,1,4,144,18,0
198,undecided,41,1,female,1,6,132,15,0
199,decided,40,1,male,0,3,60,8,0
200,undecided,43,1,female,1,3,21,18,0
201,decided,41,0,female,0,3,26,8,0
202,decided,54,1,male,0,1,111,20,1
203,undecided,64,1,female,1,2,120,20,0
204,decided,47,1,female,0,2,48,18,1
205,decided,28,1,female,1,7,82,12,1
206,decided,35,1,male,1,4,189,18,0
207,undecided,51,1,female,1,2,56,20,0
208,decided,43,0,female,0,6,22,10,1
209,undecided,49,1,female,1,4,171,20,0
210,decided,56,1,male,1,2,62,20,0
211,decided,53,1,female,1,6,69,12,1
212,undecided,46,1,female,1,3,55,18,0
213,undecided,57,1,female,1,4,96,20,0
214,undecided,53,1,male,1,6,27,16,0
215,decided,55,1,female,0,2,52,9,0
216,decided,64,1,male,1,4,115,20,0
217,decided,53,1,other,0,2,28,10,0
218,undecided,49,1,female,1,2,146,18,0
219,undecided,45,1,male,1,5,113,16,0
220,decided,60,0,male,0,2,5,20,1
221,undecided,47,1,female,1,5,88,15,0
222,decided,58,1,other,1,4,84,18,1
223,decided,43,1,female,1,3,55,18,1
224,decided,60,1,female,0,1,90,20,1
225,decided,67,1,female,0,1,4,20,1
226,decided,50,1,female,1,3,33,18,1
227,undecided,68,1,female,0,1,37,13,1
228,decided,39,1,male,1,3,174,8,1
229,undecided,39,1,female,0,1,88,18,0
230,decided,45,1,female,1,5,80,18,1
231,undecided,40,1,male,1,4,151,15,0
232,undecided,44,1,female,1,5,73,15,0
233,undecided,66,1,female,0,1,80,20,0
234,undecided,55,1,female,1,2,6,18,0
235,decided,32,1,female,1,5,225,15,0
236,undecided,50,1,female,1,3,128,20,0
237,undecided,66,1,female,1,6,90,13,1
238,decided,67,1,female,0,1,6,20,1
239,undecided,32,1,other,1,7,82,15,1
240,undecided,35,1,female,1,3,72,18,0
241,undecided,54,1,female,1,2,113,18,0
242,undecided,41,1,male,1,5,53,16,0
243,decided,56,1,female,1,2,41,20,1
244,undecided,48,0,female,0,1,4,20,0
245,undecided,55,0,female,1,4,133,15,0
246,decided,71,0,male,1,2,38,8,1
247,undecided,42,1,female,1,4,162,15,1
248,decided,43,1,other,1,4,285,15,0
249,decided,50,1,female,1,4,271,15,1
250,undecided,34,1,female,0,2,77,15,0
251,undecided,34,1,female,1,3,134,15,0
252,decided,44,1,female,1,4,247,15,0
253,decided,67,1,male,1,6,9,20,1
254,undecided,44,1,female,1,7,73,15,1
255,decided,47,0,female,1,3,63,8,0
256,decided,54,1,female,1,6,26,8,0
257,undecided,48,1,female,1,2,137,20,0
258,undecided,62,1,female,1,2,76,20,0
259,decided,38,1,female,0,1,236,8,0
260,decided,44,0,female,1,2,80,8,0
261,decided,59,1,male,1,2,46.5,20,0
262,undecided,54,1,female,1,3,82,16,1
263,undecided,40,1,male,1,5,101,15,1
264,decided,53,1,male,1,3,167,20,1
265,decided,33,1,male,1,6,178,15,1
266,undecided,45,1,female,1,3,121,18,0
267,decided,49,1,male,0,2,239,18,0
268,decided,48,1,female,1,2,62,18,1
269,decided,63,1,male,1,4,47,20,0
270,decided,50,1,female,1,3,105,8,1
271,decided,57,0,female,1,3,131,8,1
272,undecided,49,1,female,0,1,57,20,0
273,undecided,30,1,female,1,2,54,15,0
274,decided,54,0,female,0,2,15,8,0
275,decided,44,1,female,0,4,41,12,1
276,undecided,46,1,male,1,5,62,15,0
277,decided,50,1,female,1,5,127,18,1
278,undecided,47,1,female,1,5,147,15,1
279,decided,47,0,other,1,5,299,12,0
280,decided,56,1,female,1,2,28,20,1
281,decided,30,1,female,1,5,128,12,1
282,undecided,32,1,female,1,6,146,15,0
283,decided,40,1,female,1,6,121,12,1
284,decided,36,1,female,1,4,102,9,1
285,decided,47,1,male,1,4,77,18,1
286,decided,59,1,female,0,1,59,20,1
287,decided,46,1,female,1,4,258,15,1
288,undecided,42,1,female,1,2,168,15,0
289,decided,55,1,female,1,6,154,10,1
290,undecided,53,1,female,1,4,109,18,0
291,decided,35,1,male,1,3,22,18,1
292,decided,38,1,other,1,5,211,15,0
293,decided,40,1,female,1,5,324,8,1
294,undecided,63,0,female,1,6,50,16,1
295,undecided,50,1,female,1,3,183,18,0
296,decided,50,1,female,1,3,101,20,1
297,decided,70,1,female,1,5,457,16,1
298,decided,43,1,female,0,4,63,20,1
299,decided,45,0,female,1,3,193,15,0
300,undecided,64,1,female,1,2,124,20,0
301,decided,57,1,female,0,1,33,8,0
302,decided,54,1,female,1,2,143,20,1
303,decided,54,0,female,0,3,87,18,1
304,undecided,46,1,female,1,3,108,20,0
305,decided,52,1,male,1,3,97,20,1
306,undecided,40,1,female,1,3,119,15,0
307,decided,32,1,female,1,7,114,12,1
308,decided,40,0,male,1,3,84,8,1
309,decided,48,1,female,1,4,176,20,1
310,decided,51,1,male,1,5,93,20,1
311,decided,47,0,other,0,1,32,8,0
312,decided,47,1,female,1,2,36,18,1
313,decided,37,0,female,1,3,130,9,1
314,undecided,65,0,female,0,1,157,20,0
315,decided,66,1,female,0,1,51,20,1
316,undecided,69,1,female,1,3,121,20,0
317,decided,60,0,female,1,3,17,8,1
318,decided,40,0,male,0,2,62,18,1
319,decided,41,1,other,1,5,197,13,1
320,decided,52,1,female,0,1,162,20,1
321,decided,61,1,female,1,3,95,20,1
322,undecided,53,1,female,1,4,39,20,0
323,undecided,52,1,female,1,5,21,16,0
324,undecided,45,1,female,1,4,218,18,0
325,undecided,58,1,female,1,3,39,20,0
326,undecided,59,1,other,1,2,132,16,0
327,decided,37,1,female,1,4,76,18,1
328,decided,62,0,female,1,5,64,8,1
329,undecided,31,1,male,1,3,79,15,1
330,decided,46,1,female,1,3,133,9,0
331,undecided,48,1,female,1,2,40,18,0
332,decided,52,0,female,1,3,5,12,1
333,undecided,34,1,female,1,4,167,15,1
334,decided,44,1,female,1,4,90,12,1
335,decided,59,1,male,1,4,43,20,1
336,decided,50,0,female,1,2,83,20,1
337,decided,39,1,other,1,7,323,8,0
338,decided,33,1,female,1,6,99,12,0
339,decided,42,1,female,1,4,142,18,1
340,decided,52,1,female,1,4,121.5,20,1
341,decided,49,1,female,1,6,102,20,1
342,decided,58,1,male,1,4,14,8,0
343,decided,46,1,female,0,2,88,20,1
344,decided,48,0,male,1,3,17,8,1
345,decided,54,1,male,1,3,175,15,0
346,decided,38,1,female,1,5,58.5,8,1
347,undecided,41,0,female,1,5,74,15,0
348,undecided,69,1,female,1,2,26,16,0
349,decided,69,0,male,1,2,96,20,0
350,undecided,62,1,female,1,4,67.5,20,0
351,decided,55,1,female,1,5,285,10,1
352,undecided,33,1,female,1,2,121,15,1
353,decided,50,1,female,1,2,54,10,0
354,decided,45,1,male,1,3,5,20,0
355,decided,48,1,female,1,4,156,8,0
356,decided,45,1,female,1,2,99,8,1
357,undecided,47,1,female,1,4,72,15,1
358,decided,57,1,female,0,3,43,20,1
359,undecided,46,1,female,1,3,165,20,0
360,undecided,59,1,female,1,2,112,20,0
361,decided,43,1,female,1,2,95,12,1
362,decided,48,1,female,1,7,102,9,1
363,decided,48,1,male,1,3,257,15,1
364,undecided,44,1,other,1,6,91,15,0
365,decided,45,1,female,1,4,91,9,0
366,decided,50,1,male,1,4,35,8,0
367,undecided,59,1,male,0,1,112,13,1
368,undecided,51,1,female,1,2,110,16,0
369,undecided,41,1,female,1,3,70,20,0
370,undecided,45,1,other,1,6,121,15,1
371,undecided,64,1,female,1,6,81,20,0
372,undecided,33,1,female,0,1,114,18,0
373,decided,45,1,female,1,5,92,8,0
374,undecided,50,1,female,1,3,161,20,0
375,undecided,37,1,female,1,2,37,15,1
376,decided,58,0,female,1,5,176.5,8,0
377,undecided,39,1,male,1,2,92.5,15,1
378,decided,42,0,male,1,3,141,18,0
379,undecided,35,1,female,1,2,34,15,1
380,undecided,40,0,female,1,5,114,15,0
381,undecided,50,1,female,1,4,73,18,0
382,decided,60,1,male,1,5,122,20,1
383,undecided,45,1,male,1,3,61,16,1
384,undecided,30,1,female,1,3,171,15,1
385,decided,61,1,male,1,3,150,20,0
386,decided,37,1,male,0,1,47,18,1
387,decided,56,0,female,1,3,46,20,1
388,decided,40,1,female,1,4,233,18,1
389,undecided,59,1,other,1,4,41.5,20,0
390,decided,63,1,female,1,6,152,20,1
391,decided,47,1,female,1,2,178,20,1
392,decided,66,1,male,1,6,92,20,1
393,undecided,48,1,female,1,4,135,15,1
394,undecided,63,1,female,1,2,64,20,0
395,decided,49,1,female,1,4,43,18,1
396,undecided,50,1,female,1,6,138,18,0
397,decided,57,1,other,0,1,99,20,1
398,undecided,57,1,female,1,3,116,20,0
399,undecided,51,1,female,1,5,108,16,1
400,decided,60,1,male,1,3,101,20,1
401,decided,37,1,female,1,3,108.5,18,1
402,undecided,50,1,female,1,4,99,20,0
403,decided,39,1,female,1,3,131,12,0
404,undecided,48,1,female,0,1,17,18,0
405,decided,55,1,female,0,2,66,20,1
406,decided,43,0,female,1,6,115.5,8,1
407,decided,47,1,female,1,4,51,8,1
408,undecided,44,0,female,1,3,130,16,0
409,decided,51,1,female,1,2,168,20,1
410,decided,52,1,male,0,1,95,18,1
411,undecided,55,1,female,1,4,235,18,0
412,undecided,47,1,female,1,4,48,20,0
413,undecided,39,1,female,1,3,101,15,0
414,decided,52,1,female,1,2,100,18,1
415,decided,58,1,female,0,1,64.5,8,0
416,undecided,67,1,male,1,6,134,13,1
417,decided,47,1,male,1,4,285,15,0
418,undecided,45,1,female,1,4,88,18,0
419,decided,46,0,male,1,2,151.5,9,0
420,decided,47,1,male,1,4,247,15,1
421,decided,66,1,male,1,3,15,20,0
422,decided,33,1,female,1,3,215,15,0
423,decided,53,1,male,1,2,213,18,0
424,undecided,47,1,female,1,2,172,16,0
425,undecided,40,1,female,1,4,115,15,0
426,undecided,67,1,female,1,3,59,20,0
427,decided,55,1,male,1,4,46,12,0
428,decided,65,0,male,1,2,6,10,0
429,decided,33,1,female,1,3,314,15,0
430,decided,42,1,female,1,2,59.5,18,1
431,decided,55,1,female,1,4,130,18,1
432,decided,46,1,female,0,2,280,20,1
433,undecided,43,1,other,1,2,135,15,1
434,decided,51,1,female,1,4,177,16,1
435,decided,51,1,other,1,4,266,15,0
436,decided,56,0,female,0,1,131,8,0
437,undecided,62,1,female,1,5,140,20,0
438,decided,51,1,other,1,5,17,10,0
439,undecided,51,1,female,1,5,123,18,0
440,decided,35,1,female,1,5,83,12,0
441,decided,50,1,male,1,6,69,10,1
442,undecided,35,1,female,1,3,108,18,0
443,undecided,70,1,female,0,2,46,20,0
444,decided,48,0,female,1,4,398,15,1
445,undecided,50,1,female,1,6,106,15,1
446,undecided,33,1,female,1,4,135,15,1
447,decided,37,1,female,1,6,37,8,0
448,decided,60,1,female,0,1,23,20,1
449,decided,56,1,male,1,3,99,20,0
450,undecided,48,1,female,1,2,134,20,0
451,undecided,57,1,male,0,2,80,13,1
452,undecided,62,1,female,1,4,202,20,0
453,undecided,57,1,female,1,2,101,20,0
454,undecided,33,1,male,1,3,103,15,0
455,decided,56,1,female,1,6,154,8,0
456,decided,29,1,female,0,1,78,9,0
457,decided,45,1,female,1,5,143,8,0
458,decided,41,0,female,1,5,40,8,0
459,decided,44,0,female,1,4,13,8,1
460,undecided,78,1,female,0,1,91,16,0
461,decided,55,1,female,1,5,44,20,1
462,undecided,37,1,female,1,4,100,15,1
463,decided,50,0,female,1,4,94,12,0
464,decided,59,1,other,1,2,76,20,1
465,decided,46,0,male,1,2,125.5,8,1
466,decided,51,1,female,1,3,81,20,1
467,decided,47,0,female,1,2,193,15,0
468,undecided,55,1,female,0,2,43,20,0
469,decided,44,1,female,1,3,58,20,1
470,undecided,46,1,female,0,1,75,18,0
471,decided,64,1,female,1,2,73,20,1
472,decided,34,1,female,1,4,238,18,1
473,decided,62,0,female,0,2,118,8,0
474,undecided,48,1,other,1,5,95,16,0
475,decided,60,1,other,0,1,41,20,1
476,undecided,39,1,male,1,5,102,15,0
477,decided,68,1,male,1,2,31,20,0
478,undecided,34,0,female,1,5,125,15,0
479,decided,43,1,female,0,2,58,12,1
480,decided,60,1,female,1,2,73,8,1
481,undecided,49,1,female,1,3,106,18,0
482,decided,49,1,female,1,3,112,20,1
483,undecided,68,1,other,1,3,63,20,0
484,decided,41,0,male,1,3,136,18,1
485,undecided,38,0,female,1,3,48,15,0
486,undecided,51,1,other,0,1,58,20,0
487,decided,44,1,female,0,2,26,8,1
488,decided,49,1,female,0,1,108,18,1
489,decided,59,0,male,1,2,70,20,0
490,decided,45,1,female,1,4,66,12,0
491,undecided,45,1,female,1,6,128,15,0
492,decided,57,1,male,1,2,69,20,1
493,decided,66,1,male,1,4,142,20,1
494,undecided,56,1,female,1,2,130,20,0
495,decided,45,0,female,1,6,244,12,1
496,undecided,41,1,female,1,2,96,20,0
497,undecided,74,1,female,1,3,37,13,0
498,decided,37,1,male,0,1,23,8,1
499,decided,57,0,male,1,7,70,20,0
500,undecided,48,1,female,1,5,97,16,1
501,decided,35,1,female,1,3,503,15,0
502,decided,36,1,female,1,4,177,15,1
503,decided,43,1,male,1,4,61,18,1
504,undecided,57,1,female,1,2,160,18,1
505,undecided,50,1,female,1,5,135,15,1
506,decided,47,1,female,1,7,26,12,0
507,undecided,53,1,female,1,4,134,20,0
508,decided,55,1,female,1,2,158,20,1
509,undecided,33,1,female,1,6,25,15,0
510,decided,38,1,male,1,7,141,18,1
511,undecided,57,1,female,1,3,145,8,0
512,decided,70,1,male,1,3,124,20,0
513,decided,51,0,male,0,1,6,8,1
514,decided,38,0,female,1,5,185,18,1
515,decided,37,1,male,0,1,84,18,1
516,decided,41,1,female,1,5,150,18,1
517,decided,58,1,male,1,3,128,8,0
518,undecided,50,1,female,1,5,123,15,1
519,decided,42,1,female,1,2,68,20,1
520,undecided,47,1,female,1,3,159,15,1
521,decided,33,1,female,1,5,226,15,1
522,decided,74,0,female,0,1,20,20,1
523,decided,52,1,female,1,4,4,8,1
524,undecided,34,1,male,1,4,63,15,1
525,decided,43,0,male,1,2,218,15,0
526,decided,49,1,female,0,2,59,18,1
527,undecided,69,1,male,1,6,88.5,13,0
528,undecided,29,1,female,0,4,71,15,0
529,decided,73,0,male,1,3,57,20,1
530,decided,42,1,female,1,5,152,12,0
531,undecided,36,1,female,0,2,41,18,0
532,decided,41,0,female,0,2,31,8,0
533,decided,35,0,female,0,2,38,8,1
534,decided,65,1,female,1,3,114,20,1
535,undecided,42,1,female,1,4,246,18,0
536,undecided,58,1,male,1,5,108,16,1
537,decided,49,1,female,1,4,70,12,1
538,undecided,65,1,female,1,2,62,20,0
539,undecided,50,1,male,1,6,127,15,0
540,undecided,55,1,female,1,2,101,15,0
541,decided,64,1,female,1,4,86,20,1
542,undecided,35,1,female,1,3,100,15,0
543,undecided,43,1,female,1,2,140,15,0
544,undecided,71,1,female,0,1,19,20,0
545,decided,44,1,female,1,4,5,8,1
546,undecided,48,1,female,1,2,80,15,1
547,undecided,46,1,female,1,4,142,15,0
548,undecided,43,1,female,1,2,40,16,0
549,decided,31,1,female,1,6,214,12,0
550,decided,63,1,female,0,1,213,8,0
551,decided,62,1,female,1,3,48,20,1
552,decided,44,1,female,1,5,321,12,0
553,undecided,40,1,female,0,1,33,18,0
554,decided,51,0,female,1,6,123,18,1
555,undecided,60,1,female,0,1,65,20,0
556,decided,57,1,male,1,3,22,8,0
557,decided,40,1,female,1,2,27,18,1
558,undecided,65,1,other,1,4,88,20,0
559,undecided,46,1,female,1,6,127,15,0
560,decided,46,1,male,1,4,175.5,15,1
561,decided,47,1,female,1,2,77,8,1
562,decided,45,1,female,1,4,92,20,1
563,decided,51,1,male,1,2,122,18,0
564,decided,61,1,male,1,6,101,20,0
565,undecided,38,1,other,1,2,37,18,0
566,undecided,37,1,female,1,6,91,15,0
567,undecided,38,1,female,1,4,126,15,1
568,undecided,45,1,female,0,1,108,18,0
569,undecided,30,1,female,0,3,107,18,0
570,undecided,51,1,female,0,2,51,18,0
571,decided,46,1,female,1,4,136,18,1
572,decided,52,1,female,1,4,111,20,1
573,decided,58,1,female,0,3,113,20,1
574,undecided,40,1,male,1,5,149,15,1
575,undecided,51,1,female,1,5,60,16,0
576,decided,31,1,female,1,6,334,15,0
577,undecided,48,1,other,1,5,100,15,0
578,decided,49,1,male,1,5,287,15,1
579,undecided,41,1,female,1,5,80,18,0
580,decided,55,1,female,1,6,145,8,1
581,undecided,46,0,male,1,4,87,15,1
582,decided,53,1,male,1,5,62,18,0
583,undecided,33,1,female,1,5,49,15,1
584,decided,40,1,female,1,5,15,12,1
585,decided,54,1,male,1,3,64,18,0
586,undecided,53,1,female,1,6,139,20,0
587,undecided,46,1,female,1,3,79,15,0
588,decided,55,0,male,1,3,318,16,0
589,decided,53,1,female,1,6,183,8,0
590,decided,45,1,other,1,3,180,18,1
591,undecided,35,1,male,1,3,131,15,0
592,decided,43,1,male,0,1,38,20,0
593,undecided,31,1,male,1,7,173,15,0
594,decided,43,1,female,1,5,68,8,0
595,undecided,50,1,female,0,1,71,15,0
596,decided,40,1,female,1,4,69,18,1
597,decided,53,1,female,1,5,82,18,1
598,decided,55,1,female,1,6,285,12,0
599,decided,51,0,female,0,5,46,8,1
600,undecided,34,0,female,1,3,155,15,1
601,decided,43,1,male,1,2,102,9,1
602,decided,44,1,female,1,6,46,18,1
603,decided,44,1,other,1,3,60,8,1
604,decided,45,0,female,1,5,101,8,1
605,undecided,42,1,male,1,7,98,15,0
606,undecided,41,1,female,1,3,134,18,0
607,decided,41,1,female,1,2,151,18,1
608,undecided,52,1,female,1,6,122,15,1
609,decided,45,1,female,1,5,189,8,1
610,undecided,47,1,female,1,3,77,13,0
611,decided,44,1,male,1,5,235,15,0
612,undecided,52,1,female,1,4,163,15,0
613,undecided,57,1,other,0,2,47,18,0
614,undecided,52,1,female,1,6,22,18,0
615,undecided,41,1,female,1,3,81,18,0
616,decided,59,1,female,1,2,231,18,1
617,decided,48,0,female,0,1,35,18,1
618,decided,56,0,male,1,4,483,20,1
619,decided,45,1,female,1,3,78,18,1
620,decided,47,1,female,1,7,67,12,1
621,undecided,66,1,female,1,5,10,20,0
622,decided,49,1,other,1,5,171,20,1
623,undecided,32,1,male,1,6,165,8,1
624,decided,50,1,female,1,4,531,15,0
625,undecided,41,1,female,1,6,153,15,0
626,undecided,58,1,other,0,4,14,16,1
627,undecided,58,1,female,1,3,85,20,0
628,decided,46,0,female,1,3,184,15,1
629,decided,40,1,female,1,5,100,12,0
630,undecided,49,1,female,1,4,113,15,1
631,decided,37,1,male,1,4,107,8,1
632,undecided,41,1,female,1,2,94,18,0
633,decided,65,1,female,0,1,78.5,20,1
634,decided,48,1,female,1,3,543,20,0
635,decided,59,1,male,1,7,176,13,1
636,undecided,38,1,female,1,3,149,15,0
637,decided,39,1,male,1,2,110,18,1
638,decided,42,0,other,1,5,294,15,0
639,undecided,61,1,female,1,6,104,20,0
640,decided,33,1,male,1,2,150,12,0
641,decided,55,1,female,1,3,177,18,1
642,undecided,47,1,female,1,3,12,20,0
643,undecided,54,1,female,1,3,14,20,0
644,undecided,37,1,other,1,5,50,15,1
645,decided,51,1,female,1,2,70,20,1
646,decided,55,1,male,1,2,41,18,0
647,undecided,56,1,female,1,2,70,15,1
648,decided,40,1,male,1,4,108,12,0
649,undecided,52,1,female,0,1,19,20,0
650,undecided,52,1,female,0,1,103,18,0
651,undecided,45,1,female,1,3,120,18,0
652,undecided,52,1,female,1,5,108,15,1
653,decided,39,1,female,1,3,188,15,1
654,decided,44,1,other,1,3,104,20,1
655,undecided,50,1,female,1,3,180,20,0
656,decided,53,1,female,1,4,157,18,1
657,decided,33,1,other,1,5,211,12,0
658,decided,43,1,female,1,2,240,18,1
659,decided,41,1,female,1,2,36,8,0
660,decided,63,1,male,0,2,56.5,20,0
661,undecided,76,1,female,1,3,166,20,0
662,decided,42,1,female,1,7,133,12,1
663,decided,33,1,male,1,5,263,15,0
664,decided,47,1,male,1,3,43,20,0
665,undecided,42,1,male,1,2,77,15,1
666,decided,32,1,female,1,2,189,15,0
667,undecided,35,1,female,1,3,153,15,0
668,decided,58,1,female,1,2,74,8,0
669,decided,46,1,female,0,4,120,18,1
670,undecided,46,1,other,1,3,134,15,0
671,decided,55,1,female,1,5,80,20,1
672,undecided,59,1,female,1,3,75,20,0
673,undecided,37,1,female,1,2,187,18,0
674,undecided,41,0,female,1,2,108,18,0
675,undecided,46,1,female,1,3,89,15,1
676,decided,56,1,female,0,2,45,18,1
677,undecided,37,1,female,0,1,151,18,0
678,decided,56,1,male,1,2,74,18,0
679,undecided,50,1,female,1,2,89,20,0
680,decided,56,1,male,1,6,48,20,0
681,undecided,58,0,female,1,4,60,20,0
682,decided,47,0,female,1,2,19,18,1
683,undecided,37,1,female,1,3,141,18,0
684,decided,42,0,female,1,2,97,8,0
685,undecided,31,1,female,0,4,88.5,15,1
686,undecided,57,1,female,1,3,146,16,0
687,undecided,49,1,female,1,6,161,18,0
688,undecided,33,1,female,1,4,149,15,1
689,decided,47,1,female,1,4,21,9,0
690,undecided,50,1,female,1,2,73,15,0
691,undecided,35,1,male,1,3,84,15,1
692,undecided,66,1,other,1,5,93,20,0
693,undecided,66,1,female,1,5,145,16,1
694,decided,77,1,male,1,3,36,8,1
695,undecided,62,1,female,0,2,23,20,0
696,undecided,57,1,female,0,4,44,20,0
697,undecided,50,0,other,1,7,157,15,1
698,undecided,42,1,male,1,5,101,13,0
699,decided,40,1,female,1,2,84,8,1
700,undecided,53,1,female,0,1,6,18,0
701,decided,33,1,female,1,3,73,18,1
702,decided,60,1,female,1,3,36,20,1
703,undecided,55,1,female,1,7,88,15,1
704,undecided,55,0,other,1,2,143,20,0
705,decided,46,1,female,1,3,261,9,1
706,undecided,49,1,female,1,4,171,20,0
707,undecided,50,1,male,1,4,114,15,0
708,undecided,42,1,female,1,4,167,15,0
709,decided,37,1,female,1,4,109,18,1
710,undecided,51,1,female,1,5,30,15,0
711,undecided,28,1,female,1,4,129,15,0
712,decided,59,0,female,1,2,17.5,8,1
713,decided,54,1,female,1,6,283,20,1
714,undecided,34,1,male,1,3,118,15,0
715,decided,45,1,female,1,6,150,18,1
716,decided,49,1,female,1,5,225,15,1
717,decided,32,1,female,1,2,69,18,1
718,undecided,57,1,female,1,7,92,16,1
719,decided,48,1,female,0,1,46,18,1
720,decided,35,1,male,1,3,50,18,0
721,decided,48,1,female,0,2,64,12,1
722,undecided,45,1,other,1,7,92,20,0
723,undecided,36,1,female,1,2,152,15,0
724,undecided,34,1,male,1,4,138,15,0
725,decided,40,1,other,1,6,141,12,0
726,decided,56,1,female,1,4,79,20,1
727,decided,52,1,female,0,2,35,18,1
728,decided,48,1,female,1,3,22,8,0
729,decided,57,1,male,0,1,69,20,0
730,decided,74,1,female,1,5,96,20,1
731,undecided,44,1,male,1,4,131,15,0
732,undecided,35,1,female,0,1,139,18,0
733,undecided,67,1,female,1,2,178,20,0
734,decided,38,1,female,1,4,135,12,0
735,undecided,32,1,female,1,3,105,18,0
736,undecided,38,1,female,0,1,108,18,0
737,decided,47,1,male,1,3,170,9,0
738,undecided,40,1,female,1,4,142,18,0
739,undecided,56,1,female,1,5,39,16,1
740,decided,51,1,female,1,4,66,18,1
741,decided,51,1,male,1,4,161,18,0
742,decided,79,1,female,0,1,73,20,1
743,decided,61,1,female,1,3,67,10,1
744,decided,64,1,female,1,3,31,20,1
745,decided,70,1,female,1,4,57,20,1
746,undecided,67,1,female,0,2,44,20,0
747,undecided,71,1,female,1,5,64,16,0
748,decided,39,1,male,0,3,47,18,1
749,decided,79,1,male,1,3,60,20,1
750,undecided,41,1,female,1,4,76,15,1
751,decided,39,0,female,1,3,35,8,1
752,decided,38,1,male,1,6,172,12,0
753,undecided,44,1,female,1,6,51,13,0
754,undecided,45,0,other,1,5,120,12,0
755,decided,49,1,female,1,3,146,9,0
756,undecided,56,1,female,1,2,111,20,0
757,undecided,61,1,female,1,3,66,20,0
758,undecided,43,1,male,1,6,62,16,1
759,decided,30,1,female,1,6,323,15,1
760,decided,66,1,female,1,2,100,8,1
761,decided,53,1,female,1,4,54,12,1
762,decided,45,1,female,1,3,27,18,1
763,decided,46,1,male,1,2,159,18,0
764,decided,64,1,female,0,4,133,20,1
765,decided,67,1,male,1,4,89,20,1
766,undecided,56,0,female,1,4,81,20,0
767,decided,45,1,female,1,3,43.5,8,0
768,undecided,34,1,female,1,6,154,15,1
769,undecided,48,1,male,1,4,64,16,0
770,undecided,64,1,female,1,5,77,20,0
771,decided,55,1,female,1,2,246,20,1
772,undecided,54,1,female,1,6,84,16,1
773,undecided,51,1,female,0,1,71,20,0
774,decided,40,1,female,1,6,205,15,0
775,undecided,76,1,female,0,4,14,20,0
776,decided,44,1,female,0,1,170,9,0
777,undecided,36,1,male,1,2,104,15,0
778,undecided,43,1,female,0,1,55,18,0
779,decided,52,1,female,0,1,98,20,1
780,undecided,43,1,male,1,5,51,15,0
781,undecided,55,1,female,0,1,84,20,0
782,decided,60,1,male,1,2,92.5,8,0
783,decided,42,0,female,1,3,130,12,1
784,undecided,52,1,female,1,2,113,15,1
785,undecided,50,1,female,1,5,39,20,0
786,undecided,37,1,female,1,4,99,15,0
787,decided,46,1,other,1,6,175,15,0
788,decided,39,0,female,1,4,47,18,1
789,undecided,56,1,female,0,1,58,13,1
790,undecided,43,1,female,0,1,85,18,0
791,decided,55,1,female,1,7,304,13,1
792,decided,48,1,female,0,2,50,8,0
793,decided,55,1,male,1,2,33,10,0
794,decided,75,0,female,1,2,179,20,1
795,decided,39,0,male,1,3,382,18,1
796,undecided,44,1,female,1,3,125,18,0
797,undecided,48,1,male,1,7,116,15,1
798,undecided,41,1,female,0,3,20,18,0
799,undecided,51,1,male,1,3,95,16,1
800,decided,60,1,female,0,1,151,20,1
801,decided,42,1,female,0,1,164,18,1
802,undecided,57,1,female,0,1,145.5,13,0
803,undecided,41,1,female,1,6,191,20,0
804,decided,56,1,male,1,3,21,20,1
805,decided,43,1,female,1,5,40.5,8,1
806,undecided,44,1,male,1,6,69,15,0
807,decided,36,1,female,1,3,21,8,1
808,undecided,47,1,female,1,5,58,18,0
809,undecided,38,1,female,1,5,65.5,18,0
810,undecided,38,1,female,1,6,156,15,0
811,undecided,70,1,female,1,2,58,16,1
812,decided,46,1,female,1,3,57,12,1
813,undecided,61,1,male,1,4,70,16,1
814,decided,41,1,male,1,2,221,15,0
815,undecided,44,1,female,1,5,104,20,0
816,undecided,42,1,other,1,6,14,20,0
817,decided,49,1,female,1,5,461,15,0
818,decided,42,1,male,1,7,466,20,1
819,decided,35,1,other,1,5,75,18,1
820,decided,48,0,female,0,2,66,8,0
821,decided,37,1,female,1,3,253,18,0
822,decided,50,1,female,1,6,256,8,0
823,decided,51,0,male,1,5,205,20,0
824,decided,38,1,female,1,3,105,18,1
825,undecided,35,1,female,1,4,87,15,1
826,undecided,49,1,female,1,4,170,15,1
827,decided,51,1,female,1,4,265,13,0
828,decided,34,1,male,1,3,211,15,1
829,decided,44,0,female,1,4,95,18,1
830,decided,59,1,female,1,2,86,8,1
831,decided,68,1,male,1,3,109,20,0
832,decided,50,1,female,1,4,140,9,1
833,undecided,56,1,female,1,5,130,15,0
834,undecided,45,1,female,0,2,101,20,0
835,decided,50,1,female,1,2,238,8,1
836,undecided,64,1,female,1,3,80,20,0
837,decided,53,0,female,1,4,47,8,0
838,decided,39,1,male,0,1,62,18,1
839,decided,53,1,female,0,1,40,10,1
840,decided,44,1,female,1,5,216,15,0
841,undecided,45,1,female,0,2,34,16,1
842,decided,47,1,other,1,5,125,12,1
843,undecided,41,1,female,0,2,26,18,0
844,decided,60,0,female,1,7,64,20,1
845,decided,33,1,male,0,3,221,15,1
846,undecided,46,1,female,1,5,83,15,0
847,decided,47,1,female,1,6,195,12,1
848,undecided,59,1,female,1,3,38,16,0
849,undecided,58,1,female,1,4,107,20,0
850,undecided,46,1,female,1,2,161,18,0
851,undecided,70,1,female,1,3,18,20,0
852,decided,53,1,female,1,4,227,15,0
853,decided,39,0,male,1,5,159,12,0
854,decided,55,1,female,1,4,112.5,8,1
855,decided,50,1,female,1,2,104,8,1
856,decided,57,1,female,1,3,38.5,20,1
857,decided,34,1,female,1,3,152,12,1
858,undecided,55,0,female,0,4,160,15,0
859,undecided,41,1,male,0,1,76,15,1
860,decided,62,0,female,1,3,87,20,1
861,undecided,55,1,female,1,3,92,20,0
862,undecided,47,1,female,1,2,75,18,1
863,decided,48,0,female,1,5,47,12,0
864,decided,50,1,female,1,4,195,18,1
865,undecided,34,1,female,1,5,115,15,0
866,undecided,51,1,female,1,2,54,16,1
867,decided,38,1,female,0,4,13.5,9,0
868,undecided,36,1,female,1,2,69,15,0
869,decided,53,0,female,0,2,85,8,0
870,decided,49,1,female,0,1,160,20,1
871,decided,51,0,male,1,2,168,18,1
872,undecided,38,1,female,1,4,156,15,1
873,undecided,52,1,male,1,4,116,15,1
874,decided,38,1,male,1,7,210,18,0
875,decided,46,1,female,1,4,240,12,0
876,decided,42,0,female,1,2,70,8,1
877,undecided,48,0,female,1,2,86,20,0
878,decided,65,1,female,1,4,116,20,1
879,decided,48,1,female,1,3,65.5,8,1
880,decided,65,1,male,1,2,43,10,0
881,undecided,55,0,female,1,3,234,20,0
882,undecided,42,1,female,0,3,28,15,1
883,undecided,58,1,female,1,2,55,18,0
884,undecided,77,1,female,1,4,63,13,1
885,undecided,51,1,female,1,4,119,15,1
886,undecided,46,1,female,1,6,49,15,0
887,decided,63,1,female,1,6,69,8,0
888,decided,46,0,female,1,4,9,8,1
889,decided,70,1,male,1,5,82,20,1
890,decided,57,1,female,1,3,64.5,20,1
891,undecided,49,1,female,0,1,22,15,1
892,decided,35,1,female,0,4,119,8,1
893,decided,28,1,male,1,7,450,12,0
894,decided,45,1,female,1,6,120,12,0
895,decided,47,1,other,1,7,522,18,0
896,decided,52,0,female,0,1,63.5,8,1
897,decided,65,1,male,1,3,104,20,0
898,decided,66,1,male,1,3,39,20,1
899,decided,39,1,male,1,3,327,15,0
900,undecided,40,1,female,1,4,105,15,1
901,decided,35,1,female,1,5,123.5,8,0
902,undecided,40,1,female,1,7,133,15,1
903,decided,41,1,male,1,4,198,15,1
904,undecided,51,1,female,1,2,108.5,18,0
905,decided,64,1,female,1,2,20,8,1
906,undecided,38,1,other,1,4,74,12,1
907,undecided,45,1,female,1,4,14,15,0
908,undecided,52,1,other,1,5,136,13,1
909,decided,39,1,female,1,4,111,18,1
910,decided,42,1,female,1,5,163.5,8,1
911,decided,47,1,male,1,2,92,20,0
912,undecided,51,1,female,0,4,41,15,0
913,undecided,33,1,female,1,5,128,18,0
914,decided,39,1,male,1,4,205,15,1
915,undecided,35,1,female,1,6,67,12,0
916,undecided,61,1,female,1,2,35,20,0
917,undecided,43,1,female,0,2,108,18,0
918,decided,53,1,female,1,5,124.5,8,0
919,decided,69,1,female,0,4,97,20,1
920,decided,41,1,female,1,3,109,12,1
921,undecided,51,1,male,1,7,123,12,1
922,undecided,58,1,female,0,1,50,20,0
923,decided,39,1,other,1,6,197,12,0
924,undecided,54,1,female,1,2,50,15,0
925,undecided,53,1,female,0,1,62,20,0
926,decided,54,1,female,0,2,120,12,1
927,undecided,35,0,female,0,4,83,8,1
928,decided,50,0,male,0,1,85,18,0
929,decided,38,1,female,1,3,63,18,1
930,decided,61,1,male,0,1,69,20,0
931,decided,43,1,female,1,3,62,20,1
932,undecided,43,0,male,1,7,135,15,1
933,undecided,37,1,female,1,5,128,15,0
934,undecided,48,1,male,0,4,67,13,0
935,undecided,41,1,female,1,5,122,15,1
936,decided,53,1,male,1,5,66,12,1
937,decided,73,1,female,1,2,189.5,20,1
938,decided,59,0,female,0,1,52,8,1
939,undecided,59,1,female,0,1,11,20,0
940,decided,61,1,male,1,2,83,20,1
941,decided,64,1,female,0,1,20,20,1
942,decided,49,1,female,1,3,70,20,1
943,decided,49,1,male,1,2,86,20,0
944,decided,63,1,male,0,3,91,20,0
945,undecided,53,0,male,1,6,111,13,0
946,decided,55,1,female,1,3,73,20,1
947,undecided,57,1,male,1,5,63,16,0
948,undecided,62,1,female,1,3,173,13,1
949,decided,53,1,male,1,5,247,13,1
950,undecided,48,1,female,1,2,160,20,0
951,undecided,51,1,male,1,6,36,16,1
952,undecided,37,1,male,1,5,122,15,1
953,undecided,41,1,female,1,7,138,15,0
954,decided,54,1,female,1,5,150,18,1
955,decided,65,1,female,1,2,94.5,8,1
956,decided,46,0,female,1,2,67,8,1
957,decided,39,1,female,1,4,251,8,1
958,undecided,63,1,female,1,5,131,16,0
959,decided,49,0,female,1,3,58,8,0
960,decided,29,1,female,1,6,245,15,1
961,decided,64,1,male,0,2,56,20,0
962,decided,71,1,female,0,1,14,20,1
963,undecided,38,1,female,1,7,126,15,1
964,undecided,40,0,female,0,3,15,18,0
965,undecided,41,1,female,0,1,41,15,1
966,undecided,48,1,female,1,5,95,18,0
967,decided,31,1,female,1,6,204,15,1
968,decided,30,1,other,1,3,39,12,0
969,undecided,39,1,female,1,4,87,15,0
970,undecided,42,1,female,1,7,26,15,1
971,undecided,47,1,female,1,3,174,15,1
972,decided,41,1,female,1,4,69,8,0
973,undecided,36,1,female,1,3,120,15,1
974,decided,46,1,female,0,3,102,8,1
975,decided,38,1,female,1,2,201,18,1
976,decided,46,1,male,1,4,122,8,1
977,undecided,65,1,female,0,1,216,20,0
978,decided,61,1,female,0,1,29,10,0
979,decided,53,1,female,1,4,114,18,1
980,undecided,67,1,female,0,1,101,20,0
981,decided,50,1,female,1,3,128,18,1
982,decided,43,1,female,0,3,4,18,1
983,decided,46,1,male,0,3,28,20,0
984,undecided,35,1,female,1,4,110,15,0
985,decided,42,0,female,1,5,56,12,1
986,undecided,36,1,female,0,1,66,15,0
987,undecided,61,1,female,1,4,48,16,1
988,decided,46,0,female,0,1,77,8,0
989,decided,53,1,other,0,2,6,8,0
990,decided,71,1,male,1,2,46,20,1
991,decided,48,0,female,0,1,146.5,8,0
992,decided,54,1,male,1,2,155,20,1
993,undecided,46,1,female,1,2,73,18,0
994,decided,39,1,female,1,4,63,8,0
995,decided,57,0,female,1,4,73,20,1
996,decided,58,0,male,0,2,10,10,0
997,undecided,43,1,female,1,3,80,20,0
998,decided,55,0,male,0,1,147,8,1
999,undecided,41,1,other,0,1,79,18,0
1000,decided,69,1,female,0,1,11,8,1
1001,decided,60,1,female,1,2,32,20,1
1002,undecided,39,1,female,1,4,104,18,0
1003,decided,50,1,female,1,6,95,12,0
1004,decided,49,1,female,1,4,121,8,1
1005,undecided,50,1,female,1,3,110,15,1
1006,undecided,57,1,female,1,4,70,20,0
1007,decided,59,1,male,1,2,119,20,1
1008,decided,72,1,male,0,3,62.5,8,0
1009,undecided,55,1,female,1,5,157,16,1
1010,decided,47,1,female,1,4,115,18,1
1011,decided,37,1,other,1,6,188,15,0
1012,undecided,54,1,female,0,1,81,13,1
1013,decided,44,1,female,1,5,107,8,1
1014,decided,42,0,female,1,3,87,18,1
1015,decided,42,0,female,1,4,182,12,1
1016,undecided,64,1,female,1,2,160,16,1
1017,decided,38,1,female,1,4,68,12,0
1018,decided,39,1,female,1,3,188,18,1
1019,decided,63,1,male,1,3,36,20,0
1020,decided,59,1,female,1,5,233,20,1
1021,decided,45,1,male,1,2,85,18,1
1022,undecided,53,1,other,1,2,125,16,1
1023,undecided,54,0,female,1,2,109,16,1
1024,undecided,60,1,female,1,4,90,20,0
1025,decided,52,1,male,1,5,247,18,0
1026,decided,55,1,male,1,3,16,20,1
1027,undecided,51,1,female,1,5,175,18,0
1028,decided,56,1,male,1,3,13,8,0
1029,decided,53,1,female,1,4,167,18,1
1030,undecided,47,1,female,1,4,69,15,1
1031,undecided,39,1,female,0,1,30,18,0
1032,undecided,43,0,male,1,3,57,13,1
1033,decided,42,1,female,1,6,86,12,1
1034,decided,41,1,female,1,5,201,8,1
1035,decided,34,1,female,1,7,201,12,0
1036,undecided,34,1,male,0,1,45,15,0
1037,undecided,43,1,other,1,5,104,15,1
1038,decided,51,1,female,0,1,56,8,0
1039,undecided,54,1,female,1,5,21,13,1
1040,undecided,57,1,female,0,1,94.5,20,0
1041,decided,59,1,male,0,3,114,18,0
1042,decided,48,1,female,1,4,130,18,1
1043,decided,50,1,female,0,1,147,18,1
1044,undecided,66,1,male,1,2,7,16,1
1045,undecided,43,1,female,1,2,78,20,0
1046,undecided,33,1,female,1,3,84.5,15,0
1047,decided,50,1,other,1,3,150,12,0
1048,decided,44,1,female,1,4,86,20,1
1049,undecided,55,1,female,1,5,146,15,1
1050,undecided,46,1,female,1,2,160,15,0
1051,decided,50,1,female,1,4,140,18,1
1052,undecided,44,1,female,1,4,116,16,1
1053,undecided,44,1,female,1,4,141,15,0
1054,undecided,49,1,female,0,1,14,18,0
1055,decided,45,1,female,1,4,298,15,1
1056,undecided,34,0,female,1,7,147,15,0
1057,decided,52,1,other,1,2,143,18,1
1058,undecided,59,1,female,0,3,93,20,0
1059,undecided,57,1,female,1,4,122,15,0
1060,undecided,57,1,female,1,2,79,20,0
1061,decided,35,1,male,0,1,58,18,0
1062,decided,66,1,female,1,4,43,20,1
1063,undecided,60,0,female,1,3,113,20,0
1064,undecided,53,1,female,1,3,92,20,0
1065,decided,38,1,female,1,3,103,12,1
1066,decided,58,1,male,1,4,70,20,0
1067,decided,46,1,female,1,5,140,12,1
1068,undecided,35,1,other,0,1,204,18,0
1069,undecided,38,1,female,1,3,138,15,1
1070,decided,50,1,other,1,6,148,12,0
1071,undecided,60,1,other,1,3,15,20,0
1072,decided,49,1,female,1,2,78,9,1
1073,decided,53,1,female,0,4,29,9,1
1074,decided,52,1,female,1,3,148,20,1
1075,undecided,59,1,female,1,4,75,16,1
1076,decided,57,1,female,1,3,17,20,1
1077,decided,76,1,female,1,4,125,8,0
1078,decided,36,1,female,1,3,169,12,1
1079,decided,44,1,female,1,5,177,15,1
1080,decided,31,0,female,1,6,101,12,1
1081,decided,45,1,other,1,3,195,20,1
1082,undecided,48,1,female,1,6,127,15,1
1083,decided,54,1,female,0,1,232,20,1
1084,decided,43,1,female,1,2,103.5,10,0
1085,undecided,40,1,female,1,2,19,18,0
1086,decided,34,1,female,1,6,130,8,1
1087,undecided,46,1,female,1,2,47,15,1
1088,undecided,58,1,female,1,3,74,18,0
1089,decided,35,0,other,0,2,96.5,9,0
1090,decided,52,1,other,0,2,45,18,1
1091,undecided,50,1,female,1,5,93,15,0
1092,undecided,48,1,female,1,5,161,15,0
1093,undecided,51,1,other,1,3,130,18,0
1094,decided,29,1,female,1,3,143,18,1
1095,decided,40,1,female,1,4,95,18,1
1096,decided,44,1,female,0,2,59,20,1
1097,decided,32,1,female,1,5,187,8,0
1098,decided,32,1,female,1,4,87,12,0
1099,decided,54,1,female,1,4,112,18,1
1100,decided,59,1,female,1,5,155,20,1
1101,decided,69,0,female,1,4,53,20,1
1102,undecided,34,1,female,1,4,65,15,0
1103,decided,59,1,female,0,4,36,8,0
1104,undecided,36,1,female,1,3,6,15,0
1105,decided,66,1,female,0,2,16,20,1
1106,decided,47,1,female,1,3,63,18,1
1107,decided,47,1,male,1,4,63,20,1
1108,decided,51,1,female,1,2,86,20,1
1109,undecided,46,1,female,1,4,146,15,0
1110,decided,62,0,other,1,3,56.5,8,1
1111,decided,61,0,female,0,1,85.5,8,0
1112,decided,69,1,male,1,3,44,20,0
1113,decided,51,1,female,1,4,130,12,0
1114,undecided,43,1,female,1,2,149,15,0
1115,undecided,50,1,female,1,5,47,18,0
1116,decided,50,1,female,1,2,56.5,8,1
1117,decided,39,0,female,0,1,105,18,1
1118,decided,36,0,female,1,3,45,8,1
1119,undecided,45,1,female,1,6,97,16,1
1120,decided,31,0,female,0,1,17,8,0
1121,undecided,43,1,female,0,4,55,15,0
1122,undecided,65,1,female,1,6,70,16,1
1123,undecided,57,1,female,1,3,131,20,0
1124,decided,36,1,female,1,3,270,8,1
1125,decided,45,1,male,1,4,128,18,0
1126,undecided,53,0,female,1,2,163,15,0
1127,decided,60,1,female,0,1,74,8,0
1128,undecided,43,0,female,1,5,91,20,0
1129,undecided,35,1,female,0,4,32,18,0
1130,decided,48,1,female,1,3,276,15,1
1131,decided,52,1,female,1,3,64,18,1
1132,undecided,58,1,male,1,4,151,16,1
1133,decided,54,1,female,0,1,23,8,0
1134,undecided,45,1,male,1,2,157,16,0
1135,decided,43,1,male,1,3,153,12,1
1136,decided,39,1,female,1,5,136,18,1
1137,undecided,72,1,other,1,3,125,20,0
1138,undecided,43,1,female,1,5,32,13,1
1139,decided,54,1,female,1,4,171,20,1
1140,decided,57,1,female,0,2,5,12,1
1141,undecided,60,1,female,0,1,145,20,0
1142,decided,40,1,female,1,3,147,9,1
1143,undecided,42,1,female,1,2,124,15,0
1144,decided,46,1,male,0,1,56,18,0
1145,decided,39,0,female,1,3,180,18,1
1146,decided,45,0,female,1,2,59,8,0
1147,undecided,67,1,male,0,1,111.5,13,1
1148,decided,52,1,female,1,4,352,15,1
1149,decided,40,1,female,1,2,78,12,1
1150,decided,45,1,male,1,5,113,20,0
1151,decided,42,1,female,1,4,246,8,0
1152,decided,54,1,male,1,3,96,18,0
1153,undecided,70,1,female,1,2,47,20,0
1154,decided,45,1,other,0,1,60,18,1
1155,undecided,47,1,female,1,6,159,15,1
1156,decided,57,1,male,1,4,123,20,0
1157,undecided,68,1,other,1,3,171.5,20,0
1158,decided,44,1,female,0,5,19,18,1
1159,decided,57,1,female,1,2,215,20,1
1160,decided,39,1,female,1,3,132,8,1
1161,undecided,60,1,female,0,4,18,16,0
1162,decided,42,1,female,1,4,133,18,1
1163,undecided,34,1,female,1,3,154,15,0
1164,decided,62,1,male,1,3,110,20,1
1165,decided,47,1,male,1,5,91,20,0
1166,decided,52,1,female,0,1,73,20,1
1167,undecided,34,1,female,0,2,25,15,0
1168,decided,50,1,female,1,6,9,8,1
1169,decided,60,1,female,1,4,42,8,1
1170,undecided,52,1,female,0,1,27,13,0
1171,undecided,49,1,female,1,2,95,20,0
1172,decided,53,1,male,1,4,280,20,1
1173,undecided,33,1,female,0,1,104,15,1
1174,undecided,47,1,female,1,2,150,15,0
1175,decided,65,0,female,0,1,119,20,1
1176,decided,43,1,female,1,2,35,8,0
1177,decided,51,1,female,1,6,141,18,1
1178,undecided,47,1,male,1,3,101,15,0
1179,decided,37,1,female,1,4,174,18,1
1180,decided,46,0,female,1,4,147,8,1
1181,decided,55,1,male,1,3,164,18,0
1182,decided,42,1,female,0,1,6,18,1
1183,undecided,64,1,female,1,3,134,13,1
1184,decided,57,0,male,1,3,98,8,0
1185,undecided,42,1,other,1,4,106,13,0
1186,decided,53,1,female,0,1,185,9,0
1187,decided,75,1,female,0,2,107,20,1
1188,decided,44,1,other,1,4,312,15,0
1189,decided,50,1,female,1,2,6,20,1
1190,undecided,56,1,female,1,3,96,20,0
1191,undecided,42,1,female,1,4,98,12,1
1192,decided,38,1,female,1,5,114,12,0
1193,decided,54,1,other,1,6,120,12,1
1194,undecided,42,1,female,1,3,104,20,0
1195,undecided,55,1,female,1,2,94,16,0
1196,decided,58,1,female,1,5,80,18,1
1197,undecided,52,1,female,1,5,22,15,1
1198,decided,43,1,male,1,3,93,18,1
1199,decided,66,1,female,0,1,30,8,1
1200,decided,54,1,male,1,6,82,18,0
1201,decided,59,1,male,1,2,67,20,0
1202,decided,56,1,male,0,2,118,18,1
1203,undecided,51,1,male,1,4,143,15,1
1204,undecided,50,1,female,0,2,64,18,0
1205,undecided,46,1,female,0,2,83,20,0
1206,undecided,30,1,female,1,3,31,18,0
1207,decided,45,1,female,1,5,180,8,0
1208,decided,69,1,female,0,2,57,20,1
1209,undecided,74,1,other,1,3,40,16,0
1210,decided,45,1,male,1,6,146,12,1
1211,undecided,42,1,male,1,3,112,15,0
1212,decided,58,1,female,1,3,14.5,20,1
1213,undecided,36,1,male,1,3,165,15,0
1214,undecided,52,1,female,1,2,39,16,1
1215,decided,55,1,male,0,1,10,8,0
1216,undecided,42,1,female,1,2,95,18,0
1217,decided,56,0,male,1,2,25,8,0
1218,decided,46,1,male,0,5,8,8,0
1219,decided,44,1,female,1,4,380,18,0
1220,undecided,33,1,female,1,2,80,15,0
1221,undecided,42,1,male,0,2,52,15,1
1222,decided,53,0,male,0,1,84,20,1
1223,decided,34,0,male,0,1,82.5,8,0
1224,decided,46,1,other,0,1,156,20,1
1225,decided,30,1,female,1,6,257,8,0
1226,decided,31,1,female,0,4,53,8,1
1227,decided,46,1,female,1,4,111,18,1
1228,undecided,50,1,female,1,4,111,20,0
1229,decided,56,0,female,1,3,37,8,0
1230,undecided,50,0,female,1,4,106,20,0
1231,decided,50,0,female,1,2,99,18,1
1232,undecided,46,1,female,0,1,69,20,0
1233,decided,43,1,female,1,4,162,18,1
1234,decided,42,1,female,1,5,174,12,1
1235,decided,41,1,male,1,4,104,20,0
1236,decided,51,1,male,0,1,91.5,20,0
1237,decided,54,1,female,1,6,148,9,1
1238,undecided,68,1,female,1,6,106,20,0
1239,decided,41,1,male,1,2,34,8,1
1240,undecided,46,1,female,0,2,72,20,0
1241,decided,49,1,female,1,3,549,20,1
1242,decided,63,0,female,1,4,162,8,1
1243,decided,51,0,female,0,2,61.5,20,1
1244,undecided,55,1,female,1,6,107,18,0
1245,decided,75,1,female,1,2,147,20,1
1246,decided,38,1,female,1,4,127,18,1
1247,decided,50,1,other,1,5,94,8,1
1248,undecided,30,1,female,1,4,161,15,0
1249,decided,48,1,female,1,2,124,20,1
1250,undecided,54,1,female,1,6,74,13,1
1251,decided,46,1,female,1,3,72,12,1
1252,decided,29,1,female,1,2,248,18,1
1253,decided,38,1,female,1,4,49,12,0
1254,undecided,43,1,female,0,1,36,10,1
1255,undecided,48,1,other,1,3,103,18,1
1256,decided,44,1,female,1,4,5,8,1
1257,decided,45,1,female,1,2,152,20,1
1258,decided,53,1,female,1,4,47,8,0
1259,undecided,33,1,female,1,5,150,15,0
1260,undecided,39,1,other,1,4,31,15,1
1261,undecided,32,1,female,1,5,120,15,1
1262,decided,30,1,male,1,2,50,8,1
1263,decided,55,1,female,1,4,13,20,1
1264,decided,45,0,male,1,2,36,10,1
1265,undecided,49,1,female,1,3,55,20,0
1266,undecided,52,0,female,1,3,158,15,1
1267,undecided,40,1,female,0,1,68,18,0
1268,decided,57,0,female,1,6,84,20,1
1269,decided,60,1,male,0,4,70,20,0
1270,undecided,47,1,female,0,1,49,18,0
1271,undecided,44,1,male,1,7,154,15,1
1272,decided,49,1,male,1,5,99,18,1
1273,undecided,32,1,female,1,6,97,15,0
1274,undecided,46,1,female,1,3,48,15,1
1275,decided,58,1,female,1,3,66.5,8,0
1276,undecided,55,1,female,0,5,117,13,1
1277,decided,51,1,female,0,1,200,20,1
1278,decided,36,1,female,1,5,262,18,1
1279,undecided,41,1,other,1,2,166,18,0
1280,undecided,49,1,female,1,2,199,18,0
1281,decided,62,1,female,0,2,21,8,0
1282,decided,74,0,female,1,2,130,10,1
1283,decided,49,1,female,0,4,139,20,1
1284,undecided,67,0,female,1,5,129,8,0
1285,undecided,52,1,female,1,2,159.5,18,0
1286,decided,47,0,female,1,3,83,8,0
1287,undecided,47,1,female,1,3,121,20,0
1288,decided,54,0,female,0,1,36,10,0
1289,undecided,60,1,female,1,2,40,20,0
1290,decided,62,1,female,1,5,66,8,0
1291,undecided,35,0,male,0,1,87,15,1
1292,decided,36,1,female,0,4,99,12,0
1293,undecided,56,1,male,1,4,149,13,0
1294,decided,48,0,female,1,2,172,20,1
1295,undecided,43,1,female,1,4,31,13,1
1296,decided,36,1,male,1,4,84,18,1
1297,undecided,33,1,female,1,2,105,18,0
1298,decided,56,1,female,1,5,83,9,0
1299,decided,53,1,male,1,4,60,20,0
1300,undecided,40,1,female,1,2,22,16,0
1301,decided,33,1,male,1,5,361,15,0
1302,decided,48,1,female,1,3,84,9,0
1303,undecided,45,1,female,1,4,122,18,0
1304,undecided,39,1,female,1,3,116,18,0
1305,decided,29,1,female,1,5,280,15,1
1306,undecided,34,1,female,1,4,214,18,0
1307,undecided,54,1,female,0,4,121,18,0
1308,decided,44,1,other,0,4,51,12,1
1309,decided,29,1,female,1,3,76,12,0
1310,decided,44,0,female,1,3,40,8,0
1311,decided,64,1,female,1,5,159,8,0
1312,decided,74,1,female,1,3,19,20,1
1313,decided,47,1,male,0,1,69.5,20,0
1314,undecided,67,1,female,1,4,115,20,0
1315,undecided,45,1,female,1,3,39,15,0
1316,undecided,40,1,female,1,2,43,15,1
1317,decided,52,1,female,1,2,87.5,20,1
1318,undecided,71,0,other,0,2,118,13,1
1319,undecided,56,1,female,0,3,45,15,0
1320,undecided,68,1,male,1,4,81,16,1
1321,undecided,55,1,female,1,6,72,13,0
1322,decided,70,1,male,0,1,8,20,1
1323,undecided,53,1,male,1,3,134,15,1
1324,undecided,56,1,female,1,5,72,18,0
1325,decided,45,0,female,0,1,116,12,1
1326,undecided,62,1,other,1,3,76,20,0
1327,decided,44,1,female,1,6,83,20,1
1328,undecided,34,1,female,1,3,168,15,0
1329,decided,34,1,male,1,6,74,18,0
1330,decided,38,1,female,0,1,187,15,0
1331,undecided,44,1,other,1,7,22,13,1
1332,decided,46,1,female,1,3,183,20,1
1333,decided,40,1,other,1,2,253,20,1
1334,decided,67,1,male,1,3,138,20,1
1335,decided,65,0,female,1,2,38,8,1
1336,decided,60,1,female,0,1,33,8,0
1337,decided,35,1,female,1,5,67,12,0
1338,undecided,56,1,female,0,4,42,20,0
1339,undecided,36,1,female,1,5,141,15,0
1340,decided,30,1,female,1,5,89,8,1
1341,decided,33,1,female,1,5,135,12,0
1342,decided,49,1,female,1,7,238,15,1
1343,decided,48,1,other,1,3,74,12,0
1344,undecided,39,1,female,1,3,87,18,0
1345,undecided,36,0,male,1,6,126,15,1
1346,decided,43,1,female,1,4,150,18,1
1347,undecided,45,1,female,1,7,93,15,0
1348,decided,54,1,female,1,3,135,18,1
1349,decided,49,1,female,1,3,198,16,0
1350,undecided,45,1,female,1,6,149,15,1
1351,decided,42,0,female,0,3,15,12,0
1352,decided,36,1,female,1,5,106,12,0
1353,undecided,31,1,female,1,7,133,15,0
1354,undecided,47,0,male,1,5,157,15,1
1355,undecided,56,1,female,1,4,113,20,0
1356,undecided,41,1,female,1,2,105,15,1
1357,decided,54,1,other,1,2,81,20,1
1358,decided,58,1,female,0,3,102,9,1
1359,decided,53,0,female,1,2,105,8,1
1360,undecided,53,1,male,1,3,75,16,0
1361,decided,42,1,female,1,2,33,8,1
1362,decided,37,1,female,1,4,159,12,1
1363,undecided,66,0,female,1,2,113,20,0
1364,decided,38,1,female,1,3,95,9,1
1365,undecided,34,1,female,1,6,99,15,0
1366,decided,64,0,female,1,2,39,10,1
1367,decided,52,1,other,1,6,135,9,0
1368,decided,45,1,female,1,4,186,15,0
1369,decided,55,1,female,1,2,101,20,1
1370,decided,55,1,female,1,6,169,12,0
1371,decided,45,0,female,1,5,68,8,1
1372,decided,42,1,male,0,1,141,20,0
1373,decided,35,1,other,1,5,110,12,0
1374,undecided,36,1,female,1,4,150,15,1
1375,decided,59,1,female,1,6,59,8,1
1376,undecided,43,1,female,1,5,172,15,1
1377,undecided,40,1,female,1,4,141,15,1
1378,decided,49,1,female,1,3,258,20,1
1379,decided,37,1,other,1,7,265,8,0
1380,decided,49,1,male,0,5,4,20,1
1381,decided,36,1,female,1,3,92,9,0
1382,decided,38,1,male,1,2,139,18,1
1383,decided,56,1,female,1,2,74,20,1
1384,decided,69,1,male,1,5,93,20,0
1385,decided,47,1,female,0,4,26,12,0
1386,decided,54,1,female,1,3,30,8,0
1387,decided,50,1,female,1,6,233,18,1
1388,undecided,44,1,female,1,6,123,15,0
1389,decided,45,1,male,0,1,199,18,0
1390,undecided,49,1,female,1,2,15,15,0
1391,undecided,57,1,female,1,5,46,20,0
1392,undecided,44,1,female,1,5,136,20,0
1393,undecided,48,1,female,1,5,23,15,1
1394,undecided,49,0,female,1,4,102,20,0
1395,undecided,51,1,female,0,1,104,20,0
1396,undecided,45,1,female,0,1,5,18,1
1397,decided,62,1,female,1,5,40,8,1
1398,undecided,44,1,other,1,5,65.5,15,0
1399,undecided,63,1,female,1,4,12,13,1
1400,decided,54,1,female,1,3,54,20,1
1401,decided,55,1,female,1,5,36,8,1
1402,decided,59,1,male,0,1,105.5,10,0
1403,undecided,72,1,female,1,4,9,20,0
1404,decided,44,1,female,1,3,195,15,0
1405,decided,58,1,female,1,4,5,20,1
1406,decided,43,1,female,1,5,204,15,1
1407,undecided,30,1,female,1,4,92,15,1
1408,undecided,62,1,female,1,5,113.5,16,0
1409,undecided,50,1,female,1,6,108,16,0
1410,decided,59,1,female,0,1,171,20,1
1411,undecided,29,1,male,1,2,166,15,1
1412,decided,38,0,male,1,5,183,15,0
1413,undecided,34,1,male,1,4,83,15,1
1414,undecided,31,0,male,1,6,135,15,0
1415,undecided,53,1,female,0,2,52,20,0
1416,decided,46,1,female,1,2,6,20,1
1417,undecided,43,0,male,0,2,38.5,16,0
1418,undecided,47,1,female,1,2,152,15,1
1419,decided,50,1,female,1,5,117,18,1
1420,decided,57,1,female,1,2,81,20,1
1421,undecided,59,1,female,1,3,99,16,0
1422,decided,69,1,male,0,3,33,20,1
1423,decided,47,0,male,1,2,377,15,1
1424,undecided,50,1,female,0,1,101,20,0
1425,decided,49,1,female,1,4,42,18,1
1426,undecided,48,1,female,1,6,121,15,1
1427,undecided,41,1,female,1,3,55,18,0
1428,undecided,42,1,female,1,3,86,18,0
1429,undecided,53,1,female,1,5,139,15,0
1430,undecided,63,1,male,1,5,129,13,0
1431,undecided,64,1,male,0,1,134,16,1
1432,decided,43,1,female,0,1,65,9,1
1433,decided,40,0,female,1,2,70,8,1
1434,decided,52,1,female,1,3,89,8,1
1435,undecided,58,1,female,1,2,82,20,0
1436,decided,41,1,male,1,2,147,18,0
1437,decided,59,0,male,0,1,123.5,8,0
1438,decided,42,1,male,0,1,31,18,1
1439,decided,58,0,other,0,1,93.5,8,0
1440,decided,29,1,female,1,3,306,15,0
1441,undecided,31,1,female,1,7,160,15,1
1442,undecided,45,1,female,1,5,67,15,1
1443,undecided,54,1,female,0,1,249,18,0
1444,decided,75,1,female,0,1,62,20,1
1445,decided,51,1,female,0,3,59,8,1
1446,decided,41,1,female,0,1,130,20,1
1447,decided,53,1,female,0,2,44,18,1
1448,undecided,41,1,female,0,3,60,18,0
1449,undecided,42,1,female,1,3,85,15,1
1450,decided,38,1,female,0,2,16,8,0
1451,undecided,45,1,female,1,3,108,15,1
1452,decided,33,1,female,1,3,59.5,8,1
1453,decided,51,1,female,1,6,152,12,1
1454,decided,35,1,female,0,1,92.5,9,1
1455,undecided,43,1,male,1,6,169,15,0
1456,decided,46,1,female,1,2,63,18,1
1457,decided,37,1,female,1,2,147,18,1
1458,decided,47,1,male,1,4,184,18,0
1459,undecided,31,1,other,1,2,142,15,0
1460,undecided,47,1,other,0,1,26,15,1
1461,undecided,44,1,female,1,2,102,15,1
1462,decided,63,1,female,1,3,283,16,1
1463,decided,50,1,female,1,3,116,20,1
1464,undecided,59,1,female,1,3,71,20,0
1465,decided,31,1,female,0,2,117,18,1
1466,undecided,56,1,female,1,2,142,13,0
1467,undecided,50,1,male,1,4,170,15,0
1468,decided,58,1,male,1,5,130,20,1
1469,decided,59,0,female,0,3,25,8,0
1470,decided,36,1,female,1,5,101,9,0
1471,undecided,50,1,female,1,6,94,16,1
1472,decided,48,1,male,1,4,93,20,0
1473,decided,50,1,female,1,3,81.5,10,1
1474,decided,73,1,male,0,4,64,20,1
1475,undecided,46,0,male,1,3,172,15,0
1476,decided,38,1,female,1,5,95,8,1
1477,decided,51,1,female,1,4,53,18,1
1478,decided,67,1,female,0,1,100,20,1
1479,undecided,46,1,female,1,5,83,15,0
1480,undecided,52,1,female,0,1,40,13,1
1481,undecided,70,1,female,1,4,87,20,0
1482,decided,37,1,female,1,5,217,15,0
1483,undecided,51,1,male,1,4,38,13,0
1484,decided,53,1,female,0,2,47,18,1
1485,decided,56,1,female,1,2,114,9,0
1486,decided,44,1,male,1,5,104,18,0
1487,undecided,55,1,female,1,5,209,20,0
1488,decided,60,1,male,0,1,55,20,0
1489,decided,50,1,male,1,3,115,8,0
1490,undecided,44,1,female,1,2,131,20,0
1491,decided,78,1,other,0,1,17,8,0
1492,undecided,50,1,female,0,4,25,18,0
1493,decided,43,0,female,1,4,87,20,1
1494,undecided,43,1,female,1,3,53,15,0
1495,undecided,66,1,female,1,4,53,16,0
1496,decided,37,1,other,1,4,240,8,1
1497,undecided,60,1,female,0,1,168,20,0
1498,decided,60,1,female,1,2,191,13,1
1499,decided,51,1,other,1,5,75,12,1
1500,decided,57,1,male,1,2,246,8,1
1501,decided,53,1,female,0,2,33,9,0
1502,decided,44,1,female,1,4,513,15,0
1503,decided,43,0,male,0,2,21,8,1
1504,decided,43,1,female,1,4,109,18,1
1505,decided,60,1,female,1,2,139,20,1
1506,undecided,48,1,male,0,3,122,16,0
1507,decided,46,1,female,1,6,78,20,1
1508,decided,38,1,female,0,3,119,18,1
1509,undecided,56,1,other,1,2,29,18,0
1510,decided,46,1,other,1,3,159,20,1
1511,undecided,43,1,male,1,3,86,15,0
1512,decided,49,0,female,0,4,47,8,1
1513,undecided,36,1,female,0,1,46,15,0
1514,undecided,53,1,male,1,2,89.5,13,0
1515,decided,58,1,female,0,1,140,8,1
1516,undecided,48,1,female,0,1,127,18,0
1517,decided,40,0,female,0,4,32,8,0
1518,undecided,46,1,male,1,4,93,15,1
1519,undecided,70,1,male,0,3,61,13,0
1520,decided,46,1,other,0,1,200,15,1
1521,decided,68,1,male,0,1,15,20,0
1522,decided,44,1,male,1,5,179,12,0
1523,undecided,33,0,male,1,5,84.5,15,0
1524,decided,44,1,male,1,3,151,18,1
1525,undecided,40,0,female,0,1,52,15,0
1526,undecided,60,1,female,0,5,94,20,0
1527,decided,75,1,male,0,2,90.5,10,1
1528,decided,31,1,female,0,1,79,18,1
1529,decided,56,1,female,1,3,132,12,1
1530,decided,48,1,male,1,5,235,12,1
1531,decided,44,1,female,1,2,210,13,0
1532,decided,41,1,female,1,4,118,8,1
1533,decided,59,1,female,1,3,45.5,10,1
1534,decided,50,0,female,0,4,128,18,1
1535,decided,55,1,female,0,2,56,8,1
1536,undecided,56,1,female,1,3,132,13,0
1537,decided,51,0,female,1,4,113,8,1
1538,undecided,41,1,female,1,3,140,15,1
1539,decided,35,1,female,0,1,61,8,1
1540,decided,35,1,female,0,1,57.5,8,1
1541,undecided,69,1,other,0,4,75,20,0
1542,undecided,54,1,female,1,2,107,18,1
1543,undecided,43,1,male,1,4,105,15,1
1544,decided,49,1,male,1,2,130,18,1
1545,decided,39,1,female,1,3,62,9,0
1546,decided,33,1,male,0,1,125,18,1
1547,decided,39,1,female,1,3,97,12,1
1548,undecided,43,1,female,0,1,124,18,0
1549,decided,54,0,male,0,3,17,8,0
1550,decided,57,1,female,1,2,380,10,0
1551,undecided,45,1,other,0,1,23,18,0
1552,undecided,62,1,female,0,2,60,16,1
1553,undecided,52,1,female,1,3,107,15,1
1554,decided,44,1,female,1,5,143,18,1
1555,decided,41,0,female,1,4,119,18,1
1556,decided,68,0,female,1,3,83,8,0
1557,undecided,52,1,female,0,6,90,16,1
1558,undecided,50,1,female,1,4,150,20,0
1559,undecided,54,1,female,1,3,98,18,0
1560,decided,43,1,male,0,2,35,20,0
1561,decided,45,0,male,1,2,43,8,0
1562,undecided,49,1,other,1,4,94.5,16,0
1563,undecided,54,1,female,0,3,67,18,0
1564,undecided,45,1,female,1,6,105,15,0
1565,decided,41,1,female,1,2,62,12,0
1566,decided,51,1,other,1,5,326,20,0
1567,undecided,39,1,female,1,3,25,18,0
1568,undecided,58,1,female,1,6,177,20,0
1569,decided,42,0,female,0,2,67,20,1
1570,decided,67,0,female,0,2,81,8,0
1571,decided,53,1,female,1,3,135,8,0
1572,undecided,43,1,female,1,3,173,18,0
1573,decided,66,0,male,0,1,60.5,8,0
1574,decided,33,1,female,1,2,175,18,1
1575,decided,55,1,female,0,2,79,8,1
1576,decided,52,1,female,1,2,54,18,1
1577,decided,46,1,female,1,3,151,20,1
1578,decided,60,0,male,0,3,32,8,1
1579,undecided,48,1,female,1,6,132,15,1
1580,decided,37,1,female,1,3,20,9,1
1581,undecided,44,1,female,1,6,108,15,1
1582,undecided,59,1,female,1,4,93,16,1
1583,decided,69,1,female,0,1,77,20,1
1584,decided,65,1,male,1,4,105,20,0
1585,decided,38,1,female,1,6,160,8,1
1586,decided,38,1,female,1,4,78,8,0
1587,decided,54,1,male,1,5,59,8,1
1588,undecided,39,1,female,1,7,130,15,1
1589,decided,36,1,male,1,3,60.5,18,1
1590,decided,35,1,male,1,2,76,9,1
1591,undecided,32,1,female,1,6,170,15,0
1592,undecided,50,1,other,1,5,285,16,1
1593,decided,51,1,male,1,3,69,20,0
1594,decided,47,1,female,1,4,59,18,1
1595,decided,50,1,female,1,5,124,18,1
1596,decided,42,1,male,1,2,105,18,1
1597,decided,51,1,female,1,5,130,8,1
1598,decided,35,1,male,1,6,253,15,1
1599,decided,42,1,female,0,2,151,8,1
1600,decided,72,0,other,1,3,72,20,1
1601,undecided,31,1,female,1,5,256,8,1
1602,undecided,33,0,male,1,3,124,15,0
1603,decided,68,1,female,1,5,303,20,0
1604,decided,31,1,female,1,6,210,15,0
1605,decided,49,1,female,1,4,54,8,1
1606,decided,54,1,female,1,5,128,18,1
1607,undecided,62,1,female,1,5,209,20,0
1608,decided,39,1,female,1,6,146,18,1
1609,undecided,55,1,female,1,4,124,16,1
1610,undecided,47,1,female,0,2,64,15,0
1611,undecided,34,1,female,1,3,122,15,0
1612,decided,39,1,male,1,2,107.5,9,1
1613,undecided,44,1,other,1,6,100,13,0
1614,decided,72,0,female,0,2,28,8,0
1615,undecided,53,1,female,0,1,134,18,0
1616,undecided,35,1,male,1,2,100,18,1
1617,undecided,53,1,other,1,5,67,15,0
1618,undecided,46,1,male,1,3,88,15,1
1619,undecided,42,1,female,1,6,65,15,1
1620,undecided,35,1,female,1,3,58,18,0
1621,undecided,52,1,male,1,3,120,13,0
1622,undecided,74,1,female,1,6,26,16,0
1623,undecided,43,1,female,1,2,48,18,0
1624,decided,46,1,female,1,3,296,15,0
1625,decided,58,1,female,1,6,8,8,1
1626,decided,49,1,female,1,4,62,8,1
1627,decided,45,1,female,1,3,94,20,1
1628,undecided,42,0,female,0,1,142.5,18,0
1629,decided,56,0,other,1,4,48,20,1
1630,decided,58,1,female,1,3,45,20,1
1631,decided,64,1,female,1,3,91,10,0
1632,undecided,57,1,female,1,3,133,20,0
1633,decided,52,1,female,1,3,92,8,1
1634,undecided,54,1,female,1,3,64.5,20,0
1635,undecided,47,1,female,1,3,50,15,1
1636,decided,46,1,male,1,3,118,20,1
1637,undecided,49,1,female,1,4,159,15,1
1638,decided,44,1,male,0,4,195,18,0
1639,decided,50,1,female,1,3,120,18,1
1640,decided,48,1,female,1,5,229,18,1
1641,decided,65,0,female,0,1,41,20,1
1642,decided,53,1,female,1,3,63,8,1
1643,decided,49,1,female,0,1,24,9,0
1644,decided,45,1,female,1,6,114,18,1
1645,decided,49,0,female,1,5,275,15,1
1646,decided,36,1,female,1,2,90.5,8,1
1647,decided,46,1,female,1,3,119,20,1
1648,undecided,58,1,female,0,4,88,16,0
1649,undecided,31,1,female,1,5,165,15,0
1650,undecided,63,1,female,1,7,79.5,16,0
1651,decided,53,1,female,1,2,87,20,1
1652,decided,63,1,male,1,3,99,20,0
1653,decided,42,1,female,1,4,240,15,1
1654,decided,57,0,female,1,5,76,8,0
1655,undecided,63,1,female,1,4,131,16,0
1656,decided,52,1,female,1,5,367,13,0
1657,decided,51,1,male,1,3,250,20,0
1658,decided,57,1,male,0,2,138,20,1
1659,undecided,31,1,female,0,4,108,15,1
1660,decided,69,1,male,1,5,138,20,0
1661,decided,51,1,female,0,1,136.5,18,1
1662,decided,66,1,female,1,4,110,8,1
1663,undecided,30,1,female,0,1,82,18,0
1664,decided,54,0,male,1,2,78,18,1
1665,undecided,44,1,female,1,4,161,18,0
1666,decided,54,1,female,1,6,333,8,0
1667,decided,55,1,female,1,4,154,20,1
1668,decided,52,0,female,0,1,70,20,1
1669,decided,62,1,female,1,2,81,20,1
1670,decided,57,0,female,0,1,27,8,0
1671,decided,51,1,male,1,4,158,20,1
1672,decided,37,1,female,1,4,206,12,1
1673,decided,64,1,female,1,2,110,20,1
1674,decided,37,1,female,1,7,189,15,0
1675,decided,56,1,male,1,3,149,12,1
1676,undecided,41,1,female,1,5,75,15,0
1677,undecided,46,0,female,0,1,96,18,0
1678,decided,59,0,male,0,1,78.5,20,1
1679,decided,46,1,female,1,4,78.5,9,0
1680,undecided,67,0,female,1,6,144,16,1
1681,undecided,47,1,other,0,2,68,18,0
1682,decided,71,1,male,1,2,87,20,1
1683,decided,74,1,female,1,2,97,20,1
1684,undecided,44,1,female,1,3,70,20,0
1685,decided,53,1,female,1,2,86,10,0
1686,decided,62,1,female,1,3,112,20,1
1687,decided,39,1,male,0,3,34,18,0
1688,decided,57,1,female,1,2,15,20,1
1689,undecided,37,1,female,1,3,82,15,0
1690,undecided,33,1,female,1,4,65.5,18,0
1691,undecided,47,1,female,1,3,15,15,1
1692,decided,43,1,female,1,3,161,12,0
1693,undecided,57,1,female,1,3,6,16,1
1694,undecided,59,1,female,0,1,91,20,0
1695,undecided,51,1,female,1,3,101,15,0
1696,decided,49,1,female,1,2,95,20,1
1697,undecided,62,1,female,1,2,130,13,1
1698,decided,60,1,male,1,5,168,20,1
1699,decided,32,1,male,1,4,82.5,12,0
1700,decided,77,0,female,0,1,79,20,1
1701,decided,39,1,male,0,4,5,18,1
1702,undecided,56,1,female,1,3,81,16,1
1703,decided,63,0,female,1,3,75,20,1
1704,undecided,62,1,female,1,4,166,20,0
1705,undecided,50,1,female,1,2,13,20,0
1706,decided,47,1,female,1,2,61,18,1
1707,undecided,46,1,female,1,2,73,20,0
1708,decided,45,1,female,1,2,113,18,1
1709,undecided,51,1,other,1,2,68,18,0
1710,undecided,50,1,female,0,6,64,16,0
1711,undecided,42,1,female,1,5,88,18,0
1712,undecided,40,1,female,0,4,48,18,0
1713,undecided,51,1,other,1,3,128,20,0
1714,decided,34,0,female,1,5,94,8,0
1715,decided,70,1,female,1,3,112,20,1
1716,undecided,50,1,female,1,7,101,20,0
1717,undecided,57,1,female,1,5,115,15,0
1718,undecided,66,1,female,1,5,85,20,0
1719,decided,47,1,female,1,4,123,18,1
1720,decided,68,1,female,0,1,15,8,1
1721,undecided,41,1,female,1,5,151,15,0
1722,decided,72,1,male,1,5,87,20,1
1723,undecided,39,1,female,1,4,59,18,0
1724,decided,52,0,female,1,4,51,18,1
1725,decided,34,0,female,1,4,41,8,0
1726,undecided,49,1,other,1,4,102,15,1
1727,decided,63,1,female,0,1,32,20,1
1728,decided,50,1,female,1,3,163,12,0
1729,decided,45,1,male,1,3,30,18,0
1730,decided,60,1,male,0,4,97,20,0
1731,decided,54,1,female,1,4,146,20,1
1732,undecided,44,1,female,1,3,40,18,0
1733,undecided,48,1,female,0,1,51,20,0
1734,undecided,45,0,female,1,2,161,16,1
1735,undecided,63,1,female,0,1,136,20,0
1736,undecided,42,1,male,1,5,140,15,0
1737,undecided,44,1,female,1,2,146,16,1
1738,undecided,46,1,female,1,3,66,20,0
1739,undecided,43,1,female,1,3,13,20,0
1740,undecided,37,0,female,1,5,127,15,1
1741,decided,48,0,female,0,4,28,8,1
1742,undecided,52,1,female,1,2,135,20,0
1743,undecided,56,1,female,1,4,95,13,0
1744,decided,43,1,female,0,2,17,8,1
1745,undecided,44,1,female,1,2,18,20,0
1746,undecided,47,1,female,1,3,140,18,0
1747,decided,47,1,female,0,1,127,8,1
1748,undecided,68,1,female,1,6,51,16,0
1749,undecided,42,1,other,1,3,18,20,0
1750,undecided,40,1,male,1,2,38,15,0
1751,decided,47,1,male,1,5,73,20,0
1752,undecided,55,0,female,0,1,11,20,0
1753,decided,43,1,female,1,7,183,8,0
1754,decided,46,1,female,1,4,120,8,0
1755,decided,39,1,female,1,5,54,8,0
1756,decided,51,1,male,1,3,106,9,0
1757,decided,40,1,male,1,3,25,18,0
1758,undecided,49,1,female,1,4,97,16,1
1759,decided,50,0,male,1,5,92.5,8,1
1760,undecided,50,1,female,1,4,142,20,0
1761,undecided,52,0,female,1,4,135,20,0
1762,decided,55,1,female,1,2,137.5,8,0
1763,decided,55,1,male,1,7,35,8,1
1764,decided,41,1,male,1,3,203,15,1
1765,undecided,71,1,female,1,2,6,13,0
1766,decided,55,1,female,1,2,135,20,1
1767,undecided,54,1,female,1,3,54,16,1
1768,decided,48,1,female,1,2,8,12,0
1769,decided,38,0,female,1,2,35,18,1
1770,decided,38,1,male,1,5,203,15,0
1771,undecided,35,1,female,1,3,163,15,0
1772,undecided,74,1,female,1,3,84,13,0
1773,undecided,34,1,other,1,2,6,18,0
1774,decided,53,1,female,1,2,10,8,0
1775,undecided,49,1,female,1,4,183,18,0
1776,undecided,41,1,female,1,4,148,16,1
1777,decided,47,1,female,1,3,175,18,1
1778,decided,43,1,female,1,4,470,16,0
1779,decided,56,1,female,1,2,43,18,1
1780,decided,41,1,female,1,6,145,12,1
1781,undecided,53,1,female,1,4,85.5,16,1
1782,undecided,53,1,female,1,6,151,15,0
1783,undecided,54,0,other,1,2,147,20,0
1784,undecided,49,1,female,1,2,104,20,0
1785,undecided,63,1,female,1,5,156,20,0
1786,decided,70,1,female,0,1,116,20,1
1787,undecided,58,1,other,1,4,48,20,0
1788,undecided,50,1,female,1,5,91,15,0
1789,decided,47,1,female,0,2,58,18,1
1790,decided,62,1,female,1,5,57,20,1
1791,decided,53,1,female,0,1,44,10,1
1792,undecided,52,1,male,1,5,83,16,1
1793,decided,43,1,other,1,6,96,12,1
1794,undecided,48,0,female,0,2,95.5,15,1
1795,undecided,35,0,female,1,5,78,18,0
1796,undecided,61,1,female,0,1,22,16,0
1797,undecided,69,1,female,1,7,107,13,1
1798,undecided,41,1,male,1,6,81,15,1
1799,decided,64,1,male,1,3,37,20,0
1800,decided,70,0,female,1,3,182,20,1
1801,undecided,41,1,female,1,7,128,18,0
1802,decided,43,0,female,1,5,91,12,0
1803,decided,55,1,male,1,5,97,18,0
1804,decided,61,1,female,1,2,27,8,0
1805,undecided,48,1,female,1,2,153,20,0
1806,undecided,59,1,female,0,4,43,15,1
1807,undecided,58,0,female,1,4,133,20,0
1808,decided,60,1,female,1,4,47,20,1
1809,decided,45,1,female,1,3,146,8,1
1810,undecided,44,1,female,1,2,71,16,0
1811,decided,39,1,female,1,4,78,12,1
1812,decided,31,1,female,0,3,63,12,1
1813,undecided,39,1,female,1,4,100,15,1
1814,undecided,51,1,female,1,6,27,15,1
1815,decided,47,1,male,1,4,178,12,0
1816,undecided,31,1,female,1,7,75,15,1
1817,undecided,54,0,female,1,2,10,16,0
1818,undecided,52,1,female,1,3,143,20,0
1819,decided,30,0,female,1,7,121,12,1
1820,decided,74,1,female,1,5,46,20,1
1821,decided,55,0,male,1,3,64,20,0
1822,decided,42,1,male,1,4,110,18,0
1823,decided,52,1,female,0,3,25,20,1
1824,undecided,60,1,other,1,6,141,20,1
1825,undecided,46,1,female,1,6,122,15,0
1826,undecided,58,1,male,1,7,93,16,1
1827,undecided,37,1,female,1,3,150,15,1
1828,undecided,47,1,other,1,5,84,18,0
1829,undecided,65,1,female,0,2,36,16,1
1830,undecided,38,1,female,1,4,59,15,1
1831,undecided,44,1,other,1,3,212,20,0
1832,decided,55,1,female,1,2,150,12,1
1833,undecided,36,1,female,0,3,18,18,0
1834,decided,53,1,other,1,2,192,12,0
1835,decided,57,1,male,0,2,12,8,0
1836,decided,53,1,female,1,5,97,18,1
1837,decided,45,1,female,1,4,81,9,1
1838,undecided,51,1,female,1,2,92,20,0
1839,decided,52,1,female,1,5,233,15,1
1840,undecided,40,0,female,1,6,115,18,0
1841,undecided,45,1,female,1,6,72,15,1
1842,undecided,46,0,other,1,4,96,16,1
1843,undecided,56,1,female,1,2,112,20,0
1844,decided,56,1,female,1,4,72,12,0
1845,undecided,50,1,female,0,1,107,18,0
1846,decided,58,1,male,1,4,42,20,0
1847,decided,62,0,female,1,2,26,20,1
1848,undecided,43,0,female,1,3,93,15,1
1849,undecided,50,1,male,1,2,56,8,0
1850,decided,50,0,male,1,3,157.5,8,0
1851,decided,55,1,female,1,4,57.5,20,1
1852,decided,42,0,female,0,1,22,8,0
1853,undecided,44,1,female,0,1,62,18,0
1854,decided,49,0,female,1,3,34,18,1
1855,undecided,53,0,female,1,3,87,13,0
1856,undecided,45,1,female,1,4,39,20,0
1857,decided,58,1,male,1,4,62,18,1
1858,undecided,60,1,female,1,4,73,20,0
1859,decided,54,1,female,0,1,90,20,1
1860,undecided,59,1,female,0,1,123,13,1
1861,decided,53,1,male,1,2,39,20,1
1862,undecided,39,1,female,1,6,130,15,1
1863,undecided,40,0,female,1,4,115,15,0
1864,decided,66,0,female,1,2,49,20,1
1865,undecided,74,1,female,1,3,40,20,0
1866,decided,52,1,female,1,4,103,10,1
1867,decided,43,1,female,1,3,23,9,0
1868,undecided,56,1,female,0,3,128,18,0
1869,undecided,35,1,female,0,1,203,18,0
1870,decided,35,1,female,0,1,110,12,1
1871,decided,38,1,female,1,3,171,18,1
1872,decided,53,0,female,1,6,90,20,1
1873,decided,49,1,female,1,4,489,15,0
1874,undecided,68,1,female,1,3,126,20,0
1875,undecided,31,1,female,1,3,73,15,1
1876,decided,69,1,female,1,3,53,20,1
1877,decided,33,1,female,0,2,73,12,0
1878,decided,59,1,female,1,4,39,20,1
1879,decided,39,0,female,1,2,61,8,0
1880,undecided,43,1,female,0,1,25,18,0
1881,decided,47,1,male,1,3,70,20,0
1882,undecided,72,1,female,0,3,27,20,0
1883,undecided,64,1,female,1,2,7,20,0
1884,decided,46,1,female,1,3,451,18,0
1885,decided,58,1,female,0,6,111,20,1
1886,undecided,59,0,female,0,3,136.5,13,1
1887,decided,50,1,female,1,2,64,12,0
1888,undecided,63,1,female,1,3,76,20,0
1889,undecided,55,1,other,1,4,137,13,1
1890,decided,42,1,female,1,3,128,20,1
1891,undecided,58,0,female,1,5,139,16,1
1892,decided,47,1,female,1,2,87,8,0
1893,decided,68,1,other,0,1,58,20,1
1894,decided,70,1,female,0,1,129,10,0
1895,undecided,64,1,other,1,3,6,20,0
1896,decided,44,1,female,1,5,85,18,1
1897,decided,32,1,male,1,5,169,18,0
1898,undecided,53,1,female,1,4,111,15,1
1899,undecided,38,1,female,0,5,23,15,1
1900,decided,45,1,female,1,2,58,8,0
1901,undecided,56,1,male,1,3,93,13,1
1902,undecided,43,1,female,1,5,141,15,1
1903,undecided,60,1,female,1,6,64,16,1
1904,undecided,70,1,female,1,3,104,20,0
1905,undecided,58,1,female,1,2,104,13,1
1906,decided,78,1,female,0,1,54,8,1
1907,decided,45,0,female,0,2,15,8,1
1908,decided,53,0,female,1,5,205,15,1
1909,decided,39,1,female,1,2,146,18,1
1910,undecided,30,0,female,1,3,40,15,1
1911,undecided,47,0,female,1,5,168,20,0
1912,decided,43,1,female,1,5,41,12,0
1913,decided,49,1,female,0,1,118.5,12,1
1914,decided,73,1,female,1,5,40,20,1
1915,decided,53,1,female,0,1,42,10,1
1916,decided,59,1,male,1,2,124,20,1
1917,decided,52,1,female,0,1,133,18,1
1918,undecided,64,1,male,1,6,37,20,1
1919,decided,70,1,female,1,3,146,20,1
1920,undecided,45,1,female,0,1,4,20,0
1921,undecided,50,1,female,1,3,6,18,0
1922,decided,32,1,male,0,4,55,18,0
1923,decided,39,1,male,1,6,45.5,18,1
1924,undecided,45,1,female,1,2,90,20,0
1925,decided,72,1,male,1,2,115.5,20,1
1926,undecided,33,1,female,1,4,94,18,0
1927,undecided,31,1,female,1,3,100,18,0
1928,decided,42,1,male,1,5,131,18,0
1929,decided,33,1,female,1,5,238,15,1
1930,decided,54,1,male,1,7,235,20,1
1931,undecided,31,1,other,0,3,98,15,0
1932,decided,55,0,female,1,5,64,10,0
1933,decided,51,1,male,0,2,122.5,8,0
1934,decided,62,1,male,1,2,40,20,0
1935,decided,38,1,female,1,3,197,15,0
1936,undecided,61,1,male,1,6,64.5,16,1
1937,undecided,47,1,female,0,3,71,18,0
1938,decided,43,1,female,1,5,225,18,1
1939,decided,49,1,female,1,4,298,16,0
1940,undecided,44,1,other,1,3,44,20,0
1941,decided,44,1,female,0,2,72,18,1
1942,decided,55,0,female,0,2,121,8,1
1943,undecided,53,1,female,1,5,134,18,0
1944,decided,32,1,male,1,5,273,12,1
1945,undecided,67,0,male,1,6,82,16,0
1946,decided,64,1,female,1,5,222,13,0
1947,decided,40,1,male,1,2,461,18,1
1948,decided,63,1,female,1,3,20,20,1
1949,decided,36,1,female,0,3,35,8,1
1950,decided,44,0,male,1,6,118,20,1
1951,decided,44,1,female,1,2,170,20,1
1952,decided,45,1,other,1,5,105,12,0
1953,decided,41,1,female,0,3,66,18,1
1954,decided,50,1,female,0,1,52,9,0
1955,decided,53,1,female,1,4,125,18,1
1956,undecided,66,1,female,0,1,85,20,0
1957,decided,50,1,female,1,3,84.5,18,1
1958,decided,54,1,female,1,4,95,12,1
1959,undecided,36,0,female,1,6,50,15,0
1960,decided,59,1,male,0,2,94,20,1
1961,undecided,59,1,other,1,5,95,16,0
1962,undecided,56,1,female,1,2,77,20,0
1963,decided,61,1,female,1,5,84,8,1
1964,undecided,74,1,female,1,3,7,20,0
1965,decided,60,1,female,1,4,91,20,1
1966,decided,77,0,male,1,3,92,20,0
1967,undecided,62,1,female,1,4,64,13,0
1968,decided,60,1,female,1,4,351,20,0
1969,decided,49,1,female,1,3,482,20,1
1970,undecided,49,1,female,1,3,142,15,0
1971,decided,56,1,female,1,4,194,8,1
1972,decided,65,1,male,1,3,139,20,1
1973,undecided,50,1,female,1,5,47,15,1
1974,decided,53,1,female,1,3,61,18,1
1975,decided,54,1,other,1,4,149,18,1
1976,decided,51,0,male,1,5,446,20,1
1977,undecided,49,0,female,1,4,48,20,0
1978,decided,46,0,female,1,2,92,8,0
1979,decided,66,1,male,1,4,245,20,1
1980,undecided,53,1,male,1,4,163,13,1
1981,decided,42,1,other,0,1,89.5,8,0
1982,decided,50,1,female,0,2,66,8,1
1983,decided,57,0,female,1,6,47,8,1
1984,decided,29,1,female,1,4,166,12,0
1985,undecided,69,1,female,1,4,119,20,0
1986,decided,55,1,female,0,2,50,10,0
1987,decided,38,0,female,1,5,33,8,1
1988,undecided,57,0,male,0,3,165,16,0
1989,undecided,46,1,female,1,2,113,20,0
1990,decided,65,0,male,0,1,81,8,0
1991,decided,47,1,male,1,6,155,20,1
1992,decided,43,1,male,1,5,33,20,1
1993,decided,37,1,male,1,3,66,18,0
1994,decided,69,0,female,1,2,270,20,1
1995,undecided,60,1,female,1,5,202,20,0
1996,decided,30,1,female,1,3,206,15,1
1997,decided,49,1,male,1,3,148,20,0
1998,decided,60,1,female,0,1,152,8,1
1999,decided,48,0,female,1,5,100,8,1
2000,undecided,60,1,female,1,6,97,13,1
2001,decided,63,1,female,0,1,25,20,1
2002,undecided,33,1,female,1,2,205,18,0
2003,decided,39,1,female,1,2,95,18,1
2004,undecided,54,1,female,1,5,84,20,0
2005,decided,55,1,female,0,1,64.5,8,1
2006,undecided,52,1,female,1,2,125,15,1
2007,decided,36,1,female,1,4,201,15,1
2008,undecided,46,1,female,1,5,101,15,0
2009,decided,36,0,female,1,3,89.5,9,0
2010,undecided,34,1,female,1,7,143,15,1
2011,undecided,48,1,male,1,4,101,15,0
2012,undecided,68,1,female,1,3,160,20,0
2013,decided,45,1,male,0,1,101,18,0
2014,undecided,56,1,female,0,1,48,20,0
2015,decided,62,0,female,1,3,299,20,1
2016,undecided,40,1,female,1,6,66,15,0
2017,undecided,36,1,female,1,5,78,18,0
2018,decided,45,1,female,1,3,95.5,9,1
2019,decided,43,1,female,0,1,59.5,18,1
2020,decided,61,1,female,1,3,59,8,0
2021,decided,51,0,female,0,4,14,8,1
2022,decided,63,1,other,1,4,31,20,1
2023,decided,43,1,male,1,4,20,18,1
2024,undecided,63,1,female,1,3,106,20,0
2025,decided,60,1,male,1,4,90,20,0
2026,undecided,56,1,female,1,4,128,16,1
2027,undecided,41,1,female,1,5,143,15,0
2028,decided,40,1,other,1,2,44,18,1
2029,decided,36,0,female,1,5,33,8,1
2030,decided,42,1,female,1,3,42,18,1
2031,decided,42,1,male,1,3,288,20,0
2032,undecided,36,1,female,1,5,20,15,1
2033,undecided,47,1,other,1,5,77,20,0
2034,decided,34,1,female,1,2,7,18,1
2035,undecided,35,1,female,1,6,95,15,0
2036,decided,54,1,female,1,4,61,18,1
2037,undecided,42,1,male,1,3,112,15,1
2038,undecided,61,1,female,1,3,152,20,0
2039,decided,32,1,female,0,1,62,12,0
2040,decided,51,1,other,1,4,135,8,0
2041,decided,57,1,male,0,4,6,8,1
2042,decided,41,1,male,0,1,107,18,0
2043,undecided,57,1,female,0,2,105,20,0
2044,decided,63,0,female,1,4,81,20,1
2045,decided,33,1,female,1,4,180,15,1
2046,decided,50,0,female,1,6,118,12,1
2047,undecided,76,1,male,1,4,90,16,0
2048,undecided,47,1,other,1,2,140,20,0
2049,undecided,60,1,other,1,3,138,8,0
2050,decided,62,1,female,1,7,83,20,1
2051,undecided,57,1,female,1,5,20,15,1
2052,undecided,62,1,female,1,4,67,16,1
2053,decided,67,1,other,0,1,137,8,0
2054,undecided,40,0,female,0,6,57,16,0
2055,decided,70,1,female,0,2,21,8,1
2056,undecided,58,1,female,0,3,20,13,1
2057,undecided,41,1,female,1,4,59,15,1
2058,decided,52,1,male,1,3,62.5,8,1
2059,decided,45,1,female,1,3,134,12,0
2060,undecided,60,1,male,0,1,90,13,1
2061,decided,35,1,female,1,4,13,18,1
2062,decided,43,1,female,0,2,61.5,8,0
2063,decided,53,1,female,0,4,59,8,1
2064,decided,32,1,female,1,6,312,12,0
2065,decided,54,1,female,1,6,117,20,1
2066,decided,35,1,female,1,6,367,15,0
2067,decided,49,1,male,0,1,109,20,0
2068,undecided,53,1,female,1,2,149,18,0
2069,undecided,36,0,female,1,2,57,15,0
2070,decided,56,1,male,0,1,118,20,0
2071,undecided,41,1,female,1,6,30,18,0
2072,undecided,59,1,female,1,5,74,16,0
2073,decided,61,0,other,1,4,58,8,0
2074,undecided,54,1,female,1,5,74,16,0
2075,undecided,44,1,female,1,3,73,18,0
2076,decided,33,1,female,1,5,120,12,0
2077,undecided,38,1,female,1,3,142,18,0
2078,decided,38,1,female,1,5,185,12,1
2079,decided,69,1,female,1,2,125,20,1
2080,undecided,43,1,female,1,3,77,18,0
2081,decided,46,1,female,1,2,53,18,1
2082,decided,52,1,female,0,3,15,8,1
2083,undecided,56,1,female,1,5,76,16,0
2084,decided,28,1,female,1,4,304,12,0
2085,decided,34,0,male,1,4,86,8,0
2086,decided,32,0,male,1,7,65,8,0
2087,decided,46,1,female,1,4,38,12,1
2088,undecided,48,1,male,1,4,102,13,1
2089,decided,55,1,female,0,1,113,8,1
2090,undecided,42,1,female,1,4,135,15,1
2091,decided,36,1,female,0,3,107,9,1
2092,decided,51,1,male,1,5,91,20,1
2093,decided,59,1,female,1,2,59,20,1
2094,decided,45,1,female,1,3,135,18,1
2095,decided,40,0,other,0,2,19,8,0
2096,decided,42,1,female,1,5,231,15,0
2097,undecided,49,1,female,1,6,137,15,0
2098,undecided,40,1,female,0,3,43,15,0
2099,undecided,36,1,female,1,6,147,15,0
2100,undecided,41,1,female,1,5,105,15,0
2101,undecided,74,1,other,1,6,90,20,0
2102,decided,59,1,female,1,2,83,20,1
2103,undecided,52,1,female,1,3,164,15,0
2104,decided,55,1,female,1,2,300,18,0
2105,undecided,34,1,female,1,6,138,15,1
2106,undecided,54,1,other,1,3,138,18,0
2107,undecided,52,1,female,0,3,75,18,0
2108,decided,37,1,female,1,5,177.5,15,0
2109,undecided,68,1,female,1,3,26,20,0
2110,decided,48,1,male,1,3,43,18,1
2111,decided,48,1,female,1,3,161,18,1
2112,undecided,61,1,female,0,1,102,20,0
2113,undecided,48,1,female,1,4,138,16,1
2114,undecided,48,1,female,0,4,46,15,1
2115,undecided,43,1,female,1,5,115,18,0
2116,decided,47,1,female,0,1,30,18,1
2117,decided,52,1,female,0,1,428,15,0
2118,undecided,47,1,male,1,3,66,16,0
2119,undecided,58,1,female,1,6,204,16,0
2120,decided,43,1,female,1,2,56,18,1
2121,decided,52,1,male,1,3,136,20,1
2122,decided,37,0,other,1,6,124,12,0
2123,undecided,32,1,female,1,5,122,18,0
2124,undecided,46,1,female,1,3,140,15,0
2125,undecided,40,1,female,1,4,60,15,0
2126,undecided,55,1,female,1,5,110,15,1
2127,decided,32,1,female,1,3,79.5,18,1
2128,undecided,51,1,female,1,3,92,16,0
2129,decided,42,1,male,1,4,177,18,1
2130,decided,44,1,female,1,5,37,8,1
2131,decided,54,1,male,1,3,44,20,0
2132,decided,49,1,male,0,4,105,18,1
2133,decided,58,0,male,1,5,37,20,1
2134,decided,57,1,male,0,4,94,20,0
2135,undecided,47,1,male,1,5,108,15,0
2136,decided,51,1,female,1,3,140,20,1
2137,undecided,33,1,female,1,6,25,15,1
2138,decided,54,0,female,0,2,299,8,1
2139,undecided,46,1,female,1,2,39.5,15,0
2140,decided,65,1,female,1,2,6,20,1
2141,decided,46,1,female,1,3,94,18,1
2142,undecided,47,1,other,1,6,96,15,0
2143,undecided,61,1,female,1,2,88,20,0
2144,decided,61,1,male,1,4,235,20,1
2145,decided,31,1,female,0,3,40,9,1
2146,decided,44,1,female,0,3,105,8,0
2147,decided,60,1,female,0,1,51,20,1
2148,decided,58,0,other,1,5,32,8,1
2149,decided,43,0,female,1,4,178,18,1
2150,undecided,48,1,female,1,3,108,15,0
2151,undecided,47,1,female,1,5,41,15,0
2152,undecided,48,1,female,1,3,69,15,0
2153,undecided,62,1,female,1,4,66,20,0
2154,undecided,43,1,female,1,4,119,15,0
2155,undecided,42,1,female,0,1,48,16,0
2156,decided,57,1,male,1,6,131,20,1
2157,undecided,77,1,female,0,5,4,13,1
2158,undecided,32,1,female,1,3,116,15,1
2159,decided,66,1,female,1,3,545,20,1
2160,undecided,47,1,female,1,5,115,15,1
2161,decided,37,1,female,1,5,129,18,1
2162,undecided,66,1,female,1,2,87,20,0
2163,undecided,46,1,female,1,3,77,18,0
2164,decided,34,1,female,1,4,173,18,1
2165,decided,40,1,other,1,3,75,9,0
2166,undecided,39,1,female,1,3,149,15,0
2167,decided,60,1,female,0,4,28,20,1
2168,undecided,52,1,female,0,1,74,15,1
2169,decided,54,0,female,0,3,11,8,0
2170,decided,51,1,female,1,3,96.5,18,1
2171,decided,35,1,female,1,3,11.5,12,1
2172,decided,54,1,female,1,5,118,18,1
2173,undecided,55,1,female,0,1,64,20,0
2174,decided,52,1,female,0,3,33,8,1
2175,decided,61,1,female,1,2,146,20,1
2176,decided,35,1,other,1,4,125,8,1
2177,decided,60,0,female,1,7,101,10,1
2178,undecided,60,1,female,1,3,114,20,0
2179,undecided,45,1,female,1,6,154,16,1
2180,decided,45,1,female,1,4,6,8,1
2181,undecided,38,1,male,1,4,40,15,0
2182,undecided,47,0,female,1,6,115,13,0
2183,undecided,41,1,female,1,2,158,15,1
2184,decided,43,1,male,1,7,137,12,0
2185,decided,44,1,female,0,1,154,18,1
2186,decided,39,1,female,1,3,191,15,0
2187,decided,44,0,other,1,3,208,15,1
2188,undecided,36,1,female,0,4,8,15,1
2189,decided,52,1,male,1,4,70,8,0
2190,decided,59,1,other,1,2,89,20,1
2191,decided,39,1,female,1,7,38,12,0
2192,undecided,48,1,female,0,1,126.5,18,1
2193,decided,41,1,female,1,4,530,18,1
2194,decided,46,1,female,1,3,124,12,1
2195,decided,45,1,female,0,3,22,18,1
2196,undecided,49,1,female,1,3,25,20,0
2197,undecided,53,1,female,1,3,87,20,0
2198,undecided,35,1,female,1,2,48,18,0
2199,undecided,36,1,female,1,5,117,18,0
2200,decided,44,1,male,1,2,82,20,1
2201,decided,37,1,female,1,3,223,15,1
2202,undecided,40,1,male,0,1,114,15,1
2203,decided,50,1,female,1,5,362,12,0
2204,decided,45,1,female,1,4,83,12,0
2205,decided,53,1,female,0,4,83.5,18,1
2206,undecided,56,0,female,1,3,97,15,1
2207,decided,51,1,female,1,2,169,8,1
2208,undecided,49,1,female,0,2,20,13,0
2209,undecided,51,0,female,1,4,163,15,1
2210,decided,43,1,male,1,3,179,15,1
2211,undecided,64,1,female,1,4,213,20,0
2212,undecided,48,1,female,0,5,97,15,1
2213,decided,50,1,female,1,2,62.5,18,1
2214,undecided,52,1,female,1,5,116,16,1
2215,decided,31,1,female,0,3,45,18,1
2216,undecided,54,1,female,0,1,109,13,1
2217,undecided,59,1,female,1,3,96,20,0
2218,undecided,38,1,female,0,1,70,18,0
2219,decided,51,1,female,1,2,66,8,0
2220,decided,45,1,female,1,5,158,12,1
2221,undecided,50,1,female,1,4,20,20,0
2222,decided,38,1,female,1,2,536,15,1
2223,decided,48,1,female,1,5,187,15,1
2224,undecided,55,1,female,1,3,152,15,1
2225,decided,41,1,female,1,3,152,18,1
2226,decided,63,1,male,1,3,230,20,1
2227,decided,36,1,male,1,4,199,15,0
2228,decided,42,1,male,0,4,30,12,1
2229,decided,62,0,male,1,3,112,20,1
2230,decided,50,1,female,1,2,74,12,1
2231,undecided,55,1,other,1,5,134,15,0
2232,decided,33,1,male,1,7,108,12,1
2233,undecided,43,1,female,1,3,116,18,0
2234,undecided,55,1,female,1,3,20,15,0
2235,decided,61,1,other,0,1,90,20,1
2236,decided,55,1,male,1,5,133,20,1
2237,undecided,47,0,male,1,3,60,15,1
2238,decided,55,0,female,1,2,152,8,1
2239,undecided,68,1,other,1,2,80,16,1
2240,undecided,48,1,female,0,3,64,18,0
2241,decided,39,0,male,1,5,66.5,12,0
2242,decided,41,1,female,1,3,92,8,0
2243,undecided,46,1,female,1,2,88,18,0
2244,decided,41,1,female,0,2,50,12,1
2245,undecided,54,1,female,0,4,6,18,0
2246,decided,54,1,female,0,1,68.5,20,1
2247,decided,76,1,male,1,2,145,20,1
2248,undecided,42,1,female,1,4,53,15,1
2249,undecided,50,0,female,1,5,95,13,0
2250,decided,40,1,female,1,5,470,18,1
2251,decided,37,1,male,0,1,225,8,1
2252,decided,43,1,female,1,3,191,18,1
2253,decided,46,0,male,1,6,208,16,0
2254,decided,35,0,other,1,5,227,8,1
2255,decided,36,1,male,0,3,119,18,1
2256,decided,67,1,female,0,1,50,20,1
2257,decided,45,1,male,0,4,89,18,1
2258,decided,61,0,female,0,3,48,8,1
2259,decided,53,0,female,1,2,70,8,0
2260,undecided,43,1,male,1,4,170,15,1
2261,undecided,73,0,other,1,4,82,13,0
2262,decided,38,1,female,1,5,83,18,1
2263,undecided,56,1,female,1,3,123,20,0
2264,decided,45,0,other,1,5,187,18,1
2265,undecided,32,1,female,0,1,98,18,0
2266,undecided,34,0,female,0,2,102,18,0
2267,undecided,46,1,female,1,5,89,20,0
2268,decided,37,1,male,0,1,27,18,1
2269,decided,58,1,male,1,2,68,20,0
2270,undecided,47,1,female,1,3,146,15,1
2271,decided,42,1,male,0,1,114,18,0
2272,undecided,36,1,female,1,4,88,18,0
2273,decided,46,1,female,1,3,276,15,0
2274,undecided,46,1,male,1,4,127,15,0
2275,undecided,53,1,female,0,5,18,16,1
2276,undecided,37,1,female,1,3,144,15,1
2277,decided,49,0,female,1,2,99,8,1
2278,undecided,51,1,female,1,5,160,15,1
2279,decided,34,1,female,0,1,44.5,9,1
2280,decided,43,1,male,0,2,242,9,1
2281,undecided,52,1,female,0,1,99,18,0
2282,decided,39,1,female,1,6,113,12,1
2283,decided,69,1,male,0,2,49,20,0
2284,decided,55,1,female,1,4,84,20,1
2285,decided,57,1,female,1,2,130,8,0
2286,decided,56,1,female,1,4,112,18,1
2287,decided,51,1,male,1,3,59.5,18,1
2288,decided,50,0,male,1,2,120,18,1
2289,undecided,31,0,female,1,4,156,15,1
2290,undecided,62,1,female,1,2,200,20,0
2291,decided,39,1,female,1,5,86,12,1
2292,undecided,52,0,female,1,2,128,15,0
2293,undecided,66,0,female,0,5,57.5,16,0
2294,decided,57,1,male,1,4,62.5,8,0
2295,decided,42,1,female,1,7,79,12,1
2296,undecided,46,1,female,1,4,170,15,0
2297,undecided,61,1,female,1,2,77,13,0
2298,decided,56,1,male,1,3,93,20,1
2299,decided,76,1,female,0,3,175,20,1
2300,decided,37,1,female,1,3,42,12,1
2301,decided,52,0,female,1,3,94,8,1
2302,undecided,37,1,male,1,4,90,15,0
2303,decided,51,1,female,0,2,122,18,1
2304,decided,48,1,female,1,5,107,20,1
2305,undecided,44,1,female,1,4,186,15,0
2306,decided,50,1,female,1,4,473,16,0
2307,decided,56,0,female,0,2,54,8,1
2308,decided,45,1,female,1,6,89,12,1
2309,undecided,69,1,female,0,6,108,13,0
2310,undecided,59,1,female,0,1,96,18,0
2311,decided,45,1,female,0,3,72,12,0
2312,decided,49,1,female,1,5,82,12,1
2313,undecided,42,1,female,1,3,204,18,0
2314,decided,58,1,male,1,3,133,20,0
2315,decided,33,0,female,1,6,139,18,1
2316,undecided,38,1,other,1,3,115,18,0
2317,decided,41,1,female,1,4,125,12,0
2318,decided,54,0,female,1,3,46,8,1
2319,decided,34,1,male,1,4,330,15,0
2320,decided,56,1,female,1,4,92,12,0
2321,decided,36,1,male,1,6,110,18,1
2322,decided,51,1,male,1,3,246,20,1
2323,decided,39,1,female,1,5,176,18,1
2324,decided,42,1,other,1,2,169,18,1
2325,undecided,47,1,female,1,2,154,15,1
2326,undecided,45,1,other,1,3,26,15,1
2327,decided,59,1,other,1,4,42,20,1
2328,undecided,45,1,female,1,3,83.5,20,0
2329,decided,56,0,female,1,3,74,20,1
2330,decided,50,1,female,1,3,35,10,1
2331,undecided,62,1,female,1,3,158,20,0
2332,undecided,66,1,female,1,2,119,20,0
2333,decided,64,1,male,1,3,46,20,0
2334,decided,50,0,female,1,3,68,10,1
2335,decided,48,1,other,1,5,43,8,0
2336,decided,50,0,other,0,2,56,10,0
2337,decided,49,1,female,1,2,32,20,1
2338,decided,46,0,other,1,6,482,15,0
2339,undecided,42,1,male,1,3,153,13,1
2340,decided,51,1,female,0,1,52,20,1
2341,decided,53,1,female,1,6,129,8,0
2342,decided,59,0,male,1,3,54,20,1
2343,undecided,62,1,female,1,3,111,16,1
2344,decided,34,1,female,1,6,119,12,0
2345,undecided,70,1,female,0,2,106,20,0
2346,decided,38,1,male,1,6,335,15,1
2347,decided,50,1,female,0,3,25,8,0
2348,decided,38,0,female,1,2,352,15,0
2349,undecided,45,0,female,1,6,107,18,1
2350,decided,67,1,female,0,1,64,20,1
2351,decided,50,1,male,1,3,200,12,1
2352,undecided,77,1,female,1,3,16,13,1
2353,undecided,45,1,female,1,5,119,15,1
2354,undecided,49,1,female,0,1,10,20,0
2355,undecided,35,1,female,1,4,73,18,0
2356,decided,44,1,male,1,4,214,15,0
2357,undecided,52,1,female,1,5,67,15,0
2358,undecided,41,1,female,1,3,42,18,0
2359,undecided,47,0,female,1,3,99,18,0
2360,decided,54,1,female,1,3,143,12,1
2361,undecided,48,1,female,1,2,160,15,1
2362,decided,45,1,female,0,4,153,18,1
2363,decided,59,1,other,1,2,15,8,1
2364,undecided,35,1,male,1,2,138.5,15,0
2365,decided,50,1,male,1,2,96.5,20,0
2366,decided,54,1,male,1,6,37,20,0
2367,decided,49,1,other,1,7,209,15,0
2368,undecided,32,1,female,0,2,82,18,0
2369,decided,38,0,female,0,2,5,8,0
2370,decided,45,1,female,1,3,103,20,1
2371,decided,72,0,female,1,2,65,20,1
2372,decided,38,0,female,0,1,6,8,1
2373,undecided,52,1,female,1,2,100,20,0
2374,decided,54,1,male,1,2,147,20,1
2375,undecided,32,1,male,0,4,62,15,0
2376,decided,41,1,male,1,5,35,9,0
2377,undecided,76,1,male,0,3,141,16,1
2378,decided,56,1,female,1,3,177,8,1
2379,decided,57,0,female,1,4,115,20,1
2380,decided,54,1,female,1,3,89,20,1
2381,decided,50,1,female,1,2,6,9,0
2382,undecided,55,1,female,1,4,70,20,0
2383,undecided,63,1,female,0,1,65,20,0
2384,decided,49,0,other,0,1,8,8,0
2385,undecided,32,1,male,1,3,113,15,1
2386,undecided,52,1,female,1,2,39,13,0
2387,undecided,44,1,female,1,3,75,18,0
2388,decided,58,1,female,0,2,25,12,0
2389,undecided,46,1,other,1,3,56,18,0
2390,decided,43,1,other,1,3,41,8,0
2391,undecided,43,1,female,1,5,91,15,0
2392,decided,41,1,male,1,3,82,18,1
2393,undecided,41,1,female,1,4,70,15,0
2394,decided,57,1,other,1,4,87,12,0
2395,undecided,34,1,female,1,5,132,15,1
2396,decided,47,1,other,1,3,86.5,18,1
2397,undecided,37,1,female,1,3,36,18,0
2398,undecided,53,1,male,1,6,48,13,0
2399,decided,56,0,female,0,1,29,8,0
2400,decided,40,1,female,1,4,82,12,1
2401,decided,50,1,female,0,2,37,20,1
2402,decided,38,0,female,1,4,132,8,1
2403,undecided,38,1,male,1,4,65,15,1
2404,decided,44,1,female,0,1,38,8,0
2405,decided,30,1,male,1,3,189,15,0
2406,undecided,31,1,female,0,1,82,15,0
2407,undecided,51,1,female,1,6,89,15,1
2408,undecided,30,1,female,1,6,145,15,0
2409,decided,45,1,female,0,2,229,15,1
2410,undecided,33,1,female,0,1,114,15,1
2411,decided,37,1,female,1,6,197,15,0
2412,decided,45,0,female,1,3,245,8,0
2413,undecided,40,1,female,1,5,154,15,1
2414,decided,52,1,female,1,2,48,8,0
2415,undecided,42,0,female,1,6,150,13,1
2416,undecided,43,0,male,1,5,68.5,15,1
2417,decided,30,1,female,1,3,289,15,0
2418,decided,37,1,male,1,5,109,8,1
2419,undecided,37,1,female,0,1,117,15,1
2420,decided,44,0,female,0,3,116,8,0
2421,undecided,44,1,female,1,5,165,15,0
2422,undecided,47,1,female,1,5,105,15,0
2423,undecided,47,1,female,1,3,57,15,0
2424,undecided,34,1,female,1,2,161,15,1
2425,decided,46,0,female,1,2,63,8,1
2426,decided,38,1,female,1,3,200,18,1
2427,undecided,43,1,male,1,5,81,15,0
2428,decided,60,1,female,1,3,118,20,1
2429,undecided,55,1,female,1,2,109,18,0
2430,decided,44,1,female,0,2,77,12,0
2431,decided,44,1,male,0,2,119,20,1
2432,decided,47,0,male,1,2,51,20,0
2433,undecided,41,1,other,1,5,125,16,0
2434,decided,44,1,male,1,5,144,8,0
2435,undecided,45,1,male,1,3,98,15,0
2436,undecided,45,1,female,1,4,151,18,0
2437,decided,48,0,female,1,3,90,8,0
2438,decided,55,0,female,1,3,98,20,1
2439,decided,72,1,female,1,5,84,10,0
2440,decided,38,1,male,1,4,181,15,1
2441,decided,64,1,female,1,5,101,20,1
2442,decided,46,1,male,1,3,152,18,1
2443,undecided,34,1,female,1,2,83,18,0
2444,decided,53,1,other,0,1,51,20,1
2445,undecided,52,0,female,1,3,129,20,0
2446,undecided,46,1,female,0,1,100,15,1
2447,decided,52,0,female,1,6,89,10,1
2448,decided,48,1,female,0,1,42,20,1
2449,decided,36,1,male,0,6,13,8,0
2450,decided,37,1,female,1,4,95,18,1
2451,decided,56,0,male,0,1,68,20,1
2452,decided,41,1,other,1,3,66.5,18,1
2453,decided,43,1,female,1,5,91,20,1
2454,undecided,41,1,female,1,5,62,18,0
2455,decided,43,1,other,0,2,40,18,1
2456,decided,49,1,female,1,2,62,18,1
2457,decided,44,1,female,1,4,202,12,1
2458,undecided,34,1,female,1,3,65,18,0
2459,decided,46,1,male,0,3,125,9,0
2460,undecided,39,1,female,1,5,114,18,0
2461,decided,55,1,other,0,1,47.5,20,1
2462,undecided,47,1,female,0,1,95,15,1
2463,undecided,59,1,female,1,3,71,16,0
2464,undecided,58,0,female,0,2,48,16,0
2465,undecided,47,1,female,1,6,150,15,1
2466,decided,37,1,female,0,1,28,12,1
2467,decided,40,1,female,1,3,86,18,1
2468,undecided,48,1,male,1,4,80,15,1
2469,decided,35,1,male,1,4,6,8,0
2470,undecided,50,1,female,1,3,63,15,1
2471,decided,47,1,male,1,3,116,8,0
2472,decided,50,1,female,1,4,104,20,1
2473,decided,43,1,female,1,3,57,12,1
2474,decided,42,1,male,0,3,157,20,1
2475,undecided,49,1,female,0,2,83,18,0
2476,undecided,50,1,female,1,3,40,18,0
2477,decided,49,1,female,1,3,85,8,0
2478,undecided,44,1,male,1,2,67,13,0
2479,decided,49,0,male,1,5,117,18,1
2480,undecided,60,0,male,0,1,133,20,1
2481,undecided,49,0,female,1,3,47,18,0
2482,decided,54,1,male,1,5,29,12,0
2483,decided,40,1,male,1,4,94,18,0
2484,decided,47,1,female,0,2,352,8,0
2485,decided,62,1,male,1,2,65,20,1
2486,undecided,37,1,male,1,5,15,15,1
2487,decided,76,0,female,0,6,17,20,1
2488,decided,53,1,male,0,2,80,18,1
2489,decided,53,1,female,1,3,69.5,20,1
2490,decided,47,0,female,0,2,89,18,1
2491,decided,65,1,female,1,3,59.5,20,1
2492,decided,47,1,male,1,5,8,8,1
2493,undecided,51,1,female,1,2,102,20,0
2494,decided,70,1,female,1,3,122,20,1
2495,decided,32,1,female,0,2,13,18,1
2496,decided,62,1,male,1,5,46,20,0
2497,decided,54,0,female,1,4,248,16,0
2498,undecided,37,1,female,0,2,47,15,0
2499,undecided,59,1,female,1,3,96,15,1
2500,undecided,61,1,female,1,3,120.5,20,0
2501,decided,53,1,female,1,3,169,20,1
2502,decided,36,1,other,1,2,75,9,1
2503,undecided,38,1,female,1,4,49,18,0
2504,decided,39,1,female,1,3,156,18,1
2505,decided,50,1,male,1,5,287,12,1
2506,decided,57,1,male,1,6,338,20,1
2507,undecided,63,1,female,1,4,81,16,0
2508,decided,31,1,female,1,2,120,18,1
2509,undecided,66,1,female,1,3,65,13,1
2510,decided,55,0,female,1,2,38,8,0
2511,decided,45,1,male,1,2,91.5,9,0
2512,undecided,44,1,female,0,2,47,18,0
2513,decided,58,1,female,1,5,163,20,1
2514,undecided,42,1,other,0,4,115,15,0
2515,undecided,55,1,female,0,1,86,18,0
2516,decided,37,1,female,1,5,78,8,1
2517,decided,56,0,female,0,2,64.5,8,0
2518,decided,51,0,male,1,5,41,8,1
2519,decided,61,1,female,1,7,153,20,1
2520,undecided,52,1,female,1,5,94.5,15,1
2521,undecided,54,1,female,1,5,62,18,0
2522,undecided,56,1,male,1,4,49,16,1
2523,decided,48,0,female,1,4,94,9,1
2524,decided,68,1,male,1,4,27,10,1
2525,undecided,66,1,female,0,4,31,20,0
2526,decided,46,1,female,0,1,353,20,0
2527,decided,63,1,female,1,2,118,10,0
2528,decided,40,1,female,1,2,283,18,0
2529,decided,41,1,female,1,3,14.5,18,1
2530,decided,37,0,female,1,3,57,12,1
2531,decided,50,1,female,1,5,106,8,1
2532,undecided,62,1,female,1,5,96,16,0
2533,decided,45,1,male,1,3,162,20,1
2534,decided,57,1,other,0,1,94,20,1
2535,decided,51,0,male,1,2,145,10,1
2536,undecided,51,1,female,1,3,179,20,0
2537,decided,50,1,female,1,6,76,20,1
2538,decided,45,1,female,1,3,62,9,0
2539,undecided,39,1,female,1,6,134,15,1
2540,undecided,54,1,female,0,4,109,20,0
2541,decided,33,0,male,1,3,42,8,0
2542,decided,46,1,male,1,3,39,20,0
2543,decided,58,1,male,1,3,169,20,0
2544,undecided,56,1,female,1,4,72,20,0
2545,decided,54,1,male,1,2,123,20,0
2546,decided,42,0,female,1,4,29,8,1
2547,decided,36,0,female,0,2,72,18,1
2548,undecided,34,0,female,1,4,474,15,1
2549,undecided,37,1,female,0,1,59.5,18,0
2550,decided,65,1,female,1,2,19,20,1
2551,decided,44,0,female,0,3,50,8,1
2552,undecided,38,1,female,1,5,139,15,1
2553,undecided,63,1,female,1,3,69.5,20,0
2554,decided,45,1,female,0,1,23,18,1
2555,decided,50,1,male,1,2,169,18,0
2556,decided,59,0,female,1,3,30,8,1
2557,undecided,54,1,female,1,3,117,18,0
2558,undecided,67,1,female,1,4,110,13,1
2559,decided,59,1,female,1,4,55,20,1
2560,decided,52,1,female,0,1,86,20,1
2561,decided,48,1,male,1,2,212,20,0
2562,undecided,55,1,female,1,3,100,18,0
2563,undecided,59,1,other,1,3,31,20,0
2564,decided,42,1,male,1,6,145.5,8,1
2565,undecided,62,1,female,1,3,61,20,0
2566,undecided,56,1,other,1,3,61,16,0
2567,decided,57,1,male,1,2,80,20,0
2568,undecided,37,0,male,1,3,91,15,0
2569,undecided,31,1,male,1,5,78,15,0
2570,decided,35,1,male,1,3,57,18,0
2571,decided,52,1,male,0,3,94,20,1
2572,undecided,59,1,female,1,3,8,20,0
2573,decided,50,1,female,1,4,56,8,1
2574,undecided,54,1,female,0,1,6,16,1
2575,undecided,44,1,female,1,4,113,15,1
2576,undecided,36,1,male,1,5,138,15,0
2577,decided,45,1,female,1,5,123,18,1
2578,decided,67,1,male,1,3,126,20,1
2579,decided,40,1,female,1,4,177,20,1
2580,undecided,52,0,female,1,6,107,15,0
2581,decided,50,1,female,1,5,117,12,0
2582,decided,54,0,female,1,4,106,8,1
2583,undecided,41,1,female,0,1,22,18,0
2584,undecided,50,1,male,1,2,109,16,1
2585,undecided,51,1,female,1,3,51,20,0
2586,decided,46,1,female,0,2,9,8,1
2587,decided,47,1,male,0,5,152,12,0
2588,decided,68,1,male,1,3,85,20,0
2589,undecided,54,1,female,1,6,87,20,0
2590,undecided,40,1,other,1,6,158,18,0
2591,decided,64,1,other,0,1,17,20,1
2592,decided,42,1,female,1,2,137,12,1
2593,undecided,49,1,female,1,3,114,15,0
2594,decided,43,1,male,0,1,65,20,1
2595,decided,49,1,female,1,5,78,18,1
2596,decided,36,1,female,1,3,149,18,1
2597,decided,41,1,female,1,4,93,12,0
2598,decided,40,1,female,0,2,58.5,8,1
2599,undecided,45,0,female,1,4,133,15,1
2600,undecided,56,1,female,1,2,148,20,0
2601,decided,52,1,male,1,6,416,18,0
2602,undecided,52,1,male,0,3,19,18,0
2603,undecided,50,1,female,1,4,110,18,0
2604,decided,41,1,female,1,6,106,9,1
2605,decided,40,1,female,1,4,151,18,1
2606,decided,43,1,female,1,3,109,8,0
2607,decided,38,1,female,0,1,82,18,1
2608,undecided,50,1,female,1,4,127,13,0
2609,decided,51,1,female,1,5,71,20,1
2610,undecided,50,0,female,1,7,45,15,0
2611,decided,46,1,female,1,3,82,20,1
2612,decided,58,1,female,0,3,57,18,1
2613,decided,49,1,female,1,4,130,8,1
2614,undecided,43,1,female,0,1,27,18,0
2615,decided,43,1,female,1,3,36,12,1
2616,undecided,76,1,female,0,3,12,16,1
2617,decided,44,1,female,1,3,128,20,1
2618,undecided,49,1,male,1,3,5,15,0
2619,decided,43,1,female,1,2,125,18,1
2620,undecided,47,0,other,1,5,154,15,0
2621,undecided,60,1,female,0,1,118.5,20,0
2622,undecided,41,1,female,1,2,73,18,0
2623,decided,40,1,female,0,1,135,9,1
2624,undecided,60,0,female,1,3,4,20,0
2625,undecided,49,1,female,1,7,44,16,1
2626,decided,52,1,female,1,2,158,20,1
2627,decided,67,1,male,1,6,98,20,0
2628,decided,48,1,male,1,2,271,16,0
2629,undecided,41,1,female,0,3,65.5,18,0
2630,decided,37,1,male,1,2,69,8,1
2631,decided,40,1,female,0,3,49,18,1
2632,decided,41,1,male,1,4,126.5,18,0
2633,undecided,43,1,female,1,5,147,18,0
2634,undecided,56,1,male,1,6,95,13,0
2635,undecided,48,1,female,1,4,165,18,0
2636,undecided,74,1,female,1,3,88,20,0
2637,undecided,54,1,other,1,6,98,18,0
2638,undecided,45,1,female,0,1,22,20,0
2639,decided,48,1,female,1,4,154,18,1
2640,decided,54,1,female,1,2,61,20,1
2641,decided,60,1,male,1,2,88,20,1
2642,undecided,47,0,male,0,3,152,15,0
2643,decided,32,0,female,1,3,14,8,1
2644,decided,49,1,female,1,3,55,10,1
2645,decided,43,0,female,1,5,164,12,0
2646,decided,34,0,female,1,2,58,8,1
2647,undecided,57,1,female,1,4,149,20,1
2648,undecided,41,1,other,0,1,66,15,0
2649,decided,56,1,female,1,2,163,8,0
2650,undecided,72,1,other,1,2,68,20,0
2651,decided,34,1,female,1,4,108,12,1
2652,decided,57,1,female,1,3,25,8,0
2653,decided,59,1,male,1,4,84,20,1
2654,decided,40,1,female,0,4,18,12,0
2655,undecided,40,1,other,1,4,78,15,1
2656,decided,63,1,male,0,1,81,20,0
2657,decided,41,0,female,1,4,65.5,8,0
2658,decided,47,1,female,1,4,39,8,1
2659,decided,56,1,female,1,2,53,8,0
2660,decided,66,1,female,1,2,143,8,1
2661,undecided,56,1,other,1,2,100,20,0
2662,decided,81,1,other,1,4,81,20,1
2663,undecided,58,0,female,0,3,116,16,1
2664,decided,49,1,male,0,1,49,18,1
2665,decided,62,1,female,1,3,38,20,1
2666,undecided,31,1,female,0,5,90,15,0
2667,decided,43,1,male,0,2,42,18,1
2668,decided,59,0,other,1,3,17,8,1
2669,undecided,58,1,female,0,1,39,20,0
2670,undecided,30,1,female,1,3,112,18,0
2671,decided,32,1,female,1,2,23,18,1
2672,decided,59,1,male,1,3,29,18,1
2673,decided,44,1,male,1,2,92.5,18,0
2674,undecided,49,1,female,1,4,137,15,1
2675,decided,45,1,female,0,2,57,18,1
2676,decided,58,1,male,1,3,72,18,0
2677,decided,48,1,female,1,5,72,18,1
2678,decided,40,1,female,1,5,272,12,0
2679,decided,48,1,female,0,3,39.5,8,0
2680,undecided,55,1,other,1,4,128,15,1
2681,undecided,28,1,female,1,3,84.5,15,0
2682,undecided,58,1,female,1,3,122,20,0
2683,decided,61,1,female,1,3,125,20,1
2684,undecided,57,1,female,1,3,50,13,0
2685,decided,41,1,female,1,2,20,9,1
2686,decided,33,1,male,1,2,37,18,0
2687,undecided,51,1,female,0,2,48,16,0
2688,decided,56,1,female,1,2,112,18,1
2689,undecided,54,1,male,1,5,33,13,1
2690,undecided,34,1,male,1,4,100,15,1
2691,decided,52,1,female,1,2,256,15,0
2692,undecided,59,1,female,0,1,83,13,1
2693,undecided,69,1,other,1,5,103,20,0
2694,decided,48,1,female,1,4,116.5,18,1
2695,decided,37,0,female,0,3,21,8,1
2696,undecided,63,1,female,1,3,44,20,0
2697,undecided,53,1,female,1,5,71,16,0
2698,undecided,41,1,other,1,4,120,15,0
2699,undecided,62,1,other,1,4,85,20,0
2700,undecided,55,1,female,0,2,11,20,0
2701,undecided,61,1,female,1,3,92,16,0
2702,undecided,47,1,female,1,3,134,15,0
2703,undecided,52,1,female,1,3,215,20,0
2704,undecided,75,1,female,1,2,28,20,0
2705,decided,49,1,male,1,3,124,12,0
2706,decided,45,1,female,1,3,40,8,0
2707,decided,51,0,other,0,2,133,18,1
2708,decided,47,1,female,1,4,59.5,9,1
2709,undecided,54,1,female,1,5,69,20,0
2710,decided,49,1,female,1,2,54,20,1
2711,decided,62,1,male,1,3,104,20,1
2712,undecided,44,1,male,0,2,59,15,0
2713,undecided,53,1,female,1,5,75,15,0
2714,undecided,44,1,female,1,3,156,15,1
2715,decided,42,1,female,1,5,275,15,1
2716,undecided,53,1,female,1,4,36,16,1
2717,undecided,45,1,female,1,6,134,15,0
2718,undecided,48,1,female,1,4,44,20,0
2719,decided,51,1,female,1,3,80,10,1
2720,decided,55,1,other,0,2,5,10,0
2721,decided,47,1,female,1,3,220,15,1
2722,decided,49,1,female,1,4,235,15,0
2723,undecided,54,1,female,0,1,135.5,20,0
2724,decided,39,1,female,1,3,205,15,0
2725,decided,50,0,female,1,2,360,20,1
2726,decided,45,1,female,1,2,60,18,1
2727,undecided,43,1,other,1,4,148.5,15,0
2728,undecided,40,1,female,1,4,166,15,1
2729,undecided,59,1,female,0,4,26,20,0
2730,undecided,62,1,female,1,3,100,20,0
2731,decided,64,1,female,1,4,41,20,1
2732,undecided,49,0,female,0,3,54,15,1
2733,decided,60,1,female,1,3,132,20,1
2734,decided,52,1,female,1,3,86,12,1
2735,decided,56,1,female,1,5,152,20,1
2736,decided,35,0,female,0,1,82.5,8,0
2737,decided,64,1,female,0,5,28,8,0
2738,undecided,57,1,female,1,3,96.5,15,1
2739,undecided,58,1,female,1,2,142,20,0
2740,undecided,47,1,female,0,1,102,20,0
2741,undecided,45,0,male,1,3,95.5,16,1
2742,decided,47,1,other,0,1,242,15,1
2743,undecided,55,1,female,1,7,72,13,0
2744,decided,55,1,female,1,6,173,12,1
2745,undecided,49,1,female,0,1,69,20,0
2746,undecided,46,0,female,0,1,89,18,0
2747,decided,57,1,male,1,2,31,8,0
2748,undecided,59,1,female,1,3,106,20,0
2749,decided,37,1,female,0,1,102,18,1
2750,decided,58,0,female,1,5,75,20,1
2751,decided,47,1,male,1,4,123,18,0
2752,undecided,52,1,female,1,2,154,13,1
2753,decided,53,0,female,1,6,92,18,1
2754,undecided,57,1,female,1,6,21,12,0
2755,decided,53,1,male,0,2,111,18,0
2756,undecided,59,1,female,1,2,116.5,20,0
2757,decided,49,1,female,0,1,63.5,9,1
2758,decided,53,1,female,1,2,30,18,1
2759,undecided,53,1,female,1,6,82,16,0
2760,decided,50,1,female,1,2,116,20,1
2761,undecided,49,1,female,1,5,101,15,0
2762,decided,71,0,male,0,1,47,20,1
2763,decided,33,0,female,1,5,118,8,1
2764,decided,55,1,female,1,2,32,20,1
2765,undecided,60,1,female,0,2,49,16,0
2766,undecided,72,1,female,0,6,82.5,16,1
2767,decided,68,0,male,0,2,28,8,0
2768,undecided,60,1,female,1,5,95,20,0
2769,decided,56,1,male,1,4,68.5,10,1
2770,undecided,53,1,female,1,3,83,15,1
2771,decided,36,1,female,1,4,41,8,1
2772,undecided,69,1,female,0,5,21,16,1
2773,decided,62,0,female,1,4,40,8,1
2774,undecided,33,1,female,1,2,138,15,0
2775,decided,43,1,female,1,6,255,16,1
2776,undecided,47,1,female,1,4,55,15,1
2777,undecided,53,1,female,1,3,64,20,0
2778,undecided,41,1,female,0,2,32,18,0
2779,decided,54,0,male,1,2,185,18,0
2780,decided,57,1,male,1,6,114,20,1
2781,decided,63,1,male,1,2,38,20,1
2782,undecided,57,1,female,1,4,131,20,0
2783,decided,52,1,female,0,1,54,20,1
2784,undecided,36,1,female,1,5,14,15,1
2785,undecided,62,1,female,0,1,17,20,0
2786,undecided,58,1,female,1,2,41,20,0
2787,undecided,61,1,female,1,4,151,16,0
2788,decided,34,1,male,1,5,85,18,0
2789,decided,65,1,male,0,2,17,20,0
2790,undecided,63,0,male,1,3,147,16,1
2791,undecided,49,1,female,1,7,136,15,0
2792,decided,58,1,female,1,3,74,20,1
2793,decided,43,1,female,1,3,43,8,1
2794,decided,56,1,male,1,2,66,20,1
2795,undecided,62,1,female,0,2,115,20,0
2796,undecided,73,1,female,1,2,100,16,0
2797,undecided,37,1,female,1,3,95,18,0
2798,decided,48,1,female,0,1,153,8,1
2799,decided,66,1,female,1,3,26,8,0
2800,decided,56,1,male,1,6,57,18,0
2801,decided,30,0,female,1,2,163,8,0
2802,undecided,46,1,female,1,6,43,15,0
2803,undecided,30,1,female,1,6,48,15,1
2804,undecided,66,1,female,1,5,63,20,0
2805,undecided,42,1,female,1,7,15,15,1
2806,undecided,61,0,female,0,2,140,20,0
2807,decided,43,0,male,1,3,68,8,0
2808,undecided,52,1,female,1,3,55,16,0
2809,decided,39,0,female,0,1,38,8,1
2810,decided,35,1,female,0,1,65,12,1
2811,decided,66,1,male,1,4,51,20,1
2812,decided,44,1,female,1,2,108,18,1
2813,undecided,51,1,female,1,2,89,20,0
2814,undecided,46,0,male,1,6,169,13,1
2815,decided,44,1,female,0,1,175,20,1
2816,decided,41,1,other,1,3,156,9,0
2817,undecided,54,1,female,1,6,97,15,0
2818,decided,33,0,female,1,2,37,9,1
2819,undecided,56,1,female,1,2,96,20,0
2820,decided,66,1,male,0,1,46,20,0
2821,decided,61,0,female,0,1,20,10,0
2822,undecided,47,1,female,1,3,78,15,1
2823,decided,59,1,female,1,7,6,18,1
2824,decided,47,1,female,0,1,123,18,1
2825,decided,48,1,female,1,3,247,8,0
2826,decided,40,1,female,1,3,79,18,1
2827,decided,40,1,male,0,1,99,18,1
2828,decided,47,1,female,1,2,484,20,0
2829,decided,67,1,male,1,2,106,20,1
2830,undecided,38,0,female,1,3,70,18,0
2831,undecided,55,1,female,0,1,134,20,0
2832,decided,65,1,female,0,1,80,20,1
2833,decided,55,1,male,1,6,168,18,1
2834,decided,56,1,female,0,2,49,18,1
2835,decided,53,1,male,1,5,49,8,0
2836,decided,43,1,female,0,3,70,8,0
2837,decided,48,1,female,1,2,136,20,1
2838,decided,44,1,male,1,5,269,18,0
2839,decided,74,1,male,1,3,54,20,0
2840,decided,52,1,female,1,4,68,18,1
2841,decided,61,1,female,0,2,36,20,1
2842,decided,35,1,female,1,6,23,8,1
2843,undecided,51,1,female,0,1,60,18,0
2844,decided,50,1,female,0,3,86,18,1
2845,decided,48,1,female,1,7,116,12,1
2846,undecided,57,1,female,0,2,239,20,0
2847,undecided,46,1,male,1,4,110,15,0
2848,decided,56,1,male,0,2,22,20,1
2849,undecided,53,1,other,1,5,162,18,0
2850,decided,44,1,female,0,1,19,18,1
2851,decided,42,1,female,1,2,37,18,1
2852,decided,44,1,male,0,4,186,16,0
2853,undecided,31,0,female,1,3,72,18,0
2854,decided,53,1,male,1,3,80,20,0
2855,decided,45,1,female,0,2,61,20,1
2856,decided,34,0,male,0,1,24,9,1
2857,decided,59,1,female,1,3,107,20,1
2858,decided,56,1,female,1,2,152,20,1
2859,decided,56,1,male,1,6,310,8,1
2860,undecided,56,1,female,1,3,150,20,0
2861,decided,54,1,female,0,1,29,20,1
2862,decided,38,0,female,1,3,155,8,0
2863,decided,53,1,female,1,6,86,12,0
2864,decided,48,1,female,1,2,70,18,1
2865,decided,53,1,male,1,5,238,15,0
2866,decided,50,0,female,1,7,183,18,1
2867,decided,54,1,female,1,6,61.5,8,0
2868,decided,54,0,male,1,4,25,8,1
2869,decided,46,1,female,0,6,182,18,1
2870,decided,66,1,male,1,4,63,20,0
2871,decided,36,1,female,1,2,116,18,1
2872,undecided,60,1,female,1,2,88,13,1
2873,decided,40,0,male,1,2,105.5,9,0
2874,decided,42,1,female,1,2,17,20,1
2875,undecided,52,1,female,1,3,88.5,18,0
2876,decided,41,1,female,1,2,67,18,1
2877,undecided,59,0,female,1,6,45,16,0
2878,undecided,51,1,female,1,5,47,15,0
2879,undecided,48,1,male,1,4,87,16,0
2880,undecided,57,1,male,1,3,47,13,0
2881,decided,64,0,female,0,2,37,20,1
2882,undecided,36,1,female,1,3,72,18,0
2883,decided,32,1,female,0,2,104,18,1
2884,undecided,49,1,female,1,6,88,15,1
2885,undecided,40,1,female,1,2,103,15,1
2886,undecided,47,1,female,1,6,98,16,1
2887,decided,36,0,female,0,2,10,8,1
2888,decided,56,1,male,0,1,87,20,0
2889,decided,59,1,female,0,2,37,10,1
2890,decided,51,1,female,1,4,27,20,1
2891,decided,48,0,female,0,1,7,8,0
2892,decided,43,0,male,1,5,177,13,0
2893,undecided,48,1,female,1,4,56,18,0
2894,decided,60,1,female,0,3,26,10,1
2895,decided,43,1,female,1,3,111,20,1
2896,undecided,54,1,female,1,2,113,20,0
2897,decided,44,0,female,1,4,41,8,0
2898,decided,56,1,female,1,2,117,10,0
2899,undecided,35,1,other,1,2,6,18,0
2900,decided,46,1,female,1,3,105,20,1
2901,decided,47,0,female,1,2,31,18,1
2902,decided,58,1,other,1,3,41,20,1
2903,undecided,51,0,female,1,3,121,15,0
2904,decided,41,1,female,1,5,73,12,1
2905,undecided,32,1,female,0,5,79,15,1
2906,undecided,55,1,female,1,5,55.5,20,0
2907,decided,67,1,female,0,1,135,10,0
2908,decided,52,0,other,1,2,39,8,1
2909,decided,58,1,female,0,1,247,10,0
2910,undecided,51,1,female,1,5,81,18,0
2911,decided,42,0,male,1,2,224,20,1
2912,undecided,59,1,female,1,3,33,20,0
2913,undecided,57,1,female,0,1,84,20,0
2914,decided,63,1,other,1,6,20,20,1
2915,decided,42,1,male,1,4,80,20,1
2916,decided,53,1,female,1,3,53,8,0
2917,decided,53,1,male,1,2,118,18,1
2918,undecided,49,1,female,0,2,79,18,0
2919,decided,47,1,female,1,2,44,18,1
2920,decided,54,1,female,0,2,94,20,1
2921,undecided,49,1,female,1,4,65.5,18,0
2922,undecided,60,1,female,1,3,74,20,0
2923,undecided,59,1,male,1,2,39.5,16,0
2924,decided,61,0,female,0,1,6,8,1
2925,decided,47,1,male,0,1,139,18,1
2926,decided,38,1,female,1,3,88,18,1
2927,decided,57,1,female,1,4,108,20,1
2928,decided,46,1,male,1,5,247,15,1
2929,decided,51,0,male,1,2,224,18,0
2930,decided,49,1,male,1,2,40,9,1
2931,decided,53,1,other,1,2,57,8,0
2932,decided,50,0,female,1,4,140,8,1
2933,decided,42,0,female,0,2,4,8,1
2934,undecided,31,1,other,0,1,31,18,0
2935,decided,37,1,female,1,6,206,15,1
2936,decided,38,1,female,1,2,20,8,1
2937,undecided,44,1,female,0,1,43,18,0
2938,undecided,47,0,female,1,5,38,18,0
2939,decided,47,0,male,1,3,22,8,1
2940,decided,52,1,female,0,3,25,9,1
2941,decided,55,1,female,1,3,109,18,1
2942,undecided,48,1,female,1,5,67,20,0
2943,decided,43,0,female,0,1,17,9,1
2944,undecided,35,1,other,1,3,6,18,0
2945,decided,35,0,male,1,4,4,8,0
2946,decided,49,1,female,0,1,46,8,0
2947,decided,62,0,female,1,3,66,8,0
2948,decided,53,1,male,1,2,135,18,1
2949,undecided,53,1,other,1,4,75,18,0
2950,undecided,52,1,female,1,6,64,16,1
2951,undecided,46,1,female,0,1,66,18,0
2952,decided,66,1,female,1,5,100,20,1
2953,decided,67,1,male,1,4,110,20,1
2954,undecided,48,1,female,1,3,63,15,0
2955,undecided,38,1,female,0,1,76,15,0
2956,decided,56,0,female,0,3,28,8,0
2957,undecided,51,1,female,1,6,116,15,0
2958,decided,49,0,female,0,1,165,18,1
2959,undecided,42,1,male,0,3,51,15,1
2960,decided,39,1,female,1,7,61,8,1
2961,undecided,34,0,female,1,4,88,15,1
2962,decided,48,1,female,1,3,147,12,1
2963,undecided,48,1,male,1,7,73,16,1
2964,decided,53,1,female,1,2,178,16,0
2965,undecided,59,1,other,1,5,79,20,0
2966,undecided,56,1,other,0,2,40,20,0
2967,decided,34,1,female,1,2,37,8,1
2968,decided,49,0,female,1,2,72,18,1
2969,decided,46,1,female,1,2,146,12,0
2970,decided,46,1,female,1,3,218,15,0
2971,decided,57,1,female,0,1,10,20,1
2972,decided,45,1,male,1,6,69,8,1
2973,undecided,60,1,other,1,4,69,20,0
2974,decided,67,0,female,0,2,58,8,0
2975,decided,45,0,female,0,4,116,8,0
2976,undecided,44,1,female,1,3,54,20,0
2977,undecided,38,1,female,1,3,172,18,0
2978,undecided,68,1,female,1,2,110,20,0
2979,decided,37,1,female,1,2,65,18,1
2980,undecided,47,1,female,1,6,165,15,1
2981,undecided,39,1,male,1,3,93,15,0
2982,undecided,52,1,female,0,1,122,8,1
2983,undecided,46,1,female,0,1,136,20,0
2984,undecided,53,1,other,0,2,12,20,0
2985,undecided,49,1,female,1,2,49,18,0
2986,undecided,55,0,other,1,4,63,18,0
2987,decided,65,0,male,0,1,31,8,0
2988,undecided,54,0,female,1,2,105,18,0
2989,undecided,58,1,female,1,2,68,20,0
2990,undecided,30,1,female,1,7,68,15,1
2991,decided,31,1,other,1,4,50,18,1
2992,decided,38,1,other,0,1,39,18,1
2993,decided,57,1,male,1,5,132,18,1
2994,decided,51,0,male,0,3,9,20,1
2995,undecided,46,1,other,1,2,119,15,1
2996,undecided,42,1,female,1,2,21,18,0
2997,decided,48,1,female,1,2,118,18,1
2998,decided,46,1,other,1,6,53,12,0
2999,decided,51,1,female,1,6,464,18,0
3000,decided,38,1,female,1,4,115,12,0
3001,decided,37,1,female,1,6,103.5,12,1
3002,decided,53,1,female,0,2,47,20,1
3003,decided,71,1,male,0,2,47,20,1
3004,decided,62,1,other,1,3,109,20,1
3005,decided,47,1,male,1,3,82,20,0
3006,undecided,44,0,female,0,5,53,18,0
3007,decided,46,1,female,1,3,60,9,1
3008,decided,40,1,female,1,2,6,18,1
3009,undecided,55,1,female,1,4,89,16,1
3010,decided,55,1,female,1,5,201,18,1
3011,undecided,37,1,female,1,3,28,18,0
3012,decided,59,1,female,1,7,167,20,1
3013,decided,44,1,female,1,2,4,8,1
3014,undecided,41,1,female,1,3,20,18,0
3015,decided,61,1,female,1,4,75,20,1
3016,undecided,46,1,female,1,5,83,18,0
3017,undecided,33,1,female,1,2,101,18,0
3018,decided,41,1,male,0,1,6,18,1
3019,decided,78,1,female,0,1,6,20,1
3020,decided,47,1,female,1,3,160,10,1
3021,decided,50,1,female,0,3,140,9,0
3022,decided,51,1,female,1,2,56,20,1
3023,decided,52,1,female,0,2,48,8,0
3024,undecided,40,1,female,0,3,108,15,1
3025,undecided,58,1,female,1,4,149,20,0
3026,decided,56,1,female,1,2,63,8,0
3027,decided,64,1,female,0,1,119,20,1
3028,undecided,48,1,female,1,4,67,18,0
3029,decided,49,1,male,1,5,294,16,1
3030,undecided,58,1,other,1,2,26,20,0
3031,decided,38,1,female,1,4,57,9,1
3032,undecided,37,1,female,1,5,74,15,1
3033,undecided,51,1,female,1,3,74,20,0
3034,decided,31,0,female,0,1,26,8,1
3035,decided,63,1,male,0,4,36,20,0
3036,decided,43,1,male,1,4,5,18,1
3037,undecided,37,1,female,1,4,101,15,0
3038,decided,40,1,female,1,4,225,16,0
3039,decided,38,1,female,0,2,95,9,1
3040,undecided,56,1,female,1,4,154,18,0
3041,undecided,30,1,female,1,3,69,15,1
3042,decided,45,1,female,1,5,193,20,1
3043,undecided,45,1,male,1,3,46,16,0
3044,decided,36,1,female,1,2,24,8,0
3045,decided,49,1,male,1,3,198,15,1
3046,undecided,52,1,female,1,2,141,15,0
3047,undecided,45,1,female,1,5,58,16,0
3048,decided,47,0,female,0,1,52,8,0
3049,undecided,55,0,female,1,3,27,20,0
3050,decided,57,1,female,1,5,109,20,1
3051,undecided,48,1,female,1,2,111,18,0
3052,decided,42,1,female,0,2,68,8,0
3053,decided,47,1,male,1,3,22,8,1
3054,undecided,77,1,other,1,3,132,16,1
3055,undecided,36,1,female,0,4,29,18,0
3056,decided,53,1,male,0,1,21,20,0
3057,undecided,56,1,female,1,5,130,20,0
3058,decided,60,0,female,0,2,150,8,0
3059,undecided,38,1,female,1,6,162,18,0
3060,undecided,38,1,male,1,4,152,15,1
3061,decided,62,1,female,0,5,21,20,1
3062,decided,32,1,male,0,1,58,12,1
3063,decided,44,0,male,1,3,71,20,1
3064,decided,39,0,female,1,2,80,8,1
3065,decided,59,1,female,1,3,115,20,1
3066,decided,39,1,female,1,7,159,12,1
3067,decided,69,1,female,0,2,72,8,1
3068,decided,54,1,male,1,4,78,18,1
3069,undecided,63,1,female,0,6,100,20,0
3070,undecided,48,1,male,1,3,151,16,1
3071,undecided,61,1,female,1,2,159,20,0
3072,undecided,55,1,female,1,3,94,20,0
3073,undecided,23,1,female,1,6,7,14,0
3074,decided,47,1,female,0,1,67,20,1
3075,undecided,40,1,female,1,3,82,18,0
3076,decided,36,1,other,1,4,67,18,1
3077,undecided,35,1,female,1,6,10,15,1
3078,undecided,40,1,female,0,5,17,15,0
3079,undecided,33,1,female,1,4,106,15,0
3080,decided,45,1,female,0,1,91.5,18,1
3081,decided,25,0,female,1,3,45,8,1
3082,decided,62,0,female,1,5,151,20,1
3083,decided,54,1,male,1,3,54,18,1
3084,decided,74,0,female,1,2,52,8,1
3085,undecided,40,0,female,1,3,117,18,0
3086,decided,69,1,female,1,4,102,20,1
3087,decided,50,1,female,1,5,108,12,0
3088,undecided,53,1,female,0,1,100.5,20,1
3089,undecided,41,1,other,1,6,148,15,0
3090,undecided,60,1,female,1,3,127,20,0
3091,undecided,53,1,female,1,4,76,16,1
3092,decided,64,1,male,1,3,218,20,0
3093,decided,43,1,female,0,2,159,20,1
3094,decided,38,1,female,1,4,137,18,1
3095,decided,60,1,male,1,2,76,20,0
3096,decided,59,1,female,1,3,99,20,1
3097,decided,43,1,female,0,3,12,18,1
3098,undecided,49,1,female,1,2,115,18,0
3099,decided,27,1,other,1,3,220,8,0
3100,undecided,52,1,male,1,5,62,16,0
3101,undecided,40,1,female,1,3,85,15,0
3102,decided,65,0,male,1,3,49,20,0
3103,decided,39,1,female,1,7,183,15,0
3104,decided,60,1,male,1,4,136,20,1
3105,decided,73,1,female,1,3,270,8,0
3106,decided,36,1,female,1,4,78.5,18,1
3107,undecided,62,1,female,1,6,75,16,1
3108,decided,47,1,female,0,1,492,20,1
3109,undecided,56,1,female,1,2,19,20,0
3110,undecided,75,1,female,0,2,4,20,0
3111,decided,41,0,female,1,7,14,8,0
3112,decided,62,0,female,1,6,18,8,0
3113,undecided,42,1,female,1,3,5,15,0
3114,decided,48,1,male,1,5,48,18,1
3115,decided,34,0,female,1,2,294,9,0
3116,decided,59,1,male,1,2,41,20,0
3117,undecided,67,0,female,0,2,50,20,0
3118,decided,62,1,male,0,1,41,20,0
3119,decided,32,1,female,1,3,66.5,8,1
3120,decided,48,1,male,0,3,101,18,0
3121,decided,40,1,other,0,1,12,9,1
3122,undecided,59,1,female,1,7,75,16,1
3123,undecided,61,1,female,1,3,6,20,0
3124,decided,63,1,female,1,3,27,20,1
3125,decided,60,1,female,0,1,72,8,0
3126,decided,20,1,female,1,2,44,17,1
3127,decided,50,1,male,1,3,35,20,0
3128,decided,66,0,female,0,1,124,10,1
3129,decided,64,1,female,0,1,12,20,1
3130,undecided,47,1,female,1,7,65,13,1
3131,decided,49,1,female,1,2,7,12,1
3132,decided,46,1,male,1,7,95,20,0
3133,decided,47,0,male,1,6,5,8,0
3134,undecided,34,0,female,1,4,83,15,0
3135,undecided,56,0,female,1,4,74,13,0
3136,decided,43,1,female,1,7,90,8,0
3137,undecided,56,1,female,1,2,66,18,0
3138,decided,53,1,female,1,2,10,20,1
3139,decided,69,1,male,1,3,110,20,0
3140,decided,48,0,female,1,3,22,8,0
3141,decided,32,1,female,1,6,222,15,1
3142,undecided,62,1,male,0,6,142,16,0
3143,decided,28,0,female,1,5,64,8,1
3144,undecided,58,1,female,1,2,4,18,0
3145,decided,53,1,female,0,2,6,8,1
3146,decided,60,1,female,0,1,8,8,0
3147,undecided,42,1,female,1,3,35,18,0
3148,decided,62,0,male,1,4,12,20,0
3149,undecided,53,1,female,0,1,49,20,0
3150,decided,32,1,female,1,3,141,18,1
3151,decided,48,1,female,0,3,28,9,1
3152,undecided,53,1,female,0,3,19.5,16,1
3153,undecided,55,1,male,1,5,26,16,0
3154,decided,67,0,female,1,3,20,8,0
3155,decided,55,1,female,1,3,132,12,1
3156,undecided,23,1,male,1,3,155,15,1
3157,decided,54,1,female,1,3,24,8,0
3158,decided,41,1,female,1,4,212,15,0
3159,undecided,60,1,female,1,5,155,16,1
3160,decided,59,1,female,1,2,82,10,0
3161,decided,48,1,female,1,5,104,20,1
3162,undecided,39,1,female,1,3,163,18,0
3163,undecided,22,1,female,1,3,117,15,0
3164,undecided,48,0,female,1,4,49,20,0
3165,undecided,60,1,male,1,2,66,16,0
3166,undecided,48,1,female,1,4,63,15,0
3167,undecided,49,1,female,1,3,110,15,0
3168,decided,54,1,female,1,3,48,20,1
3169,decided,39,1,other,1,4,114,12,0
3170,undecided,49,1,female,1,5,85,13,0
3171,decided,33,1,female,0,1,38.5,8,0
3172,decided,49,1,female,1,6,17.5,9,0
3173,undecided,45,1,other,0,1,41,18,0
3174,decided,40,0,female,1,3,183,15,0
3175,undecided,55,1,female,1,5,75,16,1
3176,decided,68,1,female,1,2,45,20,1
3177,undecided,59,1,female,0,1,108,20,0
3178,decided,40,0,other,0,2,4,8,0
3179,decided,62,1,female,1,3,143,10,1
3180,undecided,36,1,female,1,5,86,15,0
3181,undecided,65,1,female,1,3,159,16,1
3182,undecided,34,1,female,0,1,190,18,0
3183,undecided,59,1,female,1,5,114,15,0
3184,decided,55,1,female,1,4,144,12,1
3185,undecided,41,0,female,0,1,7,18,0
3186,decided,41,1,male,1,4,58,18,0
3187,undecided,57,1,female,1,5,55,18,0
3188,decided,57,1,male,1,3,64,20,1
3189,undecided,55,1,female,1,3,67,20,0
3190,decided,55,1,female,0,2,36,20,1
3191,undecided,43,1,female,1,4,30,16,1
3192,decided,57,1,male,1,4,61,20,1
3193,decided,39,1,male,1,3,140,18,0
3194,decided,32,0,female,1,2,51,18,1
3195,undecided,49,1,female,0,7,134,13,1
3196,decided,36,0,other,1,2,46.5,12,1
3197,undecided,50,1,female,0,1,80,20,0
3198,decided,58,1,female,1,3,57,8,0
3199,undecided,69,1,female,1,5,69,20,0
3200,decided,49,1,other,1,2,31,20,1
3201,decided,34,1,female,1,2,65.5,9,1
3202,decided,65,0,female,0,2,10,8,1
3203,decided,49,1,other,1,6,112,20,1
3204,undecided,66,0,female,1,4,162,16,0
3205,decided,45,0,female,1,4,41,9,1
3206,decided,52,1,male,1,2,33,18,0
3207,decided,24,1,female,1,4,55.5,17,0
3208,undecided,57,0,female,1,3,53,13,0
3209,undecided,33,1,male,0,1,74,15,0
3210,decided,51,1,other,1,5,71,20,1
3211,undecided,22,1,female,1,4,75,14,0
3212,undecided,60,1,male,1,3,85,16,0
3213,decided,66,0,male,1,4,31,20,0
3214,decided,55,0,female,1,3,25,8,0
3215,undecided,42,0,female,0,2,28,15,1
3216,decided,52,1,female,1,3,25,20,1
3217,decided,60,0,female,0,1,30,8,1
3218,decided,46,1,female,0,1,122,18,1
3219,decided,49,1,female,0,1,162,18,1
3220,undecided,46,1,female,1,3,66,15,1
3221,decided,63,1,female,1,5,85,20,1
3222,undecided,23,1,female,0,1,12.5,14,0
3223,decided,56,1,male,1,3,177,18,0
3224,decided,30,0,female,1,6,142,8,0
3225,decided,36,0,female,1,2,32,9,0
3226,undecided,50,1,female,1,7,134,15,0
3227,decided,72,1,female,0,1,17,10,0
3228,undecided,56,1,female,1,5,7,20,0
3229,decided,26,1,female,0,2,55,17,1
3230,decided,30,1,female,1,6,246,12,1
3231,decided,44,1,female,1,5,137,18,1
3232,decided,64,1,female,1,4,120,20,1
3233,undecided,57,1,female,1,3,67,18,0
3234,decided,41,1,female,1,6,212,15,1
3235,undecided,64,1,female,0,1,22,20,1
3236,decided,46,1,female,1,7,82,12,1
3237,decided,64,0,female,0,2,18,8,0
3238,decided,52,1,female,0,1,133,18,1
3239,decided,40,0,female,1,6,82,12,1
3240,decided,28,0,female,1,4,180,12,0
3241,undecided,44,1,female,1,5,6,15,0
3242,decided,45,1,female,0,5,96.5,20,1
3243,undecided,47,1,female,0,6,60,13,1
3244,decided,49,1,female,1,5,56,8,1
3245,decided,25,1,male,1,5,47,12,0
3246,decided,51,0,female,0,2,54,8,1
3247,decided,59,1,female,1,3,60,20,1
3248,decided,54,1,other,0,2,102,9,0
3249,undecided,73,1,female,0,2,39.5,20,0
3250,decided,45,1,female,0,4,55,20,1
3251,decided,76,1,other,1,3,45,20,1
3252,decided,47,1,female,1,2,165,18,1
3253,undecided,49,1,female,1,7,125,15,1
3254,undecided,43,0,female,1,6,90,18,0
3255,decided,57,0,female,0,1,6,8,1
3256,undecided,74,1,female,1,4,50,20,0
3257,decided,36,1,female,1,3,9,8,0
3258,undecided,34,1,other,1,4,42,15,0
3259,decided,60,0,female,1,2,59,20,1
3260,undecided,59,0,female,0,3,134,20,0
3261,decided,51,1,female,0,1,56,20,1
3262,undecided,45,0,male,1,6,59,15,0
3263,decided,46,0,female,1,5,54,8,0
3264,undecided,58,1,female,0,2,84,20,0
3265,decided,63,0,female,0,2,14,8,1
3266,decided,44,1,female,0,1,18,20,1
3267,decided,61,1,female,0,1,46,20,1
3268,undecided,55,1,male,1,4,101,13,0
3269,decided,56,0,male,1,3,109,18,1
3270,decided,47,1,other,1,6,178.5,15,1
3271,decided,32,1,female,0,4,38,18,1
3272,decided,39,1,female,1,2,178,15,1
3273,decided,73,1,female,1,3,54,20,1
3274,undecided,61,1,female,1,6,78,13,1
3275,undecided,53,1,female,1,4,149,20,0
3276,decided,46,1,other,1,4,53,18,1
3277,undecided,61,1,male,1,3,163,13,0
3278,decided,57,1,female,0,1,82,20,1
3279,decided,38,0,female,0,1,5,8,1
3280,decided,52,0,female,1,5,32,8,1
3281,undecided,42,1,female,1,5,102,20,0
3282,decided,54,1,female,0,1,8,18,1
3283,undecided,50,1,female,1,3,55,20,0
3284,undecided,46,1,male,0,5,41,15,1
3285,decided,45,1,male,1,4,299,15,0
3286,decided,61,1,female,0,3,55,8,0
3287,undecided,67,1,male,1,5,58,13,1
3288,decided,49,0,female,1,6,76,8,1
3289,undecided,24,1,female,1,3,164,15,0
3290,decided,48,1,male,1,6,160,18,1
3291,undecided,48,0,other,1,3,149,15,1
3292,decided,40,1,female,1,6,91,12,0
3293,undecided,49,0,male,0,5,24,20,1
3294,decided,72,1,female,0,5,13,20,1
3295,decided,49,1,female,0,3,139.5,9,1
3296,undecided,43,1,female,1,4,95,18,0
3297,decided,40,1,female,1,5,159,8,1
3298,undecided,70,1,female,1,3,40,20,0
3299,decided,47,0,female,1,4,62.5,8,0
3300,undecided,34,1,male,1,5,54,15,1
3301,decided,48,1,other,1,4,186,12,1
3302,decided,58,1,female,1,3,135,10,0
3303,undecided,30,1,female,1,5,43,15,0
3304,undecided,34,1,female,1,5,86,18,0
3305,undecided,30,1,male,1,5,36,18,1
3306,undecided,41,1,male,1,5,84,15,1
3307,decided,48,1,other,1,6,90.5,9,1
3308,decided,58,1,female,1,2,39,18,1
3309,undecided,46,1,other,1,2,157,15,0
3310,undecided,56,1,female,1,3,123,16,1
3311,decided,55,0,female,1,3,28,8,1
3312,undecided,48,1,female,1,3,49,18,0
3313,decided,50,1,male,0,4,107,20,1
3314,decided,39,1,female,1,2,178.5,18,1
3315,undecided,44,1,female,1,6,143,15,1
3316,decided,36,1,female,1,3,21,9,1
3317,decided,71,1,male,1,5,95,20,0
3318,decided,43,1,female,1,2,70,18,1
3319,decided,40,1,male,1,3,150,12,1
3320,decided,46,1,female,1,5,117,12,1
3321,undecided,53,1,female,0,2,84,20,0
3322,undecided,49,0,female,1,3,161,20,0
3323,undecided,27,1,male,1,3,51,14,1
3324,undecided,66,1,female,0,3,9,20,0
3325,decided,56,1,female,0,4,29,20,1
3326,decided,50,1,female,0,1,46,20,1
3327,decided,40,1,female,1,7,118,18,1
3328,undecided,61,1,female,0,2,81,20,0
3329,undecided,44,1,other,1,3,103,13,1
3330,decided,47,1,female,1,6,70,12,0
3331,undecided,32,1,female,1,5,128,15,1
3332,decided,39,0,female,1,6,100,8,0
3333,undecided,40,1,female,1,7,107,18,0
3334,undecided,43,1,male,1,3,91,13,1
3335,undecided,63,1,female,1,7,99,16,1
3336,undecided,64,1,other,1,2,102,20,0
3337,undecided,51,1,female,1,3,20,16,1
3338,decided,66,1,male,1,2,118,20,0
3339,decided,32,1,male,0,2,21,8,0
3340,undecided,68,1,female,0,2,28,20,0
3341,decided,38,1,male,0,2,65,8,1
3342,decided,46,1,female,1,5,263,15,0
3343,undecided,47,1,female,1,4,115,15,1
3344,undecided,65,0,other,1,3,17,20,0
3345,decided,51,1,female,1,5,136,8,0
3346,decided,43,1,male,0,4,87,18,0
3347,undecided,54,1,other,0,5,38,20,0
3348,decided,53,1,male,1,4,103,20,1
3349,decided,39,1,other,1,3,186,12,0
3350,undecided,38,1,female,1,6,84,15,0
3351,undecided,60,1,female,1,2,6,20,0
3352,undecided,49,1,female,1,4,161,18,0
3353,undecided,42,1,male,1,4,84,15,1
3354,undecided,33,1,female,1,2,71,18,0
3355,decided,51,0,female,0,1,14,8,1
3356,decided,44,0,male,0,3,98,18,0
3357,undecided,50,1,female,1,2,105,18,0
3358,decided,53,0,female,0,1,18,8,0
3359,decided,68,0,female,1,3,469,20,0
3360,decided,55,0,female,0,1,36,10,1
3361,decided,34,1,female,1,4,100,12,0
3362,undecided,36,1,female,1,2,154,15,1
3363,undecided,73,1,female,1,3,87,13,0
3364,undecided,38,1,female,1,3,92,15,0
3365,undecided,51,1,female,1,2,12,20,0
3366,decided,49,1,female,1,5,104,18,1
3367,decided,43,1,other,1,4,215,12,0
3368,decided,55,1,female,1,3,36,20,1
3369,undecided,32,1,female,1,5,138,15,0
3370,undecided,51,1,female,1,3,91,20,0
3371,decided,41,1,female,1,4,87,20,1
3372,undecided,41,1,female,1,4,87,8,0
3373,decided,61,0,female,0,2,8,8,0
3374,decided,49,1,female,1,3,114,18,1
3375,undecided,26,1,female,1,2,122,14,1
3376,undecided,52,1,other,1,4,144,8,0
3377,decided,65,0,female,0,3,57.5,20,1
3378,undecided,40,1,female,1,4,40,15,0
3379,undecided,38,1,male,1,2,119,15,0
3380,undecided,60,1,female,0,1,59.5,20,0
3381,decided,65,1,male,0,3,10,8,0
3382,undecided,62,1,female,1,2,128,20,0
3383,undecided,56,1,female,1,3,127,16,1
3384,undecided,41,1,female,1,7,115,15,0
3385,decided,46,0,female,1,2,159,8,0
3386,undecided,33,1,female,0,2,28,15,1
3387,undecided,51,1,other,0,1,37,20,0
3388,undecided,46,1,male,1,6,157,15,1
3389,undecided,67,1,male,1,6,89,16,0
3390,undecided,56,1,female,1,2,86,13,1
3391,decided,47,1,female,1,5,70,12,0
3392,decided,37,1,female,1,3,64,18,1
3393,undecided,36,1,female,1,3,102,15,0
3394,decided,47,1,female,1,2,27,18,1
3395,decided,34,1,female,0,4,109,12,0
3396,decided,31,1,female,1,2,67.5,12,0
3397,decided,45,1,female,1,3,211,18,1
3398,decided,35,1,female,1,3,83,12,0
3399,decided,32,0,male,1,5,78,8,1
3400,undecided,42,1,female,1,3,106,16,0
3401,undecided,45,1,female,1,5,153,15,0
3402,undecided,64,1,female,0,2,39,20,0
3403,undecided,53,1,female,1,4,20,18,0
3404,decided,58,0,male,1,5,17,20,0
3405,undecided,46,1,female,1,4,154,15,1
3406,decided,34,1,female,1,5,115,12,1
3407,decided,43,1,female,0,2,11,9,1
3408,decided,48,1,male,0,5,168,18,1
3409,decided,61,1,male,0,1,95,20,0
3410,undecided,62,1,female,0,2,44,20,0
3411,decided,50,0,female,1,2,139,8,0
3412,undecided,60,1,female,0,1,18,20,0
3413,decided,57,1,female,1,6,184,15,0
3414,decided,53,1,female,1,3,19,18,1
3415,decided,53,1,male,1,2,51,20,1
3416,undecided,30,1,female,1,4,33,15,0
3417,undecided,42,1,female,1,5,97,15,0
3418,decided,40,1,male,1,2,65.5,18,0
3419,undecided,47,1,female,0,1,35,13,0
3420,decided,47,1,female,1,4,54,9,1
3421,undecided,47,1,female,1,2,70,20,0
3422,decided,36,1,female,0,6,32,8,0
3423,decided,59,1,other,0,1,86,20,1
3424,undecided,67,1,female,1,3,115,20,0
3425,undecided,40,1,female,0,1,34,18,0
3426,decided,40,1,male,1,7,138,12,0
3427,undecided,29,1,male,1,3,118,15,0
3428,decided,37,1,female,1,4,34,8,0
3429,decided,28,1,female,1,3,321,12,1
3430,decided,47,1,other,1,5,6,12,1
3431,undecided,45,1,female,0,1,58,20,0
3432,undecided,66,1,female,0,5,97,20,0
3433,decided,61,1,male,1,3,90,8,1
3434,decided,35,1,female,1,7,35,12,0
3435,undecided,45,1,female,1,6,125,15,1
3436,undecided,39,1,female,1,5,127,15,1
3437,undecided,44,1,female,1,7,60.5,15,1
3438,undecided,65,1,other,1,2,14,20,0
3439,decided,51,1,male,1,6,198,15,1
3440,undecided,54,1,female,1,2,140,18,0
3441,undecided,51,1,female,1,5,72,15,1
3442,undecided,60,1,female,1,3,101,20,0
3443,undecided,49,1,female,0,1,65,15,1
3444,undecided,57,1,female,1,4,80,20,0
3445,undecided,61,1,male,1,4,42,13,0
3446,undecided,45,1,other,1,5,158,15,0
3447,undecided,63,1,female,1,5,155,16,0
3448,undecided,54,0,female,1,2,8,18,0
3449,undecided,36,1,female,1,4,125,15,0
3450,undecided,62,1,other,1,4,71,20,0
3451,undecided,45,1,female,1,3,56,18,0
3452,decided,29,1,other,1,6,158,8,0
3453,undecided,41,1,female,0,1,93.5,18,0
3454,decided,70,1,female,1,5,292,20,1
3455,undecided,49,0,male,1,3,144,13,1
3456,undecided,39,1,female,0,7,95,15,1
3457,decided,41,0,female,1,4,85,8,0
3458,decided,33,0,female,1,3,119,8,1
3459,decided,28,0,female,0,4,15,8,1
3460,decided,35,1,female,1,4,41,18,1
3461,undecided,49,1,female,0,4,49,15,1
3462,decided,29,1,female,1,3,49,18,1
3463,undecided,44,1,other,1,3,75,18,0
3464,undecided,34,1,female,1,4,55,15,1
3465,decided,39,1,female,0,1,17,8,1
3466,decided,42,0,female,1,4,33,8,1
3467,undecided,44,1,female,0,5,123,15,1
3468,decided,62,0,female,0,2,20,8,0
3469,undecided,55,1,female,0,1,15,8,0
3470,decided,55,1,other,1,2,66,20,1
3471,decided,41,1,female,0,1,44.5,18,1
3472,undecided,58,1,female,1,6,74,16,0
3473,undecided,54,1,male,0,5,15,16,1
3474,decided,50,1,female,1,5,313,15,1
3475,undecided,53,1,female,1,4,126,16,0
3476,undecided,47,0,female,1,7,177,20,0
3477,undecided,26,1,male,1,3,133,15,0
3478,undecided,56,1,female,0,1,141,16,1
3479,undecided,38,1,female,1,3,142,18,0
3480,decided,55,1,male,1,4,78,8,1
3481,decided,66,1,male,0,3,13.5,20,0
3482,decided,36,1,female,0,3,25,18,1
3483,decided,52,1,female,1,5,19,8,0
3484,decided,51,1,female,1,4,55,12,0
3485,decided,49,1,female,1,2,61,8,1
3486,undecided,52,1,other,0,1,115,16,1
3487,decided,26,1,female,0,1,265,12,1
3488,decided,35,0,female,1,7,87,8,0
3489,decided,35,0,female,1,3,93,18,1
3490,decided,36,0,female,0,3,21,8,1
3491,undecided,36,1,male,1,6,65,15,0
3492,decided,20,1,other,1,5,114,12,0
3493,decided,58,1,male,1,2,19,20,1
3494,decided,59,1,female,0,2,90,8,0
3495,undecided,45,1,female,0,1,33,20,0
3496,undecided,34,1,other,1,2,98,15,1
3497,decided,39,1,male,1,3,70,12,0
3498,undecided,46,1,male,1,7,101,13,1
3499,decided,44,1,female,1,3,110,20,1
3500,undecided,26,1,female,1,3,76,18,0
3501,decided,49,1,male,1,4,59,20,0
3502,decided,36,1,male,0,2,36,18,0
3503,decided,43,1,female,1,4,197,18,1
3504,decided,48,1,male,1,4,107,18,0
3505,undecided,71,1,female,0,1,9,20,0
3506,decided,43,1,male,1,3,44.5,12,0
3507,undecided,55,1,female,1,2,7,20,0
3508,undecided,35,1,female,1,4,106,18,0
3509,undecided,47,1,female,1,3,104,13,0
3510,undecided,27,1,female,1,6,93,15,0
3511,undecided,29,1,male,1,2,67,15,1
3512,decided,42,1,female,0,2,33,12,0
3513,undecided,42,1,female,1,5,91,12,1
3514,decided,69,1,female,0,2,6,8,1
3515,decided,57,1,other,1,2,34,20,1
3516,decided,45,1,female,1,3,14,18,1
3517,decided,48,1,female,1,2,98,18,1
3518,undecided,41,1,female,1,4,92,18,0
3519,decided,51,1,male,1,4,71,18,0
3520,undecided,23,1,female,1,3,68,15,1
3521,decided,54,1,male,0,2,105,20,0
3522,decided,23,0,female,1,4,154,12,0
3523,undecided,51,1,female,0,3,114,15,1
3524,undecided,53,0,female,1,2,66,16,1
3525,undecided,56,1,female,1,2,77,13,0
3526,undecided,60,1,female,0,1,61,16,1
3527,decided,29,1,female,1,4,7,12,1
3528,decided,52,1,other,1,3,40,10,1
3529,undecided,50,1,female,1,3,87,20,0
3530,decided,37,1,female,0,2,6,18,1
3531,decided,66,1,female,0,2,50,8,1
3532,decided,44,1,other,1,2,61,20,1
3533,decided,46,1,female,1,3,41,10,1
3534,undecided,56,1,female,1,4,33,13,0
3535,undecided,62,1,female,1,2,37,20,0
3536,decided,38,1,female,1,7,67.5,8,0
3537,decided,29,1,female,1,2,30,12,1
3538,decided,73,1,male,1,4,70,8,1
3539,decided,33,1,other,1,4,246,15,1
3540,decided,29,1,female,1,6,38,8,1
3541,decided,20,0,female,1,2,55.5,8,0
3542,undecided,43,1,female,1,3,86.5,18,0
3543,undecided,29,1,female,1,2,14,15,0
3544,decided,20,1,female,1,7,115,12,1
3545,undecided,58,0,other,1,3,28,8,0
3546,decided,34,1,female,1,2,98,12,1
3547,decided,41,1,male,0,1,103,18,0
3548,decided,38,1,female,1,4,34,18,1
3549,decided,44,1,female,1,5,131,18,1
3550,decided,61,1,female,1,4,97,8,1
3551,undecided,64,0,other,0,1,5,20,0
3552,undecided,22,1,female,1,5,161,14,1
3553,undecided,50,1,female,1,2,56.5,18,0
3554,decided,60,0,other,0,1,21,8,0
3555,decided,53,1,female,1,2,14.5,20,1
3556,undecided,22,1,female,0,4,49,14,1
3557,decided,46,0,other,0,2,32,9,0
3558,decided,42,1,female,1,2,195,15,0
3559,undecided,50,1,female,0,1,75,18,0
3560,decided,52,1,female,0,5,66,20,1
3561,decided,55,1,other,0,1,9,8,1
3562,undecided,32,1,female,1,5,87,15,0
3563,decided,34,1,female,1,3,54,12,1
3564,decided,32,1,female,0,2,10,8,1
3565,undecided,56,1,female,0,2,60.5,16,1
3566,undecided,41,1,female,1,3,108,15,1
3567,undecided,64,1,female,1,3,131,13,1
3568,decided,50,0,other,0,1,41,8,0
3569,decided,63,1,female,1,5,306,20,1
3570,decided,21,0,female,1,5,69,8,0
3571,decided,31,1,female,0,2,8,18,1
3572,undecided,46,1,male,1,3,154,15,1
3573,undecided,33,1,male,0,3,87,15,1
3574,decided,42,1,male,0,4,137,9,1
3575,undecided,54,1,female,0,2,55,15,0
3576,decided,53,1,female,1,5,50,8,1
3577,undecided,69,1,other,1,4,77,20,0
3578,decided,46,1,female,1,6,138,12,0
3579,decided,39,1,male,1,6,186,15,0
3580,undecided,42,1,male,0,1,75,15,0
3581,undecided,49,1,female,1,6,113,13,0
3582,undecided,41,1,female,1,5,112,15,0
3583,decided,28,1,female,0,2,39,8,1
3584,undecided,51,1,male,1,4,140,16,1
3585,decided,41,1,male,1,6,387,15,0
3586,decided,31,0,female,1,6,91,8,0
3587,undecided,53,1,female,0,1,19,20,0
3588,undecided,39,1,female,0,1,102,18,0
3589,undecided,41,1,female,1,4,75,18,0
3590,decided,48,1,female,1,6,140,8,0
3591,undecided,59,1,female,1,3,21,8,0
3592,decided,40,1,male,0,1,111,18,1
3593,decided,54,1,female,1,5,83,9,1
3594,undecided,75,1,female,1,3,31,20,0
3595,decided,26,1,female,0,1,20,8,1
3596,decided,66,1,female,1,5,114,20,1
3597,decided,72,1,male,1,4,126,20,0
3598,decided,63,1,female,1,5,49,8,1
3599,decided,34,0,female,1,3,28,8,1
3600,decided,57,0,other,1,5,524,18,1
3601,decided,42,1,other,1,3,72,10,0
3602,decided,44,0,male,0,2,62,18,0
3603,decided,60,1,female,1,4,58,20,1
3604,decided,37,1,female,1,6,167,12,0
3605,undecided,35,1,other,1,5,83,15,1
3606,decided,55,1,female,1,2,27,20,1
3607,undecided,51,1,female,1,3,127,15,1
3608,decided,26,1,male,0,3,117,8,0
3609,decided,53,1,female,0,1,153,20,1
3610,undecided,66,1,female,1,2,31,20,0
3611,undecided,64,1,female,1,5,128,20,0
3612,decided,39,1,female,1,4,47,12,1
3613,decided,21,0,female,1,7,46.5,8,1
3614,undecided,40,1,female,1,3,78,20,0
3615,undecided,42,0,female,1,4,60,15,1
3616,decided,72,1,female,0,2,80,20,1
3617,undecided,53,1,female,1,2,45,18,0
3618,undecided,47,1,female,1,4,24,15,1
3619,decided,40,1,female,1,5,158,12,0
3620,decided,51,1,female,1,4,175,8,0
3621,undecided,58,1,female,1,4,26,20,0
3622,decided,38,0,other,0,1,55,8,1
3623,decided,50,1,female,1,3,46,10,1
3624,undecided,33,0,female,1,3,147,15,0
3625,undecided,55,1,female,1,2,43,20,0
3626,decided,55,1,male,0,2,75,8,1
3627,undecided,68,1,other,0,3,7,20,0
3628,decided,60,1,male,1,5,193,20,1
3629,decided,60,1,male,1,3,56,8,1
3630,undecided,33,1,female,1,2,85,15,0
3631,decided,52,0,male,0,1,20,8,0
3632,undecided,42,1,female,1,4,454,15,0
3633,undecided,27,1,female,1,3,104,15,1
3634,undecided,47,1,female,1,4,91,20,0
3635,decided,37,1,female,0,2,119.5,12,0
3636,decided,42,0,female,1,7,169,12,0
3637,undecided,26,1,female,1,5,121,15,1
3638,decided,53,1,female,1,3,208,18,1
3639,decided,55,1,female,0,1,101,20,1
3640,decided,48,1,female,1,4,127,12,0
3641,decided,58,0,female,0,1,40,8,1
3642,decided,28,1,female,1,4,93,12,0
3643,decided,36,0,female,0,4,47,8,1
3644,decided,48,1,female,0,1,36,10,1
3645,decided,39,1,male,1,5,142.5,8,0
3646,decided,50,0,female,1,2,87,20,1
3647,decided,59,1,female,1,5,7,20,1
3648,decided,61,1,female,0,1,21,8,0
3649,decided,28,1,female,0,1,144,12,1
3650,undecided,37,1,female,1,2,128,15,1
3651,undecided,78,1,female,0,2,17,20,0
3652,decided,42,0,female,1,6,188,15,1
3653,decided,32,1,female,1,4,110,12,1
3654,decided,55,0,male,0,1,62,8,0
3655,decided,53,1,female,0,2,83,20,1
3656,decided,44,0,female,0,3,18,8,1
3657,undecided,38,1,female,1,3,70,18,0
3658,decided,53,0,other,1,2,52,18,1
3659,decided,42,1,female,1,5,183,15,0
3660,undecided,76,1,female,1,5,140,16,0
3661,decided,56,1,male,1,6,145,20,0
3662,decided,32,1,female,1,6,264,12,0
3663,decided,54,0,female,1,2,59,8,0
3664,decided,41,1,male,1,4,96,18,1
3665,decided,30,1,female,0,3,37.5,18,1
3666,decided,29,1,female,1,5,120,12,0
3667,decided,46,1,female,1,4,324,15,0
3668,decided,56,0,other,1,4,102,20,1
3669,undecided,43,1,female,1,3,137,15,1
3670,decided,36,1,female,1,3,108,18,1
3671,decided,30,1,other,0,2,62.5,18,1
3672,decided,36,1,female,1,2,106,12,1
3673,decided,38,1,female,1,4,177,15,0
3674,decided,40,1,other,1,3,102.5,8,0
3675,undecided,71,1,female,0,6,82,16,1
3676,decided,44,1,female,1,2,136,18,1
3677,decided,68,0,female,1,2,91.5,20,1
3678,decided,35,0,other,0,1,4,8,0
3679,undecided,47,1,female,1,6,103,15,0
3680,decided,43,1,female,1,2,25,18,1
3681,decided,34,0,female,1,2,44,8,1
3682,decided,51,1,female,0,1,27,18,1
3683,decided,33,1,male,1,7,61,12,1
3684,undecided,37,1,other,0,1,106,15,1
3685,decided,36,1,female,1,5,50,12,1
3686,decided,29,1,other,1,3,29,18,1
3687,undecided,52,1,male,1,3,66,15,0
3688,decided,75,1,male,0,1,81,20,1
3689,decided,41,1,male,0,5,110,18,0
3690,decided,38,1,female,1,6,30,8,1
3691,decided,37,1,female,1,5,125,8,0
3692,undecided,24,1,female,1,6,68,15,0
3693,decided,37,1,female,1,2,21,8,1
3694,undecided,73,1,female,0,3,4,20,0
3695,decided,36,1,female,1,4,453,12,1
3696,decided,74,1,other,1,4,88,20,1
3697,decided,30,1,male,1,2,88,12,0
3698,decided,32,1,female,1,5,114,12,1
3699,undecided,42,0,other,0,6,77,13,0
3700,undecided,42,1,female,1,3,85.5,15,1
3701,decided,30,0,female,1,2,177,8,0
3702,undecided,44,1,female,1,2,56,18,0
3703,decided,52,1,male,1,4,76,10,1
3704,undecided,45,1,other,1,5,69,8,0
3705,decided,44,1,female,0,7,74,12,0
3706,undecided,38,0,male,1,3,149,15,0
3707,decided,60,1,male,0,1,17,20,1
3708,decided,34,0,female,0,2,63,8,0
3709,undecided,27,1,female,1,5,87,15,1
3710,decided,43,1,other,1,4,86,12,1
3711,decided,32,0,female,1,4,107,8,1
3712,undecided,54,1,female,1,3,9,15,0
3713,decided,36,1,male,0,1,47,9,0
3714,undecided,36,1,female,1,2,137,15,1
3715,undecided,48,1,female,1,5,148,15,0
3716,undecided,53,0,female,1,4,101,16,1
3717,undecided,62,1,female,0,5,19,16,1
3718,undecided,35,1,female,1,5,174,15,0
3719,decided,39,1,male,1,5,64,12,1
3720,decided,42,1,female,1,3,171,12,1
3721,undecided,30,1,male,1,3,120,15,1
3722,undecided,31,0,female,1,5,33,15,0
3723,decided,32,1,other,1,5,279,15,1
3724,undecided,38,1,female,0,1,46,18,0
3725,decided,58,0,female,1,3,11.5,8,1
3726,undecided,44,1,female,1,2,112,15,1
3727,decided,35,1,female,1,5,158,12,0
3728,undecided,40,1,female,1,5,40,15,1
3729,decided,34,1,male,1,3,111,8,0
3730,decided,68,1,female,1,3,94,8,0
3731,decided,30,0,female,0,2,15,8,1
3732,undecided,36,1,female,0,1,59.5,18,0
3733,decided,65,1,male,0,1,21,20,1
3734,undecided,51,1,female,1,2,114,20,0
3735,decided,47,1,female,0,1,145.5,20,1
3736,decided,26,1,female,1,4,291,12,0
3737,decided,58,1,female,1,5,36,20,1
3738,decided,49,1,male,0,1,60,20,1
3739,decided,31,1,male,0,2,22,18,1
3740,decided,59,1,male,1,4,9,8,0
3741,decided,29,1,male,0,2,100,8,0
3742,decided,46,1,female,1,5,107.5,8,0
3743,undecided,46,1,female,1,4,77,15,0
3744,undecided,54,1,female,0,2,57,20,0
3745,decided,53,1,female,1,3,190,20,1
3746,undecided,39,1,female,1,3,154,15,0
3747,decided,57,1,female,1,3,119,20,1
3748,decided,34,1,male,1,4,250,12,1
3749,decided,55,1,female,0,1,49,8,0
3750,undecided,71,1,female,0,4,6,20,0
3751,decided,42,0,female,0,3,43.5,8,1
3752,decided,39,1,female,0,2,28,9,1
3753,decided,22,1,female,1,4,290,18,0
3754,decided,23,1,male,0,1,84.5,12,0
3755,undecided,40,1,female,1,2,141,18,0
3756,undecided,24,1,female,1,4,248,12,1
3757,decided,52,0,male,1,4,68,8,1
3758,decided,47,1,female,0,4,15,8,1
3759,undecided,20,1,female,1,4,144,14,0
3760,decided,34,1,female,1,6,90,12,0
3761,decided,43,1,female,1,5,48,18,1
3762,decided,37,1,female,1,5,112,12,0
3763,decided,42,1,male,0,1,119,18,0
3764,undecided,42,1,female,0,1,34,18,0
3765,decided,24,0,female,1,6,35,12,0
3766,decided,49,0,female,0,1,5,18,1
3767,decided,53,1,female,1,5,321,15,1
3768,decided,52,1,female,0,4,38,20,1
3769,decided,40,1,male,1,2,118,18,1
3770,decided,55,0,female,0,2,29,8,1
3771,decided,27,0,female,1,7,90,12,0
3772,decided,34,1,female,1,5,4,8,0
3773,decided,62,1,female,0,2,58,20,1
3774,decided,34,0,female,0,3,22,8,0
3775,undecided,45,1,female,1,5,62,15,0
3776,decided,22,0,other,0,2,17,8,1
3777,decided,58,1,female,0,1,66,20,1
3778,decided,53,1,male,0,1,4,20,0
3779,decided,62,1,female,1,6,19,8,0
3780,undecided,44,1,female,1,2,101,18,0
3781,decided,36,1,female,1,3,41,12,1
3782,undecided,62,1,female,1,3,151,20,0
3783,decided,38,1,female,0,4,128,8,1
3784,undecided,58,1,female,1,3,91,16,0
3785,decided,46,1,female,1,5,477,12,0
3786,decided,40,1,female,1,5,185,15,0
3787,decided,27,0,female,0,1,70,8,1
3788,decided,59,1,female,1,3,39,20,1
3789,decided,53,1,male,1,4,78,20,1
3790,decided,41,1,female,1,3,355,15,1
3791,decided,50,0,female,0,1,9,8,1
3792,decided,35,1,female,1,6,225,15,1
3793,undecided,36,1,female,0,3,80.5,18,0
3794,undecided,48,0,female,1,3,57.5,15,0
3795,decided,34,1,female,1,7,50,18,1
3796,decided,35,1,female,1,2,113,12,0
3797,undecided,33,1,female,0,3,36,15,1
3798,undecided,45,1,female,1,3,26,15,0
3799,decided,56,1,female,1,4,105,8,0
3800,decided,35,0,female,0,2,5,8,0
3801,decided,61,0,female,0,2,29,8,0
3802,decided,36,1,female,1,4,62.5,12,0
3803,decided,68,1,female,0,2,12,20,1
3804,decided,36,1,female,0,1,81,18,1
3805,decided,47,1,female,0,1,98,20,1
3806,decided,46,1,male,1,4,176.5,15,1
3807,decided,24,0,male,0,4,10,8,0
3808,decided,56,1,female,0,2,8,9,0
3809,decided,32,1,female,1,5,94,8,1
3810,decided,54,1,other,1,3,110,8,1
3811,decided,32,0,female,1,4,112,18,1
3812,decided,34,1,female,1,5,147,11,0
3813,decided,36,1,other,1,2,81,18,1
3814,decided,23,0,female,1,5,118.5,8,1
3815,decided,51,1,female,1,4,127,18,1
3816,undecided,57,1,female,0,1,17,16,0
3817,decided,46,1,female,1,5,185,12,1
3818,undecided,58,1,female,0,5,82,16,1
3819,decided,53,0,female,1,2,66,20,1
3820,decided,64,1,female,0,1,10,20,1
3821,decided,52,1,male,1,4,48,20,0
3822,decided,59,1,female,0,1,20,10,1
3823,undecided,39,0,male,0,4,15,15,1
3824,decided,72,1,male,0,1,83,20,0
3825,undecided,59,1,male,0,3,51,16,1
3826,undecided,32,1,female,1,5,140,15,0
3827,undecided,50,0,female,1,6,118,13,1
3828,decided,57,1,female,1,6,65,8,0
3829,undecided,61,1,female,1,5,25,13,0
3830,undecided,45,1,male,1,2,61,15,1
3831,undecided,22,0,female,1,5,58,15,0
3832,undecided,32,1,female,1,6,53,15,1
3833,decided,29,1,female,1,3,27,8,1
3834,decided,28,1,female,1,4,53,17,1
3835,decided,31,1,female,0,1,87.5,9,1
3836,decided,37,1,female,0,2,85.5,18,1
3837,decided,49,0,male,0,3,6,8,1
3838,decided,50,1,female,0,1,76,18,1
3839,undecided,37,1,female,0,4,45,15,1
3840,undecided,51,1,female,1,3,72,20,0
3841,decided,40,1,male,0,4,106,12,1
3842,undecided,39,1,female,1,7,85,15,0
3843,decided,33,1,female,1,4,104,12,0
3844,decided,27,1,female,1,5,108,12,1
3845,decided,42,0,male,0,2,40.5,9,1
3846,decided,26,1,male,0,2,43,18,1
3847,decided,37,0,female,0,1,38.5,8,1
3848,undecided,50,1,female,1,6,62,20,0
3849,decided,38,1,other,1,5,28,8,0
3850,decided,54,1,female,0,1,27,18,1
3851,undecided,29,1,female,1,3,16,15,1
3852,undecided,49,1,other,1,3,108,15,0
3853,decided,38,0,female,1,2,33,8,0
3854,decided,47,1,female,0,1,124,8,1
3855,decided,61,1,female,1,4,162,8,1
3856,decided,57,1,female,0,1,54,8,0
3857,undecided,20,1,other,1,5,132,15,0
3858,decided,39,1,female,0,2,29,8,1
3859,decided,38,1,female,1,5,88,12,0
3860,decided,28,1,female,0,1,46,9,0
3861,undecided,59,1,female,1,3,4,20,0
3862,decided,35,1,female,1,3,425,15,1
3863,undecided,21,1,female,1,5,171,14,1
3864,decided,37,1,female,1,5,59,12,1
3865,decided,47,1,female,1,2,79,8,1
3866,undecided,43,1,female,1,3,122,20,0
3867,undecided,26,1,female,1,6,155,15,0
3868,undecided,35,0,female,1,4,97,15,0
3869,decided,30,1,female,0,2,27,9,1
3870,decided,29,1,female,1,3,145,11,1
3871,decided,33,1,male,0,5,186,18,0
3872,undecided,31,1,female,1,7,158,18,0
3873,decided,44,1,female,1,4,195,18,1
3874,decided,41,1,female,1,4,100,12,0
3875,decided,53,1,female,1,2,58,9,0
3876,decided,31,1,female,0,1,56,18,1
3877,undecided,54,1,female,1,2,135,20,0
3878,decided,37,0,male,1,3,53,18,1
3879,decided,26,1,female,1,5,128,12,0
3880,undecided,57,0,female,1,5,99,16,1
3881,undecided,71,1,female,1,3,58,20,0
3882,decided,54,1,female,0,1,9,18,1
3883,decided,26,1,female,1,4,52,12,0
3884,undecided,38,1,male,1,3,112,15,1
3885,decided,30,1,female,0,1,197.5,15,0
3886,decided,37,0,female,0,2,14,8,0
3887,decided,43,1,female,1,5,93,12,1
3888,decided,32,1,female,1,4,64,8,1
3889,decided,45,1,female,1,4,75,9,0
3890,decided,36,1,female,1,7,165,12,1
3891,decided,39,1,male,1,3,74,8,1
3892,undecided,44,1,female,1,4,155,15,0
3893,decided,40,1,female,0,1,155,18,1
3894,undecided,26,1,male,0,3,63,14,0
3895,undecided,30,1,male,0,1,133,15,0
3896,decided,61,1,male,1,3,132,20,1
3897,decided,36,1,female,1,7,89,8,1
3898,decided,34,0,female,0,2,28,8,0
3899,decided,42,1,other,0,2,27,18,1
3900,decided,55,1,male,1,4,10,20,1
3901,decided,27,0,female,0,3,184.5,9,0
3902,undecided,33,1,male,1,4,76,15,1
3903,undecided,48,1,female,0,1,11,20,0
3904,decided,41,1,female,1,7,189,12,0
3905,undecided,36,1,other,1,5,95,15,1
3906,decided,42,1,female,0,2,55,20,1
3907,decided,40,1,female,0,2,57,18,1
3908,decided,39,1,female,1,3,81,8,0
3909,decided,43,1,male,0,1,57.5,8,0
3910,decided,30,1,female,0,1,27,8,0
3911,decided,47,0,male,0,3,49,20,1
3912,decided,43,0,female,0,4,42,8,0
3913,decided,48,1,female,1,3,83,12,1
3914,undecided,21,1,other,1,4,68,14,0
3915,decided,20,1,female,0,4,67,17,1
3916,decided,36,0,male,1,6,84,12,0
3917,decided,25,0,female,1,5,70,18,1
3918,undecided,57,1,female,1,2,89,20,0
3919,decided,37,0,female,1,6,294,15,1
3920,decided,72,1,other,1,7,30,8,1
3921,undecided,53,1,female,1,4,75,20,0
3922,decided,45,1,female,1,3,56,10,1
3923,decided,38,1,female,1,3,98,8,1
3924,decided,37,1,female,1,5,154,8,1
3925,decided,53,1,male,1,5,128,18,0
3926,decided,29,1,female,1,7,102,12,0
3927,decided,65,0,female,1,3,37,8,0
3928,undecided,34,1,other,1,4,47,15,1
3929,undecided,28,1,female,1,3,51,15,0
3930,decided,34,1,other,0,4,143,11,1
3931,decided,36,1,male,1,3,34,18,1
3932,undecided,24,1,male,1,7,86,15,0
3933,undecided,54,1,female,1,3,57,16,1
3934,decided,49,1,female,1,5,88,12,1
3935,undecided,77,1,female,1,5,46,16,0
3936,undecided,36,1,other,1,3,68,15,1
3937,decided,44,1,other,1,4,213,15,0
3938,undecided,26,1,female,0,1,117,15,1
3939,decided,26,0,female,0,5,138,8,0
3940,decided,32,1,female,1,3,179,12,1
3941,decided,38,1,female,1,4,51,8,1
3942,undecided,41,1,female,1,5,139,15,1
3943,undecided,32,1,female,1,4,49,18,0
3944,decided,44,1,female,0,2,28,8,0
3945,decided,52,1,male,0,2,33,8,1
3946,decided,52,0,male,1,3,116,8,1
3947,decided,56,1,female,1,2,75,20,1
3948,decided,41,1,male,1,5,124,12,0
3949,decided,35,1,female,1,4,189,15,0
3950,undecided,38,1,female,0,4,15,15,1
3951,undecided,53,1,male,1,4,108,16,0
3952,undecided,62,1,female,0,1,63,20,0
3953,decided,37,0,female,0,2,47.5,9,0
3954,decided,54,1,male,1,6,129,20,0
3955,undecided,58,1,female,1,3,24,20,0
3956,undecided,45,1,female,1,5,125,15,1
3957,undecided,57,1,male,1,2,56,15,1
3958,undecided,22,1,other,1,3,48,15,0
3959,decided,34,1,female,1,4,90.5,8,0
3960,undecided,34,1,male,1,5,143,15,1
3961,decided,34,1,male,1,4,154,11,0
3962,decided,34,1,female,1,3,88,8,0
3963,decided,27,1,male,1,3,134,12,0
3964,decided,55,1,male,1,2,178,18,0
3965,decided,50,0,female,0,1,44.5,8,0
3966,decided,32,0,male,1,2,40,8,1
3967,decided,37,1,male,1,4,93.5,8,0
3968,undecided,63,1,female,1,2,16,20,0
3969,decided,32,1,female,1,6,80,11,0
3970,decided,72,0,female,0,2,14.5,8,0
3971,decided,22,1,female,1,4,65,12,1
3972,undecided,37,1,female,1,3,124,15,1
3973,decided,37,1,female,1,2,124,12,1
3974,decided,36,0,female,0,2,275,18,0
3975,decided,31,0,female,1,4,67.5,8,0
3976,decided,35,1,female,1,3,135,12,1
3977,decided,55,1,female,1,5,86,20,1
3978,decided,57,0,male,1,2,181,20,1
3979,decided,57,1,male,0,1,111,20,1
3980,undecided,46,1,male,1,3,71,15,1
3981,decided,65,1,other,1,2,39,20,1
3982,decided,57,0,female,0,4,14,8,0
3983,decided,39,0,male,1,5,67,8,0
3984,decided,36,1,female,1,5,105,12,0
3985,decided,50,1,male,0,1,120,9,0
3986,decided,41,1,female,0,5,75,8,1
3987,undecided,36,1,female,0,3,37,15,1
3988,decided,51,0,female,1,2,49,8,0
3989,decided,42,1,female,1,2,132,12,1
3990,decided,61,1,male,0,2,171,20,0
3991,decided,39,1,other,1,4,90,8,1
3992,decided,45,1,female,1,3,122,12,0
3993,decided,35,1,male,1,3,142,12,1
3994,undecided,50,1,female,1,3,148,15,0
3995,decided,28,1,male,1,2,104,18,0
3996,decided,49,1,female,1,5,81,20,1
3997,decided,43,0,female,1,5,200,8,0
3998,undecided,49,0,female,0,1,14.5,8,0
3999,decided,53,0,male,0,1,26,8,0
4000,decided,50,0,male,1,3,241,13,1
4001,decided,63,1,female,1,3,148,20,1
4002,undecided,74,1,male,1,2,44,13,0
4003,undecided,54,1,female,1,3,120,16,0
4004,decided,52,0,female,0,3,65,20,1
4005,undecided,40,1,female,1,5,173,18,0
4006,decided,21,1,female,1,3,173,8,1
4007,undecided,46,1,female,1,5,54,18,0
4008,decided,63,1,female,1,2,152,20,1
4009,decided,45,1,other,1,6,55,12,0
4010,undecided,27,1,female,0,1,155,18,0
4011,decided,45,1,female,1,3,65,18,1
4012,decided,37,0,male,1,2,62.5,18,0
4013,decided,31,1,female,1,6,141,12,1
4014,decided,57,0,female,0,2,68.5,8,1
4015,decided,45,0,male,1,4,25,8,0
4016,decided,37,0,female,0,1,190,15,0
4017,decided,63,0,female,1,4,36,20,1
4018,decided,58,1,male,0,1,48,20,1
4019,decided,41,0,other,1,2,110,8,0
4020,undecided,52,1,female,1,2,159,20,0
4021,decided,70,1,female,1,2,170,8,0
4022,undecided,32,1,female,1,4,45,14,0
4023,decided,59,1,female,1,6,68,20,1
4024,undecided,54,1,female,1,4,96,18,0
4025,decided,33,1,female,1,4,185,8,0
4026,decided,36,1,male,1,4,156,12,0
4027,undecided,28,1,female,1,6,127,15,0
4028,decided,47,1,male,1,2,21,20,0
4029,undecided,58,1,female,1,3,49,20,0
4030,decided,40,1,female,0,1,182,18,1
4031,undecided,53,1,male,1,2,123,13,1
4032,decided,41,1,female,1,5,22,8,0
4033,decided,67,0,male,1,3,85,20,1
4034,decided,78,1,female,1,3,51,20,1
4035,undecided,39,1,male,1,4,131,15,1
4036,decided,50,1,male,0,2,51,20,1
4037,undecided,65,1,female,0,3,39,20,0
4038,undecided,49,1,female,1,5,58,15,0
4039,decided,67,1,female,1,3,35,20,1
4040,decided,76,0,other,1,3,48,8,1
4041,decided,70,1,female,0,1,53,20,1
4042,decided,35,1,female,1,5,13,12,0
4043,undecided,61,1,female,1,3,65,20,0
4044,undecided,28,1,female,1,5,32,18,0
4045,undecided,54,0,female,1,2,21,18,0
4046,decided,55,1,other,1,5,44.5,8,0
4047,decided,48,1,female,0,1,206,13,0
4048,undecided,48,1,other,1,7,46,18,0
4049,decided,54,0,female,0,1,15,8,1
4050,decided,40,0,female,0,2,65.5,8,1
4051,decided,38,1,female,0,4,43,18,1
4052,undecided,58,1,female,0,2,13,20,0
4053,undecided,32,1,female,1,4,163,14,0
4054,undecided,41,1,female,1,6,70,15,0
4055,decided,77,1,female,1,2,104,20,1
4056,decided,38,1,male,1,4,97,18,1
4057,undecided,35,1,male,1,5,153,15,0
4058,decided,56,1,female,0,1,82.5,20,1
4059,undecided,36,1,female,1,5,139,15,0
4060,decided,34,1,female,1,3,205,18,1
4061,decided,35,0,male,0,2,48.669,8,1
4062,decided,25,1,male,1,2,184,12,1
4063,undecided,60,1,female,1,3,14,20,0
4064,decided,46,0,male,1,2,30,8,0
4065,decided,43,1,male,0,1,12,18,1
4066,decided,36,1,female,1,4,69.5,8,1
4067,undecided,23,1,male,1,5,105,15,1
4068,decided,33,1,male,1,4,93.5,8,0
4069,decided,24,0,female,1,6,107,8,0
4070,decided,35,0,female,0,1,33,8,1
4071,undecided,64,1,female,1,2,4,20,0
4072,undecided,54,1,female,1,6,109,15,0
4073,decided,39,1,female,0,1,15,18,1
4074,undecided,54,1,female,1,3,213,18,0
4075,decided,34,1,male,1,4,53,18,0
4076,decided,53,1,female,1,3,132,20,1
4077,decided,60,1,other,1,2,429,20,1
4078,undecided,75,1,female,1,2,23,20,0
4079,decided,37,1,female,1,2,64,12,0
4080,decided,32,1,other,1,5,14,12,1
4081,undecided,44,1,female,1,7,103,12,1
4082,decided,50,0,female,1,3,55,8,1
4083,undecided,35,1,female,0,2,37,15,1
4084,decided,39,1,female,1,3,178,18,1
4085,undecided,40,1,female,1,2,127,18,0
4086,undecided,59,1,other,1,6,33,16,0
4087,decided,50,1,male,1,4,151.5,18,1
4088,decided,68,0,female,1,2,21,20,1
4089,decided,31,0,male,1,2,45.5,18,0
4090,decided,46,1,male,0,1,10,8,1
4091,decided,43,1,male,0,1,75,8,0
4092,undecided,56,0,female,1,6,47,13,0
4093,decided,51,0,female,1,4,16,8,1
4094,undecided,58,1,other,1,4,217,20,0
4095,decided,22,0,female,0,6,72,8,0
4096,decided,50,1,female,0,3,77,18,1
4097,decided,31,1,female,1,7,203,15,1
4098,decided,56,0,female,1,6,181.5,8,1
4099,undecided,38,1,female,0,3,52,15,0
4100,decided,56,1,male,1,4,282,16,1
4101,decided,59,1,female,0,3,4,20,1
4102,decided,44,1,female,0,2,59.5,8,0
4103,decided,65,0,female,1,2,46,20,1
4104,decided,39,0,female,1,5,55,12,0
4105,undecided,31,1,female,0,1,84.5,18,0
4106,decided,27,1,female,1,5,99,8,0
4107,decided,62,1,female,0,2,4,20,1
4108,undecided,46,1,other,1,2,82,13,0
4109,undecided,41,1,female,0,2,30,20,0
4110,decided,25,1,female,1,4,111,12,0
4111,decided,42,1,female,1,6,130,12,1
4112,decided,65,1,female,1,2,80,8,1
4113,decided,55,1,female,1,2,27,20,1
4114,undecided,36,0,female,1,2,148,18,0
4115,undecided,52,1,female,1,3,100,15,0
4116,decided,52,1,male,1,2,44,20,0
4117,undecided,59,1,female,1,5,73,20,0
4118,decided,38,1,male,1,2,194,15,0
4119,undecided,58,1,other,1,3,23,20,0
4120,decided,36,1,male,1,3,144,8,0
4121,decided,65,0,male,0,3,34,8,0
4122,decided,48,1,female,1,5,46,9,0
4123,decided,31,1,other,1,3,77,18,1
4124,undecided,38,1,female,1,2,91,15,0
4125,decided,39,1,female,1,3,138,8,1
4126,decided,21,1,female,1,3,91,12,1
4127,decided,36,0,male,1,2,81.5,8,0
4128,undecided,60,1,female,1,4,24,20,0
4129,decided,45,1,female,0,3,39,8,1
4130,decided,43,1,female,1,4,182,15,1
4131,undecided,53,1,female,1,3,49,16,1
4132,decided,33,1,female,1,4,87,18,1
4133,undecided,42,1,female,1,4,107,18,0
4134,decided,34,1,female,1,3,152,17,1
4135,undecided,29,0,female,1,5,85,15,1
4136,decided,74,0,female,1,7,26,8,0
4137,undecided,36,1,other,0,1,29,15,0
4138,undecided,44,1,female,0,4,104,15,0
4139,undecided,59,1,other,0,1,12,20,0
4140,decided,36,0,male,0,6,35,8,0
4141,undecided,50,1,male,1,2,53,15,0
4142,undecided,51,1,female,0,1,136.5,13,0
4143,undecided,56,1,other,0,2,27,16,0
4144,decided,57,0,female,1,4,45,10,1
4145,undecided,69,1,female,1,5,52,8,1
4146,decided,53,1,female,1,4,5,10,0
4147,undecided,51,1,female,1,5,152,15,1
4148,undecided,56,1,male,0,1,168,16,0
4149,undecided,53,0,female,1,3,193,20,0
4150,decided,50,1,male,1,2,78,18,0
4151,undecided,43,1,female,1,2,52,15,1
4152,undecided,69,1,female,0,1,57,20,0
4153,undecided,57,1,female,1,2,93,13,0
4154,undecided,29,1,female,1,7,83,15,1
4155,decided,49,1,female,1,3,105,12,1
4156,decided,31,1,female,1,7,25,8,0
4157,decided,59,1,male,1,3,140,8,1
4158,decided,39,1,other,0,1,8,18,1
4159,decided,33,1,male,1,2,168,12,0
4160,decided,35,1,male,1,5,216,15,0
4161,undecided,53,0,male,1,3,122,15,0
4162,decided,45,0,female,1,2,139,18,1
4163,undecided,43,1,female,0,4,34,15,0
4164,undecided,58,1,female,1,2,69,16,0
4165,decided,28,1,female,1,5,22,18,1
4166,decided,44,0,other,0,1,16,8,1
4167,undecided,53,1,female,1,3,129,20,0
4168,undecided,33,1,female,1,2,9,18,0
4169,decided,49,0,male,1,3,8,9,1
4170,undecided,38,1,female,0,1,33,18,0
4171,decided,37,1,female,1,3,133,12,0
4172,undecided,43,1,female,1,2,94,15,1
4173,undecided,26,0,female,0,4,31,15,1
4174,undecided,63,0,female,1,4,59,20,1
4175,decided,37,1,other,0,5,154,12,0
4176,undecided,74,1,female,1,2,90,20,0
4177,decided,44,1,female,1,3,46.5,9,0
4178,undecided,31,1,female,1,5,107,15,0
4179,undecided,64,1,female,1,6,66,16,1
4180,undecided,52,1,male,1,4,166,15,0
4181,undecided,37,1,female,1,5,61,18,0
4182,decided,61,0,female,0,1,40,20,1
4183,decided,45,0,female,1,6,210,15,0
4184,decided,21,1,female,1,5,33,17,0
4185,decided,36,1,other,1,7,265,15,0
4186,decided,36,1,female,0,1,118,18,1
4187,decided,32,0,female,0,5,116,12,0
4188,decided,42,1,female,1,4,77,12,1
4189,undecided,49,1,female,1,5,16,16,1
4190,undecided,44,1,female,1,3,103,15,1
4191,decided,34,1,female,1,2,47,17,1
4192,decided,26,1,male,0,2,22,18,0
4193,decided,34,0,other,0,2,39,8,0
4194,decided,33,1,male,1,5,58,8,0
4195,undecided,65,0,female,1,3,144,20,0
4196,undecided,24,1,female,1,4,56,15,1
4197,decided,46,0,male,0,2,20,8,0
4198,decided,39,1,female,1,4,29,8,0
4199,decided,34,0,female,0,1,87.5,8,1
4200,decided,27,0,male,0,1,59,8,0
4201,undecided,42,1,other,1,4,133,18,0
4202,decided,34,1,female,1,2,194,15,1
4203,undecided,36,1,female,1,7,63,15,0
4204,decided,42,1,female,0,1,125,8,1
4205,decided,66,1,male,1,2,20,20,0
4206,decided,28,1,female,1,5,144,11,1
4207,decided,58,0,female,0,2,111,8,1
4208,decided,37,1,female,0,3,196,12,1
4209,decided,58,1,female,1,4,206,13,0
4210,decided,49,1,female,1,2,56.5,9,0
4211,undecided,30,1,male,0,5,39.5,14,0
4212,decided,58,1,male,1,2,34,10,0
4213,decided,67,1,female,1,3,67,10,0
4214,decided,34,1,female,0,2,9,17,0
4215,decided,55,1,female,1,7,255,13,0
4216,undecided,39,1,male,1,3,60,15,1
4217,undecided,54,0,female,0,2,57,20,0
4218,decided,38,1,male,1,3,186,12,0
4219,decided,51,0,male,0,2,115,8,1
4220,decided,34,1,female,1,5,33,18,1
4221,undecided,39,1,female,1,5,74,15,1
4222,decided,33,0,female,1,3,64,12,1
4223,undecided,36,1,female,1,3,61,15,1
4224,decided,41,1,female,1,2,125,18,1
4225,decided,37,0,female,1,3,37,12,0
4226,decided,45,1,female,1,2,28,8,1
4227,decided,61,1,female,1,3,58,20,1
4228,decided,37,0,female,1,5,201,12,0
4229,decided,34,1,female,1,3,82.5,17,0
4230,undecided,36,1,female,1,2,139,15,1
4231,undecided,38,1,female,1,4,139,15,1
4232,undecided,56,0,female,0,2,59,8,0
4233,undecided,60,1,female,1,2,65,20,0
4234,decided,64,1,female,0,3,24,20,1
4235,decided,27,1,female,1,3,147.5,18,1
4236,undecided,46,0,female,1,2,46.5,18,0
4237,decided,48,1,female,1,2,20,8,0
4238,undecided,50,1,female,0,1,4,15,0
4239,decided,31,1,male,0,1,47,17,1
4240,decided,66,0,male,0,1,13,20,1
4241,decided,49,1,male,1,2,17,20,1
4242,decided,28,1,male,1,5,151,12,1
4243,undecided,44,1,female,1,4,113,15,0
4244,decided,32,1,female,1,5,50,12,1
4245,decided,40,0,male,0,3,94,8,0
4246,decided,54,1,male,1,4,79,20,0
4247,decided,58,1,male,1,4,128,20,1
4248,decided,37,1,male,1,2,131,12,1
4249,decided,34,1,male,0,1,56.5,8,1
4250,decided,41,1,female,1,2,85,12,0
4251,decided,33,1,female,1,4,312,15,1
4252,decided,32,1,male,1,2,120.5,12,0
4253,undecided,47,1,female,1,2,46,15,1
4254,decided,67,1,male,1,4,82,20,0
4255,decided,28,1,female,0,1,48,18,1
4256,decided,66,1,female,1,2,14.5,20,1
4257,decided,36,1,female,0,1,68.5,18,1
4258,decided,24,1,female,1,5,161,17,0
4259,decided,33,1,female,1,3,103,11,0
4260,decided,44,1,other,1,5,70,12,1
4261,undecided,34,1,female,0,1,80.5,14,0
4262,decided,36,1,female,0,2,9,12,0
4263,decided,37,1,female,1,4,229,12,1
4264,undecided,41,1,female,0,4,83.5,18,0
4265,decided,63,1,female,1,3,87,8,1
4266,decided,27,0,female,0,1,68.5,8,0
4267,decided,34,0,male,1,5,87,8,1
4268,decided,59,0,male,1,4,30,8,0
4269,undecided,41,1,female,1,4,11,20,0
4270,decided,36,1,male,0,2,203,8,1
4271,decided,60,0,female,1,2,140,20,1
4272,decided,32,1,female,1,4,16,8,0
4273,decided,63,1,male,1,2,29,20,1
4274,undecided,39,1,female,1,6,113,15,0
4275,undecided,30,1,female,1,3,18,18,0
4276,decided,53,1,male,0,1,64,20,0
4277,undecided,56,1,female,0,1,20,20,0
4278,decided,46,1,male,0,6,64.5,8,0
4279,decided,42,1,female,1,6,100,12,0
4280,decided,32,0,female,0,3,147,8,1
4281,decided,44,1,female,1,3,152.5,8,0
4282,decided,28,1,female,1,5,133,12,0
4283,undecided,62,1,other,0,2,123.5,13,1
4284,decided,40,1,female,1,3,75,12,1
4285,decided,36,1,male,1,4,86,12,0
4286,undecided,56,0,female,1,2,235,20,0
4287,undecided,36,1,female,1,5,58.5,15,0
4288,decided,52,1,female,1,2,50,8,1
4289,decided,53,0,male,1,2,28,8,1
4290,undecided,36,1,female,1,4,13,15,0
4291,undecided,45,1,female,1,2,45,18,0
4292,undecided,51,1,female,1,5,23,13,1
4293,decided,58,1,other,1,2,86.5,10,0
4294,decided,34,1,male,0,1,245,15,1
4295,decided,51,1,female,1,4,445,15,0
4296,undecided,41,1,other,1,4,83,18,0
4297,decided,71,0,male,0,2,4,8,0
4298,decided,26,0,female,1,4,34,8,1
4299,decided,56,1,female,1,4,102,18,1
4300,decided,43,1,female,1,4,115,18,1
4301,decided,62,1,female,1,4,53,10,1
4302,undecided,39,1,female,1,4,49,18,0
4303,decided,32,0,male,0,1,97,17,0
4304,decided,30,0,female,0,1,46.5,9,0
4305,undecided,56,1,female,0,4,18,20,0
4306,decided,36,0,male,1,4,49,8,0
4307,decided,36,1,female,1,4,100,8,0
4308,undecided,37,0,male,0,2,117,15,1
4309,undecided,74,1,female,1,2,106,20,0
4310,decided,40,1,female,1,6,51,8,1
4311,undecided,39,1,other,1,2,43,15,1
4312,decided,60,1,male,1,2,46,20,0
4313,undecided,53,1,female,1,4,43,20,0
4314,undecided,36,1,female,1,5,19,15,1
4315,decided,32,0,female,0,2,40,8,1
4316,decided,63,1,other,1,2,82.5,20,1
4317,undecided,68,1,female,1,3,206,20,0
4318,undecided,36,1,female,1,3,80.5,18,0
4319,decided,50,1,female,1,6,331,8,0
4320,decided,55,1,female,0,3,50,18,1
4321,decided,56,1,female,1,6,50,10,0
4322,decided,48,1,male,1,2,207,15,1
4323,decided,49,1,other,1,4,42,18,1
4324,decided,31,1,male,1,2,89,8,0
4325,undecided,48,1,female,0,1,99,20,0
4326,decided,43,0,male,1,2,87,18,0
4327,decided,33,1,female,0,1,25,8,1
4328,decided,42,1,female,1,2,137,18,1
4329,decided,21,0,female,1,3,102,12,0
4330,decided,33,1,female,1,6,44,12,1
4331,undecided,38,1,female,0,1,18,18,0
4332,decided,53,0,female,1,2,51,8,0
4333,undecided,41,1,female,1,5,157,15,1
4334,decided,31,0,female,1,2,20,12,0
4335,decided,25,1,female,1,2,50,12,0
4336,decided,32,1,female,1,5,161,12,1
4337,decided,48,0,female,1,3,59,8,0
4338,decided,34,0,female,0,1,5,8,1
4339,undecided,42,1,female,1,3,36,15,0
4340,decided,46,0,female,0,1,12,8,0
4341,undecided,24,1,female,1,2,90,15,1
4342,decided,35,0,female,1,3,165,12,0
4343,undecided,31,1,female,1,6,123,15,1
4344,undecided,42,1,female,0,4,96,15,0
4345,decided,34,1,female,1,5,68,8,0
4346,undecided,58,1,female,0,2,70,20,0
4347,undecided,47,1,female,1,2,75,18,0
4348,undecided,63,1,female,0,1,33,20,0
4349,undecided,44,1,female,1,7,147,15,1
4350,decided,33,0,female,1,4,78.5,8,0
4351,decided,53,1,female,0,4,75,20,1
4352,decided,49,1,female,1,6,49,12,1
4353,decided,34,0,male,1,5,114,12,0
4354,undecided,69,0,other,1,4,11,20,0
4355,decided,54,1,male,1,3,108,18,0
4356,decided,62,1,female,1,3,68,20,1
4357,undecided,51,1,female,1,2,76,18,0
4358,decided,44,1,other,1,3,180,15,1
4359,decided,33,1,female,0,1,122,18,1
4360,decided,51,1,male,1,2,13,20,1
4361,decided,27,0,female,1,4,44,8,1
4362,decided,56,1,female,1,4,193,15,1
4363,undecided,39,1,female,1,7,120,15,1
4364,decided,44,1,male,0,3,27,18,0
4365,decided,63,1,male,1,5,29,20,0
4366,decided,37,1,female,1,3,87,12,0
4367,decided,51,0,female,0,4,27,8,0
4368,decided,35,1,female,0,2,41.5,8,1
4369,decided,31,1,female,0,4,198.5,12,1
4370,undecided,44,1,female,1,2,114,18,0
4371,decided,28,1,female,0,1,55.5,8,0
4372,undecided,40,1,female,0,3,89,15,1
4373,undecided,52,1,female,0,2,127,20,0
4374,decided,57,1,female,1,6,207,12,0
4375,decided,29,1,female,1,3,56,8,1
4376,decided,42,1,male,0,1,41,9,0
4377,decided,37,1,female,0,1,48,8,1
4378,decided,38,1,female,1,3,78,18,1
4379,undecided,40,1,female,1,3,56,18,0
4380,decided,52,1,male,1,2,41.5,20,1
4381,undecided,39,1,female,0,4,89,18,0
4382,undecided,37,1,female,0,4,143,15,0
4383,undecided,62,1,female,1,2,128,16,1
4384,decided,34,1,female,1,4,62,8,1
4385,decided,34,1,male,0,3,73,18,1
4386,undecided,55,1,female,0,1,113,20,0
4387,decided,50,1,male,1,4,96.5,12,0
4388,decided,46,1,other,0,3,39,20,1
4389,undecided,36,1,female,1,4,135,15,0
4390,decided,59,1,female,0,2,42,8,1
4391,undecided,28,0,female,1,4,117,8,0
4392,decided,31,0,other,1,2,40.5,8,0
4393,undecided,59,1,female,0,1,49,20,0
4394,decided,60,1,female,1,2,44,20,1
4395,undecided,59,1,female,0,1,51,20,0
4396,decided,26,0,female,1,2,45,8,1
4397,undecided,48,1,female,0,1,113,18,0
4398,decided,47,1,male,1,4,20,20,1
4399,decided,56,1,female,1,3,47,8,1
4400,decided,34,1,female,1,4,50,12,1
4401,decided,62,0,female,0,1,43.5,8,1
4402,undecided,38,1,female,0,1,118,18,0
4403,decided,23,0,female,0,1,7,8,0
4404,decided,51,1,male,1,4,41,20,0
4405,decided,24,0,other,1,6,20,8,0
4406,decided,27,1,male,1,5,148,8,1
4407,decided,34,1,female,0,2,25,8,1
4408,decided,29,0,female,0,1,42,8,0
4409,decided,41,1,female,0,2,36,9,0
4410,decided,42,1,female,1,5,80,12,0
4411,decided,34,1,female,0,1,68,8,1
4412,undecided,39,1,female,1,3,39,15,1
4413,decided,69,0,female,0,3,5,8,0
4414,decided,57,1,female,1,5,69.5,8,1
4415,decided,42,0,female,1,4,6,8,0
4416,decided,32,1,female,1,5,87,12,1
4417,decided,73,1,female,0,2,6,8,1
4418,decided,46,1,male,1,4,63.5,8,1
4419,undecided,45,1,female,0,2,49,13,1
4420,decided,67,1,male,1,3,27,8,0
4421,decided,55,1,female,1,3,115,20,1
4422,undecided,51,1,male,1,3,66,15,0
4423,decided,26,1,male,1,3,67,12,0
4424,decided,42,1,female,1,3,29,8,1
4425,decided,25,0,female,0,3,26,18,1
4426,decided,36,1,female,0,3,38.5,12,0
4427,decided,58,0,male,1,3,58,8,0
4428,decided,52,1,female,1,4,51,8,0
4429,undecided,44,0,female,1,2,92,18,0
4430,undecided,30,1,female,0,1,5,18,0
4431,decided,20,1,female,1,4,83.5,9,0
4432,decided,33,0,female,0,2,42.435,8,0
4433,undecided,55,1,other,1,2,63,13,1
4434,decided,54,1,female,1,7,495,20,1
4435,decided,77,1,female,1,2,100.5,8,0
4436,undecided,73,1,male,1,6,54,16,0
4437,undecided,51,0,female,0,6,63,13,1
4438,decided,30,0,female,1,3,54,8,1
4439,decided,35,1,other,1,3,163,12,0
4440,undecided,36,1,female,0,5,24,15,1
4441,undecided,38,1,female,1,4,163,15,1
4442,decided,53,1,male,0,3,94,18,0
4443,decided,42,1,male,1,6,67,18,1
4444,decided,35,1,female,1,5,168,12,0
4445,decided,37,1,female,0,3,43,12,0
4446,undecided,27,1,other,1,6,48,15,1
4447,decided,57,0,female,0,1,102,20,1
4448,decided,68,1,female,0,4,162,20,1
4449,undecided,49,1,female,1,7,116,20,0
4450,decided,23,0,male,1,6,92,8,1
4451,decided,28,0,female,1,2,103.5,8,0
4452,decided,32,1,female,1,7,91,11,0
4453,undecided,60,1,other,0,1,5,20,0
4454,undecided,30,0,female,0,2,17,8,0
4455,decided,42,1,male,0,2,22,9,0
4456,undecided,53,1,female,0,2,82,20,0
4457,undecided,49,0,female,0,1,65.5,18,0
4458,undecided,35,0,female,0,1,78.5,18,0
4459,undecided,36,1,male,1,5,47,15,0
4460,decided,64,1,male,1,3,162,20,0
4461,undecided,59,1,female,1,2,16,20,0
4462,undecided,72,1,other,0,1,12,13,0
4463,decided,47,0,female,1,3,19,12,0
4464,decided,46,1,female,1,3,115,20,1
4465,decided,32,1,male,1,5,178,12,1
4466,decided,39,1,female,1,4,117,18,1
4467,decided,38,0,female,1,6,69,8,1
4468,decided,36,1,female,1,4,124.5,8,0
4469,undecided,33,1,other,1,4,76,18,0
4470,decided,49,1,female,0,1,28,10,1
4471,decided,44,1,female,1,7,120,12,1
4472,decided,45,0,female,1,2,45.5,8,0
4473,decided,47,0,female,0,1,27,8,0
4474,decided,53,0,female,0,7,19,8,0
4475,undecided,53,1,female,1,3,132,20,0
4476,undecided,50,1,other,1,4,133,18,0
4477,undecided,57,1,female,1,4,19,20,0
4478,decided,44,0,female,1,2,18,8,0
4479,undecided,39,1,female,1,5,103,15,0
4480,decided,37,1,female,1,5,167.5,12,1
4481,undecided,31,0,female,0,2,26,15,1
4482,decided,31,1,female,1,2,202,12,0
4483,undecided,42,1,male,1,5,25,13,0
4484,decided,46,1,female,1,2,183,8,0
4485,decided,34,1,female,0,1,144,11,0
4486,undecided,62,1,female,1,3,104,20,0
4487,decided,40,0,female,1,2,95.5,8,1
4488,undecided,49,1,female,1,6,47,16,0
4489,decided,28,1,female,1,3,204,15,1
4490,decided,36,1,other,1,2,257,12,0
4491,decided,33,1,female,1,4,119,11,1
4492,decided,32,1,female,1,4,77,11,1
4493,decided,37,1,female,1,2,100,12,0
4494,decided,41,1,female,1,5,202,12,0
4495,undecided,51,1,male,1,3,32,15,1
4496,decided,37,1,male,1,6,148,8,0
4497,undecided,33,1,female,1,5,112,15,1
4498,decided,45,0,male,0,1,82,8,0
4499,decided,36,1,male,1,3,65,12,1
4500,decided,32,0,female,1,3,116,12,1
4501,decided,36,0,female,1,3,138,12,1
4502,decided,21,1,female,1,3,97,12,1
4503,undecided,34,1,female,1,2,45,14,1
4504,undecided,23,1,other,0,2,36,15,1
4505,decided,21,0,female,1,6,55,8,1
4506,decided,19,1,female,1,3,101,8,0
4507,decided,32,1,female,1,5,31,8,1
4508,decided,37,1,female,0,2,56,12,0
4509,decided,34,1,male,1,6,141,11,0
4510,decided,26,1,female,1,5,137,12,0
4511,decided,38,1,female,1,3,88,12,1
4512,decided,60,1,female,1,3,53,8,0
4513,undecided,30,1,female,1,5,45,14,0
4514,undecided,38,1,female,1,3,109,15,1
4515,undecided,65,0,female,1,2,70,16,1
4516,decided,26,1,female,1,5,118,8,0
4517,decided,42,0,male,0,3,19,8,1
4518,decided,38,1,male,0,1,139,18,1
4519,decided,35,1,female,0,1,60.5,8,0
4520,decided,59,1,female,1,4,164,20,1
4521,decided,41,0,female,0,4,28,8,0
4522,undecided,37,1,female,1,6,137,15,1
4523,decided,36,1,other,0,1,52,12,0
4524,decided,23,1,female,1,5,84,12,0
4525,undecided,37,1,female,1,3,123,15,0
4526,decided,34,0,female,1,4,128,11,0
4527,decided,29,1,female,0,4,167,12,0
4528,undecided,36,1,female,1,4,78,15,0
4529,undecided,34,1,female,1,5,99,15,1
4530,decided,34,1,female,0,5,17,11,0
4531,decided,31,1,female,1,4,189,15,1
4532,decided,40,1,female,0,1,155,12,0
4533,decided,28,1,other,1,4,148,12,0
4534,decided,35,1,female,1,4,106,12,1
4535,decided,44,1,female,1,3,181,12,0
4536,decided,29,1,female,0,1,143,12,1
4537,decided,26,1,other,1,6,79,8,1
4538,decided,36,1,other,1,3,49,12,1
4539,decided,35,1,female,0,1,4,8,0
4540,decided,36,1,female,0,3,20,12,1
4541,undecided,34,1,female,1,3,101,15,0
4542,undecided,48,1,female,1,5,146,15,1
4543,decided,43,0,female,0,1,176.5,15,1
4544,decided,36,0,female,1,2,105,12,0
4545,decided,33,0,male,0,4,15,8,0
4546,decided,36,1,other,1,6,100,8,0
4547,decided,42,1,female,1,5,78,12,1
4548,decided,29,1,female,1,5,64,12,1
4549,decided,27,1,female,0,3,168,12,0
4550,decided,37,0,female,1,5,352,15,1
4551,decided,34,0,female,0,2,155.5,8,1
4552,undecided,44,1,female,1,2,145,15,0
4553,undecided,29,1,female,0,5,128,15,1
4554,decided,44,1,female,1,4,84,12,1
4555,decided,25,1,female,1,3,100,12,0
4556,decided,34,0,female,1,2,111,12,1
4557,decided,34,1,female,1,4,157,11,0
4558,decided,28,1,female,1,6,163,12,0
4559,undecided,43,1,female,1,6,156,15,0
4560,undecided,46,1,female,1,3,112,15,1
4561,decided,35,1,female,0,7,134,12,1
4562,undecided,48,1,male,1,3,61,15,0
4563,decided,31,1,other,0,1,109,12,1
4564,decided,33,1,male,1,4,237,15,0
4565,undecided,29,1,female,1,5,88,15,1
4566,undecided,36,1,female,1,3,120,15,1
4567,undecided,40,1,female,1,3,147,15,0
4568,undecided,45,1,male,1,2,31,15,1
4569,decided,27,0,female,1,3,297,15,0
4570,undecided,34,1,female,0,2,56.5,14,1
4571,decided,44,0,female,0,2,56.5,8,1
4572,decided,39,1,female,1,3,176,15,1
4573,undecided,31,1,female,0,3,86,15,1
4574,undecided,46,1,female,1,5,139,15,1
4575,decided,21,1,female,1,4,86,8,0
4576,decided,31,1,female,1,3,146,12,0
4577,undecided,66,1,male,0,1,70,16,1
4578,decided,40,1,female,1,3,66,12,1
4579,decided,33,1,female,1,4,141,12,0
4580,decided,34,0,female,1,3,103,8,1
4581,decided,41,1,female,1,5,83,12,1
4582,decided,46,0,female,0,2,98,8,1
4583,undecided,36,1,female,1,6,141.5,15,1
4584,undecided,36,1,female,0,5,113,15,0
4585,decided,44,1,female,1,3,189,16,0
4586,decided,36,0,female,0,4,69,8,1
4587,decided,46,1,female,1,5,111,8,0
4588,decided,23,1,female,0,1,116,8,1
4589,undecided,42,1,female,0,6,140,15,1
4590,decided,26,1,other,1,6,73,12,1
4591,decided,31,1,female,0,1,69,11,0
4592,decided,34,1,female,1,3,303,15,1
4593,undecided,46,1,other,0,3,101,16,1
4594,decided,32,1,female,1,2,226,12,1
4595,decided,21,1,male,1,5,217,12,0
4596,undecided,32,1,male,0,1,42,14,0
4597,decided,45,1,female,1,6,73,12,0
4598,decided,36,0,female,1,2,66,12,0
4599,undecided,25,0,female,0,1,83.5,18,0
4600,decided,36,1,male,1,3,19,18,1
4601,decided,38,1,other,0,1,56.5,9,1
4602,decided,41,1,female,0,2,8,8,1
4603,decided,38,1,male,1,2,97,12,1
4604,undecided,47,1,female,1,4,13,18,0
4605,decided,46,1,female,1,2,27,20,1
4606,undecided,56,1,female,0,1,147.5,16,0
4607,decided,44,0,female,0,1,5,8,0
4608,decided,56,1,other,1,2,105,12,0
4609,decided,32,1,female,1,4,68.5,8,1
4610,decided,59,1,female,1,2,103,20,1
4611,decided,57,1,other,0,2,30,8,0
4612,decided,39,1,male,0,1,37.5,9,0
4613,decided,34,1,other,1,4,98,11,1
4614,decided,34,1,male,0,4,47,11,1
4615,undecided,56,1,female,0,2,65,20,0
4616,decided,55,0,female,1,3,15,8,1
4617,decided,73,1,male,1,4,41,20,0
4618,decided,42,1,female,0,2,22,9,1
4619,decided,31,1,male,1,4,98,11,0
4620,decided,46,0,male,0,2,81,8,0
4621,decided,47,1,female,0,3,41.5,8,0
4622,undecided,65,1,female,1,5,6,16,0
4623,decided,49,1,male,1,3,117,8,0
4624,decided,33,1,female,1,3,86,8,0
4625,decided,22,0,male,0,1,6,8,1
4626,undecided,38,1,female,0,7,17,15,1
4627,decided,41,1,female,1,6,36,12,1
4628,decided,46,1,female,0,4,67,18,1
4629,undecided,52,1,other,1,4,169,15,1
4630,undecided,38,1,female,1,3,100,15,0
4631,decided,26,1,female,0,2,63,18,1
4632,undecided,67,1,other,1,4,75,20,0
4633,decided,28,1,female,1,6,289,12,1
4634,decided,46,1,male,1,4,95,18,0
4635,decided,50,1,female,1,3,28,20,1
4636,decided,31,0,female,1,2,108,18,1
4637,decided,61,1,male,1,3,28,20,0
4638,undecided,56,0,female,1,6,109,13,1
4639,decided,23,1,female,1,5,116,12,1
4640,decided,42,0,female,1,4,11,8,0
4641,decided,31,1,female,1,4,49,11,0
4642,decided,51,1,male,1,6,57,8,1
4643,decided,36,0,male,0,3,49,12,1
4644,decided,28,0,male,1,6,72,8,1
4645,undecided,38,1,other,1,5,89,15,0
4646,decided,40,1,female,1,6,99,8,0
4647,decided,43,1,male,1,3,228,18,0
4648,decided,42,1,female,0,2,69,12,1
4649,decided,50,1,male,1,2,180.5,20,0
4650,decided,53,0,male,1,2,31,8,1
4651,decided,36,1,female,0,3,32,12,0
4652,decided,51,1,female,0,1,110,20,1
4653,undecided,62,1,female,1,2,132,20,0
4654,decided,60,0,female,0,2,6,8,0
4655,decided,52,0,male,0,1,39,8,0
4656,decided,44,1,female,1,5,128,8,1
4657,decided,56,1,female,0,1,54,9,1
4658,undecided,43,1,female,1,4,31,18,0
4659,undecided,47,1,female,0,3,156,18,0
4660,decided,27,1,female,0,2,32,12,0
4661,decided,39,1,female,0,1,132,18,1
4662,decided,36,1,female,1,5,77,12,0
4663,decided,32,1,female,1,2,79,11,1
4664,decided,35,0,female,0,1,15,8,1
4665,decided,34,1,male,1,3,108,12,0
4666,decided,43,1,female,0,1,6,18,1
4667,undecided,76,1,female,1,6,90,16,1
4668,decided,27,1,male,1,4,87.5,12,1
4669,undecided,42,1,female,1,3,140,15,0
4670,undecided,43,1,male,1,4,91,13,1
4671,decided,74,1,female,1,2,17,20,1
4672,decided,47,1,other,1,5,41,20,1
4673,decided,51,1,other,0,2,38,20,1
4674,decided,58,1,female,1,4,218,18,1
4675,undecided,23,0,female,1,4,93,15,0
4676,decided,53,1,female,1,2,183.5,8,1
4677,decided,47,1,female,1,5,182,12,0
4678,decided,44,1,female,1,4,84,18,1
4679,decided,39,1,female,1,4,61.5,9,0
4680,undecided,34,1,female,1,5,164,18,0
4681,undecided,38,0,female,1,4,37,15,0
4682,decided,43,1,female,0,5,109,8,1
4683,decided,37,1,female,1,3,83,18,1
4684,decided,37,0,other,1,5,265,8,0
4685,undecided,43,1,male,1,3,151,15,1
4686,decided,48,1,female,0,1,34,9,1
4687,decided,57,1,female,1,3,101,20,1
4688,undecided,68,1,female,1,4,101,16,1
4689,decided,53,1,female,1,6,244,16,0
4690,decided,65,1,male,1,5,139,20,0
4691,undecided,28,1,female,1,5,38,15,1
4692,undecided,49,1,male,1,7,77,15,1
4693,decided,24,1,female,1,3,103,12,1
4694,decided,49,1,female,1,4,247,8,1
4695,decided,49,1,female,1,5,152,9,0
4696,decided,45,1,male,1,2,88,8,1
4697,decided,24,1,other,0,1,134,11,1
4698,decided,35,1,female,1,5,144,8,1
4699,decided,45,1,female,1,2,130,18,1
4700,undecided,49,1,male,1,5,42,15,0
4701,undecided,51,1,female,1,3,84,15,1
4702,undecided,44,1,female,1,2,126,18,0
4703,decided,54,1,female,0,2,47,18,1
4704,undecided,40,1,female,1,5,123,18,0
4705,decided,49,0,female,1,2,16,8,0
4706,decided,67,0,female,1,3,24,20,1
4707,undecided,47,1,female,0,1,45,20,0
4708,undecided,55,1,male,0,2,27,16,1
4709,undecided,37,1,female,1,3,114,15,1
4710,undecided,64,1,male,1,6,72,13,1
4711,undecided,39,1,male,1,5,95,15,0
4712,decided,33,1,female,1,5,230,15,1
4713,undecided,55,1,female,1,4,80,13,1
4714,decided,48,1,other,0,1,44,18,1
4715,decided,42,1,female,1,6,96,12,1
4716,decided,52,1,male,0,2,72,18,1
4717,decided,54,1,female,0,1,60,20,1
4718,decided,61,1,female,0,3,27,8,0
4719,undecided,51,1,male,1,3,142,15,1
4720,undecided,40,1,female,1,5,84,15,1
4721,decided,52,1,female,0,1,146,20,1
4722,decided,58,1,female,1,3,25,20,1
4723,decided,53,1,male,1,2,27,18,0
4724,undecided,45,1,female,0,1,73,20,0
4725,decided,43,1,other,1,3,47,9,1
4726,undecided,54,1,female,1,2,90.5,18,0
4727,decided,47,1,female,1,4,214,12,1
4728,decided,49,1,female,1,2,269,20,0
4729,undecided,44,1,female,0,5,42,13,1
4730,decided,47,0,female,1,5,32,20,1
4731,decided,41,1,female,0,1,101,9,0
4732,undecided,61,1,male,0,2,52,16,0
4733,decided,49,1,male,1,3,144,12,0
4734,decided,27,1,female,1,3,98,12,0
4735,decided,54,0,female,0,1,26,8,0
4736,undecided,43,1,female,0,1,74,18,0
4737,undecided,25,1,female,0,1,40,15,0
4738,undecided,50,1,female,1,6,114,15,0
4739,decided,27,1,female,0,2,89,9,0
4740,decided,56,1,male,0,4,28,20,1
4741,undecided,50,1,other,0,1,80,16,0
4742,undecided,36,1,female,1,3,102,15,1
4743,undecided,46,1,male,1,4,92,15,0
4744,decided,61,1,male,1,6,92,20,1
4745,decided,57,1,male,1,3,80,20,1
4746,decided,51,0,male,1,5,75,12,1
4747,decided,44,1,male,1,4,146,18,1
4748,decided,50,1,female,0,1,54,8,0
4749,decided,57,0,male,1,4,50,8,0
4750,decided,31,0,female,0,3,30,8,0
4751,undecided,37,1,female,1,4,37,15,1
4752,decided,44,1,male,1,4,30,18,1
4753,decided,59,1,female,1,3,47,20,1
4754,undecided,50,0,female,1,6,140,15,1
4755,decided,63,0,male,1,4,30,20,1
4756,decided,48,1,female,1,2,64,20,1
4757,decided,31,1,female,1,3,80,18,1
4758,decided,60,1,other,1,3,75,20,1
4759,decided,48,1,other,0,1,112,18,1
4760,decided,49,0,female,1,2,108,20,1
4761,undecided,62,1,female,0,1,90,13,0
4762,undecided,61,0,female,1,2,82,20,0
4763,decided,57,1,female,1,2,58,18,1
4764,decided,49,1,female,0,1,68,20,1
4765,decided,43,1,other,1,3,5,20,1
4766,undecided,64,1,male,1,4,142,20,0
4767,undecided,36,1,female,1,4,108,15,1
4768,decided,74,0,other,1,4,71,8,1
4769,decided,40,1,female,1,2,63,18,1
4770,decided,48,1,female,1,4,68,20,1
4771,decided,36,0,female,1,3,96,18,1
4772,decided,33,1,male,1,6,130,12,0
4773,undecided,46,1,female,1,5,91.5,15,1
4774,undecided,65,0,female,0,2,98,20,0
4775,undecided,42,1,female,1,6,39,15,0
4776,undecided,34,1,male,1,2,28,15,0
4777,undecided,48,1,female,1,5,127,18,0
4778,undecided,33,1,female,1,2,57,15,0
4779,undecided,39,1,female,1,3,169,18,0
4780,decided,33,0,other,1,6,93,12,1
4781,undecided,47,1,other,1,4,103,18,0
4782,undecided,42,1,other,1,3,94,15,0
4783,decided,43,1,female,1,3,83.5,8,1
4784,decided,47,1,female,0,1,58,20,1
4785,decided,26,1,female,1,5,261,15,1
4786,decided,48,1,male,1,3,224,10,0
4787,undecided,35,1,female,0,3,134,18,0
4788,decided,52,1,female,1,6,177,15,1
4789,undecided,44,1,female,1,7,78.5,18,0
4790,decided,35,1,female,0,3,9,12,1
4791,undecided,57,1,female,1,6,103,20,0
4792,undecided,37,1,female,1,7,23,18,0
4793,undecided,55,1,female,1,7,60,16,0
4794,decided,48,1,female,1,2,59,8,0
4795,undecided,50,1,female,1,4,81,16,0
4796,undecided,44,1,female,0,1,218,8,1
4797,decided,60,1,male,0,1,74,20,0
4798,undecided,53,1,female,1,3,127,15,1
4799,undecided,51,1,other,1,2,140,20,1
4800,undecided,40,1,female,1,4,173,18,0
4801,decided,22,1,other,1,4,104,8,0
4802,decided,69,1,female,1,3,143,20,1
4803,undecided,46,1,male,1,3,116,15,0
4804,decided,47,1,male,0,3,38.5,18,1
4805,decided,61,1,other,1,4,58,20,1
4806,decided,55,1,female,1,2,69,18,1
4807,undecided,37,1,male,1,3,136,15,0
4808,undecided,48,1,female,0,1,57,18,0
4809,decided,46,1,female,1,3,139,20,1
4810,undecided,51,1,female,1,4,93,13,1
4811,decided,60,1,male,0,1,13,20,1
4812,decided,48,1,female,1,2,64,20,1
4813,decided,52,1,female,1,5,32,18,1
4814,decided,44,1,female,1,5,147,12,0
4815,decided,37,1,female,1,2,120,12,0
4816,decided,60,1,male,0,2,57,8,0
4817,undecided,59,1,female,1,2,31,20,0
4818,undecided,53,1,female,1,3,132,18,0
4819,decided,79,1,male,0,2,94,20,0
4820,decided,51,1,female,0,2,165,8,0
4821,decided,61,1,female,0,6,26,8,0
4822,decided,37,1,female,0,1,119,12,1
4823,undecided,43,1,female,1,3,73,15,1
4824,decided,54,1,female,1,2,153,20,1
4825,undecided,50,1,female,1,6,242,18,0
4826,decided,43,1,female,1,4,72,18,1
4827,decided,36,1,female,1,5,21,8,0
4828,undecided,50,0,female,0,2,94,20,0
4829,decided,37,1,female,1,5,99,12,1
4830,decided,59,1,female,1,3,91,20,1
4831,decided,39,1,male,1,4,170.5,18,0
4832,decided,43,0,female,1,4,163,12,1
4833,undecided,29,1,female,1,5,18,15,1
4834,decided,36,1,female,1,3,118,18,1
4835,decided,41,1,male,0,3,27,8,1
4836,decided,34,0,female,0,6,90,8,1
4837,decided,51,0,female,0,2,36,8,0
4838,undecided,48,1,female,1,2,157,15,1
4839,decided,43,0,female,1,3,86,8,0
4840,undecided,46,1,female,1,4,123,20,0
4841,undecided,45,1,other,1,3,90,15,0
4842,decided,53,1,female,0,2,5,8,1
4843,undecided,59,1,female,1,5,35,16,0
4844,decided,37,0,female,1,4,110,12,0
4845,decided,42,1,female,1,2,135,18,1
4846,decided,33,1,female,1,4,54,8,0
4847,decided,47,0,female,1,4,27,18,1
4848,undecided,60,1,female,1,3,137,20,0
4849,decided,71,1,female,1,3,95,20,1
4850,decided,34,1,male,0,1,167.5,8,1
4851,undecided,49,1,female,1,7,136,15,1
4852,decided,48,1,female,1,2,29,9,0
4853,undecided,55,1,male,1,3,94,13,0
4854,undecided,51,1,female,1,3,100,15,1
4855,undecided,45,1,male,1,5,45,15,0
4856,decided,38,1,male,1,4,133,18,1
4857,undecided,59,1,male,1,4,138,16,0
4858,undecided,35,1,female,1,3,136.5,15,1
4859,undecided,46,1,female,1,3,204,18,0
4860,decided,31,0,female,1,3,182,15,0
4861,decided,43,1,female,1,5,87,8,1
4862,undecided,61,1,female,1,3,66.5,13,0
4863,decided,50,1,female,1,5,87,9,1
4864,undecided,67,1,other,1,3,91,16,0
4865,undecided,38,1,male,1,7,101,15,0
4866,undecided,44,1,male,1,5,128,15,1
4867,decided,41,1,female,1,4,140,9,1
4868,decided,33,1,female,0,1,70,8,1
4869,decided,46,1,female,1,3,146,8,1
4870,decided,46,1,female,1,5,227,15,1
4871,undecided,43,1,female,1,3,77,15,1
4872,undecided,43,1,female,1,3,166,18,0
4873,undecided,54,1,female,1,6,50,20,0
4874,decided,42,1,female,1,5,78,18,1
4875,decided,60,1,male,0,1,43,20,0
4876,decided,48,1,female,1,5,241,18,1
4877,decided,32,1,female,0,4,35,8,1
4878,decided,56,1,other,1,4,112,12,1
4879,decided,65,1,male,1,3,8,10,0
4880,decided,35,1,female,1,2,90,12,0
4881,undecided,50,1,female,0,1,105,18,0
4882,undecided,45,1,female,1,6,110,15,1
4883,undecided,62,1,female,1,3,26,20,0
4884,decided,55,1,female,1,5,11.5,8,0
4885,decided,38,1,female,0,4,70,12,1
4886,undecided,37,1,male,1,3,137,15,0
4887,decided,46,1,male,0,1,21,8,1
4888,decided,42,1,female,0,1,102,18,1
4889,decided,43,1,other,1,4,130,18,1
4890,decided,45,1,female,1,6,85,12,1
4891,undecided,61,1,female,1,3,181,8,1
4892,decided,48,1,male,1,2,5,20,1
4893,decided,48,1,female,1,6,181,18,1
4894,undecided,65,1,female,1,4,70,20,0
4895,decided,47,1,female,1,4,130,12,1
4896,decided,48,0,female,0,3,41,8,1
4897,decided,59,1,female,1,2,4,10,1
4898,decided,31,1,other,1,6,238,15,1
4899,decided,39,1,female,1,4,88,18,1
4900,undecided,61,1,female,1,2,34,20,0
4901,decided,32,1,female,1,2,12,9,1
4902,undecided,52,1,female,1,2,15,20,1
4903,undecided,51,1,female,1,3,64,18,0
4904,decided,50,1,male,0,1,184,15,1
4905,undecided,46,1,male,1,4,150,15,1
4906,decided,45,1,female,1,3,59,18,1
4907,undecided,56,1,female,0,1,46.5,18,0
4908,decided,38,1,female,1,2,188,15,0
4909,undecided,53,1,female,1,3,73,20,0
4910,undecided,39,1,other,1,3,91,18,0
4911,undecided,37,1,female,1,2,63,8,0
4912,undecided,59,1,female,1,2,106,20,0
4913,decided,46,1,male,1,7,49,8,1
4914,decided,50,1,female,1,4,53,12,0
4915,undecided,67,1,female,1,4,66,20,0
4916,decided,51,1,male,1,3,21,20,0
4917,decided,64,1,female,1,4,404,16,0
4918,undecided,37,1,other,1,3,164,15,0
4919,undecided,56,1,female,1,4,34,15,0
4920,decided,48,1,male,1,5,114,12,1
4921,undecided,35,1,male,1,3,141,15,0
4922,decided,64,1,male,1,7,71,8,0
4923,decided,51,1,female,0,1,21,20,1
4924,decided,52,0,other,1,2,72,20,1
4925,undecided,46,1,female,0,3,29,18,0
4926,decided,45,0,male,0,4,94,8,0
4927,undecided,49,1,female,0,1,55,20,0
4928,decided,50,1,female,1,2,23,18,1
4929,undecided,68,1,other,1,4,29,13,1
4930,undecided,44,1,female,1,5,108.5,16,1
4931,undecided,54,1,female,1,4,86,15,0
4932,undecided,62,0,female,1,3,65,16,1
4933,decided,58,1,female,1,3,135,20,1
4934,decided,45,1,male,1,2,30,8,0
4935,decided,37,1,male,1,2,31,18,0
4936,decided,40,1,male,0,1,144,18,0
4937,decided,60,1,female,1,3,67,20,1
4938,undecided,74,1,female,0,1,40,20,0
4939,decided,54,1,female,0,1,183,20,1
4940,decided,57,0,female,0,2,46,8,1
4941,undecided,34,1,female,1,2,147,18,0
4942,decided,50,1,female,0,1,192,20,1
4943,decided,53,1,female,0,1,38,8,1
4944,undecided,31,1,female,1,7,134,15,0
4945,decided,62,1,male,1,2,127,20,0
4946,decided,42,1,other,1,3,76,20,1
4947,decided,63,1,male,0,3,15,8,1
4948,undecided,48,1,female,1,4,137,15,1
4949,decided,43,1,female,0,2,18,8,0
4950,decided,49,1,female,0,2,6,18,1
4951,decided,48,0,female,0,1,71,8,0
4952,decided,22,0,female,1,5,105,12,1
4953,decided,56,1,female,0,1,88,20,1
4954,undecided,36,1,female,1,4,122,15,0
4955,decided,60,0,female,1,3,63,20,1
4956,decided,44,1,female,1,6,190,15,1
4957,undecided,33,1,female,1,5,56,15,1
4958,undecided,43,1,female,1,6,97,15,1
4959,decided,40,1,female,1,2,38.5,8,0
4960,decided,41,1,female,1,3,60,18,1
4961,undecided,59,1,female,1,3,101,20,0
4962,decided,36,0,female,1,2,51,12,1
4963,decided,34,1,male,1,2,56,8,0
4964,decided,39,1,female,1,2,29,8,1
4965,decided,64,1,female,0,3,12,20,1
4966,undecided,37,1,female,1,3,56,15,0
4967,undecided,59,1,female,0,2,55,16,0
4968,decided,36,0,male,1,5,109,12,1
4969,undecided,40,1,other,1,7,105,12,1
4970,decided,55,0,female,0,2,73,8,1
4971,decided,48,1,male,1,5,56,20,0
4972,undecided,51,1,female,1,7,58,18,0
4973,decided,47,1,male,1,4,104,18,1
4974,decided,52,1,female,0,1,56,18,1
4975,decided,53,1,female,0,4,57,20,1
4976,undecided,37,1,other,1,4,112,15,0
4977,decided,32,1,male,0,6,169,8,1
4978,undecided,38,0,female,1,3,17,18,0
4979,undecided,31,1,female,1,2,119,15,1
4980,undecided,46,1,female,1,3,125,18,0
4981,decided,56,1,male,1,4,120,20,1
4982,decided,41,1,male,1,4,46,10,0
4983,undecided,31,1,female,1,3,65.5,18,0
4984,decided,47,1,female,0,3,25,9,1
4985,decided,27,1,female,1,7,135,12,1
4986,undecided,46,1,female,1,4,80,18,0
4987,undecided,39,1,female,0,2,143,15,1
4988,undecided,45,1,female,1,4,120,18,0
4989,decided,59,1,other,1,7,190,8,0
4990,decided,39,0,female,1,2,46,8,0
4991,undecided,47,1,female,0,1,92,15,0
4992,undecided,51,1,female,1,3,193,20,0
4993,decided,42,1,female,1,5,362,12,1
4994,undecided,46,1,male,1,5,89,15,1
4995,undecided,52,1,female,1,2,186,18,0
4996,decided,48,1,female,1,2,26,20,1
4997,decided,57,0,male,1,4,125,8,1
4998,decided,36,1,female,1,7,133,18,1
4999,decided,54,1,male,0,2,90,18,0
5000,undecided,48,0,female,0,1,71,15,0
5001,decided,51,1,female,1,2,36,20,1
5002,decided,51,1,female,1,4,36,20,1
5003,undecided,65,1,other,1,4,52,20,0
5004,undecided,34,1,other,1,5,39,15,0
5005,undecided,54,1,female,0,1,146,20,0
5006,decided,36,1,male,0,1,34,8,1
5007,decided,24,1,female,1,3,177,8,0
5008,decided,37,1,female,1,4,99,12,1
5009,undecided,45,1,female,1,3,5,15,0
5010,undecided,57,1,female,1,3,159,16,0
5011,undecided,41,1,female,1,5,114,15,0
5012,undecided,69,1,female,1,5,57,13,1
5013,decided,44,1,female,1,2,29,9,0
5014,decided,52,1,female,1,2,4,18,1
5015,decided,34,1,female,1,4,77,18,1
5016,decided,46,1,female,1,4,185,8,0
5017,undecided,51,1,male,1,4,56,16,1
5018,decided,63,1,male,1,2,29,8,0
5019,decided,52,0,female,1,3,196,15,1
5020,decided,39,0,female,1,3,37,8,0
5021,undecided,43,1,female,1,6,124,16,1
5022,decided,54,1,female,0,3,35,8,0
5023,decided,51,1,male,0,1,28,18,1
5024,undecided,74,1,female,0,1,83,20,0
5025,undecided,44,1,female,1,5,71,15,1
5026,undecided,48,1,female,0,2,35,15,1
5027,undecided,48,1,female,0,3,164.5,15,1
5028,decided,49,1,female,1,3,40,18,1
5029,undecided,42,1,male,0,3,68,15,1
5030,undecided,69,1,female,1,3,6,20,0
5031,decided,33,1,male,1,7,154,18,1
5032,decided,44,1,female,1,5,319,12,0
5033,undecided,43,1,female,1,2,11,15,1
5034,decided,32,1,female,0,4,56,8,0
5035,undecided,68,1,other,1,5,61,13,1
5036,decided,48,1,female,1,5,51,18,1
5037,undecided,49,1,female,1,7,70,15,0
5038,decided,42,1,other,1,5,56,18,1
5039,decided,62,1,female,1,6,6,8,1
5040,decided,36,0,female,1,5,9,8,0
5041,decided,37,1,female,1,4,365,12,0
5042,undecided,46,1,female,1,2,67,20,0
5043,undecided,48,1,female,1,4,93,15,1
5044,decided,61,1,other,0,2,39,8,0
5045,undecided,56,0,female,1,5,182,20,0
5046,decided,26,1,female,1,4,142.5,8,1
5047,decided,65,1,male,1,3,44,20,1
5048,decided,54,1,female,1,6,119,20,1
5049,undecided,47,1,female,1,4,116,13,0
5050,undecided,44,1,male,1,4,79,15,0
5051,decided,28,1,female,0,7,67,11,1
5052,decided,61,1,female,0,4,31,20,1
5053,decided,60,1,male,1,2,123,20,1
5054,decided,57,1,female,0,6,13,18,1
5055,decided,42,1,female,1,5,85,12,0
5056,undecided,28,1,male,1,3,117,15,1
5057,decided,56,1,other,1,3,49,20,1
5058,decided,63,0,other,1,4,28,20,1
5059,undecided,61,1,female,1,3,133,16,1
5060,decided,69,1,female,0,1,68,20,1
5061,undecided,34,1,female,1,2,66,18,0
5062,decided,42,1,male,1,3,54,18,0
5063,undecided,33,1,female,1,6,97,15,0
5064,decided,64,1,male,1,2,144,20,0
5065,undecided,63,1,other,0,4,69,20,0
5066,undecided,58,1,female,1,7,77,16,0
5067,undecided,35,1,female,1,3,55.5,18,0
5068,decided,51,1,female,1,6,181,12,1
5069,undecided,42,1,female,1,2,101,18,0
5070,decided,76,0,female,0,3,25,8,0
5071,undecided,47,1,female,1,4,144,16,1
5072,undecided,50,1,female,1,2,62,15,1
5073,decided,52,1,female,1,5,58,20,1
5074,decided,49,1,female,1,4,86.5,18,1
5075,decided,54,1,female,1,3,112,10,0
5076,decided,58,1,female,1,4,295,20,0
5077,decided,45,1,male,1,3,88,18,0
5078,decided,70,1,female,1,2,57,20,1
5079,undecided,28,1,female,0,6,81,15,0
5080,undecided,49,1,female,1,4,161,18,0
5081,undecided,27,1,female,1,4,92,15,1
5082,undecided,39,1,female,1,4,149,15,1
5083,undecided,41,1,female,1,4,60,20,0
5084,undecided,24,1,female,1,6,60,15,0
5085,decided,39,1,female,1,3,63,12,0
5086,decided,54,1,male,1,3,71,9,0
5087,undecided,52,1,female,1,3,75,16,0
5088,decided,44,0,female,1,2,113.5,8,0
5089,decided,43,0,female,1,3,49,8,1
5090,decided,67,1,male,1,3,22,10,1
5091,decided,59,1,female,0,1,29,8,1
5092,decided,47,1,male,1,3,118,20,0
5093,undecided,41,1,male,1,4,105,18,1
5094,decided,36,1,male,0,6,39,9,1
5095,undecided,41,1,female,1,6,71,15,1
5096,undecided,54,1,female,1,3,84,20,0
5097,decided,37,1,female,1,4,110,8,1
5098,decided,57,1,female,1,4,158,8,0
5099,decided,39,1,female,0,4,118,12,1
5100,decided,37,1,female,1,5,70,12,0
5101,undecided,61,1,female,1,3,155,13,0
5102,decided,31,1,male,0,1,106,12,1
5103,undecided,35,1,female,1,2,108.5,15,0
5104,undecided,46,1,female,1,2,160,18,0
5105,undecided,68,1,other,1,3,79,20,0
5106,decided,73,0,male,1,3,45,20,1
5107,decided,52,0,female,0,1,33,8,0
5108,decided,36,1,male,1,3,135,18,1
5109,undecided,35,1,female,1,4,145,15,1
5110,decided,34,1,female,0,3,47,8,1
5111,undecided,44,0,female,1,3,128,13,0
5112,decided,41,1,female,1,5,168,18,1
5113,undecided,35,1,female,1,4,82,15,0
5114,decided,62,1,female,0,2,36,8,0
5115,decided,39,1,female,1,5,199,15,1
5116,decided,43,1,male,1,5,146,18,1
5117,decided,31,0,female,1,5,62,8,1
5118,undecided,54,1,female,1,2,29,20,0
5119,decided,74,1,female,1,3,99,20,1
5120,undecided,52,1,female,0,5,140,13,0
5121,undecided,43,1,female,1,6,114,15,0
5122,undecided,52,1,other,1,3,79,18,0
5123,decided,43,1,male,0,3,58,18,1
5124,undecided,54,1,female,1,5,120,15,0
5125,undecided,49,1,female,1,2,74,15,1
5126,decided,67,1,male,0,3,14,8,1
5127,undecided,47,1,female,1,6,82,20,0
5128,undecided,52,1,female,1,2,76,15,0
5129,decided,45,1,female,0,2,75,20,1
5130,decided,39,1,male,1,3,56,9,0
5131,undecided,61,1,male,1,2,62,13,0
5132,undecided,35,1,female,1,4,16,15,0
5133,decided,42,1,male,1,4,244,15,1
5134,undecided,38,1,female,0,4,15,15,0
5135,undecided,36,1,other,1,2,59,15,0
5136,decided,20,1,female,1,3,89,18,1
5137,undecided,31,1,female,0,1,123,18,0
5138,decided,29,0,female,1,3,340,8,0
5139,decided,31,0,female,1,4,16,8,0
5140,decided,38,1,female,1,4,155,18,1
5141,undecided,58,1,other,1,5,141,16,0
5142,decided,23,1,female,1,3,13,12,1
5143,decided,37,1,female,0,1,78,18,1
5144,decided,44,1,female,1,4,282,15,0
5145,decided,44,1,female,1,4,37,18,1
5146,undecided,40,0,male,1,7,68,15,1
5147,decided,44,1,female,1,4,55,8,1
5148,decided,46,1,female,1,3,10,18,1
5149,decided,61,0,other,1,2,5,8,0
5150,undecided,63,1,female,1,2,27,20,0
5151,undecided,75,1,female,0,5,5,20,0
5152,decided,55,0,male,1,5,37.5,8,1
5153,decided,49,1,female,1,4,21,8,1
5154,undecided,38,1,female,1,4,171,15,1
5155,undecided,43,1,female,1,5,69,15,0
5156,decided,56,1,female,1,2,137,8,0
5157,decided,48,1,female,0,1,21,8,1
5158,undecided,48,1,female,1,5,127,15,0
5159,undecided,54,1,female,1,4,154,16,0
5160,decided,65,1,female,1,2,20,20,1
5161,decided,38,1,female,1,3,152,12,0
5162,decided,51,1,female,1,4,137,8,0
5163,decided,57,1,female,1,7,66,8,1
5164,decided,36,1,female,1,5,114,12,0
5165,undecided,38,1,female,1,6,74,15,0
5166,undecided,47,1,female,1,4,50,20,0
5167,decided,60,1,male,1,4,77,20,0
5168,decided,54,1,female,0,1,21,8,0
5169,decided,68,1,male,1,3,69,20,0
5170,decided,48,1,female,0,1,32,20,1
5171,decided,36,1,female,1,3,108,12,1
5172,decided,43,1,female,1,4,156,18,1
5173,undecided,42,1,male,1,4,142,15,1
5174,undecided,47,1,female,1,3,89,20,0
5175,decided,37,1,female,1,3,102,12,0
5176,decided,48,1,female,1,4,115,12,1
5177,decided,53,0,male,1,2,86,20,0
5178,decided,67,1,male,1,2,24,20,1
5179,decided,63,1,female,0,1,47,20,1
5180,undecided,34,1,other,0,3,11,15,0
5181,decided,23,1,other,1,4,96,17,1
5182,decided,58,0,male,0,2,41,8,0
5183,decided,60,1,female,1,2,99,20,1
5184,decided,34,1,female,1,4,196,8,1
5185,decided,48,1,other,1,3,153,8,0
5186,undecided,47,1,female,1,3,85,18,0
5187,decided,45,1,female,0,4,19,18,1
5188,undecided,35,1,female,1,5,57,15,1
5189,decided,47,1,female,1,7,93,8,0
5190,decided,53,1,male,1,2,159,10,0
5191,undecided,53,1,female,1,5,41,13,0
5192,undecided,35,1,female,0,4,100,15,0
5193,decided,36,1,male,0,2,82,18,1
5194,decided,44,1,male,1,2,417,18,0
5195,decided,57,1,male,0,1,83,20,0
5196,undecided,53,1,female,1,5,77,13,0
5197,decided,57,1,other,1,4,87,18,1
5198,decided,41,1,female,1,6,149.5,12,0
5199,decided,50,1,female,1,4,67,18,1
5200,undecided,65,1,female,1,4,95,20,0
5201,decided,50,1,other,1,5,82,12,1
5202,decided,67,1,male,1,4,70,20,0
5203,undecided,58,1,other,1,5,120,15,1
5204,decided,52,1,male,0,2,132,20,0
5205,undecided,32,1,female,1,2,171,15,1
5206,decided,36,1,female,1,3,79,18,1
5207,undecided,76,1,female,1,3,89,16,1
5208,undecided,57,1,male,1,4,117,13,1
5209,decided,50,1,female,1,5,494,18,1
5210,undecided,66,1,female,1,2,187,20,0
5211,decided,49,1,female,1,4,144,12,1
5212,undecided,43,0,female,0,1,116,15,0
5213,decided,42,0,male,0,1,54,8,0
5214,undecided,35,0,female,1,3,120,15,1
5215,decided,37,1,female,1,4,155,12,1
5216,decided,52,1,other,0,2,101,20,1
5217,decided,34,0,female,1,3,11,8,0
5218,undecided,27,1,male,1,4,65,15,1
5219,undecided,49,0,female,1,5,107,15,0
5220,decided,63,1,male,1,3,118,20,1
5221,undecided,64,1,female,1,6,110,13,0
5222,undecided,45,1,female,1,5,101,15,0
5223,decided,56,1,male,1,3,96.5,18,0
5224,undecided,55,1,female,1,4,179,18,0
5225,decided,41,1,female,1,2,69,9,1
5226,decided,44,1,female,1,4,124,20,1
5227,decided,37,1,female,1,3,90,12,0
5228,decided,54,1,male,1,4,57,20,0
5229,undecided,47,1,male,0,4,85,16,1
5230,undecided,42,1,female,1,6,118,15,1
5231,decided,42,1,female,0,3,48,18,1
5232,undecided,47,1,female,1,2,89,15,1
5233,decided,46,1,male,1,5,111,20,0
5234,decided,42,1,female,0,1,33,18,1
5235,decided,50,1,female,1,3,334,18,0
5236,decided,45,1,male,1,4,191,20,0
5237,decided,48,1,male,1,6,73,12,0
5238,decided,29,1,female,1,2,137,12,0
5239,decided,65,1,male,1,5,174,20,1
5240,undecided,61,1,female,1,6,71,13,0
5241,decided,47,1,female,0,1,87,9,1
5242,decided,40,1,female,1,7,412,15,1
5243,undecided,61,1,female,1,2,60,20,0
5244,decided,42,1,female,1,3,75,12,1
5245,decided,56,1,male,1,5,84,18,1
5246,decided,60,0,female,1,6,63,8,1
5247,decided,52,1,male,0,1,66.5,18,1
5248,decided,62,1,female,0,1,134,20,1
5249,undecided,44,1,female,1,3,66,18,0
5250,undecided,69,1,female,0,5,5,20,0
5251,decided,39,1,female,1,3,497,8,1
5252,undecided,61,1,female,1,5,93,20,0
5253,undecided,63,1,female,1,3,179,20,0
5254,undecided,52,1,female,1,3,5,20,0
5255,undecided,38,1,female,1,5,111,15,1
5256,decided,60,1,female,0,2,80,20,1
5257,decided,48,1,female,1,4,82,20,1
5258,decided,27,0,male,0,4,5,18,0
5259,undecided,42,0,male,1,7,76,15,0
5260,decided,54,0,male,1,4,24,18,1
5261,decided,61,1,male,1,4,160,20,0
5262,undecided,43,1,male,1,5,240,15,0
5263,decided,41,1,female,0,1,491,18,1
5264,undecided,36,1,female,1,3,137,15,0
5265,undecided,38,1,male,1,3,61,15,0
5266,undecided,45,0,female,0,2,87,18,0
5267,decided,63,1,female,1,2,110,20,1
5268,undecided,41,1,male,1,6,167,15,0
5269,decided,58,1,male,0,1,62,20,1
5270,undecided,61,1,female,1,2,177,20,0
5271,undecided,50,1,female,1,4,30,20,0
5272,decided,39,1,female,1,5,87,18,1
5273,decided,44,1,other,1,6,177,8,0
5274,decided,54,1,female,1,3,66,10,1
5275,undecided,62,1,female,1,3,154,16,1
5276,decided,47,0,female,1,3,60,8,0
5277,undecided,71,1,female,1,4,60,20,0
5278,decided,56,1,female,1,3,38,20,1
5279,undecided,60,0,female,0,4,13,20,0
5280,decided,44,1,female,1,3,63,18,1
5281,decided,70,0,female,0,1,16,8,1
5282,undecided,43,1,male,1,3,132,15,0
5283,undecided,65,1,female,1,5,62,16,0
5284,decided,68,1,male,1,2,186,20,0
5285,decided,28,0,female,1,3,99,8,1
5286,decided,58,1,male,1,2,126,20,0
5287,undecided,36,1,female,1,3,125,15,1
5288,decided,46,1,female,1,2,113,20,1
5289,decided,44,1,male,1,2,67,18,0
5290,undecided,42,1,female,1,3,79,20,0
5291,decided,53,1,male,0,2,159,20,0
5292,undecided,36,1,female,1,4,137,15,1
5293,decided,64,1,male,1,3,26,20,0
5294,decided,35,0,female,0,6,87,12,0
5295,undecided,36,1,female,1,5,158,18,0
5296,decided,49,1,female,1,2,17,20,1
5297,decided,58,0,male,1,2,25,8,1
5298,decided,51,1,female,1,2,84.5,10,1
5299,decided,38,1,other,1,5,45,12,0
5300,undecided,35,1,female,1,5,173,15,1
5301,undecided,42,1,female,1,4,34,20,0
5302,decided,66,1,female,0,1,173,8,0
5303,undecided,60,1,female,1,4,4,20,0
5304,decided,48,0,male,1,3,208,20,1
5305,undecided,39,1,male,1,4,157,15,1
5306,decided,41,0,female,1,3,164,18,1
5307,decided,49,1,male,1,4,63,20,0
5308,undecided,43,1,female,1,3,88,8,0
5309,decided,37,1,female,1,3,116,18,1
5310,undecided,44,1,female,1,2,51,15,0
5311,decided,40,0,other,0,4,49,8,0
5312,decided,36,1,female,0,3,63.5,9,0
5313,undecided,61,1,female,1,2,100,16,0
5314,undecided,51,1,female,1,3,60,16,1
5315,undecided,35,1,female,0,1,85,15,1
5316,undecided,53,1,female,1,2,172,13,1
5317,undecided,37,1,female,0,1,35,18,0
5318,decided,61,1,male,1,3,134,20,0
5319,undecided,48,1,male,1,5,96,15,0
5320,decided,37,0,female,0,2,4,8,0
5321,decided,66,1,male,1,4,144,20,0
5322,decided,43,1,female,1,2,284,18,0
5323,undecided,50,1,female,0,1,96,20,0
5324,decided,41,1,female,1,4,111,8,1
5325,undecided,49,1,female,0,5,92,16,0
5326,decided,38,1,male,1,2,117,18,0
5327,decided,67,1,male,1,2,117,20,1
5328,undecided,38,1,female,1,4,159,15,0
5329,decided,50,1,female,0,3,275,8,0
5330,undecided,38,1,female,1,3,54,18,1
5331,undecided,26,1,female,1,2,109,18,0
5332,undecided,42,1,female,1,3,145,15,1
5333,undecided,39,1,female,1,6,141,15,1
5334,decided,65,1,male,1,3,65,20,1
5335,decided,57,1,female,0,1,13,8,1
5336,decided,43,1,male,1,2,89.5,20,0
5337,undecided,35,1,female,1,4,169,15,1
5338,decided,43,1,male,1,3,61.5,8,0
5339,decided,35,1,male,1,5,290,12,0
5340,decided,47,1,male,1,2,154,12,1
5341,decided,55,1,female,1,2,99,20,1
5342,decided,30,1,female,1,5,314,12,0
5343,decided,40,0,female,1,3,64,8,1
5344,decided,51,1,female,1,3,59,12,1
5345,decided,67,1,female,0,4,29,20,1
5346,undecided,45,1,female,0,1,42,18,0
5347,undecided,32,1,female,1,4,124,15,0
5348,decided,48,1,male,1,3,57,20,1
5349,undecided,50,1,male,1,2,33,16,0
5350,decided,41,1,male,1,2,481,8,1
5351,undecided,52,1,female,1,2,27,20,0
5352,undecided,35,1,female,1,4,43,15,1
5353,decided,55,1,male,0,2,29,10,1
5354,decided,62,1,female,1,4,36,20,1
5355,undecided,56,1,female,0,1,7,20,0
5356,undecided,66,1,female,1,3,413,20,1
5357,undecided,55,0,female,1,4,101,18,0
5358,decided,46,1,female,1,5,75,8,0
5359,decided,64,1,male,1,3,63,20,0
5360,decided,37,1,female,1,4,110,8,0
5361,undecided,47,1,female,0,1,58.5,15,0
5362,decided,68,1,male,0,1,56,8,1
5363,decided,34,1,female,1,4,111,8,0
5364,decided,42,1,male,1,2,33,8,1
5365,undecided,48,1,male,1,3,174,15,0
5366,undecided,27,1,female,0,1,69,18,0
5367,decided,37,1,female,1,4,196,12,1
5368,undecided,60,1,female,1,5,116,20,0
5369,decided,52,1,male,1,4,36,20,0
5370,decided,45,1,female,1,3,105,18,1
5371,undecided,44,1,female,0,1,62.5,18,0
5372,decided,38,1,male,1,6,27,9,1
5373,decided,50,0,female,0,1,22,8,1
5374,decided,42,0,male,0,1,59.5,8,1
5375,undecided,40,1,other,1,2,66,18,0
5376,decided,42,1,female,1,2,180,12,0
5377,decided,51,1,female,1,4,198,10,0
5378,decided,36,0,female,1,3,19,8,1
5379,decided,41,0,female,1,3,148,8,1
5380,undecided,46,1,female,1,3,59,18,0
5381,undecided,76,1,other,0,1,130,20,0
5382,decided,59,0,male,0,2,66,8,0
5383,decided,49,1,female,1,3,124,18,1
5384,decided,62,0,female,1,2,78,8,0
5385,undecided,42,1,female,1,2,157,15,0
5386,decided,47,1,female,1,3,238,15,1
5387,undecided,41,1,female,0,1,12,18,0
5388,undecided,35,1,female,1,3,155,15,1
5389,decided,43,0,female,0,3,34,8,0
5390,decided,54,0,male,0,1,48,8,0
5391,decided,49,1,male,1,5,128,18,1
5392,undecided,39,1,female,1,5,91,15,1
5393,undecided,49,1,female,1,3,94,20,0
5394,undecided,64,1,female,1,2,95,20,0
5395,undecided,25,1,female,1,5,127,15,1
5396,decided,57,1,female,0,4,144,18,1
5397,undecided,49,1,female,0,1,124.5,15,0
5398,decided,26,1,female,0,1,45.5,8,0
5399,decided,60,0,female,1,3,149,20,1
5400,decided,46,1,other,1,4,208,15,0
5401,undecided,50,1,other,1,3,165,20,0
5402,decided,55,1,female,1,3,83,18,1
5403,decided,65,0,female,0,1,14,8,1
5404,undecided,37,1,male,0,2,115,15,0
5405,undecided,70,1,female,1,3,26,20,0
5406,undecided,35,1,female,1,5,84,15,1
5407,undecided,51,1,female,1,2,158,18,0
5408,decided,27,1,female,1,4,133,12,0
5409,decided,61,0,male,1,2,126,8,1
5410,undecided,50,1,female,1,2,113,8,0
5411,decided,54,1,female,1,6,97,18,1
5412,decided,57,0,female,0,2,104,8,0
5413,decided,58,1,female,1,4,232,10,0
5414,decided,54,1,female,1,6,80,8,1
5415,decided,48,0,female,1,6,63.5,20,1
5416,undecided,50,1,female,1,3,78,15,0
5417,decided,52,1,male,1,5,139,18,1
5418,undecided,43,1,male,1,2,106,18,1
5419,decided,35,1,male,1,2,102,18,0
5420,decided,51,1,female,1,2,155,18,1
5421,undecided,38,1,female,1,5,127,15,0
5422,undecided,64,1,other,1,2,42,20,0
5423,undecided,53,1,female,1,4,69,15,0
5424,decided,48,1,female,1,5,101,12,0
5425,decided,33,1,female,0,1,74,9,0
5426,decided,45,1,female,0,1,317,18,0
5427,decided,68,0,female,1,2,91.5,8,1
5428,decided,50,1,male,0,1,78,20,0
5429,decided,37,1,female,1,5,47,18,1
5430,undecided,50,1,female,1,2,52,18,0
5431,undecided,46,1,female,1,5,132,15,0
5432,decided,42,1,female,0,4,35,18,1
5433,decided,49,1,female,1,5,127,12,1
5434,decided,38,1,female,1,4,265,15,1
5435,decided,52,1,female,1,6,304,15,1
5436,decided,51,1,female,1,4,79,20,1
5437,decided,35,1,female,1,5,28,12,1
5438,undecided,33,1,female,0,4,34,15,0
5439,decided,74,0,male,1,2,68,20,0
5440,decided,52,1,female,0,4,71,10,1
5441,decided,49,1,male,1,3,40,10,1
5442,decided,53,1,other,1,4,188,16,0
5443,decided,39,1,other,1,5,65,12,0
5444,undecided,47,1,female,1,2,157,18,0
5445,undecided,44,0,female,1,7,137,15,1
5446,undecided,48,1,female,1,5,147,15,1
5447,decided,35,1,female,1,5,313,15,0
5448,decided,46,1,female,1,2,147,12,1
5449,decided,41,1,male,1,4,56,8,0
5450,decided,46,1,female,1,5,179,15,1
5451,undecided,33,1,female,1,7,75,15,0
5452,decided,69,0,female,0,3,4,8,1
5453,decided,41,1,female,0,2,57,8,0
5454,decided,68,1,female,0,1,131,20,1
5455,undecided,49,1,female,0,1,45,13,0
5456,decided,54,1,female,0,2,54,20,1
5457,undecided,30,1,female,1,2,173,15,0
5458,decided,40,1,female,1,3,176,12,0
5459,decided,44,1,female,1,4,105,12,0
5460,undecided,40,1,female,0,1,64,18,0
5461,undecided,60,1,female,1,3,93,13,0
5462,undecided,37,0,other,1,4,97,15,0
5463,undecided,61,1,female,1,5,72,16,1
5464,decided,52,1,male,1,3,89,20,1
5465,decided,57,1,female,1,4,106,20,1
5466,decided,48,1,female,0,2,61,12,1
5467,decided,63,1,female,1,4,238,20,1
5468,undecided,30,1,female,0,3,47,15,1
5469,decided,68,1,female,1,3,162,20,1
5470,undecided,31,1,other,1,4,58,15,1
5471,decided,29,1,female,1,5,157,12,1
5472,decided,57,1,female,0,6,144,20,1
5473,decided,38,1,female,1,3,84,8,1
5474,decided,28,0,female,0,3,14,8,1
5475,undecided,19,1,male,0,3,59,14,0
5476,decided,35,1,female,1,5,74,12,0
5477,decided,43,1,male,1,5,155,18,0
5478,decided,47,1,female,0,1,124,9,1
5479,undecided,38,1,male,1,6,100,15,1
5480,undecided,48,1,female,0,1,176,20,0
5481,decided,31,1,male,1,2,62.5,18,1
5482,undecided,76,1,male,1,4,150,16,1
5483,decided,45,1,female,1,4,134,9,0
5484,undecided,39,1,female,1,3,46,18,0
5485,decided,52,1,female,1,3,36,9,0
5486,decided,39,0,other,1,4,325,15,1
5487,decided,48,1,female,1,5,193,20,1
5488,decided,23,1,female,0,4,76,8,1
5489,decided,53,1,female,1,7,87,12,0
5490,undecided,54,1,male,0,2,96,15,0
5491,decided,63,1,other,0,1,37,10,0
5492,decided,49,1,female,1,2,131,20,1
5493,undecided,47,1,female,1,3,45,16,1
5494,decided,45,1,female,1,2,59.5,9,0
5495,undecided,23,1,female,1,2,96,15,1
5496,undecided,57,1,female,1,6,173,16,0
5497,undecided,43,1,female,1,2,70,18,0
5498,decided,53,1,female,1,3,132,18,1
5499,decided,42,0,female,0,1,82.5,8,0
5500,undecided,41,1,female,1,5,89,13,1
5501,decided,50,1,female,1,3,77,20,1
5502,decided,48,1,other,1,5,329,20,0
5503,decided,43,1,male,1,3,394,12,1
5504,undecided,55,1,female,1,5,52,20,0
5505,undecided,61,1,female,0,1,87,20,0
5506,decided,35,0,male,1,3,114,8,1
5507,undecided,44,1,female,1,6,97,15,0
5508,decided,29,1,male,0,4,29,8,1
5509,decided,45,1,female,1,3,153,8,1
5510,undecided,41,1,female,1,3,64,18,0
5511,undecided,31,1,female,1,2,108,18,0
5512,decided,29,0,female,1,3,85,12,1
5513,decided,27,0,male,0,1,91,12,0
5514,decided,49,1,male,1,2,152,8,0
5515,decided,35,1,female,0,5,6,12,0
5516,decided,51,1,female,1,6,63,20,1
5517,decided,35,1,male,1,5,436,15,0
5518,decided,40,0,female,1,4,112,8,1
5519,decided,53,1,female,1,2,24,10,1
5520,undecided,47,1,other,0,7,25,15,0
5521,decided,36,1,female,1,5,154,12,1
5522,undecided,48,1,female,1,6,104,15,0
5523,undecided,64,1,female,1,3,153,20,0
5524,undecided,50,1,male,1,7,129,15,0
5525,decided,56,1,female,1,2,103,12,1
5526,decided,49,1,female,1,4,106,20,1
5527,decided,49,1,female,1,4,58.5,8,1
5528,undecided,36,1,other,1,3,96,18,0
5529,decided,36,1,female,0,3,68,8,0
5530,decided,61,1,male,0,4,32,10,0
5531,decided,37,1,male,1,4,58,18,1
5532,undecided,55,1,female,1,4,160,20,0
5533,undecided,51,1,male,1,6,125,13,0
5534,undecided,44,1,female,1,5,97,15,0
5535,undecided,70,1,female,0,1,72,13,0
5536,decided,46,1,female,1,6,197,12,1
5537,decided,51,1,male,1,5,11,9,0
5538,undecided,42,1,male,0,5,45,15,0
5539,undecided,65,1,female,1,2,118,16,0
5540,decided,52,1,female,1,4,193,15,1
5541,decided,43,1,other,1,4,71,18,1
5542,undecided,44,1,female,1,6,41,18,0
5543,undecided,45,1,female,0,1,5,18,0
5544,undecided,57,1,female,1,3,51,16,0
5545,undecided,35,1,female,1,5,93,15,0
5546,undecided,64,1,female,1,3,46,20,0
5547,decided,74,0,male,1,3,63,20,0
5548,decided,48,1,female,0,1,27,8,1
5549,decided,46,1,female,1,3,63,9,0
5550,decided,43,1,male,1,6,19,20,1
5551,decided,42,1,female,1,6,69,8,1
5552,decided,48,1,female,1,4,53,20,1
5553,decided,62,0,female,1,2,79,20,1
5554,undecided,49,1,female,1,2,69,16,1
5555,undecided,40,1,female,0,3,110,18,0
5556,undecided,46,1,female,0,2,66,15,0
5557,decided,54,1,female,1,5,56,18,1
5558,decided,56,1,female,1,3,122,12,1
5559,decided,45,1,female,1,5,179,15,1
5560,decided,46,1,female,0,2,88,10,0
5561,undecided,42,1,female,1,3,76,15,0
5562,decided,41,1,female,1,2,71,18,1
5563,undecided,46,1,female,0,4,9,20,0
5564,decided,41,1,male,1,4,234,15,0
5565,decided,32,1,female,1,5,150,18,1
5566,undecided,60,1,female,0,4,41,13,1
5567,decided,60,1,female,1,5,80,20,1
5568,decided,47,0,female,1,2,67,8,0
5569,undecided,56,1,female,1,4,171,20,0
5570,undecided,27,1,male,1,2,109,15,0
5571,decided,53,1,female,1,3,96,18,1
5572,decided,74,1,female,1,4,6,20,1
5573,undecided,41,1,male,1,2,148,15,0
5574,decided,59,1,female,0,1,179,20,1
5575,decided,42,1,male,1,3,65,18,0
5576,undecided,34,1,female,0,1,56,15,0
5577,undecided,53,1,female,1,2,128,20,0
5578,undecided,51,1,female,0,2,46,20,0
5579,decided,56,1,female,1,4,89,18,1
5580,decided,41,1,male,1,3,85,20,0
5581,undecided,80,0,female,0,5,43,16,1
5582,decided,53,0,female,0,2,23,8,1
5583,decided,56,1,female,0,1,31,20,1
5584,undecided,56,1,female,1,5,144,13,1
5585,decided,19,1,female,1,4,219,14,1
5586,undecided,43,1,female,1,2,66,9,1
5587,undecided,59,1,female,0,1,7,20,0
5588,undecided,65,1,female,1,3,21,20,0
5589,undecided,43,1,female,0,3,124,20,0
5590,decided,66,0,female,0,1,72,10,0
5591,decided,65,1,female,1,5,188,20,1
5592,undecided,45,1,male,1,2,143,15,1
5593,undecided,48,1,female,1,7,148,15,0
5594,decided,39,1,female,0,1,158,18,1
5595,decided,51,1,other,0,1,232,20,1
5596,undecided,43,1,female,1,3,148,15,0
5597,decided,69,1,female,1,3,260,16,0
5598,decided,41,0,other,1,4,53,8,0
5599,decided,49,1,male,0,2,21,12,1
5600,decided,38,1,male,1,3,141,18,0
5601,decided,24,1,male,0,2,64.5,8,1
5602,decided,41,1,other,0,1,91,8,0
5603,decided,56,1,male,1,3,150,20,1
5604,decided,40,1,male,1,4,204,12,1
5605,undecided,62,1,female,1,4,110,13,0
5606,decided,43,0,female,1,5,136,8,0
5607,undecided,41,1,female,1,5,48,15,0
5608,undecided,42,1,female,1,4,106,15,1
5609,decided,36,1,female,1,3,71,9,1
5610,decided,49,1,female,1,3,137,18,1
5611,decided,62,1,other,1,2,168,20,1
5612,decided,63,1,female,0,2,4,8,1
5613,decided,53,1,male,0,3,49,20,1
5614,decided,29,1,female,1,2,59,18,1
5615,decided,47,1,male,1,4,154,8,1
5616,undecided,67,1,female,1,4,70,20,0
5617,decided,41,1,female,1,4,82,12,1
5618,decided,47,1,male,1,2,72,20,0
5619,decided,49,0,male,1,3,29,10,1
5620,decided,50,1,female,0,1,63,18,1
5621,decided,33,1,male,1,7,124,18,1
5622,undecided,34,1,female,0,2,108,18,0
5623,decided,43,1,male,1,3,15,20,0
5624,undecided,54,1,female,1,3,70,13,1
5625,undecided,54,1,female,1,4,284,20,1
5626,decided,58,1,female,0,3,56,18,1
5627,decided,46,1,other,1,4,182,12,1
5628,decided,44,0,male,1,3,10,8,1
5629,undecided,47,1,female,1,6,126,15,0
5630,undecided,44,1,other,1,3,88,20,0
5631,undecided,51,1,other,1,4,117,20,0
5632,undecided,49,1,other,1,6,66,15,1
5633,decided,41,1,female,1,3,144,12,1
5634,decided,38,1,other,1,3,42,8,0
5635,decided,36,1,female,1,5,142,8,0
5636,decided,42,0,male,1,5,138,12,0
5637,undecided,48,1,female,1,2,68.5,15,0
5638,decided,32,1,other,1,3,92,12,1
5639,decided,63,1,male,1,4,165,20,1
5640,decided,51,1,female,1,3,190,15,0
5641,undecided,34,1,female,1,6,82,18,0
5642,undecided,41,0,female,0,1,10,15,0
5643,undecided,36,1,female,1,7,68,15,1
5644,decided,67,1,female,1,4,48,20,1
5645,undecided,40,1,male,1,5,116,15,0
5646,decided,26,1,male,0,1,49,18,1
5647,decided,40,1,female,1,2,91,8,1
5648,decided,49,1,female,1,2,47,8,0
5649,decided,64,1,female,0,3,30,20,1
5650,undecided,47,1,female,0,1,29,18,0
5651,decided,40,1,female,1,3,127,18,1
5652,decided,42,1,female,1,3,150,18,1
5653,decided,67,1,male,0,1,159,20,0
5654,decided,53,1,female,1,6,56,20,1
5655,undecided,47,1,male,1,3,151,15,0
5656,decided,50,1,female,1,5,49,12,0
5657,decided,35,1,female,1,3,77,18,1
5658,decided,42,1,female,1,5,75,10,0
5659,undecided,57,0,female,1,3,41,13,0
5660,decided,44,1,female,1,2,64,20,1
5661,decided,34,0,female,1,3,60.5,9,1
5662,decided,39,0,female,0,2,37,8,0
5663,undecided,42,1,female,0,1,69,18,0
5664,decided,40,1,male,1,5,160,12,0
5665,undecided,63,1,male,1,4,62,16,1
5666,undecided,49,1,female,1,4,96,15,1
5667,decided,40,0,male,1,2,108,8,0
5668,decided,50,1,female,1,2,223,8,1
5669,decided,35,1,female,1,6,55,12,1
5670,undecided,52,1,female,1,5,98,15,1
5671,decided,28,1,female,0,1,55.5,12,0
5672,decided,34,1,female,1,5,123,12,0
5673,undecided,59,1,female,1,3,79,20,0
5674,decided,55,0,other,1,5,292,20,1
5675,decided,25,1,female,1,6,113,8,0
5676,decided,39,1,female,1,7,177,15,0
5677,decided,55,1,female,0,2,62,20,1
5678,undecided,40,1,female,0,2,45,15,0
5679,decided,42,1,female,0,3,57,12,0
5680,undecided,47,0,female,1,3,136.5,20,0
5681,decided,52,1,female,0,2,151,18,1
5682,decided,55,0,female,1,3,88,18,1
5683,decided,51,1,male,1,3,138,20,0
5684,undecided,54,1,female,1,4,60,18,0
5685,undecided,46,1,female,1,4,95.5,18,0
5686,decided,52,1,female,0,1,135,18,1
5687,decided,58,1,female,0,1,50,20,1
5688,undecided,47,0,female,1,4,113,16,0
5689,undecided,48,1,male,1,6,38,13,0
5690,decided,56,1,female,1,3,94,9,1
5691,decided,54,1,female,1,5,41,12,0
5692,decided,32,0,female,0,1,81.5,8,1
5693,decided,37,0,female,1,2,47,8,0
5694,undecided,46,1,other,1,4,90,15,0
5695,decided,23,1,female,1,2,130,8,1
5696,decided,27,1,female,0,4,100,12,0
5697,undecided,49,1,female,0,1,111,18,0
5698,decided,58,1,female,1,6,115,20,1
5699,decided,48,1,female,1,2,62,20,1
5700,decided,59,1,female,1,3,77,20,1
5701,decided,51,1,female,1,5,91,8,1
5702,undecided,53,1,female,0,3,56,18,0
5703,undecided,54,1,female,1,4,125,15,0
5704,decided,41,1,female,1,2,169,8,1
5705,decided,55,1,male,1,5,55,20,1
5706,decided,43,1,female,1,3,37,20,1
5707,decided,42,1,female,1,3,195,18,1
5708,decided,32,0,female,1,7,61,8,1
5709,undecided,70,1,female,1,3,93,20,0
5710,decided,69,1,male,0,1,13.5,20,0
5711,decided,37,1,female,1,4,77,12,0
5712,decided,55,0,female,1,4,34,10,0
5713,undecided,67,1,female,1,5,115,13,1
5714,decided,71,1,female,1,2,120,20,1
5715,undecided,41,1,female,1,4,67,20,1
5716,undecided,40,0,female,1,3,130,15,1
5717,decided,47,0,male,1,5,130,8,0
5718,undecided,43,1,female,0,1,71,18,0
5719,decided,54,1,male,1,5,104,18,1
5720,decided,32,1,male,1,5,46,8,0
5721,undecided,33,0,other,1,6,103,15,1
5722,decided,62,1,male,0,1,145,20,1
5723,undecided,64,1,female,1,3,99,13,0
5724,decided,49,1,female,1,4,167,20,1
5725,decided,49,1,female,1,5,148,20,1
5726,decided,31,1,female,1,5,20,8,0
5727,undecided,41,1,female,1,3,105,15,0
5728,undecided,48,1,female,1,4,133,18,0
5729,undecided,59,0,male,1,4,123,13,1
5730,decided,42,0,male,1,3,49,18,1
5731,decided,62,1,other,1,4,51,20,1
5732,decided,53,0,male,1,5,61.5,8,1
5733,undecided,65,1,other,1,3,66.5,20,0
5734,undecided,68,0,female,1,2,75,16,0
5735,undecided,52,1,male,0,1,168,16,1
5736,undecided,53,1,female,0,3,65,13,1
5737,decided,35,1,female,1,5,281,18,0
5738,decided,38,1,female,1,3,160,18,1
5739,decided,71,1,male,1,2,100,10,0
5740,decided,43,1,female,1,4,71,18,1
5741,decided,50,1,female,1,3,44,18,1
5742,undecided,43,0,male,1,5,111,15,1
5743,undecided,57,1,female,1,4,69,18,0
5744,decided,40,0,female,1,2,57,12,1
5745,decided,30,1,female,1,3,199,12,1
5746,undecided,44,1,female,1,3,91,18,0
5747,decided,50,1,female,1,3,93,18,1
5748,undecided,46,1,other,1,6,146,15,0
5749,decided,45,1,other,1,3,100,20,1
5750,decided,36,1,female,1,5,53,12,1
5751,decided,50,1,other,1,4,180,15,0
5752,undecided,53,1,other,1,2,38,20,0
5753,decided,34,1,male,1,2,90,12,0
5754,decided,43,1,female,1,6,112,12,0
5755,decided,37,1,male,1,2,70,18,1
5756,decided,28,1,male,1,2,110,12,1
5757,undecided,50,0,female,1,2,78,18,0
5758,decided,34,1,male,1,5,95,18,0
5759,decided,49,0,male,1,4,104,18,0
5760,decided,32,0,female,0,3,16,8,0
5761,decided,48,1,female,1,2,79,18,1
5762,decided,43,1,male,1,3,37.5,18,1
5763,decided,42,1,female,1,4,198,15,1
5764,decided,56,1,male,1,3,105,20,1
5765,undecided,41,0,other,1,4,90,15,0
5766,decided,55,0,female,1,3,94,20,1
5767,decided,49,1,female,1,3,75,20,1
5768,undecided,45,1,female,1,4,157,15,0
5769,decided,64,1,female,0,1,80,8,0
5770,undecided,58,0,female,1,6,103,16,0
5771,undecided,53,1,female,0,2,67,18,0
5772,decided,22,1,female,1,3,13,8,1
5773,decided,51,1,female,1,5,160,12,1
5774,undecided,42,1,female,0,1,108,15,0
5775,decided,40,1,female,1,4,107,8,1
5776,decided,31,1,female,1,4,131,18,1
5777,undecided,55,1,female,0,5,110,13,0
5778,decided,59,1,male,1,2,53,20,1
5779,decided,34,1,female,0,2,80.5,18,1
5780,decided,38,1,female,1,4,112,18,1
5781,undecided,57,0,female,1,6,33,20,0
5782,decided,36,1,female,1,4,139,12,0
5783,decided,34,0,female,1,4,6,8,1
5784,undecided,49,1,female,1,2,35,18,0
5785,decided,56,0,female,1,2,90,20,1
5786,undecided,43,1,male,1,5,18,13,1
5787,undecided,55,0,female,1,3,60,20,0
5788,undecided,43,1,female,1,3,169,15,1
5789,decided,72,1,male,1,5,91,20,1
5790,decided,36,1,male,0,7,111,12,1
5791,decided,41,1,female,0,3,173,8,1
5792,undecided,49,1,female,1,5,74,18,0
5793,decided,37,1,male,1,2,131,18,1
5794,decided,49,1,female,1,3,220,12,1
5795,decided,62,1,female,1,6,139,20,1
5796,undecided,47,1,female,1,5,50,20,0
5797,undecided,33,1,other,1,4,142,15,0
5798,undecided,33,1,female,1,3,74,18,1
5799,undecided,42,1,female,1,2,116,18,0
5800,decided,48,1,female,1,4,5,10,1
5801,decided,28,0,female,1,7,140,8,1
5802,undecided,46,1,female,0,3,40,15,1
5803,decided,66,1,female,1,2,185,8,0
5804,decided,40,1,female,0,4,49,8,0
5805,undecided,33,1,female,1,3,40,15,1
5806,decided,57,0,female,1,5,30,8,1
5807,decided,52,0,female,1,2,111,18,1
5808,undecided,53,1,female,0,3,27,16,1
5809,decided,41,1,female,1,2,125,18,1
5810,undecided,55,1,other,1,2,61.5,20,0
5811,undecided,48,1,female,1,3,59,18,0
5812,decided,42,1,male,0,1,139,12,0
5813,decided,34,0,male,1,2,87,8,0
5814,decided,54,1,female,1,6,202,15,0
5815,decided,57,1,male,1,3,122,20,1
5816,undecided,41,1,female,1,5,58,16,0
5817,undecided,57,1,male,1,3,108,13,1
5818,undecided,34,1,other,0,5,20,15,1
5819,undecided,47,0,female,0,1,17,18,0
5820,decided,47,1,female,1,5,83,12,0
5821,decided,28,1,female,1,2,129,12,0
5822,decided,58,0,female,0,3,6,8,0
5823,decided,51,0,female,0,2,10,8,1
5824,undecided,35,1,female,0,1,109,15,0
5825,decided,57,1,female,1,4,182,15,1
5826,decided,62,1,female,1,3,182,20,1
5827,decided,66,1,female,1,2,70,20,1
5828,decided,36,1,female,1,2,177,12,1
5829,undecided,37,0,female,1,2,108,18,0
5830,undecided,48,1,female,0,2,17,18,0
5831,undecided,45,1,female,1,5,98,15,0
5832,undecided,41,1,female,1,3,37,18,0
5833,decided,41,1,other,1,4,125,8,0
5834,decided,54,1,female,1,2,90,20,1
5835,undecided,60,1,male,1,4,67,13,0
5836,undecided,47,1,female,1,3,56,18,0
5837,decided,68,1,male,1,2,55,8,1
5838,undecided,51,1,other,1,6,163,15,0
5839,undecided,45,1,female,1,2,134,18,0
5840,undecided,54,1,female,1,2,34,20,0
5841,decided,67,1,female,0,1,14,10,0
5842,undecided,38,0,female,1,6,87,15,0
5843,undecided,51,1,female,1,3,133,20,0
5844,decided,45,1,female,1,4,165,10,0
5845,undecided,48,1,female,1,3,182,20,0
5846,undecided,33,1,female,1,5,77,15,1
5847,decided,58,1,female,1,5,86,10,0
5848,decided,54,1,female,1,3,54,20,1
5849,decided,49,1,female,1,4,91,18,1
5850,decided,64,1,male,1,5,48,20,0
5851,undecided,37,1,female,1,3,96,18,0
5852,decided,50,1,female,1,5,71,8,0
5853,decided,35,0,female,1,3,125,12,0
5854,decided,65,1,male,1,3,100,20,1
5855,decided,49,1,male,1,3,493,15,0
5856,undecided,58,1,female,0,1,58,20,0
5857,decided,49,1,female,0,2,48,18,1
5858,decided,40,1,female,1,5,100,12,1
5859,undecided,32,1,male,1,6,86,15,0
5860,undecided,32,1,female,1,2,84.5,15,1
5861,decided,40,1,female,0,1,71,9,1
5862,undecided,34,1,female,1,7,60,15,1
5863,undecided,52,1,female,1,5,135,20,0
5864,decided,43,1,male,0,1,119,12,1
5865,undecided,47,1,female,1,5,118,15,1
5866,undecided,31,0,male,1,5,26,15,1
5867,undecided,56,1,female,1,4,51,20,0
5868,decided,43,1,female,0,2,80,8,1
5869,decided,44,0,male,0,1,65,8,0
5870,decided,51,1,male,0,1,37,18,1
5871,decided,60,1,other,1,3,157,8,0
5872,decided,49,0,male,0,1,37.5,8,1
5873,undecided,54,1,female,1,2,54,16,1
5874,decided,30,0,other,1,6,112,12,0
5875,undecided,44,1,female,1,4,37,18,0
5876,undecided,45,1,other,1,5,61,20,0
5877,undecided,36,1,other,1,5,100,15,0
5878,decided,57,1,female,1,4,76,20,1
5879,undecided,35,1,female,1,4,83,18,0
5880,decided,32,1,female,1,3,83,11,0
5881,undecided,47,1,female,1,5,68,15,1
5882,decided,25,1,female,1,3,148,12,0
5883,decided,45,1,male,1,4,63,18,1
5884,decided,32,0,female,0,4,21,11,1
5885,undecided,47,1,female,1,4,163,13,0
5886,decided,45,1,female,0,5,115,12,0
5887,decided,47,1,female,0,1,24,20,1
5888,decided,51,1,female,1,2,99,20,1
5889,decided,60,0,male,1,3,29,20,0
5890,decided,43,1,female,1,5,200,15,1
5891,decided,27,1,other,1,4,123,12,1
5892,decided,47,1,female,1,3,97,10,1
5893,decided,62,1,female,1,5,137.5,20,1
5894,decided,49,1,female,1,3,38,8,0
5895,undecided,42,1,female,0,2,67,18,0
5896,undecided,58,1,female,1,2,143,20,0
5897,decided,48,1,female,1,4,95,20,1
5898,undecided,29,1,male,0,2,76,15,1
5899,undecided,50,1,female,1,2,17,20,0
5900,decided,73,1,male,0,1,5,20,0
5901,undecided,36,0,female,1,4,94,15,0
5902,decided,52,1,female,1,2,455,20,1
5903,decided,40,1,female,1,2,214,18,1
5904,undecided,47,0,female,1,2,173,18,0
5905,undecided,48,1,other,1,3,52,13,0
5906,undecided,61,0,female,1,3,8,20,0
5907,decided,51,1,female,1,5,142,20,1
5908,undecided,77,1,female,1,3,87,16,0
5909,undecided,60,1,female,1,2,127,20,0
5910,undecided,51,1,female,1,3,65,15,1
5911,undecided,45,1,female,0,1,184,18,0
5912,undecided,38,1,male,0,2,102,15,1
5913,decided,51,1,female,0,2,20,10,0
5914,undecided,33,1,female,1,4,155,15,1
5915,undecided,56,1,female,1,3,167,16,0
5916,decided,50,1,female,1,2,148,20,1
5917,undecided,37,0,female,1,3,87,15,1
5918,undecided,40,1,male,1,4,129,15,1
5919,undecided,43,1,female,1,3,235,12,0
5920,decided,38,1,male,1,6,49,8,0
5921,undecided,62,1,male,1,4,91,16,1
5922,decided,57,1,other,0,1,7,8,1
5923,decided,63,1,female,0,5,239,20,1
5924,undecided,36,1,female,1,3,40,15,0
5925,decided,49,0,female,1,3,176,16,1
5926,decided,50,1,female,1,3,56.5,12,0
5927,decided,54,0,female,0,1,55,8,1
5928,undecided,48,1,female,0,1,38,18,0
5929,decided,49,1,female,1,2,288,15,1
5930,decided,63,1,female,1,2,78.5,20,1
5931,undecided,31,1,male,1,7,129,15,0
5932,decided,47,1,other,0,2,41,8,1
5933,undecided,52,1,female,1,5,126,20,0
5934,decided,55,1,male,0,3,9,9,1
5935,decided,71,1,female,1,3,40.5,20,1
5936,decided,53,0,male,1,3,152,20,0
5937,undecided,43,1,male,1,5,69,15,1
5938,decided,31,1,female,0,1,473,12,0
5939,undecided,30,1,female,1,5,134,15,1
5940,undecided,53,1,female,0,6,31,16,1
5941,decided,53,1,female,1,3,97,8,1
5942,decided,51,0,female,0,2,20,8,0
5943,decided,64,1,female,1,3,34,8,1
5944,decided,37,1,male,0,1,61,8,0
5945,decided,47,0,female,0,1,67,8,1
5946,decided,50,1,female,1,7,80,18,1
5947,undecided,54,1,female,0,1,202,18,0
5948,decided,58,1,female,1,3,204,18,1
5949,decided,44,1,male,1,5,93,18,1
5950,decided,57,1,male,1,3,60,18,0
5951,decided,52,1,female,1,2,114,20,1
5952,undecided,73,1,female,0,4,48,16,1
5953,undecided,67,1,female,1,3,134,20,0
5954,decided,20,1,female,1,3,106,12,0
5955,decided,48,1,male,1,2,10,20,1
5956,undecided,59,1,female,0,3,74,16,1
5957,decided,61,1,female,0,1,10,20,1
5958,undecided,48,1,female,1,6,78,20,0
5959,undecided,56,1,female,1,4,21,18,0
5960,undecided,48,0,female,1,2,12,15,0
5961,decided,58,1,female,1,2,47.5,10,1
5962,undecided,52,1,male,1,7,114,16,1
5963,decided,46,1,female,1,6,72,8,0
5964,decided,39,1,female,1,3,68,18,1
5965,undecided,55,1,female,1,3,55,15,1
5966,undecided,52,0,female,1,4,64,18,0
5967,undecided,63,1,female,1,4,46,16,1
5968,decided,43,1,female,0,4,54,18,1
5969,decided,52,1,female,1,4,190,10,1
5970,decided,36,1,male,0,1,70,9,0
5971,undecided,52,1,female,1,3,66,20,0
5972,decided,58,1,male,1,5,344,16,0
5973,decided,55,1,female,0,1,75,20,1
5974,undecided,57,1,female,1,3,80,20,0
5975,undecided,35,1,female,1,5,99,15,0
5976,decided,43,0,female,1,3,4,8,1
5977,decided,61,1,female,1,2,158,20,1
5978,decided,60,1,male,1,4,121,8,1
5979,decided,34,1,female,1,5,63,12,1
5980,decided,36,1,female,0,1,74,8,0
5981,decided,49,0,female,0,2,10,8,1
5982,decided,47,0,female,1,4,49,20,1
5983,undecided,54,1,female,1,3,161,16,0
5984,decided,41,1,male,1,6,138,8,0
5985,undecided,65,1,female,1,3,150,16,1
5986,decided,63,1,female,1,4,49,20,1
5987,undecided,60,1,female,1,5,125,16,0
5988,undecided,48,1,male,0,3,44,8,0
5989,undecided,34,0,other,1,4,93,15,0
5990,decided,35,1,male,1,6,139,12,1
5991,decided,47,0,other,1,5,75,18,1
5992,decided,49,1,female,1,2,125,20,1
5993,decided,47,1,female,1,3,84,20,1
5994,undecided,61,1,female,1,5,132,16,0
5995,undecided,47,1,male,1,5,105,15,1
5996,undecided,28,1,female,0,4,4,15,0
5997,undecided,65,1,female,1,5,77,13,0
5998,undecided,64,1,female,0,2,15,20,0
5999,undecided,44,1,female,0,1,89,18,0
6000,undecided,66,1,female,1,2,149,20,0
6001,undecided,36,1,other,0,3,130,12,1
6002,undecided,54,0,female,1,5,86,20,0
6003,decided,32,1,female,1,7,49,11,1
6004,decided,59,0,other,1,4,85,20,1
6005,decided,36,1,female,0,2,39,18,1
6006,decided,38,1,other,1,3,39,8,1
6007,decided,70,1,female,1,3,119,20,1
6008,decided,53,1,female,1,3,156,18,1
6009,decided,47,1,female,1,4,58,12,1
6010,decided,43,1,female,1,3,126,18,1
6011,decided,29,1,female,1,3,211,15,0
6012,undecided,43,1,female,1,5,169,15,0
6013,decided,57,1,female,0,1,18,9,0
6014,decided,46,1,female,1,6,77,12,1
6015,decided,32,0,female,1,2,186,15,1
6016,decided,55,1,other,1,4,120,20,1
6017,decided,43,0,female,0,6,126,8,0
6018,undecided,42,1,female,1,4,163,12,0
6019,decided,53,1,female,1,6,74,8,1
6020,decided,48,1,female,1,3,213,15,1
6021,decided,40,1,female,1,5,354,8,1
6022,decided,30,1,female,0,3,88,8,0
6023,undecided,63,1,female,1,3,65,20,0
6024,decided,46,1,other,0,3,105,10,0
6025,decided,52,1,female,1,6,469,15,0
6026,decided,41,1,other,1,3,28,12,1
6027,undecided,53,1,female,1,2,34,20,0
6028,decided,75,0,female,1,4,127,8,1
6029,undecided,31,1,female,0,2,74,15,0
6030,decided,38,1,female,0,3,203,15,0
6031,undecided,36,1,female,1,5,77,18,0
6032,decided,50,1,female,1,2,152,18,1
6033,decided,57,1,female,0,1,158,18,1
6034,decided,54,1,female,1,3,25,9,0
6035,decided,61,1,female,0,1,33,8,1
6036,decided,34,0,female,0,1,46.5,8,1
6037,decided,46,0,female,0,1,127,8,0
6038,decided,49,1,female,1,5,233,18,1
6039,undecided,63,1,female,0,3,37,20,0
6040,undecided,64,1,female,1,4,75,20,0
6041,decided,42,1,female,1,5,56,18,1
6042,decided,39,1,female,1,2,77,12,0
6043,decided,41,1,male,0,3,70,20,0
6044,decided,50,1,male,1,6,540,15,0
6045,decided,39,1,female,1,4,267,15,0
6046,decided,31,1,male,1,5,108,8,0
6047,undecided,41,0,female,1,7,76,15,1
6048,undecided,54,1,male,1,2,63,13,0
6049,decided,50,0,other,0,1,4,8,0
6050,undecided,31,1,female,1,4,109,15,1
6051,undecided,24,1,female,1,4,111,15,0
6052,undecided,65,1,female,1,2,33,20,0
6053,decided,39,0,female,0,1,88,18,1
6054,decided,35,1,female,1,5,110,12,1
6055,decided,44,0,female,1,2,202.5,9,0
6056,decided,47,1,female,1,3,101,8,0
6057,undecided,55,1,female,1,3,68,20,0
6058,undecided,64,1,female,1,3,56.5,20,0
6059,decided,43,1,other,0,2,35,20,1
6060,decided,47,1,female,1,6,40,8,1
6061,decided,55,1,female,1,5,156,8,1
6062,decided,38,1,female,1,5,109,12,1
6063,decided,53,1,female,1,6,112,8,0
6064,decided,47,1,other,0,2,113,18,1
6065,decided,27,0,female,0,2,20,8,1
6066,undecided,45,1,female,0,2,8,10,1
6067,undecided,48,1,female,1,5,85,15,1
6068,decided,52,1,female,1,2,119,18,1
6069,undecided,61,1,female,1,2,17,20,0
6070,decided,54,1,female,1,2,40,20,1
6071,decided,44,1,male,0,1,50,8,1
6072,decided,61,1,male,1,4,26,20,0
6073,undecided,42,1,female,1,5,172,15,0
6074,undecided,31,1,female,0,1,34,18,0
6075,decided,52,1,male,1,2,74,18,1
6076,undecided,42,1,other,1,6,153,18,1
6077,decided,39,1,female,1,6,97,18,1
6078,undecided,58,1,female,1,2,91,20,0
6079,undecided,40,1,male,1,2,57.5,15,1
6080,undecided,52,1,male,0,1,106,15,1
6081,undecided,64,1,female,1,5,78,20,0
6082,decided,53,1,male,0,3,92,20,0
6083,undecided,43,1,female,1,2,82,13,0
6084,decided,61,1,female,0,4,28,8,1
6085,undecided,50,1,female,1,2,37.5,20,0
6086,decided,38,0,female,1,4,334,12,0
6087,decided,61,1,other,0,2,5,8,0
6088,decided,76,0,female,0,2,4,8,1
6089,decided,67,1,female,0,3,137,20,1
6090,undecided,74,1,female,1,4,79,16,1
6091,decided,55,1,female,1,3,24,18,1
6092,decided,50,1,male,1,5,526,18,1
6093,decided,38,1,female,1,2,126,18,1
6094,undecided,57,1,female,1,2,93,20,0
6095,decided,48,1,male,0,1,73,20,1
6096,decided,48,0,male,1,3,140,8,0
6097,decided,51,1,female,1,2,155,20,1
6098,undecided,33,1,female,0,3,60,15,0
6099,decided,45,0,male,1,3,5,8,0
6100,undecided,61,1,female,1,7,156,13,0
6101,undecided,53,1,other,1,5,117,20,0
6102,undecided,50,1,female,1,3,34,20,0
6103,decided,48,1,female,0,1,44,18,1
6104,decided,64,0,female,1,3,30,20,1
6105,decided,67,1,male,0,4,58,20,0
6106,decided,54,1,male,1,4,119,18,0
6107,decided,36,1,male,1,4,87,12,1
6108,undecided,41,1,female,1,6,115,18,0
6109,decided,51,1,female,1,4,122,20,1
6110,decided,28,1,female,1,3,306,15,0
6111,undecided,48,1,female,0,2,101,18,0
6112,decided,43,1,male,1,4,73,18,1
6113,decided,49,1,male,1,2,45,8,0
6114,decided,69,1,female,1,4,162,20,1
6115,undecided,48,1,female,1,3,53,18,0
6116,decided,64,1,male,1,2,57,10,0
6117,decided,55,1,other,1,2,120,8,0
6118,decided,47,1,female,1,3,23,18,1
6119,decided,29,1,female,1,5,163,12,1
6120,undecided,26,1,other,1,6,10,15,1
6121,decided,55,1,female,1,7,100,12,1
6122,undecided,49,1,female,1,3,17,15,0
6123,decided,47,1,female,1,5,20,8,0
6124,decided,46,1,other,1,3,41,18,1
6125,decided,66,1,male,0,1,31,10,1
6126,undecided,65,1,female,0,1,158,16,1
6127,decided,47,1,male,1,2,117,20,0
6128,undecided,54,1,female,1,5,101,16,1
6129,decided,31,1,male,1,7,109,11,0
6130,decided,36,1,female,1,2,77,8,0
6131,decided,32,1,female,1,5,63,12,1
6132,undecided,30,1,female,0,1,171,15,1
6133,undecided,38,1,female,1,5,160,15,1
6134,undecided,48,1,female,1,3,174,18,0
6135,decided,36,1,male,1,2,191,12,1
6136,decided,47,1,female,1,7,28,12,0
6137,decided,52,1,female,1,3,35,20,1
6138,undecided,63,1,female,1,2,57,20,0
6139,decided,38,1,female,1,5,153,8,0
6140,decided,45,0,female,1,2,103,8,1
6141,decided,50,0,female,1,3,152,8,1
6142,decided,43,1,male,1,3,131,12,1
6143,decided,65,1,female,1,3,74,20,1
6144,undecided,53,1,female,1,2,130,13,1
6145,undecided,52,1,female,0,1,50,18,0
6146,decided,39,1,female,1,4,477,15,1
6147,undecided,66,0,female,1,5,107,16,0
6148,undecided,39,1,female,1,3,124,18,0
6149,decided,55,0,female,1,3,96,18,1
6150,undecided,61,1,female,1,5,116,20,0
6151,undecided,63,0,other,0,3,59,13,1
6152,undecided,76,1,female,0,1,93,16,1
6153,undecided,62,1,female,1,2,61,20,0
6154,decided,49,0,female,0,3,53,8,1
6155,undecided,55,1,female,1,2,80.5,20,0
6156,undecided,47,1,female,1,3,183,18,1
6157,undecided,56,1,female,1,4,5,18,0
6158,decided,50,1,female,1,7,75,18,1
6159,decided,39,1,male,0,2,97,9,0
6160,decided,33,0,female,0,5,82,12,0
6161,decided,56,1,female,1,2,41.5,20,1
6162,decided,34,0,female,0,2,29,8,1
6163,decided,51,0,male,1,3,210,8,0
6164,decided,52,1,female,1,3,497,20,0
6165,decided,37,1,female,1,2,115,18,1
6166,decided,54,1,female,1,2,154,8,1
6167,decided,55,1,male,1,2,100,20,1
6168,decided,64,1,female,1,4,454,20,1
6169,undecided,53,1,female,1,2,74,20,0
6170,undecided,62,1,female,1,5,162,13,1
6171,decided,32,1,male,1,6,286,15,0
6172,undecided,45,1,female,1,4,61,15,1
6173,decided,46,1,female,1,6,205,12,0
6174,undecided,48,1,female,0,2,87,20,0
6175,undecided,44,0,female,0,4,13,15,1
6176,undecided,61,1,other,0,3,9,20,0
6177,undecided,49,1,female,1,2,90,16,1
6178,undecided,44,1,other,0,4,51,15,1
6179,decided,50,0,female,1,5,99,18,1
6180,decided,62,1,female,1,3,27,20,1
6181,decided,59,1,female,0,5,46,20,1
6182,undecided,58,1,female,1,2,48,20,0
6183,undecided,41,1,female,1,3,32,18,0
6184,undecided,38,0,female,1,3,203,18,0
6185,decided,44,1,female,1,4,104,8,1
6186,decided,38,0,male,0,2,47.5,18,1
6187,undecided,58,1,female,1,5,113,20,0
6188,undecided,58,1,female,1,3,109,20,0
6189,decided,42,0,female,1,2,179,15,0
6190,decided,40,1,other,1,2,56,9,0
6191,decided,30,1,female,1,4,138,12,0
6192,decided,32,0,female,0,2,43.5,9,0
6193,undecided,34,1,female,1,7,131,15,0
6194,undecided,60,0,female,1,3,23,20,0
6195,undecided,40,1,female,1,5,56,15,0
6196,decided,32,0,male,1,2,130,12,0
6197,undecided,48,1,female,1,4,74,18,0
6198,undecided,69,1,male,1,2,124,16,1
6199,undecided,43,1,female,1,4,114,15,1
6200,undecided,54,1,female,1,3,51,20,0
6201,decided,42,1,female,0,2,71,8,1
6202,decided,77,0,female,0,5,114,8,0
6203,decided,62,1,female,1,3,120,20,1
6204,decided,57,1,other,1,5,100,10,0
6205,decided,42,1,female,1,2,5,8,1
6206,decided,52,1,other,1,2,14,18,1
6207,decided,30,0,female,1,2,27,9,0
6208,undecided,49,1,female,1,6,6,15,1
6209,undecided,51,1,female,1,6,115,16,0
6210,undecided,38,1,female,1,6,116,15,0
6211,undecided,39,1,female,1,2,43.5,15,0
6212,undecided,36,1,female,1,4,144,15,0
6213,undecided,53,1,female,1,2,57,20,0
6214,undecided,39,1,female,1,2,161,15,1
6215,decided,59,1,female,1,5,19,20,1
6216,undecided,21,1,female,1,3,98,14,0
6217,undecided,61,1,female,1,2,48,20,0
6218,decided,48,1,male,0,1,163,20,1
6219,undecided,55,1,other,1,4,40,15,1
6220,undecided,52,1,female,1,3,131,20,0
6221,undecided,34,1,female,0,2,11,18,0
6222,decided,54,0,male,1,3,112,20,0
6223,decided,54,1,female,1,3,66,20,1
6224,decided,72,1,female,0,2,34,8,1
6225,decided,37,1,male,0,3,41.5,12,1
6226,decided,70,0,female,0,3,132,8,1
6227,undecided,57,1,female,1,2,171,20,0
6228,undecided,47,1,female,1,4,163,20,0
6229,undecided,48,1,female,1,2,105,20,0
6230,decided,64,1,female,1,3,134.5,20,1
6231,decided,37,1,female,1,4,170,18,1
6232,undecided,41,1,female,1,5,111,15,0
6233,decided,38,1,male,1,6,426,12,0
6234,decided,58,1,male,1,2,186,20,1
6235,undecided,48,1,female,0,1,25,15,1
6236,decided,44,1,other,1,2,532,18,1
6237,undecided,45,1,female,1,3,136,15,1
6238,decided,66,1,male,1,3,166,20,1
6239,undecided,28,0,other,1,5,96,15,1
6240,undecided,37,1,female,0,4,58,18,0
6241,decided,34,1,female,1,5,139,11,1
6242,undecided,58,1,female,1,3,83,20,0
6243,undecided,50,1,other,1,5,241,8,1
6244,decided,52,0,male,0,1,38.5,20,1
6245,decided,36,0,female,1,2,88,18,1
6246,decided,33,1,female,1,3,86,18,1
6247,decided,76,1,male,1,3,22,20,0
6248,decided,48,1,female,1,5,103,20,1
6249,undecided,40,1,female,0,1,22,15,1
6250,decided,71,1,male,1,2,145,20,0
6251,decided,52,1,female,0,2,58,8,1
6252,decided,44,1,male,0,1,98,12,0
6253,decided,33,1,female,1,6,61,12,1
6254,undecided,46,1,female,0,2,38,15,0
6255,decided,45,0,other,1,4,46,8,0
6256,decided,49,0,female,0,2,4,8,0
6257,decided,45,1,female,1,4,269,20,0
6258,decided,54,1,female,1,5,35,8,1
6259,decided,54,1,male,0,1,99,20,0
6260,undecided,48,1,female,1,3,14,20,0
6261,decided,45,1,female,1,5,184,9,1
6262,decided,63,1,other,1,2,45,8,0
6263,decided,38,1,female,1,4,127,12,1
6264,decided,36,1,female,1,4,229,12,1
6265,undecided,48,1,female,1,6,50,12,1
6266,decided,56,1,male,0,2,165,20,1
6267,decided,64,1,male,0,6,20,20,1
6268,decided,56,1,female,1,2,62,18,1
6269,undecided,63,1,female,1,5,14,20,0
6270,decided,38,1,male,0,2,35,9,0
6271,decided,53,1,male,0,1,138,20,0
6272,undecided,44,1,female,0,1,177,16,1
6273,decided,61,1,female,0,2,9,8,0
6274,decided,35,1,male,0,1,237,15,1
6275,decided,47,1,other,1,5,106,20,1
6276,decided,52,0,male,0,1,132,8,1
6277,undecided,55,1,female,1,5,100,18,0
6278,undecided,40,1,female,0,1,79,16,0
6279,decided,31,0,female,1,5,183,15,0
6280,decided,52,1,female,1,6,41,8,0
6281,undecided,40,1,female,1,6,87,15,1
6282,decided,29,0,female,0,5,135,8,0
6283,undecided,39,0,male,1,3,77,15,1
6284,decided,53,1,female,1,3,31,18,1
6285,undecided,53,1,female,1,3,110,20,0
6286,undecided,44,1,other,1,5,42,15,0
6287,decided,38,1,female,1,4,116,12,0
6288,undecided,48,1,female,1,4,145,18,0
6289,decided,35,1,female,1,3,83,18,1
6290,undecided,52,1,female,1,6,141,15,0
6291,decided,30,0,male,0,1,37.5,18,1
6292,decided,68,0,male,1,6,165,20,0
6293,undecided,54,1,female,1,5,96,15,1
6294,decided,24,1,other,1,3,33,11,1
6295,decided,41,1,female,1,4,187,15,0
6296,decided,32,0,male,1,2,73,8,1
6297,undecided,36,1,female,1,3,345,15,1
6298,undecided,37,1,other,0,1,70,18,0
6299,decided,72,1,other,1,2,61,20,1
6300,undecided,44,1,female,1,6,173,15,0
6301,decided,51,1,female,1,5,252,12,0
6302,undecided,45,1,female,0,1,87,20,0
6303,undecided,62,1,female,1,4,8,20,0
6304,undecided,30,1,other,0,2,27,14,0
6305,undecided,59,1,female,1,4,100.5,13,1
6306,undecided,78,1,female,1,5,127,20,0
6307,decided,47,0,female,0,1,34,8,1
6308,decided,37,1,female,1,3,74,8,1
6309,decided,34,0,female,1,3,100,8,1
6310,decided,49,1,female,0,4,55,18,1
6311,undecided,53,1,other,1,4,5,16,1
6312,decided,36,1,female,1,5,69,12,1
6313,undecided,38,1,female,1,5,112,15,0
6314,undecided,60,1,female,0,1,60,16,0
6315,undecided,41,1,female,1,4,87,15,1
6316,undecided,37,1,female,1,3,138,18,0
6317,decided,35,0,female,1,5,29,12,0
6318,decided,49,1,male,0,4,25,9,1
6319,decided,48,0,male,0,1,145,20,0
6320,undecided,55,1,female,1,3,28,20,0
6321,undecided,48,1,female,1,6,124,18,0
6322,decided,36,0,male,1,3,100,12,0
6323,decided,32,1,female,1,4,323,18,0
6324,undecided,45,1,female,1,4,100,18,0
6325,decided,34,1,female,1,5,99,8,0
6326,decided,44,1,female,1,4,202,15,0
6327,decided,30,0,female,0,1,82,8,0
6328,decided,39,1,female,1,5,209,15,1
6329,undecided,60,1,female,1,3,26,20,0
6330,undecided,31,1,female,1,4,103,15,0
6331,decided,57,1,male,0,1,24,8,0
6332,decided,44,1,female,1,2,101,12,1
6333,decided,50,1,female,0,4,25,8,0
6334,undecided,42,1,female,1,2,164,15,0
6335,decided,49,0,female,1,4,163,8,1
6336,decided,61,0,male,1,3,95,20,0
6337,decided,46,1,female,0,1,104.5,20,1
6338,decided,24,1,female,0,3,227,12,1
6339,undecided,57,1,female,1,5,162,13,0
6340,decided,29,1,male,1,4,288,12,1
6341,undecided,51,1,female,1,7,128,15,0
6342,decided,40,1,female,1,5,149,12,0
6343,decided,61,0,other,1,3,136,20,1
6344,undecided,71,1,female,1,4,56,20,0
6345,decided,52,1,male,0,1,134,18,1
6346,decided,52,1,female,1,2,9,8,1
6347,decided,66,1,male,1,2,68.5,20,1
6348,undecided,47,1,female,1,6,77,20,0
6349,decided,42,1,female,1,3,57,20,1
6350,decided,61,0,female,1,4,48,8,1
6351,undecided,47,1,female,0,1,34,20,0
6352,undecided,60,1,female,1,4,124,20,0
6353,decided,60,1,male,0,1,51,20,1
6354,decided,42,1,female,1,6,239,12,0
6355,decided,34,1,female,1,5,174,8,1
6356,undecided,42,1,female,1,3,210,18,0
6357,undecided,43,1,other,1,2,39,18,0
6358,decided,67,1,male,1,5,137,20,0
6359,undecided,50,0,other,1,3,31,16,0
6360,undecided,36,1,female,1,3,111.5,18,0
6361,decided,42,1,female,1,6,175,15,0
6362,decided,50,1,female,1,2,89,18,1
6363,decided,41,1,female,0,1,112,18,1
6364,undecided,54,1,female,1,2,155,16,0
6365,decided,56,1,male,1,4,298,15,1
6366,undecided,35,1,female,1,2,61,18,0
6367,decided,41,0,male,1,4,120,8,0
6368,undecided,75,0,female,1,3,52,20,0
6369,decided,22,1,female,1,5,105,12,0
6370,decided,33,0,female,1,6,118,17,1
6371,decided,50,1,male,1,2,64,20,1
6372,decided,50,1,male,1,2,101,18,0
6373,decided,42,1,female,0,1,6,18,1
6374,decided,32,1,female,1,5,64,8,0
6375,decided,59,1,female,0,1,114.5,20,1
6376,undecided,60,1,female,1,3,67,20,0
6377,undecided,56,1,female,1,5,45,20,0
6378,decided,50,1,other,0,1,82,20,1
6379,decided,38,0,male,1,3,147,12,1
6380,decided,61,0,female,1,3,35,8,1
6381,undecided,31,1,male,1,5,136,15,1
6382,undecided,39,1,female,1,2,111,18,0
6383,decided,64,1,other,1,2,83,20,1
6384,decided,35,1,female,0,3,181,8,0
6385,undecided,36,1,female,1,4,149,15,1
6386,undecided,68,1,female,1,4,63,16,0
6387,decided,73,0,male,0,2,77,8,0
6388,undecided,63,1,female,1,2,59,20,0
6389,decided,56,0,female,0,2,20,8,0
6390,decided,45,1,female,1,2,97,18,1
6391,decided,39,1,female,0,1,82,9,1
6392,decided,63,0,female,0,2,26,10,1
6393,undecided,35,1,female,1,2,134,15,1
6394,decided,38,1,female,1,3,60,18,1
6395,decided,39,1,female,1,3,101,12,1
6396,decided,58,0,female,1,2,28,8,1
6397,decided,44,1,female,1,7,335,15,1
6398,decided,50,1,male,1,4,108,20,0
6399,decided,69,1,female,1,2,9,8,0
6400,decided,65,1,female,0,2,24,8,1
6401,decided,68,1,male,1,5,15,8,1
6402,undecided,34,0,male,1,4,116,15,1
6403,decided,35,0,female,0,1,83.5,8,0
6404,decided,48,1,female,1,4,60,12,0
6405,decided,55,1,other,1,5,73,20,1
6406,decided,67,1,female,1,2,236,20,1
6407,undecided,41,0,female,1,5,120,18,0
6408,undecided,42,0,female,1,6,41,18,0
6409,decided,47,1,male,1,4,92,20,0
6410,decided,44,1,female,1,6,170,9,0
6411,decided,57,1,male,1,4,42,20,0
6412,undecided,53,1,female,1,3,43,18,0
6413,decided,39,1,female,1,5,99,12,0
6414,decided,23,1,female,1,5,153,12,0
6415,undecided,55,1,female,0,1,130,20,0
6416,undecided,37,1,male,0,1,98,15,0
6417,decided,44,1,female,1,5,112,8,0
6418,undecided,55,1,female,1,4,105,15,1
6419,decided,31,1,female,1,6,309,8,1
6420,decided,36,1,female,1,2,114,8,0
6421,undecided,32,0,female,1,6,82,15,0
6422,decided,27,1,female,1,6,110,8,0
6423,undecided,51,1,female,1,5,17,20,0
6424,undecided,62,1,female,1,3,89,20,0
6425,decided,49,1,female,1,3,60,18,1
6426,decided,34,1,other,1,3,65,8,1
6427,decided,62,1,male,0,2,5,20,1
6428,undecided,54,1,female,1,4,102,15,0
6429,decided,45,1,female,1,5,133,12,1
6430,decided,33,1,female,1,5,195,12,1
6431,undecided,47,1,female,0,2,42,18,0
6432,decided,43,1,female,1,2,27,18,1
6433,decided,42,0,female,1,4,43.5,9,0
6434,decided,66,1,female,0,2,47,20,1
6435,undecided,41,0,female,1,4,145,18,0
6436,undecided,53,1,female,1,2,58,18,0
6437,decided,34,1,other,1,3,199,12,1
6438,decided,37,1,female,1,6,225,15,0
6439,undecided,50,1,female,0,5,127,15,0
6440,decided,78,1,female,1,3,56,8,0
6441,decided,59,1,male,1,3,203,15,0
6442,undecided,38,1,female,0,1,103,18,0
6443,undecided,32,1,female,1,3,99,15,0
6444,undecided,67,1,female,1,4,68,20,0
6445,decided,21,1,male,1,6,31,12,0
6446,decided,46,1,female,1,2,62,9,0
6447,undecided,60,1,female,1,3,93,20,0
6448,decided,61,1,female,1,2,106,8,1
6449,decided,72,1,female,1,3,42,10,1
6450,undecided,32,1,female,1,5,138,15,1
6451,undecided,26,0,female,0,1,121.5,18,0
6452,decided,54,1,male,1,2,240,8,0
6453,decided,45,1,female,1,4,69,12,1
6454,decided,52,1,female,1,3,86,20,1
6455,undecided,34,0,female,1,2,116,18,0
6456,decided,47,1,female,1,5,76,12,0
6457,undecided,61,1,female,1,5,81,16,0
6458,undecided,66,1,female,1,3,13,20,0
6459,decided,65,1,male,1,5,332,20,1
6460,decided,42,1,female,1,4,94,12,1
6461,undecided,47,1,male,0,3,81.5,15,0
6462,undecided,60,1,female,1,5,64,20,0
6463,decided,52,1,female,1,2,146,12,1
6464,decided,57,0,female,1,3,93,8,1
6465,undecided,68,1,female,0,1,67.5,20,0
6466,undecided,57,1,female,0,1,98,20,0
6467,decided,50,1,female,1,3,99,18,1
6468,decided,35,0,male,0,1,156,8,1
6469,undecided,53,1,female,1,7,159,15,1
6470,decided,55,1,female,0,3,61,10,0
6471,undecided,43,1,female,1,6,127,13,0
6472,undecided,42,1,other,1,2,175,18,0
6473,undecided,50,1,female,1,4,80,20,0
6474,undecided,34,1,female,1,6,165,15,1
6475,decided,43,1,male,1,2,69.5,18,0
6476,decided,36,1,female,0,2,30,12,0
6477,decided,64,1,female,1,2,27,8,1
6478,decided,60,1,female,1,5,492,20,0
6479,decided,33,1,female,1,5,104,18,1
6480,undecided,57,1,female,0,1,40,13,0
6481,undecided,70,1,female,1,5,50,20,0
6482,decided,45,1,female,1,7,125,12,1
6483,undecided,50,1,female,1,5,120,15,0
6484,undecided,46,1,female,1,3,85,13,1
6485,undecided,46,1,female,1,3,58,18,0
6486,decided,48,0,male,1,4,127,18,0
6487,decided,49,1,female,1,5,156,20,1
6488,undecided,46,1,female,0,1,47,16,1
6489,decided,42,1,female,0,3,42,18,1
6490,undecided,65,1,female,0,2,93,20,0
6491,undecided,35,1,male,1,5,129,15,0
6492,decided,31,1,female,1,3,205,8,0
6493,decided,29,1,female,1,5,542,17,1
6494,decided,41,1,female,1,2,101,18,1
6495,undecided,76,1,female,1,4,76,20,0
6496,decided,55,1,female,0,1,123,20,1
6497,decided,44,1,female,0,1,113,20,1
6498,decided,51,0,female,1,3,136,8,1
6499,undecided,34,0,male,1,3,125,8,1
6500,decided,51,1,female,1,3,70,18,1
6501,undecided,34,1,female,1,6,126,15,1
6502,decided,35,1,female,1,5,128,18,1
6503,decided,76,1,male,1,3,144,20,1
6504,decided,49,0,female,0,1,18,8,0
6505,decided,67,1,male,0,1,6,8,1
6506,decided,50,1,male,1,2,81,8,0
6507,decided,56,0,male,0,1,199,8,0
6508,decided,60,1,male,1,4,163,20,1
6509,decided,47,1,male,1,5,128,8,1
6510,decided,50,1,male,1,4,97,20,0
6511,decided,35,1,male,0,4,192,8,1
6512,undecided,55,1,female,1,2,73,16,0
6513,decided,37,0,female,0,1,5,8,1
6514,decided,73,1,female,0,1,94,20,1
6515,decided,43,1,female,0,3,53,12,0
6516,decided,60,0,male,0,1,36,8,0
6517,undecided,46,1,male,1,4,58,15,1
6518,undecided,37,1,male,0,3,56,15,0
6519,undecided,62,1,female,1,2,74,16,1
6520,decided,39,1,female,1,4,102,8,0
6521,decided,44,1,female,1,5,455,15,1
6522,decided,48,1,male,1,3,6,8,1
6523,undecided,33,1,female,0,2,39,15,0
6524,undecided,49,0,female,1,3,172,18,0
6525,decided,47,1,female,1,2,146,8,0
6526,undecided,59,0,female,0,1,73,13,1
6527,decided,36,1,male,1,5,176,12,0
6528,decided,36,1,female,1,4,67,12,1
6529,decided,45,1,male,1,3,258,8,0
6530,decided,65,1,female,1,5,97,20,1
6531,undecided,61,1,female,1,4,129,13,0
6532,decided,33,0,female,0,1,46.5,8,0
6533,undecided,53,1,male,1,2,63,16,0
6534,decided,53,0,female,0,3,59.5,8,1
6535,decided,60,1,male,1,5,31,20,1
6536,decided,44,1,female,1,5,110,12,1
6537,decided,39,1,female,1,3,101.5,18,1
6538,undecided,45,1,female,1,2,163,18,0
6539,decided,56,1,female,1,3,75,20,1
6540,decided,45,1,male,1,2,126.5,8,0
6541,decided,52,0,female,1,4,327,15,0
6542,undecided,57,1,male,1,5,124,16,0
6543,undecided,44,1,female,1,3,170,18,0
6544,decided,64,0,female,0,1,11,10,0
6545,undecided,54,1,female,1,3,97,20,0
6546,decided,45,1,female,1,3,148,20,1
6547,undecided,76,1,male,1,3,61,16,1
6548,undecided,53,0,female,1,3,28,20,0
6549,decided,39,1,other,1,3,39,8,1
6550,decided,45,1,female,1,2,91,18,1
6551,decided,46,1,female,1,6,47,8,0
6552,decided,55,1,male,1,5,121,20,0
6553,decided,30,1,female,1,2,121,18,1
6554,undecided,42,1,female,1,3,70,18,0
6555,decided,31,0,female,1,2,266,18,1
6556,decided,46,0,male,0,1,32,20,1
6557,decided,42,1,male,1,5,100,8,1
6558,undecided,56,1,female,1,4,126,20,0
6559,decided,43,1,male,0,1,186,20,0
6560,decided,44,1,female,1,4,161,18,1
6561,decided,41,1,male,1,2,523,9,1
6562,decided,57,1,male,1,5,43,12,1
6563,undecided,52,1,other,1,6,74,16,0
6564,decided,60,1,female,0,2,38.5,10,1
6565,undecided,51,1,female,1,2,114,18,1
6566,undecided,60,1,female,1,3,160,20,0
6567,decided,47,0,male,1,6,60,8,0
6568,decided,51,1,female,1,4,93,8,0
6569,undecided,56,1,male,1,5,49,13,1
6570,undecided,25,1,female,1,4,41,15,1
6571,decided,48,1,female,1,5,134.5,8,0
6572,decided,74,1,female,1,3,171,20,1
6573,decided,43,0,male,1,2,122,18,0
6574,undecided,54,1,female,1,5,109,15,0
6575,decided,44,1,female,1,4,123,12,0
6576,decided,30,1,male,0,1,72,18,0
6577,decided,60,1,male,0,1,72,20,0
6578,undecided,51,1,female,1,5,72,20,0
6579,decided,56,1,female,1,4,58,20,1
6580,decided,19,1,female,1,7,222,8,0
6581,decided,35,0,female,1,4,78,8,0
6582,decided,41,1,female,1,3,36,18,1
6583,decided,58,0,other,1,2,70,20,1
6584,decided,61,1,male,0,2,122,20,0
6585,undecided,52,1,female,1,6,108,18,0
6586,decided,42,1,female,1,4,88,8,0
6587,undecided,52,0,female,0,1,73,18,0
6588,decided,34,1,male,1,4,192,15,1
6589,decided,55,1,female,1,6,180,15,0
6590,decided,40,0,female,0,1,47,20,1
6591,undecided,42,1,female,1,5,110,15,1
6592,undecided,69,1,female,1,4,91,16,1
6593,decided,75,1,female,0,2,22,20,1
6594,decided,24,1,male,1,2,132,17,1
6595,undecided,55,1,male,1,3,68,16,0
6596,undecided,38,1,female,1,2,31,18,0
6597,undecided,39,1,other,1,3,27,8,0
6598,decided,38,0,female,1,4,118,8,1
6599,undecided,44,1,female,1,2,48,15,1
6600,decided,42,1,other,1,5,256,18,1
6601,decided,43,1,female,1,5,65,8,0
6602,decided,51,0,female,1,2,69,20,1
6603,decided,51,0,female,0,1,52,10,1
6604,decided,24,1,male,1,2,131,18,1
6605,decided,33,0,male,1,3,68.5,8,1
6606,decided,44,1,male,1,5,89,18,0
6607,decided,41,1,male,1,4,97,12,1
6608,decided,50,1,female,1,3,33,18,1
6609,decided,67,1,female,1,2,83,20,1
6610,decided,44,1,male,1,3,47,20,0
6611,undecided,36,1,female,1,6,134,15,0
6612,undecided,55,1,female,1,3,125.5,8,0
6613,undecided,57,1,female,1,3,148,20,0
6614,undecided,40,1,female,1,4,137,15,1
6615,undecided,54,1,female,1,4,119,20,0
6616,undecided,45,1,female,0,6,5,16,0
6617,undecided,49,1,female,1,3,47,20,0
6618,decided,33,1,female,1,3,24,12,1
6619,decided,32,1,female,0,1,65.5,18,1
6620,undecided,69,1,female,1,3,218,20,0
6621,decided,36,0,female,0,2,7,8,0
6622,decided,44,0,female,0,1,27,18,1
6623,undecided,50,1,female,1,4,66,20,0
6624,decided,49,1,male,0,1,55,18,0
6625,decided,41,1,female,1,2,119,18,1
6626,decided,41,0,other,1,2,46.5,8,1
6627,decided,37,1,female,1,5,83,12,0
6628,decided,59,1,male,0,1,75,20,1
6629,undecided,28,0,female,0,1,81,15,1
6630,decided,41,0,female,1,6,96,8,0
6631,decided,50,1,male,1,4,6,18,1
6632,undecided,49,1,other,1,5,69,20,0
6633,undecided,62,1,female,1,4,103,13,0
6634,decided,43,1,other,1,3,199,15,1
6635,decided,41,1,female,1,2,8,18,1
6636,decided,37,0,female,1,3,102,8,0
6637,decided,42,1,female,1,7,256,15,0
6638,undecided,59,1,female,1,2,32,16,1
6639,decided,69,1,female,1,4,127,20,1
6640,decided,55,1,female,1,3,77,10,0
6641,undecided,45,1,female,1,4,119,12,1
6642,decided,40,1,female,0,1,48,8,0
6643,undecided,37,1,female,1,5,79,15,1
6644,undecided,57,1,female,1,5,88,16,1
6645,undecided,42,1,other,1,4,103,18,0
6646,decided,57,1,female,1,4,147,20,1
6647,undecided,38,1,female,1,4,29,18,0
6648,undecided,63,1,female,0,1,17,20,0
6649,undecided,46,1,female,1,2,51,18,0
6650,decided,53,1,female,0,1,26,20,1
6651,undecided,35,0,male,1,3,129,15,0
6652,decided,70,1,male,0,1,105,20,0
6653,decided,61,1,female,0,2,92,20,1
6654,undecided,46,1,male,1,3,146.5,15,0
6655,undecided,39,1,female,1,4,92,15,0
6656,decided,49,0,female,0,3,32,8,1
6657,decided,60,1,female,0,5,87,20,1
6658,undecided,70,1,female,1,4,91,16,0
6659,decided,44,1,female,1,5,67,12,0
6660,decided,53,0,female,1,2,72,8,1
6661,undecided,50,1,other,1,4,101,18,0
6662,undecided,48,1,female,1,4,172,20,0
6663,decided,46,1,other,0,4,61,18,1
6664,decided,76,1,male,0,2,19,20,0
6665,undecided,45,0,female,1,4,93,16,0
6666,decided,33,1,other,1,5,65,8,0
6667,undecided,49,1,other,1,2,102.5,15,1
6668,undecided,51,1,female,0,1,28,18,0
6669,undecided,46,1,female,1,4,83,15,0
6670,decided,45,1,female,1,3,176,12,0
6671,decided,51,1,female,1,2,75,9,1
6672,undecided,28,1,female,0,4,88,15,0
6673,undecided,53,1,other,1,4,157,20,0
6674,undecided,57,1,other,1,2,121,15,1
6675,undecided,47,0,other,1,5,117,15,1
6676,undecided,40,1,female,1,4,81,15,0
6677,undecided,40,1,female,0,1,104,15,0
6678,undecided,41,1,female,0,5,40,15,0
6679,decided,36,1,female,1,3,200.5,8,0
6680,undecided,59,1,female,0,1,36,20,0
6681,decided,47,1,male,0,1,94,20,0
6682,undecided,40,0,female,1,6,71,15,0
6683,undecided,37,1,male,1,7,139,15,1
6684,decided,39,1,male,0,1,62,18,1
6685,decided,38,1,female,0,1,93.5,18,1
6686,undecided,32,1,female,0,3,134,15,1
6687,decided,31,1,female,1,2,91.5,8,1
6688,decided,53,1,female,0,2,17,10,0
6689,decided,54,1,female,1,4,102,20,1
6690,decided,71,1,female,1,2,91,20,1
6691,decided,36,1,male,1,5,119,12,0
6692,undecided,56,1,female,1,4,178,20,0
6693,decided,29,1,female,1,4,94,12,0
6694,decided,47,1,female,1,4,88.5,20,1
6695,decided,38,1,other,0,1,131.5,12,0
6696,decided,40,1,female,1,2,191,15,0
6697,undecided,53,1,female,1,6,169,15,0
6698,undecided,58,1,female,0,2,33,16,0
6699,decided,45,1,female,1,5,229,15,1
6700,undecided,62,1,female,0,6,88.5,16,0
6701,decided,38,0,other,0,1,60.5,9,0
6702,decided,51,1,female,1,3,515,18,0
6703,decided,67,1,female,1,4,235,16,1
6704,undecided,47,1,female,1,5,54,15,0
6705,undecided,54,0,female,1,5,68,15,1
6706,decided,53,1,female,1,5,67,12,1
6707,decided,40,1,female,1,4,32,18,1
6708,undecided,35,1,female,1,4,161,18,0
6709,undecided,51,1,female,1,3,80,15,1
6710,decided,61,1,female,1,3,44.5,20,1
6711,decided,57,1,male,0,2,74,20,1
6712,decided,47,1,female,1,4,143,18,1
6713,undecided,44,1,female,1,5,67.5,15,1
6714,undecided,48,1,female,1,5,23,18,0
6715,decided,64,1,female,1,3,56,10,0
6716,decided,62,1,female,0,1,31,20,1
6717,decided,39,0,female,0,2,26,8,1
6718,decided,35,1,female,1,4,78,12,1
6719,undecided,43,1,female,1,5,118,15,1
6720,decided,48,1,female,1,5,160,8,0
6721,decided,38,0,male,0,6,83,12,0
6722,decided,47,1,male,1,5,184,15,1
6723,decided,34,1,female,1,4,290,15,0
6724,undecided,32,1,female,0,3,60,18,0
6725,undecided,52,1,other,0,4,63.5,18,0
6726,decided,41,0,female,1,3,114,8,1
6727,decided,40,1,female,1,3,159,12,0
6728,decided,67,0,female,1,2,50,20,1
6729,undecided,24,0,female,1,2,155,14,1
6730,undecided,43,1,female,0,5,100,18,1
6731,decided,50,1,male,1,7,105,12,0
6732,decided,53,1,female,0,4,44,20,1
6733,undecided,49,1,other,1,2,209,18,0
6734,decided,49,1,female,1,3,186,15,1
6735,undecided,48,1,female,1,4,46,16,0
6736,decided,64,1,male,1,4,88,20,1
6737,decided,63,1,male,1,3,85,20,0
6738,undecided,74,1,female,0,4,14,16,0
6739,decided,44,0,male,0,1,57,8,1
6740,undecided,52,1,female,1,2,100,18,0
6741,undecided,52,1,male,1,3,80,15,0
6742,decided,32,1,female,0,1,37,17,0
6743,decided,37,1,female,0,2,138,12,0
6744,decided,47,1,female,1,3,16,9,0
6745,decided,53,1,female,1,7,58,20,1
6746,decided,24,1,male,1,2,32,17,1
6747,decided,58,0,female,1,2,411,8,0
6748,decided,43,1,male,1,5,294,15,0
6749,decided,34,1,female,1,4,83,12,0
6750,decided,38,1,male,0,1,20,18,0
6751,decided,49,1,other,1,2,60,8,0
6752,decided,52,0,female,1,4,95.5,8,1
6753,decided,30,0,male,1,6,61,8,0
6754,decided,52,1,female,0,1,39,10,0
6755,decided,41,0,female,1,3,126,18,1
6756,decided,46,0,male,0,3,130,10,1
6757,decided,28,1,female,1,3,72,8,0
6758,decided,55,0,female,0,1,46.5,18,1
6759,decided,58,0,female,1,2,50,8,1
6760,undecided,56,1,female,1,5,64.5,16,1
6761,decided,52,1,female,1,5,78,20,1
6762,decided,56,1,female,0,1,7,20,1
6763,undecided,63,1,other,1,3,92,20,0
6764,undecided,74,1,female,1,3,58,20,0
6765,undecided,42,1,female,1,2,82,13,1
6766,undecided,40,0,male,1,3,39,15,0
6767,decided,44,1,female,1,4,207,15,1
6768,undecided,62,1,female,1,3,53,20,0
6769,decided,65,1,male,1,3,79,20,1
6770,undecided,33,1,female,1,4,57,15,0
6771,decided,49,0,female,0,2,18,8,1
6772,decided,40,0,other,1,3,143,12,0
6773,decided,49,1,male,1,3,92,20,1
6774,decided,67,1,female,1,2,193,8,0
6775,decided,50,0,female,1,2,58,20,1
6776,decided,49,1,male,0,1,175.5,9,0
6777,decided,67,0,female,1,3,8,8,0
6778,decided,33,1,female,1,2,176,18,1
6779,undecided,54,0,female,1,6,70,16,1
6780,undecided,34,1,female,1,5,133,15,0
6781,undecided,64,1,female,0,3,6,20,0
6782,decided,53,1,female,1,2,15,12,1
6783,decided,28,1,female,1,4,90,8,1
6784,undecided,44,1,female,1,5,161,15,1
6785,undecided,57,1,male,1,4,103,8,0
6786,decided,55,1,female,1,3,149,20,1
6787,decided,40,0,female,0,1,84,8,1
6788,decided,69,0,female,1,3,507,20,0
6789,decided,52,1,male,1,3,208,20,0
6790,decided,44,1,female,1,6,78,12,1
6791,decided,59,1,female,1,5,143,8,0
6792,decided,48,1,female,1,3,216,15,1
6793,decided,38,1,female,1,6,20,8,1
6794,decided,48,1,female,1,5,122,12,1
6795,undecided,51,1,male,0,3,159.5,15,1
6796,undecided,75,0,male,0,6,58.5,16,0
6797,undecided,39,1,male,1,6,101,15,1
6798,undecided,53,1,female,1,3,138,18,1
6799,decided,66,1,male,1,2,68,20,0
6800,decided,42,1,female,0,2,103,18,1
6801,decided,42,1,male,1,3,110,18,1
6802,decided,36,1,female,1,3,97,8,1
6803,decided,35,1,male,1,6,69,12,1
6804,undecided,27,1,male,1,3,151,15,0
6805,undecided,51,1,female,1,4,91,15,0
6806,undecided,52,1,female,1,7,90,15,1
6807,undecided,52,1,female,1,3,156,18,0
6808,decided,63,1,female,1,3,189,16,1
6809,undecided,43,1,female,1,5,119,13,0
6810,undecided,49,1,female,0,2,59,20,0
6811,decided,48,1,male,1,4,13,10,0
6812,decided,52,1,male,0,2,58,20,0
6813,decided,32,1,female,1,4,109,12,1
6814,undecided,65,1,other,1,4,55.5,13,1
6815,decided,35,0,male,0,4,124,8,1
6816,undecided,45,1,female,0,3,126,20,0
6817,undecided,43,0,female,1,2,120,20,0
6818,decided,44,1,male,0,2,34,18,1
6819,decided,67,1,male,0,1,14.5,20,0
6820,undecided,53,1,female,1,3,94,20,0
6821,decided,49,1,female,0,1,125,20,1
6822,decided,53,0,male,1,4,112,20,1
6823,undecided,32,1,female,1,2,129,15,1
6824,undecided,60,1,other,0,1,30,20,0
6825,undecided,54,1,female,1,2,67,18,0
6826,undecided,43,1,female,0,1,76,18,0
6827,decided,33,0,male,1,3,143,18,0
6828,decided,39,1,female,1,2,160,12,1
6829,decided,47,1,female,0,1,98,18,1
6830,decided,59,1,male,0,1,63,20,1
6831,decided,48,1,female,1,5,103,18,1
6832,decided,43,1,female,1,5,87,18,1
6833,decided,34,0,female,0,4,12,9,0
6834,decided,46,1,female,1,5,78,18,1
6835,undecided,49,1,female,1,2,95,18,0
6836,undecided,50,1,female,1,2,127,18,0
6837,undecided,34,1,female,1,3,65,15,1
6838,undecided,42,1,female,1,6,116,15,0
6839,decided,41,1,female,0,2,66,8,1
6840,decided,50,0,female,1,5,96,8,0
6841,decided,44,1,female,1,4,39,12,1
6842,decided,73,1,female,1,3,73,20,1
6843,decided,28,1,female,1,4,140,12,1
6844,decided,69,0,male,0,1,58.5,20,1
6845,undecided,56,1,female,1,3,174,20,0
6846,undecided,53,1,female,1,4,128,15,0
6847,undecided,56,1,female,1,3,72,16,0
6848,decided,53,1,female,1,2,54,20,1
6849,decided,33,1,female,0,2,30,8,1
6850,decided,22,1,male,1,3,93,8,0
6851,decided,34,1,female,1,4,383,12,0
6852,decided,50,1,female,1,6,264,15,1
6853,decided,48,1,female,1,3,26,10,1
6854,undecided,58,0,female,0,1,67,16,0
6855,undecided,34,1,female,1,5,161,15,0
6856,undecided,61,1,female,0,1,86,20,0
6857,undecided,52,1,female,0,1,134,20,0
6858,decided,66,1,female,1,3,60,20,1
6859,decided,57,1,female,1,2,6,8,1
6860,decided,46,1,female,0,1,366,18,1
6861,decided,50,1,female,0,1,18,20,1
6862,undecided,32,1,female,0,2,110,18,0
6863,decided,29,1,male,1,5,59,12,0
6864,undecided,34,1,female,1,2,95.5,15,0
6865,undecided,39,0,female,1,5,115,18,0
6866,undecided,51,1,female,1,2,111,18,0
6867,decided,44,1,female,1,4,142,20,1
6868,undecided,44,1,female,1,2,75,20,0
6869,decided,54,1,female,1,4,189,15,0
6870,undecided,49,1,other,0,1,151,18,0
6871,decided,52,1,female,1,4,61,8,1
6872,decided,57,1,female,1,5,219,18,1
6873,decided,76,1,male,1,3,173,20,0
6874,decided,48,1,female,1,3,77,12,1
6875,undecided,53,1,female,0,1,5,20,0
6876,decided,66,1,female,1,2,103,8,1
6877,undecided,45,1,female,1,5,123,15,1
6878,decided,49,1,female,0,6,24,8,1
6879,undecided,53,1,female,0,1,70,20,0
6880,undecided,40,0,female,0,4,17,15,0
6881,decided,51,1,female,0,2,31,8,1
6882,decided,72,0,female,1,3,61,8,0
6883,decided,23,1,female,0,2,95,8,1
6884,undecided,49,1,other,1,4,198,20,0
6885,undecided,55,1,other,1,5,144,20,0
6886,undecided,49,1,female,0,3,56,16,1
6887,undecided,62,1,female,1,2,130,20,0
6888,decided,42,1,female,0,3,66.5,9,0
6889,decided,31,1,male,0,1,45,8,1
6890,decided,52,1,female,1,2,99,20,1
6891,decided,44,1,male,1,3,26,9,0
6892,decided,76,0,female,1,2,4,20,1
6893,decided,54,1,female,0,2,46,8,1
6894,undecided,48,1,female,0,4,74,16,1
6895,decided,49,1,female,1,2,66.5,18,1
6896,decided,56,1,female,1,4,105,20,1
6897,decided,54,1,other,1,6,147,12,1
6898,decided,47,1,female,1,4,133,9,1
6899,decided,55,1,female,1,3,70,8,0
6900,decided,74,0,female,1,2,116,20,1
6901,undecided,44,1,female,1,4,168,18,0
6902,decided,32,1,female,1,3,81,12,1
6903,undecided,52,1,male,0,2,80,16,0
6904,undecided,31,1,female,1,3,78,14,0
6905,decided,72,1,other,0,1,72,20,1
6906,decided,53,0,male,0,1,26.805,8,0
6907,undecided,41,1,female,1,2,138,18,0
6908,decided,42,1,other,1,7,54,12,1
6909,decided,59,1,female,1,2,89,20,1
6910,undecided,53,1,female,1,2,122,16,1
6911,undecided,46,1,female,0,1,25,15,1
6912,undecided,45,1,female,1,5,143,15,0
6913,decided,39,1,female,1,2,62.5,9,0
6914,undecided,33,0,female,1,5,101,15,1
6915,decided,41,1,female,1,2,56,12,0
6916,undecided,50,1,female,1,2,94.5,18,0
6917,undecided,55,1,female,0,1,147,20,0
6918,undecided,42,1,other,1,5,118,15,0
6919,decided,53,1,male,1,2,304,20,0
6920,decided,33,0,other,1,5,144,8,1
6921,undecided,36,1,female,1,4,88,18,0
6922,undecided,54,1,male,0,1,83,13,0
6923,undecided,36,1,male,1,2,79,18,0
6924,decided,29,1,female,1,5,5,8,1
6925,decided,36,1,female,1,3,67,18,1
6926,decided,50,1,male,0,6,37.5,18,0
6927,decided,38,0,female,1,6,129,12,0
6928,decided,68,1,female,0,1,116,20,1
6929,decided,49,1,male,1,2,127,8,1
6930,decided,53,1,male,1,3,153,20,1
6931,decided,66,0,other,1,3,242,8,0
6932,undecided,49,1,female,1,5,165,15,1
6933,undecided,33,1,other,1,5,136,15,0
6934,undecided,48,1,female,1,2,16,18,0
6935,decided,48,1,female,1,2,169,18,1
6936,undecided,46,1,female,1,4,134,15,1
6937,decided,53,1,male,1,2,143,20,1
6938,decided,49,1,female,0,1,37,9,0
6939,decided,52,1,male,1,4,4,18,0
6940,decided,53,1,female,1,5,69.5,9,0
6941,undecided,45,1,female,1,5,91,16,1
6942,undecided,40,1,female,1,4,69,15,1
6943,undecided,60,1,female,0,2,23,20,0
6944,decided,60,1,male,1,2,91,8,0
6945,undecided,51,1,female,1,5,121,16,1
6946,undecided,67,1,female,1,4,10,16,1
6947,decided,52,1,female,1,5,153,12,0
6948,decided,56,1,male,0,2,30,18,1
6949,decided,55,1,female,1,7,61.5,10,0
6950,decided,63,1,female,0,2,21,10,0
6951,undecided,49,1,other,0,3,207,20,0
6952,undecided,60,1,male,1,6,165,16,1
6953,decided,52,1,female,0,2,80,20,1
6954,undecided,52,0,female,1,2,100,20,0
6955,decided,53,1,male,1,6,29,10,1
6956,decided,33,1,male,1,2,17,8,0
6957,undecided,60,1,female,1,2,150,20,0
6958,decided,46,1,male,0,1,94,9,0
6959,decided,34,1,female,1,3,77,11,0
6960,decided,29,1,female,1,5,86,12,0
6961,decided,54,1,female,1,2,18,8,1
6962,undecided,28,1,male,1,4,40,15,0
6963,decided,57,1,female,1,3,103,20,1
6964,decided,63,1,female,0,2,188,20,1
6965,undecided,57,0,female,0,1,64,15,0
6966,decided,64,1,male,1,4,93,20,0
6967,undecided,65,1,female,1,4,174,13,0
6968,undecided,26,1,female,1,5,82,15,1
6969,decided,42,1,female,0,4,22,8,0
6970,decided,31,0,female,0,4,82,8,0
6971,decided,54,1,male,0,2,214,15,1
6972,undecided,46,1,female,1,3,72,15,1
6973,undecided,53,1,female,1,5,12,18,0
6974,undecided,38,1,female,0,2,28,15,1
6975,undecided,50,1,female,0,1,48,16,0
6976,decided,40,1,female,0,2,26,9,1
6977,undecided,38,1,male,1,7,103,15,1
6978,decided,49,1,female,1,2,146,18,1
6979,undecided,32,0,female,1,4,129,15,0
6980,undecided,19,1,female,1,4,104,14,1
6981,decided,48,1,female,1,3,166,18,1
6982,decided,30,1,female,1,4,63.5,8,1
6983,decided,42,1,male,0,1,125,18,1
6984,decided,42,1,female,0,1,47,12,1
6985,decided,37,1,other,1,7,140,12,1
6986,decided,50,1,female,1,2,82,18,1
6987,decided,48,1,male,1,2,165,18,0
6988,decided,30,1,other,1,4,57.5,9,0
6989,decided,26,1,female,1,2,292,15,0
6990,undecided,36,1,other,1,3,135,15,0
6991,undecided,42,1,female,1,5,83,15,0
6992,decided,24,1,female,1,5,143,12,0
6993,decided,32,0,female,0,4,63,8,0
6994,decided,48,1,male,0,2,55,20,0
6995,decided,53,1,female,1,3,34,20,1
6996,decided,63,1,female,1,2,139,20,1
6997,decided,48,1,male,1,3,8,9,1
6998,decided,45,1,male,0,5,166,8,1
6999,undecided,50,1,female,0,2,25,20,0
7000,decided,39,1,male,1,3,238,15,1
7001,undecided,29,1,female,1,6,126,15,1
7002,decided,32,0,female,0,4,12,8,0
7003,decided,40,1,other,1,4,73,8,0
7004,undecided,73,1,female,0,2,12.5,16,1
7005,decided,49,1,female,1,4,186,20,1
7006,decided,48,1,female,1,3,59,18,1
7007,decided,49,1,other,0,1,91,20,1
7008,decided,48,0,female,1,4,71,8,1
7009,undecided,29,1,female,1,5,51,15,1
7010,decided,54,1,female,1,3,49,20,1
7011,undecided,44,1,female,1,3,135,15,0
7012,decided,35,1,female,1,3,162,12,1
7013,decided,36,1,female,1,3,182,12,0
7014,undecided,28,1,female,1,2,97,15,1
7015,decided,64,1,male,1,3,74,20,1
7016,decided,66,1,male,1,4,80,20,1
7017,undecided,57,1,female,0,7,75,13,0
7018,decided,42,1,female,1,6,134,12,1
7019,undecided,65,1,male,0,3,137,16,0
7020,decided,40,1,female,0,1,172,8,1
7021,decided,60,0,female,1,4,170.5,8,1
7022,decided,36,1,female,1,3,60,8,1
7023,decided,62,1,female,0,2,7,10,0
7024,decided,47,1,female,0,3,25,9,0
7025,decided,72,0,male,0,1,37,20,1
7026,decided,48,1,female,0,1,53,18,1
7027,decided,51,0,female,1,2,166,8,0
7028,decided,34,1,male,1,2,126,8,0
7029,undecided,49,1,other,1,4,154,16,0
7030,decided,40,1,male,0,2,219,20,1
7031,undecided,43,1,female,1,3,104,15,1
7032,undecided,39,1,female,1,4,167,15,0
7033,undecided,54,1,female,1,4,91,18,0
7034,undecided,39,1,female,1,2,141,15,0
7035,decided,43,1,female,1,3,83,18,1
7036,undecided,44,1,male,1,3,118,15,0
7037,decided,52,1,other,1,4,153,12,1
7038,decided,66,1,female,1,3,110,20,1
7039,undecided,47,1,female,1,2,120.5,18,0
7040,decided,47,0,female,0,3,36,8,1
7041,decided,66,1,male,1,2,63,20,1
7042,decided,51,1,male,1,5,114,20,0
7043,decided,31,0,female,1,5,59,8,0
7044,decided,26,1,other,0,1,53,18,1
7045,undecided,32,1,male,1,3,58,15,0
7046,decided,45,1,male,1,4,67,18,0
7047,decided,53,1,male,1,4,127,18,1
7048,undecided,57,0,male,1,4,45,16,0
7049,decided,49,1,female,1,2,129,20,1
7050,undecided,37,1,female,0,1,94,18,0
7051,undecided,46,1,female,0,5,58,18,0
7052,undecided,48,1,female,0,3,18,18,0
7053,undecided,49,1,female,1,4,95,18,0
7054,undecided,37,1,male,1,3,56,15,1
7055,undecided,46,1,female,1,4,104,15,1
7056,decided,57,1,male,0,1,6,20,1
7057,decided,30,1,female,0,3,82,8,1
7058,decided,48,1,female,1,3,88.5,20,1
7059,decided,31,1,female,1,4,237,15,1
7060,decided,60,1,male,1,4,188,8,1
7061,undecided,42,1,male,1,4,103,15,1
7062,decided,70,0,female,0,1,60.5,20,1
7063,undecided,40,1,female,0,1,51,15,0
7064,undecided,56,1,female,1,3,84,20,0
7065,undecided,54,0,male,1,5,73,16,0
7066,decided,47,1,female,1,3,140,9,0
7067,decided,34,1,male,1,3,154.5,18,0
7068,decided,46,1,female,1,3,256,8,1
7069,decided,38,1,male,1,4,110,18,1
7070,undecided,49,1,female,0,1,63,20,0
7071,undecided,41,1,female,0,1,30,15,0
7072,decided,47,1,female,1,3,163,18,1
7073,decided,32,1,male,1,2,69,18,1
7074,undecided,35,1,female,1,3,70,15,0
7075,undecided,45,1,female,1,3,62,15,0
7076,undecided,37,1,female,1,5,221,18,0
7077,undecided,51,1,female,0,4,103,20,0
7078,undecided,44,1,female,0,4,57,15,0
7079,decided,23,0,male,1,5,151,12,1
7080,undecided,37,1,female,1,4,46,18,0
7081,decided,28,0,female,1,4,132,8,0
7082,decided,56,1,male,0,2,47,20,1
7083,decided,30,1,female,1,4,70,11,0
7084,decided,26,0,female,1,2,6,8,0
7085,undecided,31,1,female,1,6,69,15,0
7086,decided,51,0,male,1,2,12.5,8,1
7087,undecided,51,1,other,1,4,169,20,0
7088,decided,57,1,female,0,3,126,20,1
7089,decided,29,0,female,1,2,59,8,1
7090,decided,66,1,female,0,1,164,20,1
7091,decided,39,1,female,1,5,135,18,1
7092,undecided,46,1,female,1,5,162,20,0
7093,decided,36,1,male,0,1,76,8,1
7094,decided,21,1,female,1,3,109.5,8,0
7095,decided,48,1,female,1,4,120,12,1
7096,decided,45,1,male,1,4,132,20,1
7097,undecided,42,1,female,1,4,141,18,0
7098,undecided,37,1,other,0,2,71,18,0
7099,undecided,44,1,female,0,1,114,13,1
7100,decided,53,0,female,0,1,5,8,1
7101,undecided,39,1,female,1,2,78,18,0
7102,decided,52,0,female,1,3,50,18,1
7103,decided,44,0,male,1,5,199,15,1
7104,undecided,52,1,female,1,2,31,18,0
7105,decided,30,0,female,1,6,37,11,1
7106,decided,59,0,female,0,1,223,10,0
7107,decided,35,1,male,1,3,15,8,0
7108,decided,45,1,male,0,1,96,18,1
7109,decided,38,1,other,1,2,176,12,0
7110,undecided,52,1,female,1,3,43.5,18,0
7111,undecided,47,1,female,1,2,48,20,0
7112,decided,33,0,female,0,1,77,8,0
7113,decided,59,1,male,1,2,80,20,1
7114,undecided,60,1,female,1,3,62,13,0
7115,undecided,54,1,female,0,2,136,18,0
7116,decided,58,1,female,1,6,64,12,1
7117,undecided,45,1,female,1,2,63.5,15,1
7118,decided,24,1,female,1,3,183,15,1
7119,undecided,45,1,female,1,7,110,15,1
7120,decided,46,0,female,1,4,130,12,0
7121,decided,52,1,female,0,1,91,20,1
7122,decided,65,0,female,1,5,175,20,1
7123,undecided,41,1,female,1,6,101,15,0
7124,decided,63,1,female,0,2,9,8,1
7125,undecided,42,1,male,0,1,95,15,1
7126,undecided,62,1,female,0,3,58,16,1
7127,decided,38,1,female,1,4,120,12,1
7128,decided,42,1,female,0,2,23,18,1
7129,undecided,24,1,other,1,3,81.5,15,1
7130,decided,47,1,other,0,2,58.5,8,0
7131,decided,67,1,male,1,3,140,20,0
7132,decided,30,1,male,1,6,508,15,1
7133,decided,49,1,male,1,2,23,20,0
7134,decided,54,1,male,1,4,109,20,0
7135,decided,31,1,female,1,4,115,12,1
7136,decided,57,1,other,1,3,143,20,1
7137,decided,58,1,female,1,3,117,8,1
7138,decided,35,0,female,1,3,97,8,0
7139,decided,36,1,female,1,4,122,18,1
7140,decided,57,1,female,0,1,122,10,0
7141,undecided,73,1,other,1,3,64,16,0
7142,decided,39,1,male,1,5,262,15,1
7143,decided,59,1,female,1,2,60,20,1
7144,decided,31,1,female,0,1,127,18,1
7145,undecided,53,1,female,1,4,193,18,0
7146,decided,52,0,female,1,2,57,20,1
7147,decided,48,1,female,1,3,243,15,1
7148,decided,45,1,male,1,5,64,18,0
7149,undecided,36,1,female,0,1,165,15,1
7150,decided,36,1,female,1,4,176,15,1
7151,undecided,71,1,female,0,1,15,20,1
7152,decided,38,0,male,0,1,8,18,0
7153,decided,30,0,female,1,5,41,8,1
7154,undecided,49,1,female,1,5,81,12,0
7155,decided,24,1,male,1,2,60,12,1
7156,decided,39,0,male,1,4,68,12,0
7157,decided,54,1,female,1,7,108,18,1
7158,undecided,42,1,female,1,2,108,18,0
7159,decided,33,1,female,1,3,188,8,0
7160,undecided,50,1,female,0,1,72,20,0
7161,decided,50,1,female,1,4,251,13,1
7162,decided,57,1,male,1,5,219,20,0
7163,undecided,49,1,female,1,3,27,16,0
7164,undecided,34,1,female,1,6,109,15,0
7165,undecided,66,1,female,0,1,43,20,0
7166,decided,37,0,female,1,6,25,8,1
7167,decided,65,1,other,0,2,51,20,1
7168,undecided,36,1,female,0,4,32,18,0
7169,decided,39,1,female,1,3,82,18,1
7170,decided,55,1,male,1,2,38,20,1
7171,decided,58,1,female,0,2,34,8,0
7172,decided,55,1,female,1,6,93,20,1
7173,decided,47,1,male,0,1,24,18,0
7174,decided,53,1,female,0,1,52,10,0
7175,decided,40,1,male,0,1,30,18,1
7176,undecided,38,1,male,1,4,110,15,0
7177,decided,48,1,other,1,3,210,16,0
7178,undecided,28,1,female,1,5,92,8,1
7179,undecided,73,1,male,1,2,60,16,0
7180,decided,42,1,female,0,2,37.5,9,1
7181,undecided,65,1,female,0,7,11,20,0
7182,decided,48,0,other,1,2,124,10,0
7183,undecided,55,1,female,1,2,71,20,0
7184,undecided,69,1,female,1,2,106,20,0
7185,decided,36,0,female,1,3,18,12,0
7186,undecided,30,1,male,1,2,158,15,0
7187,decided,22,1,female,0,2,8,18,1
7188,decided,59,0,female,1,3,53,8,0
7189,undecided,50,1,male,1,6,137,16,1
7190,undecided,56,1,female,0,3,32,20,0
7191,decided,48,1,female,1,4,49,20,1
7192,decided,26,1,male,0,2,33,8,0
7193,decided,52,1,female,1,2,63.5,18,1
7194,undecided,40,1,female,0,1,25,15,1
7195,decided,51,1,female,1,4,69,20,1
7196,decided,57,1,other,1,3,73,10,0
7197,undecided,65,1,female,1,4,109,20,0
7198,undecided,48,1,female,1,6,48,20,0
7199,decided,50,1,female,0,1,67,8,1
7200,decided,56,0,female,0,1,35,8,1
7201,undecided,54,1,female,1,4,31,20,0
7202,undecided,69,1,female,1,2,67,20,0
7203,decided,22,1,female,1,5,109,11,1
7204,decided,40,0,male,1,6,157,12,1
7205,undecided,35,1,female,1,4,118,18,0
7206,undecided,48,1,other,1,4,102.5,16,0
7207,decided,53,0,female,0,4,47,8,1
7208,decided,48,1,male,1,4,74,18,0
7209,decided,60,0,male,1,2,5,8,1
7210,undecided,53,0,female,1,2,74,16,1
7211,decided,53,1,female,1,3,106,20,1
7212,decided,35,1,female,1,4,200,15,1
7213,decided,47,1,female,1,2,206,15,1
7214,undecided,64,1,female,1,4,34,20,0
7215,decided,45,1,male,1,2,177,15,1
7216,decided,28,1,female,1,5,53,8,0
7217,undecided,51,1,male,1,6,47,16,0
7218,undecided,44,1,female,1,6,65,15,0
7219,undecided,46,1,female,1,3,119,15,1
7220,undecided,54,0,female,1,3,59.5,18,0
7221,undecided,52,1,female,1,3,4,16,0
7222,undecided,50,1,female,1,6,64,20,0
7223,decided,28,1,male,1,6,122,12,1
7224,undecided,35,1,male,0,4,110,15,1
7225,undecided,64,1,female,0,1,40,20,0
7226,undecided,37,1,female,1,3,83,15,0
7227,decided,33,1,female,1,4,83,12,1
7228,decided,50,1,female,1,2,180,18,1
7229,decided,33,0,other,1,3,24,8,0
7230,undecided,43,1,female,1,2,85,18,0
7231,decided,50,1,female,1,3,86,8,1
7232,decided,61,1,other,1,3,14,8,1
7233,decided,35,1,other,0,4,207,8,0
7234,undecided,30,1,female,1,5,135,15,0
7235,undecided,46,1,female,1,2,146,15,0
7236,decided,58,1,female,1,3,41.5,10,0
7237,undecided,34,1,female,1,6,66,15,0
7238,undecided,35,1,female,1,5,138,15,1
7239,decided,57,1,female,1,5,301,15,0
7240,undecided,67,1,female,0,1,93,20,0
7241,decided,63,1,female,1,3,62,20,1
7242,decided,50,0,female,1,3,88,8,0
7243,decided,62,1,female,1,3,162,20,1
7244,undecided,57,1,female,1,2,109,18,0
7245,undecided,60,1,female,0,2,19,20,0
7246,undecided,62,1,female,1,3,86,16,1
7247,decided,47,1,female,1,3,427,18,0
7248,undecided,53,1,female,1,2,144,15,0
7249,undecided,41,1,female,1,5,41,15,0
7250,decided,51,1,female,1,2,122,12,0
7251,undecided,44,1,male,1,3,148,15,1
7252,decided,58,1,male,1,2,79,20,1
7253,undecided,47,1,female,0,2,66,20,0
7254,undecided,38,1,female,1,4,12,15,1
7255,decided,57,1,female,0,2,5,20,1
7256,undecided,50,1,female,1,3,159,16,0
7257,decided,57,1,female,1,4,516,13,0
7258,decided,35,1,male,0,1,162,18,0
7259,decided,42,0,male,0,1,182,8,0
7260,decided,46,0,female,1,5,120,12,1
7261,decided,45,1,female,1,3,111,18,1
7262,undecided,40,1,female,0,2,51,18,0
7263,decided,49,1,female,0,1,57,18,1
7264,undecided,33,1,female,1,5,34,15,1
7265,decided,60,1,male,0,2,100,20,0
7266,undecided,57,1,female,1,3,157,20,0
7267,decided,50,0,female,1,3,197,18,1
7268,undecided,34,1,female,1,3,48,14,1
7269,decided,61,1,female,0,4,21,20,1
7270,decided,22,1,female,1,3,207,17,1
7271,decided,65,1,male,1,6,145,20,0
7272,undecided,39,0,male,1,3,116,15,1
7273,undecided,43,1,female,1,3,62,20,0
7274,undecided,39,1,female,1,2,160,15,1
7275,undecided,34,0,female,0,3,78,15,0
7276,decided,37,1,female,1,7,426,15,0
7277,decided,38,0,female,1,4,27,12,0
7278,decided,38,1,female,1,5,50,8,0
7279,decided,48,1,female,1,3,38,20,1
7280,decided,59,1,female,0,1,59,20,1
7281,decided,49,1,female,0,1,148,18,1
7282,decided,42,0,male,1,3,140,20,1
7283,decided,38,1,female,1,4,16,12,0
7284,decided,44,1,male,0,1,117,18,0
7285,decided,49,1,female,0,1,94,9,0
7286,undecided,39,1,female,1,3,94,15,1
7287,decided,41,1,female,1,5,178,15,1
7288,undecided,48,1,female,1,5,100,20,0
7289,decided,55,1,female,1,3,54,20,1
7290,undecided,55,1,female,1,2,194,20,0
7291,undecided,27,1,female,0,1,126,18,0
7292,undecided,38,1,female,1,4,69,15,1
7293,decided,68,1,female,1,3,58,20,1
7294,decided,54,0,female,1,4,51,10,0
7295,decided,48,1,female,1,2,171,20,1
7296,decided,38,1,female,1,3,116,18,1
7297,decided,53,1,male,1,3,103,8,0
7298,decided,50,0,female,1,2,19,8,0
7299,undecided,45,1,female,1,2,32,18,0
7300,undecided,32,0,female,1,3,38,15,0
7301,decided,28,1,male,1,3,208,18,0
7302,undecided,49,1,male,1,6,93,15,1
7303,decided,53,1,other,1,3,62.5,8,1
7304,undecided,57,1,other,1,3,90,16,1
7305,decided,42,1,other,1,5,231,15,0
7306,undecided,41,1,male,1,3,159,15,1
7307,decided,48,1,male,1,4,116,20,0
7308,decided,66,1,female,1,3,105,20,1
7309,decided,36,1,female,1,3,162,12,1
7310,undecided,59,1,female,0,5,49,16,1
7311,undecided,56,1,other,0,1,84,13,0
7312,decided,52,0,female,0,1,69,20,1
7313,decided,50,1,male,1,4,62,20,1
7314,undecided,50,1,female,1,3,149,16,0
7315,decided,45,1,female,1,3,112.5,12,1
7316,decided,44,1,female,1,4,80,18,1
7317,decided,43,1,female,1,6,113,12,1
7318,undecided,49,1,female,1,3,148,15,1
7319,undecided,36,1,female,1,4,82.5,15,1
7320,undecided,58,1,female,1,3,8,20,0
7321,decided,48,1,female,1,6,125,12,0
7322,decided,39,1,female,1,2,510,15,0
7323,decided,43,1,female,1,3,83,18,1
7324,decided,43,1,female,1,2,164.5,18,1
7325,decided,39,1,female,0,3,79,8,1
7326,decided,44,1,female,1,4,274,18,0
7327,undecided,72,1,female,0,4,10,16,0
7328,decided,62,1,female,1,2,43,20,1
7329,undecided,32,1,female,1,5,156,15,0
7330,decided,26,1,female,1,5,110,12,0
7331,decided,42,1,other,1,5,80,18,1
7332,decided,56,1,female,1,5,178,15,0
7333,undecided,54,1,female,0,1,68,15,0
7334,decided,21,1,female,1,3,95.5,12,0
7335,decided,34,1,female,1,5,168,12,1
7336,decided,48,1,female,1,3,120,8,1
7337,decided,69,1,female,1,2,58,10,0
7338,undecided,57,1,female,1,2,121.5,16,0
7339,decided,33,0,female,0,3,47.5,9,1
7340,undecided,60,1,female,0,2,21,13,0
7341,decided,43,1,male,1,3,44,18,1
7342,decided,59,1,male,0,1,176,20,1
7343,decided,34,1,other,1,4,477,12,0
7344,decided,37,1,female,1,6,85,12,0
7345,decided,38,1,female,0,1,108,8,0
7346,undecided,38,1,female,1,5,110,15,0
7347,undecided,51,1,female,1,5,162,16,0
7348,decided,31,1,female,1,2,147,8,0
7349,undecided,47,1,female,1,3,50,20,0
7350,undecided,47,1,female,1,5,148,18,0
7351,decided,52,1,female,1,4,24,10,0
7352,decided,42,1,female,1,4,241,18,1
7353,decided,50,1,female,1,3,55,18,1
7354,undecided,55,1,female,0,3,22,18,0
7355,undecided,56,1,female,0,1,20,16,0
7356,decided,41,0,male,1,4,72,8,1
7357,undecided,40,0,female,1,2,173,18,0
7358,decided,38,1,male,1,5,28,8,1
7359,undecided,45,1,female,1,5,86,15,1
7360,decided,31,0,female,1,5,33,11,1
7361,decided,47,1,female,1,4,81,18,1
7362,decided,41,1,male,1,3,63,18,1
7363,decided,29,1,female,1,6,118,12,1
7364,decided,40,0,male,0,2,63.5,8,0
7365,decided,53,1,male,0,2,43,10,1
7366,decided,54,1,female,1,2,40.5,8,0
7367,undecided,58,0,male,1,5,32,16,1
7368,decided,46,1,female,1,2,139,20,1
7369,decided,45,1,female,1,4,311,20,0
7370,undecided,50,0,female,1,5,22,20,0
7371,decided,40,1,female,1,4,160,12,1
7372,decided,38,0,female,1,7,223,18,1
7373,undecided,28,0,male,1,2,55,15,1
7374,decided,41,0,female,1,3,282,8,0
7375,decided,47,1,female,1,5,84.5,8,1
7376,undecided,50,1,female,0,6,62,20,0
7377,decided,23,0,female,1,3,199,12,0
7378,undecided,51,1,male,1,3,96,15,0
7379,undecided,58,1,female,0,1,55,20,0
7380,decided,46,1,female,1,2,22,8,0
7381,undecided,40,1,female,1,7,46,15,1
7382,undecided,55,1,female,1,5,118,15,1
7383,decided,47,1,other,0,1,102.5,20,1
7384,decided,43,1,female,0,4,4,8,0
7385,undecided,68,1,male,1,3,76,16,1
7386,decided,54,1,female,1,6,198,20,1
7387,undecided,48,0,female,1,5,131,15,1
7388,undecided,30,1,female,1,4,108,14,0
7389,undecided,33,1,female,1,4,56,15,1
7390,undecided,59,1,female,1,4,54,15,1
7391,decided,53,1,female,1,4,71,18,1
7392,decided,39,1,female,1,5,156,12,0
7393,undecided,32,1,female,1,3,80,15,0
7394,decided,41,1,female,1,4,43,18,1
7395,undecided,42,1,male,0,1,79,15,1
7396,decided,40,0,female,0,1,94,18,1
7397,undecided,62,0,female,0,1,44,20,0
7398,decided,49,1,female,0,1,58.5,9,0
7399,decided,37,1,female,1,2,174,18,1
7400,decided,51,1,female,1,2,66.5,9,0
7401,decided,58,1,female,1,5,129,20,1
7402,decided,36,1,other,1,3,120.5,12,0
7403,undecided,34,1,female,1,2,161,15,1
7404,decided,43,1,male,1,3,143,18,1
7405,undecided,61,1,female,1,6,133,16,0
7406,decided,50,0,female,0,2,8,8,1
7407,decided,45,1,male,1,3,97,8,1
7408,undecided,74,1,other,1,3,59,20,0
7409,undecided,34,1,female,1,4,85,15,0
7410,decided,57,0,male,1,3,55,8,1
7411,decided,36,0,male,1,3,231,18,0
7412,decided,38,1,male,1,4,93,8,0
7413,undecided,29,1,female,1,3,88.5,15,0
7414,undecided,57,1,female,1,6,133,16,0
7415,undecided,40,1,female,1,2,170,15,1
7416,undecided,49,1,female,1,3,142,15,1
7417,decided,33,1,female,0,1,450,18,0
7418,decided,43,1,female,1,3,119,18,1
7419,decided,26,1,male,0,3,146,18,0
7420,decided,74,1,female,1,2,121,20,1
7421,undecided,54,1,female,1,3,26,20,0
7422,decided,43,0,female,1,2,107,20,1
7423,decided,23,1,male,1,4,233,12,1
7424,decided,54,1,female,1,3,423,20,1
7425,undecided,37,1,female,1,6,131,15,1
7426,decided,47,1,female,1,3,76,18,1
7427,decided,51,1,other,1,5,187,15,1
7428,decided,43,1,male,1,2,155,12,1
7429,undecided,47,1,female,1,3,119,18,0
7430,decided,38,1,male,1,5,510,15,0
7431,decided,29,0,other,0,4,32,8,0
7432,decided,34,1,female,0,1,33,18,1
7433,decided,37,0,female,0,2,63.5,8,0
7434,decided,31,1,other,0,2,32,8,1
7435,decided,31,0,male,0,1,58,17,1
7436,undecided,47,1,female,1,4,132,16,1
7437,decided,32,1,female,0,2,41.5,11,1
7438,decided,59,1,female,1,2,136,12,0
7439,decided,29,1,female,1,6,85,12,1
7440,decided,36,1,female,1,4,127,18,1
7441,decided,45,1,female,1,3,58,9,1
7442,decided,34,1,male,1,4,45,8,1
7443,decided,48,1,female,0,1,104,20,1
7444,undecided,68,1,female,0,1,40,20,0
7445,decided,34,1,female,0,4,99,12,1
7446,undecided,47,1,female,1,4,56,20,0
7447,undecided,39,1,female,1,5,171,18,0
7448,undecided,35,1,female,1,2,98,15,1
7449,decided,78,1,female,0,2,11,8,0
7450,undecided,45,1,female,0,1,114,20,0
7451,decided,40,1,female,1,3,135,18,1
7452,decided,42,1,female,1,3,148,8,0
7453,undecided,41,1,other,1,5,102,18,0
7454,undecided,22,0,female,1,3,122,15,1
7455,undecided,46,1,female,1,3,101,18,0
7456,decided,55,1,female,1,5,135,20,1
7457,decided,49,1,female,0,3,93,8,0
7458,decided,53,0,female,0,4,63,12,1
7459,decided,49,1,female,1,4,168,12,1
7460,decided,49,1,female,1,4,19,20,1
7461,decided,48,1,female,0,1,60,12,1
7462,decided,27,1,female,1,4,68,11,1
7463,undecided,72,1,female,1,2,96,20,0
7464,undecided,63,1,female,1,2,190,20,0
7465,decided,46,0,female,1,2,55,9,0
7466,decided,36,1,male,1,4,159,12,0
7467,undecided,55,1,female,1,4,55,16,1
7468,decided,47,1,male,1,3,41,12,1
7469,decided,52,1,female,1,6,186,12,1
7470,decided,54,1,female,1,3,34,8,0
7471,undecided,34,1,female,0,2,79,18,0
7472,decided,70,1,female,0,2,53,20,1
7473,decided,75,1,female,1,2,76,20,1
7474,undecided,68,0,female,1,2,69,20,0
7475,decided,56,1,female,0,3,68,20,1
7476,decided,45,1,female,0,3,98,18,1
7477,undecided,56,0,female,1,2,64.5,16,0
7478,decided,50,1,female,1,5,13,20,1
7479,undecided,44,1,female,1,3,94,15,1
7480,undecided,48,1,female,1,2,88.5,18,0
7481,decided,41,1,male,1,4,91,12,0
7482,decided,43,1,female,1,3,116,18,1
7483,decided,48,1,female,1,2,78,12,1
7484,decided,44,1,male,1,4,43,20,0
7485,undecided,38,1,female,1,5,117,18,0
7486,decided,60,1,male,1,7,19,20,0
7487,decided,55,1,female,1,3,489,18,0
7488,undecided,48,1,male,1,2,128,15,0
7489,decided,54,0,female,1,7,69,8,1
7490,undecided,55,1,female,1,5,164,16,1
7491,decided,32,0,female,1,3,74,18,1
7492,decided,59,0,male,1,2,303,13,1
7493,decided,33,1,female,1,3,74,18,1
7494,decided,52,1,female,1,2,129,12,0
7495,decided,60,1,female,1,6,116,20,1
7496,undecided,56,1,female,0,5,66,20,0
7497,decided,51,1,female,1,7,150,9,1
7498,decided,36,1,female,1,4,28,9,0
7499,undecided,30,1,female,1,4,111,15,0
7500,undecided,54,1,female,1,2,105,8,1
7501,undecided,50,0,female,1,3,68,16,1
7502,undecided,46,1,female,1,6,179,20,1
7503,decided,40,1,male,1,4,113,18,0
7504,undecided,46,1,female,1,5,89,20,0
7505,undecided,42,0,female,1,5,160,15,0
7506,decided,45,1,female,0,7,99,12,1
7507,decided,41,0,other,0,3,37,8,0
7508,undecided,52,1,female,1,4,110,13,0
7509,undecided,59,1,other,0,1,149,20,0
7510,undecided,37,1,female,1,2,129,15,0
7511,decided,70,1,female,0,1,5,20,1
7512,undecided,46,1,other,1,4,172,18,0
7513,decided,66,0,other,1,2,64,20,1
7514,undecided,36,0,other,1,6,62,15,0
7515,decided,45,1,male,1,4,186,15,0
7516,decided,55,1,male,1,3,86,12,0
7517,decided,56,1,female,1,6,127,20,1
7518,decided,61,1,female,1,3,101,20,1
7519,decided,54,1,female,0,4,84,10,0
7520,decided,43,1,female,1,4,433,8,1
7521,decided,68,1,female,1,2,36,8,0
7522,undecided,47,1,female,1,6,90,15,1
7523,undecided,56,1,female,1,2,135,18,0
7524,decided,63,0,female,0,2,260,13,1
7525,undecided,53,1,female,1,4,77,20,0
7526,decided,33,1,female,1,2,121,8,1
7527,decided,51,1,other,0,1,63.5,10,1
7528,decided,55,0,male,1,2,78,8,0
7529,undecided,53,1,female,0,3,82,18,0
7530,undecided,29,1,female,1,4,104,18,0
7531,decided,34,1,female,1,4,321,15,1
7532,undecided,50,1,female,1,2,5,20,0
7533,undecided,46,1,female,1,4,89,15,1
7534,undecided,47,0,female,1,4,65,15,1
7535,decided,40,1,male,1,5,340,15,1
7536,decided,64,1,female,0,1,46,20,1
7537,undecided,49,1,female,1,4,28,20,0
7538,undecided,31,1,female,0,1,112.5,15,1
7539,undecided,48,1,female,1,2,92,15,1
7540,undecided,57,1,female,0,3,65,20,0
7541,undecided,33,1,female,0,1,79,18,0
7542,decided,57,1,other,1,2,22,20,1
7543,decided,44,1,male,1,3,245,15,1
7544,decided,52,1,female,1,4,78,18,1
7545,decided,48,1,female,0,4,109,12,0
7546,undecided,53,1,male,1,4,138,20,1
7547,undecided,55,0,female,1,2,65,18,0
7548,undecided,42,1,female,1,7,169,15,0
7549,decided,43,1,other,1,3,40,20,1
7550,decided,44,1,female,1,4,85,12,0
7551,undecided,43,0,female,1,2,105,15,1
7552,undecided,62,1,female,1,3,46,13,0
7553,decided,44,1,female,1,3,212,15,1
7554,undecided,39,1,female,1,4,100,15,1
7555,undecided,54,1,male,1,5,169,13,1
7556,decided,45,1,female,0,1,60,8,0
7557,undecided,44,1,male,1,3,18.5,15,1
7558,decided,29,1,female,1,4,107,8,1
7559,undecided,68,1,male,1,5,120,16,1
7560,undecided,33,1,female,1,6,81,15,0
7561,decided,55,1,other,1,4,98,20,1
7562,decided,47,1,female,1,7,58,8,0
7563,decided,28,1,female,0,1,130.5,8,0
7564,decided,55,1,other,1,4,95,20,1
7565,decided,54,1,male,1,3,112,20,0
7566,decided,26,1,female,1,4,87.5,12,1
7567,undecided,72,1,female,1,2,48,20,0
7568,decided,42,1,male,1,4,177,18,0
7569,undecided,58,1,female,0,1,77,13,1
7570,decided,54,1,male,1,2,92,8,1
7571,decided,40,1,female,1,2,188,15,0
7572,undecided,49,1,female,1,4,107,16,1
7573,decided,57,1,female,1,3,68,20,1
7574,decided,50,1,female,1,2,85,18,1
7575,decided,42,1,male,1,2,328,15,0
7576,decided,42,1,male,0,1,26,18,0
7577,undecided,51,1,female,1,5,165,16,0
7578,decided,27,1,other,0,1,140.5,12,0
7579,undecided,39,1,female,0,1,154,18,0
7580,decided,38,1,female,1,3,9,8,1
7581,decided,41,1,female,1,3,85,20,1
7582,decided,27,1,male,0,1,63,18,1
7583,undecided,50,1,female,1,3,45.5,20,0
7584,decided,53,1,female,1,2,11,10,0
7585,decided,51,0,female,0,1,269,20,0
7586,decided,37,1,male,0,1,15,18,1
7587,undecided,51,1,male,1,2,108,15,1
7588,decided,55,1,male,1,4,61,18,1
7589,decided,46,1,female,1,4,225,15,1
7590,decided,34,0,male,1,5,76,12,0
7591,decided,47,1,male,1,3,100,8,1
7592,decided,51,1,female,0,1,13,8,1
7593,undecided,64,1,female,1,4,70,16,1
7594,decided,47,1,male,0,4,60,18,1
7595,decided,36,1,female,1,5,15,18,1
7596,decided,64,0,female,0,4,29,8,1
7597,undecided,39,1,female,1,4,78,18,1
7598,decided,58,1,female,0,1,32,20,1
7599,undecided,52,1,female,0,3,5,20,1
7600,undecided,51,1,other,0,1,51,18,0
7601,decided,52,1,female,1,3,84,20,1
7602,undecided,40,1,other,1,6,78,15,1
7603,undecided,55,0,female,1,4,84,18,0
7604,decided,46,0,male,1,2,118.5,8,0
7605,undecided,58,1,female,1,2,38,20,0
7606,decided,45,0,female,0,3,16.5,8,0
7607,undecided,68,1,female,1,5,13,20,0
7608,undecided,52,1,female,1,5,119,16,0
7609,undecided,51,1,female,0,2,108,20,0
7610,undecided,58,0,female,1,3,177,20,0
7611,decided,40,1,female,1,2,167,18,1
7612,undecided,72,1,male,1,6,29,16,1
7613,undecided,33,1,female,1,5,46.5,15,1
7614,undecided,50,1,female,1,3,203,18,0
7615,decided,34,1,male,1,4,138,11,1
7616,decided,49,1,female,0,3,27,8,0
7617,decided,30,1,female,0,1,19,18,1
7618,undecided,48,1,female,0,2,18,18,0
7619,decided,45,1,female,1,6,70,18,1
7620,decided,45,1,male,1,6,137,12,0
7621,decided,54,1,male,1,4,78,18,1
7622,decided,40,1,male,1,2,180,15,0
7623,undecided,40,1,female,1,5,197,18,0
7624,decided,49,1,female,0,1,166,8,0
7625,decided,38,1,female,1,3,148,18,1
7626,decided,52,1,male,1,3,149,12,1
7627,decided,38,1,female,1,7,168,12,0
7628,undecided,45,1,female,1,3,37,15,0
7629,undecided,50,1,female,1,4,171,15,0
7630,undecided,37,1,female,0,2,67.5,18,0
7631,undecided,58,1,other,1,4,89,20,0
7632,decided,50,0,male,1,4,135,8,0
7633,decided,57,1,female,1,2,150,18,1
7634,undecided,60,1,other,1,3,56,20,0
7635,decided,42,0,female,1,3,201,8,0
7636,undecided,59,0,female,1,4,100,18,0
7637,undecided,61,1,female,0,1,40,20,0
7638,undecided,47,1,female,1,2,35,20,0
7639,decided,58,1,female,1,5,38,8,0
7640,undecided,43,1,female,1,3,153,15,1
7641,undecided,65,1,other,1,4,109,16,1
7642,undecided,51,1,other,1,2,46,18,0
7643,decided,42,1,female,0,2,43,12,1
7644,undecided,58,1,female,1,3,67,20,0
7645,decided,49,1,female,1,3,111,18,1
7646,undecided,32,1,female,1,3,172,18,0
7647,undecided,46,1,female,1,5,141,15,1
7648,undecided,49,1,male,1,3,157,15,0
7649,undecided,41,1,male,1,5,48,15,0
7650,decided,53,1,female,1,2,47,10,0
7651,undecided,63,1,female,1,3,65,20,0
7652,undecided,52,1,female,1,5,156,15,1
7653,undecided,45,1,female,1,3,61.5,15,1
7654,undecided,57,1,male,1,5,153,16,1
7655,undecided,49,1,other,1,4,84,16,1
7656,decided,50,0,female,0,2,10.5,8,1
7657,decided,48,1,female,1,4,184,15,1
7658,decided,55,1,female,1,2,125,18,1
7659,decided,47,0,male,1,3,83,20,1
7660,undecided,38,1,female,0,1,183,18,0
7661,decided,68,1,other,1,2,478,20,0
7662,undecided,65,0,female,1,3,137,16,1
7663,undecided,49,1,female,1,3,73,13,0
7664,decided,51,1,female,1,7,265,16,0
7665,decided,28,1,female,1,6,151,8,1
7666,decided,58,1,female,1,3,115,20,1
7667,undecided,42,1,female,0,3,41.5,15,0
7668,undecided,41,1,female,1,4,109,20,0
7669,undecided,46,1,female,1,5,62,15,1
7670,decided,37,1,female,1,4,117,12,0
7671,decided,45,1,female,1,3,69,18,1
7672,decided,36,1,female,1,4,143,8,0
7673,undecided,53,1,female,1,4,83,20,0
7674,decided,62,1,female,0,1,70,20,1
7675,decided,55,1,male,1,5,123,18,0
7676,undecided,44,1,female,1,4,73,15,1
7677,undecided,22,1,female,1,3,70,15,0
7678,decided,46,1,female,0,2,83,18,1
7679,undecided,38,1,female,0,1,33,18,0
7680,decided,43,0,female,1,5,114,8,1
7681,decided,52,1,female,1,2,142,20,1
7682,decided,38,1,female,1,4,532,18,1
7683,undecided,55,1,female,0,1,90,16,1
7684,decided,65,1,female,0,3,19,20,1
7685,decided,40,0,male,0,3,36,18,1
7686,undecided,47,1,female,1,5,181,18,0
7687,undecided,38,1,female,1,4,139,15,1
7688,undecided,59,1,other,1,2,127,16,0
7689,decided,29,0,male,1,6,83,18,1
7690,decided,45,1,male,1,6,27,8,1
7691,decided,44,1,female,1,5,235,12,0
7692,decided,40,1,other,0,2,116,18,1
7693,undecided,35,0,female,1,4,236,18,0
7694,decided,42,1,female,1,4,160,18,1
7695,undecided,38,1,female,1,2,131,15,1
7696,undecided,44,1,female,1,6,67,15,0
7697,decided,40,1,female,1,7,283,12,1
7698,decided,35,0,female,0,1,79.5,8,1
7699,decided,48,1,other,0,2,85,9,0
7700,decided,65,1,female,1,3,90,20,1
7701,undecided,63,0,female,1,4,188,20,0
7702,decided,36,1,female,1,3,182.5,18,1
7703,decided,43,0,female,1,5,175,15,1
7704,decided,63,1,male,1,3,90,20,0
7705,decided,27,1,male,0,2,38,17,1
7706,decided,44,1,female,1,3,156,8,0
7707,decided,49,1,male,1,3,184,18,0
7708,decided,40,1,female,0,1,120,12,1
7709,undecided,49,1,female,1,2,43,18,0
7710,decided,46,1,female,0,6,95,12,0
7711,undecided,52,0,female,1,3,170,16,1
7712,decided,36,1,female,0,1,16,8,0
7713,undecided,38,1,female,1,3,93,18,0
7714,undecided,51,1,female,1,2,60,18,0
7715,decided,36,0,male,0,2,40,18,0
7716,undecided,37,1,male,1,5,48,15,1
7717,decided,58,1,male,1,4,86,20,0
7718,undecided,52,1,female,1,3,74,20,0
7719,undecided,45,0,female,1,5,74,18,1
7720,undecided,59,1,female,1,3,70,20,0
7721,decided,52,1,male,1,4,233,20,0
7722,decided,31,1,other,1,5,205,15,1
7723,undecided,39,1,female,1,6,115,15,0
7724,decided,31,1,female,1,4,149,12,1
7725,decided,53,1,female,1,2,56,8,0
7726,undecided,32,0,female,1,4,64,15,0
7727,undecided,39,1,female,1,3,149,15,1
7728,decided,50,1,male,1,4,152,18,1
7729,decided,42,1,female,1,3,302,15,1
7730,undecided,69,1,female,0,2,50,20,0
7731,undecided,47,1,male,1,3,173,16,1
7732,undecided,38,1,female,1,5,21,15,0
7733,undecided,61,1,female,1,3,138,20,0
7734,decided,47,1,male,1,4,37,20,0
7735,undecided,41,1,female,1,4,127,18,1
7736,undecided,52,1,female,1,2,83,15,1
7737,decided,67,1,male,1,5,46.5,10,0
7738,decided,31,1,female,1,3,143,8,1
7739,decided,51,1,male,0,3,83,18,0
7740,decided,35,1,female,1,3,305,15,1
7741,decided,46,1,female,1,3,98,12,0
7742,decided,66,1,male,1,3,96,8,1
7743,decided,35,1,other,1,6,5,18,1
7744,decided,49,0,female,1,3,123,20,1
7745,decided,52,1,male,1,3,215,20,1
7746,undecided,51,1,other,0,1,55,20,0
7747,undecided,22,0,female,1,2,128,15,1
7748,undecided,52,1,female,1,5,101,16,1
7749,decided,31,1,male,0,3,12.5,8,1
7750,undecided,39,1,other,1,4,74,15,1
7751,undecided,40,1,female,1,3,115,15,0
7752,undecided,49,1,female,1,3,32,20,0
7753,undecided,60,1,female,1,5,17,13,1
7754,undecided,45,1,female,1,2,73,9,1
7755,decided,54,1,female,0,1,177,20,1
7756,decided,40,0,female,1,4,143,8,0
7757,decided,45,0,female,1,3,46.5,8,0
7758,decided,52,0,other,1,2,301,15,1
7759,decided,33,1,female,1,3,252,15,1
7760,undecided,53,0,female,0,1,35,18,0
7761,decided,39,1,male,0,3,115,18,1
7762,undecided,35,1,female,1,2,80,15,0
7763,undecided,65,1,female,1,2,62,20,0
7764,decided,37,1,female,0,1,196,18,1
7765,undecided,38,1,female,1,3,55,18,0
7766,undecided,35,1,male,1,3,218,15,1
7767,undecided,61,1,male,1,5,27,16,1
7768,undecided,61,1,female,1,5,105,13,0
7769,undecided,37,1,female,0,3,45,15,1
7770,decided,51,1,female,1,4,157,18,1
7771,undecided,25,1,female,1,3,81.5,15,1
7772,decided,37,1,female,1,3,106,9,0
7773,decided,47,1,female,1,3,134,18,1
7774,decided,73,1,male,1,5,167,20,1
7775,decided,36,1,female,1,2,62.5,8,1
7776,decided,49,0,female,0,1,34,8,0
7777,decided,43,1,male,1,2,61,12,0
7778,decided,66,1,female,1,2,171,20,1
7779,decided,38,1,female,1,5,60,12,1
7780,decided,51,1,male,0,1,79,18,1
7781,decided,32,1,male,0,3,48,18,1
7782,undecided,46,1,other,1,5,98,13,0
7783,undecided,51,0,female,1,2,145,15,0
7784,decided,62,0,female,0,3,11,8,1
7785,undecided,42,1,female,1,4,147,18,0
7786,decided,31,0,female,1,3,51,8,0
7787,undecided,52,1,female,1,2,141,15,0
7788,undecided,55,1,other,1,2,110.5,18,0
7789,decided,36,0,male,1,4,107,18,0
7790,decided,31,0,female,0,4,97,9,0
7791,decided,66,1,female,1,2,82,20,1
7792,decided,48,1,female,0,1,23,20,1
7793,undecided,53,1,female,1,4,102,20,0
7794,decided,69,1,female,1,2,99,20,1
7795,undecided,32,1,female,1,2,78,15,1
7796,decided,43,1,female,1,3,153,12,1
7797,decided,48,1,male,1,3,153,20,1
7798,decided,55,1,male,1,6,53,8,1
7799,undecided,56,1,other,1,3,47,18,0
7800,undecided,72,0,female,1,5,65.5,20,0
7801,decided,50,1,female,1,3,18,20,1
7802,undecided,51,0,female,1,3,29,8,1
7803,decided,41,1,male,0,2,163,18,0
7804,undecided,44,1,female,1,5,169,15,0
7805,decided,33,1,male,0,5,76,9,1
7806,decided,63,1,female,0,3,78,20,1
7807,decided,49,0,male,1,5,84,8,1
7808,decided,48,0,female,1,4,41,18,1
7809,undecided,47,1,female,1,4,107,15,1
7810,decided,59,0,male,1,5,74,20,1
7811,undecided,49,1,male,1,5,108,15,0
7812,decided,69,0,male,1,4,85.5,10,0
7813,decided,64,1,female,1,6,76,20,1
7814,undecided,46,1,female,1,3,30,20,0
7815,undecided,51,1,other,1,4,165,18,0
7816,decided,31,1,female,0,3,50,12,0
7817,decided,53,1,other,1,3,205,16,1
7818,decided,39,1,female,1,4,93,8,1
7819,undecided,34,1,female,1,4,47,15,0
7820,undecided,35,1,female,1,4,88.5,15,0
7821,undecided,40,1,female,1,2,52,18,0
7822,decided,47,1,female,0,1,61.5,20,1
7823,decided,43,1,male,1,5,96,12,1
7824,undecided,58,1,other,1,3,76,18,0
7825,decided,38,1,male,0,1,70,8,0
7826,undecided,55,1,male,1,3,21,13,1
7827,decided,47,1,female,0,2,36,18,1
7828,undecided,50,1,female,1,3,173,15,0
7829,undecided,37,1,female,1,6,63,15,0
7830,undecided,59,1,female,1,3,43,13,1
7831,undecided,67,1,female,1,2,85,16,0
7832,decided,54,0,female,1,3,65.5,20,1
7833,decided,40,1,female,1,4,56,18,1
7834,decided,22,1,female,1,2,125,12,1
7835,decided,38,1,female,1,5,125,12,1
7836,undecided,30,1,male,0,3,75,14,1
7837,undecided,66,1,female,1,3,8,20,0
7838,decided,36,0,female,0,2,20,8,1
7839,undecided,40,1,female,0,1,231,18,0
7840,decided,38,0,other,1,4,99,8,0
7841,undecided,43,1,male,1,5,143,15,1
7842,undecided,63,1,female,1,4,129,20,0
7843,decided,60,1,female,1,3,78.5,10,1
7844,undecided,56,1,female,1,4,50,20,0
7845,decided,50,0,male,0,4,34,18,0
7846,undecided,56,1,female,1,3,64,15,1
7847,decided,43,1,male,1,2,65,18,0
7848,decided,50,0,female,1,3,115,8,1
7849,decided,40,0,female,1,5,247,8,0
7850,decided,43,0,female,0,1,25,8,0
7851,decided,53,0,male,1,4,83,10,0
7852,decided,69,1,female,1,2,49,10,0
7853,decided,73,1,male,1,3,13,20,0
7854,decided,45,1,female,1,5,95,12,1
7855,decided,36,1,female,1,4,23,18,1
7856,decided,37,1,male,1,2,73,9,1
7857,decided,34,1,male,1,4,36,11,0
7858,undecided,53,1,other,1,6,86,20,0
7859,decided,41,0,female,1,3,40.5,12,0
7860,decided,39,0,female,1,2,102,12,0
7861,decided,45,1,female,1,3,250,9,0
7862,decided,66,1,other,1,3,100,10,1
7863,decided,34,1,female,1,2,204,9,1
7864,undecided,53,1,female,0,4,41,13,0
7865,decided,44,0,female,1,4,65.5,10,0
7866,undecided,43,1,female,1,5,57,12,1
7867,undecided,63,1,male,1,2,39,16,0
7868,decided,71,1,female,0,3,54,20,1
7869,undecided,65,1,male,1,4,6,16,0
7870,decided,44,1,female,1,3,158,20,1
7871,undecided,41,1,other,1,2,55,18,0
7872,undecided,61,1,female,1,4,153,20,0
7873,undecided,33,1,female,1,6,106,15,0
7874,decided,71,1,female,1,2,62,20,1
7875,undecided,29,0,male,1,5,96,15,1
7876,undecided,53,1,female,1,5,132,15,1
7877,undecided,55,1,female,1,6,77,15,1
7878,undecided,51,1,female,1,6,18,15,1
7879,decided,60,0,female,0,6,14,8,1
7880,undecided,66,1,female,0,1,14,20,0
7881,undecided,53,1,male,1,2,95,13,1
7882,decided,71,1,female,1,3,120,10,0
7883,decided,53,1,female,1,4,174,20,1
7884,decided,64,0,female,0,3,91,8,0
7885,undecided,39,1,female,1,6,145,15,0
7886,undecided,60,1,other,1,3,65,20,0
7887,decided,54,0,female,0,4,9,8,1
7888,undecided,55,1,male,1,5,84,20,1
7889,decided,45,1,male,1,5,113,20,0
7890,undecided,61,1,female,0,2,4,20,0
7891,decided,34,1,female,1,3,101,18,1
7892,undecided,50,1,female,1,4,127,15,1
7893,decided,44,1,female,1,4,36,8,1
7894,undecided,63,1,female,0,1,55,20,0
7895,decided,62,1,female,1,3,181,13,1
7896,decided,35,1,male,1,4,283,18,1
7897,decided,43,1,male,0,2,34,8,0
7898,undecided,40,1,female,1,4,54,18,0
7899,undecided,76,1,other,1,2,57,20,0
7900,undecided,54,1,female,1,4,134,18,0
7901,decided,32,1,male,1,5,196,15,0
7902,undecided,38,0,female,1,6,97,15,1
7903,decided,40,1,female,1,2,29,18,1
7904,undecided,28,0,female,1,4,107,15,1
7905,undecided,37,1,female,0,4,149,15,0
7906,undecided,57,1,female,0,2,127,13,0
7907,undecided,47,1,female,1,6,133,15,1
7908,decided,52,0,male,0,1,15,8,1
7909,decided,53,1,female,1,2,21,20,1
7910,decided,52,1,male,1,3,43,10,0
7911,undecided,68,1,other,1,4,43,20,0
7912,undecided,38,1,female,0,1,58,18,0
7913,undecided,37,1,male,1,5,72,15,0
7914,decided,58,1,female,1,4,6,9,0
7915,decided,47,1,female,1,2,452,18,1
7916,decided,51,1,female,0,1,57,18,1
7917,undecided,64,1,female,1,4,32,16,1
7918,decided,25,1,female,1,2,190,11,1
7919,undecided,47,1,female,0,1,88,20,0
7920,decided,54,1,male,1,5,210,15,1
7921,decided,54,1,male,0,1,144,9,1
7922,decided,43,1,male,1,3,24,18,0
7923,decided,45,1,female,1,4,112,9,0
7924,undecided,66,1,female,1,2,39,16,0
7925,decided,35,0,female,1,6,152,12,1
7926,decided,28,1,male,1,3,177,12,0
7927,undecided,46,1,female,1,3,113,18,0
7928,undecided,50,1,female,1,4,84,15,1
7929,undecided,46,1,female,1,2,95,20,0
7930,undecided,65,1,male,1,5,49,13,0
7931,decided,47,1,male,1,2,131,18,0
7932,undecided,40,1,female,0,3,91,15,0
7933,decided,53,0,male,1,4,46.5,8,0
7934,decided,51,0,female,1,2,7,8,1
7935,decided,51,1,other,0,1,30,20,1
7936,undecided,61,1,female,1,2,69,20,0
7937,undecided,64,1,male,0,1,44,13,1
7938,decided,43,1,female,0,3,29,8,1
7939,undecided,49,1,female,1,3,115,15,1
7940,decided,48,1,female,1,6,118,12,0
7941,undecided,49,1,female,1,5,103,16,0
7942,undecided,51,1,male,1,6,159,16,1
7943,decided,35,1,male,1,4,87,18,0
7944,decided,29,0,female,1,7,130,8,1
7945,decided,59,1,female,1,3,520,20,1
7946,undecided,41,1,female,1,3,58,18,0
7947,undecided,49,1,female,0,3,14,20,0
7948,decided,77,0,male,1,3,80.5,8,1
7949,undecided,47,1,male,1,3,91,15,1
7950,decided,56,0,male,0,1,106.5,8,1
7951,undecided,65,1,female,1,3,84,20,0
7952,decided,42,1,female,1,4,154,12,1
7953,decided,65,0,male,0,3,7,8,1
7954,decided,35,1,female,1,2,55.5,9,1
7955,decided,58,0,female,0,2,36,8,1
7956,decided,39,1,female,1,2,180,15,1
7957,decided,42,1,female,1,7,128,12,0
7958,undecided,50,1,male,1,2,39,15,0
7959,undecided,48,1,female,1,4,44,16,1
7960,undecided,54,1,male,1,2,70,20,1
7961,decided,55,1,female,1,3,45,20,1
7962,decided,27,1,female,1,6,77,12,0
7963,decided,41,1,female,1,5,194,15,1
7964,decided,49,1,female,1,5,490,15,0
7965,undecided,38,1,female,1,6,148,15,0
7966,undecided,43,1,female,1,2,88,18,0
7967,decided,37,1,female,0,1,119,18,1
7968,decided,52,0,other,0,2,5,8,1
7969,undecided,40,1,female,1,5,108,15,0
7970,decided,49,1,female,1,4,45.5,18,1
7971,undecided,31,1,female,1,2,123,15,0
7972,decided,33,1,male,1,7,55,8,1
7973,decided,46,1,female,1,2,179,9,0
7974,decided,41,1,female,1,4,104.5,18,1
7975,decided,38,1,male,1,5,218,15,1
7976,decided,45,1,female,0,1,62,18,1
7977,decided,43,1,male,1,3,71,18,1
7978,decided,36,1,female,0,1,6,8,1
7979,undecided,52,1,female,0,5,62,16,1
7980,undecided,54,1,male,1,3,148,15,0
7981,decided,47,1,female,0,2,56,20,1
7982,undecided,37,1,female,1,3,65,8,0
7983,undecided,52,1,female,1,5,153,15,0
7984,decided,60,1,female,1,4,51,8,0
7985,decided,32,1,female,1,5,148,12,0
7986,decided,25,1,female,1,2,27,9,0
7987,decided,40,1,female,1,5,192,12,1
7988,decided,49,1,male,1,2,85,8,0
7989,undecided,48,0,female,1,2,210,20,0
7990,decided,66,1,female,0,2,18,8,1
7991,undecided,60,1,female,1,2,50,20,0
7992,decided,30,0,female,1,4,58.5,8,0
7993,undecided,53,1,female,1,5,56,15,1
7994,decided,41,0,female,0,2,36,8,1
7995,decided,53,1,female,1,7,145,9,1
7996,undecided,53,1,male,1,4,96,13,1
7997,undecided,42,0,male,1,6,132,15,1
7998,decided,35,1,male,1,7,549,15,0
7999,decided,35,0,female,0,1,69,8,1
8000,decided,74,0,female,0,1,26,20,1
8001,decided,47,1,female,1,3,125,20,1
8002,decided,51,1,female,1,4,12,10,1
8003,decided,50,1,female,1,3,113,12,1
8004,undecided,39,1,female,0,3,11.5,15,0
8005,decided,70,1,female,1,3,96,8,0
8006,undecided,55,1,other,1,3,87,16,0
8007,undecided,56,1,male,1,3,101,15,0
8008,decided,43,1,female,1,3,91,20,1
8009,decided,41,1,male,1,3,92,9,1
8010,undecided,42,1,female,1,5,131,15,0
8011,undecided,31,1,female,0,1,59.5,15,1
8012,decided,53,0,male,0,2,16,8,1
8013,decided,32,0,male,1,6,132,12,0
8014,decided,38,1,female,1,7,435,12,0
8015,undecided,47,1,male,1,7,136,15,1
8016,decided,36,1,female,1,2,120,12,1
8017,undecided,69,1,male,0,1,19,16,0
8018,undecided,66,1,female,1,3,174,13,1
8019,decided,30,1,other,1,5,104,12,0
8020,decided,40,1,female,1,3,53,18,1
8021,decided,37,1,female,1,5,198,12,1
8022,decided,35,1,female,0,3,51,18,1
8023,undecided,32,0,female,1,5,151,18,0
8024,undecided,44,1,female,1,4,127,15,1
8025,decided,41,1,male,1,3,97,9,0
8026,undecided,38,1,other,1,3,145,18,0
8027,decided,54,1,female,0,1,181,20,1
8028,undecided,26,1,male,0,1,93,15,0
8029,decided,45,1,female,1,2,51,20,1
8030,undecided,44,1,female,1,5,154,15,1
8031,undecided,38,1,female,1,3,142,18,0
8032,decided,48,1,female,1,4,155,8,1
8033,undecided,50,1,female,1,3,132,15,0
8034,undecided,53,1,female,1,4,72,16,1
8035,undecided,48,0,male,1,3,173,18,1
8036,decided,33,1,male,1,4,70,18,0
8037,decided,56,1,male,1,7,25,8,0
8038,undecided,61,1,female,1,6,113,20,0
8039,decided,60,1,male,0,1,102,20,0
8040,decided,38,1,female,1,3,84,12,1
8041,undecided,50,1,female,0,1,147,13,1
8042,decided,43,0,female,0,3,37,8,0
8043,decided,69,1,male,1,3,28,20,0
8044,decided,60,1,male,0,1,71,20,0
8045,undecided,43,1,female,1,5,64,15,0
8046,decided,67,1,male,0,3,59,20,0
8047,decided,50,1,female,1,2,89.5,20,1
8048,decided,46,1,female,1,3,112,9,1
8049,decided,31,1,female,1,5,131,18,1
8050,undecided,55,1,female,1,4,66,20,0
8051,decided,53,1,male,1,4,131,8,0
8052,decided,35,1,female,1,5,39,12,0
8053,decided,53,0,female,0,1,81.5,20,1
8054,undecided,57,1,female,1,7,180,20,0
8055,decided,34,1,female,1,5,128,8,1
8056,decided,47,0,other,0,2,95,8,0
8057,decided,24,1,female,1,3,142,12,0
8058,decided,59,1,male,0,1,79,20,0
8059,decided,49,0,female,1,4,149,8,1
8060,decided,56,1,male,1,3,10,20,0
8061,undecided,52,1,female,1,2,88,20,0
8062,decided,38,1,female,1,3,12,18,1
8063,decided,40,1,male,1,4,17,18,1
8064,undecided,36,0,male,1,5,166,15,0
8065,undecided,54,1,female,1,3,109,20,0
8066,decided,62,1,female,1,2,110,20,1
8067,decided,39,1,female,0,1,130,18,1
8068,undecided,47,1,female,1,3,74,15,1
8069,undecided,61,1,female,1,3,84,16,0
8070,decided,32,0,male,1,2,101.5,18,1
8071,undecided,61,0,female,1,4,69,20,0
8072,decided,39,1,female,1,3,124,18,1
8073,undecided,40,1,other,1,5,130,18,0
8074,decided,44,1,male,1,3,70,18,1
8075,decided,56,1,female,0,1,32,20,1
8076,undecided,49,1,female,1,4,222,20,0
8077,decided,30,1,female,1,5,81.5,8,1
8078,undecided,58,1,female,0,1,75,13,0
8079,decided,45,1,female,1,3,148,8,1
8080,decided,31,1,female,1,3,230,8,0
8081,undecided,38,1,female,1,4,160,15,1
8082,decided,37,1,female,1,4,7,9,0
8083,decided,51,1,female,1,2,23,8,0
8084,decided,69,1,male,0,1,115,20,1
8085,undecided,52,1,other,0,2,66,20,0
8086,undecided,40,1,female,1,3,213,18,0
8087,decided,63,1,other,0,1,30,8,1
8088,undecided,49,1,female,0,2,158,13,0
8089,decided,51,1,female,1,5,539,18,1
8090,undecided,66,1,female,0,2,121,20,0
8091,undecided,54,1,female,1,6,132,16,0
8092,undecided,50,1,female,1,6,55.5,18,0
8093,decided,44,0,female,1,6,276,8,0
8094,undecided,25,1,female,1,4,25,18,0
8095,undecided,36,1,female,1,4,173,15,1
8096,undecided,52,1,female,1,5,215,20,0
8097,undecided,61,1,female,1,2,59,20,1
8098,decided,46,1,female,1,6,78,12,0
8099,undecided,42,0,female,0,2,28,18,0
8100,undecided,52,1,female,1,4,32,15,1
8101,decided,42,1,female,0,2,89,9,1
8102,decided,61,0,other,1,7,74,20,1
8103,decided,55,1,male,0,1,174,18,0
8104,undecided,41,1,female,1,3,71,18,0
8105,decided,40,1,female,0,3,14,18,1
8106,undecided,50,1,female,1,2,112,15,0
8107,decided,50,1,other,1,6,203,8,0
8108,decided,60,1,male,1,3,125,20,1
8109,undecided,36,1,male,0,1,118.5,15,1
8110,decided,48,1,male,0,1,191,18,1
8111,undecided,32,1,female,0,1,140.5,15,0
8112,decided,26,0,female,0,2,69,8,0
8113,decided,53,1,female,1,4,176,20,1
8114,undecided,33,1,female,1,2,121,15,0
8115,undecided,44,1,female,0,1,24,18,0
8116,undecided,38,1,female,1,4,52,15,0
8117,undecided,30,1,male,1,3,170,15,0
8118,decided,39,1,female,1,5,193,12,0
8119,undecided,40,1,female,1,2,104,15,1
8120,undecided,28,1,female,0,2,173,15,1
8121,decided,36,1,male,0,1,39,18,1
8122,undecided,43,1,male,1,3,17,15,0
8123,decided,30,1,male,0,2,144,18,1
8124,undecided,58,0,female,1,2,69.5,20,0
8125,decided,41,1,female,1,2,102,18,1
8126,decided,49,1,male,0,2,36,8,1
8127,decided,54,1,male,1,2,137,20,1
8128,undecided,48,1,female,1,5,185,20,0
8129,undecided,40,1,female,1,6,80,15,0
8130,decided,66,1,male,1,3,98,20,0
8131,decided,47,0,male,1,3,334,15,0
8132,decided,32,1,other,1,6,137,11,1
8133,undecided,52,1,female,1,3,103,20,0
8134,decided,40,0,female,0,6,36,8,0
8135,decided,34,1,female,1,3,72,18,1
8136,decided,49,0,female,1,6,308,13,1
8137,decided,52,1,female,0,1,97,18,1
8138,undecided,42,1,female,1,6,156,18,0
8139,decided,37,1,female,0,3,59,12,1
8140,undecided,49,1,female,0,3,39,18,0
8141,undecided,47,1,female,0,1,37,20,0
8142,decided,36,1,female,1,2,132,18,1
8143,decided,63,1,male,1,4,22,8,1
8144,undecided,44,1,female,1,4,144,20,0
8145,undecided,62,1,female,1,5,54,16,1
8146,undecided,48,1,female,1,2,87,20,0
8147,decided,54,1,female,1,7,367,20,1
8148,undecided,57,1,female,0,1,85,20,0
8149,decided,62,1,female,0,1,87,20,1
8150,undecided,62,1,female,1,3,66.5,16,1
8151,decided,43,1,female,1,3,258,8,0
8152,decided,57,0,male,0,1,29,8,0
8153,decided,38,0,female,0,3,6,8,0
8154,undecided,48,1,female,0,1,99,20,0
8155,decided,42,1,female,0,1,216,18,1
8156,decided,56,1,female,1,3,133,20,1
8157,decided,51,1,male,0,1,61.5,9,1
8158,decided,65,1,male,1,3,146,20,0
8159,decided,31,1,female,1,2,71,18,1
8160,undecided,30,1,female,1,2,100,15,1
8161,undecided,40,0,female,1,4,126,20,0
8162,decided,53,0,female,1,5,105,10,0
8163,decided,58,1,female,1,2,58.5,8,0
8164,decided,54,1,female,1,3,100,9,1
8165,undecided,39,1,female,1,3,55,15,0
8166,decided,52,1,male,0,1,66,20,0
8167,undecided,50,1,female,1,2,83,15,1
8168,decided,46,1,female,1,4,231,8,1
8169,decided,50,1,female,1,5,165,12,1
8170,undecided,47,1,other,1,3,49,18,0
8171,undecided,41,1,female,1,4,139,13,1
8172,undecided,44,1,male,1,2,159,15,0
8173,undecided,36,1,female,1,3,70,15,0
8174,decided,50,1,female,1,2,100,12,1
8175,decided,40,0,male,1,7,148.5,8,1
8176,decided,51,0,other,0,1,46.5,8,0
8177,decided,57,0,female,1,3,65,18,1
8178,decided,45,1,female,1,2,183,15,0
8179,decided,37,1,female,1,4,467,18,1
8180,undecided,45,1,male,1,3,134,18,0
8181,decided,49,1,female,1,4,131,18,1
8182,undecided,39,1,female,1,4,37,15,0
8183,undecided,41,1,other,1,2,48,15,1
8184,decided,42,0,female,1,3,85,8,1
8185,decided,25,0,male,0,1,48,8,1
8186,undecided,35,1,other,0,1,138,15,0
8187,decided,62,1,male,1,4,54,8,0
8188,undecided,52,1,female,1,3,97,15,1
8189,decided,26,1,female,1,2,144,12,1
8190,undecided,64,1,female,0,2,66,20,0
8191,decided,27,1,male,0,1,230,8,0
8192,undecided,47,1,female,1,3,97,18,1
8193,decided,40,1,female,1,3,121,18,1
8194,decided,56,1,male,1,2,100,20,1
8195,decided,55,1,female,0,2,71,10,1
8196,decided,50,1,female,0,1,21,10,0
8197,undecided,51,1,female,0,4,41,16,1
8198,decided,29,0,male,0,3,96.5,9,0
8199,undecided,33,1,female,1,6,98,15,0
8200,undecided,51,1,female,0,2,114,15,0
8201,decided,40,1,female,1,5,175.5,15,1
8202,decided,37,1,female,1,5,37,9,0
8203,undecided,53,1,female,1,2,22,15,1
8204,undecided,43,0,female,0,4,166,18,0
8205,decided,53,1,female,0,3,18,8,1
8206,decided,37,1,male,0,1,5,18,1
8207,undecided,51,1,other,1,2,118,20,0
8208,undecided,46,1,female,1,2,101,18,0
8209,decided,44,0,male,1,3,20,8,0
8210,decided,51,1,male,1,3,89,20,0
8211,undecided,53,1,female,1,7,93,15,1
8212,decided,31,1,male,1,4,175,8,1
8213,decided,49,1,male,1,3,155,12,0
8214,decided,43,0,female,0,1,107,18,1
8215,decided,58,1,male,1,3,274,16,0
8216,decided,37,1,male,1,5,295,8,1
8217,decided,57,1,female,1,3,547,20,1
8218,undecided,47,1,male,1,3,119,13,1
8219,decided,33,1,female,1,3,89,18,1
8220,decided,51,0,female,1,3,81,18,1
8221,decided,45,1,female,0,2,92,20,1
8222,decided,57,1,male,1,5,143,20,1
8223,decided,62,1,female,1,3,60,20,1
8224,decided,48,0,male,1,6,134,8,0
8225,decided,54,1,male,0,2,5,20,0
8226,decided,50,1,male,1,5,87,18,0
8227,decided,37,1,female,1,3,72,18,1
8228,undecided,32,1,other,0,1,109,15,0
8229,undecided,57,1,female,1,4,78,20,0
8230,decided,47,1,female,1,6,290,20,1
8231,decided,33,1,female,1,6,121,8,0
8232,decided,36,0,female,1,6,42,8,1
8233,decided,36,0,female,1,3,41,18,1
8234,undecided,53,1,female,1,6,68,13,0
8235,undecided,62,0,female,0,2,10,8,1
8236,decided,58,0,female,0,2,49,8,1
8237,undecided,69,1,female,0,1,27,20,0
8238,decided,39,0,female,1,3,122,8,0
8239,undecided,50,1,female,1,3,66,15,1
8240,decided,34,1,female,0,4,120,8,1
8241,decided,46,1,male,1,6,77,8,1
8242,decided,40,1,other,1,4,186,15,0
8243,decided,51,1,female,1,2,111.5,20,1
8244,decided,63,1,female,1,2,55,20,1
8245,decided,55,1,female,1,3,98,9,0
8246,decided,59,1,female,0,2,60,10,0
8247,decided,18,1,female,1,2,162,12,0
8248,decided,47,1,male,1,3,70,18,0
8249,decided,55,1,female,1,2,26,8,1
8250,decided,46,1,female,1,7,156,12,1
8251,decided,48,1,male,0,1,139,20,1
8252,decided,47,1,female,0,1,152.5,8,1
8253,decided,53,1,male,1,2,85,20,1
8254,undecided,49,1,female,0,1,71,18,1
8255,decided,56,0,male,0,2,26,8,1
8256,undecided,54,1,male,1,3,105,16,0
8257,undecided,35,1,male,1,4,165,15,1
8258,decided,37,1,male,1,3,28,12,0
8259,undecided,27,1,female,0,3,29,15,1
8260,decided,40,1,female,1,5,113,12,1
8261,decided,45,1,male,1,4,163,12,1
8262,undecided,51,1,female,1,2,51,15,1
8263,decided,39,1,female,1,2,151,18,1
8264,undecided,46,1,female,1,5,142,16,0
8265,decided,53,0,male,0,1,155,20,0
8266,undecided,41,1,male,1,5,108,15,0
8267,decided,43,1,female,1,3,78.5,18,1
8268,decided,35,1,female,0,2,139.5,8,1
8269,decided,21,1,female,1,4,73,12,0
8270,decided,53,1,female,1,2,213,12,1
8271,decided,44,0,female,0,1,7,8,1
8272,decided,21,1,female,1,6,166,12,0
8273,decided,52,1,female,1,3,333,18,1
8274,undecided,51,1,female,1,5,111,20,0
8275,decided,51,1,female,0,2,83,18,1
8276,undecided,60,1,female,1,3,34,20,0
8277,undecided,64,1,male,1,2,93,13,1
8278,undecided,59,1,female,1,3,121,20,0
8279,undecided,52,1,female,0,3,62,16,1
8280,decided,42,1,other,1,5,231,12,1
8281,decided,23,1,female,1,4,107,12,1
8282,undecided,57,1,female,1,3,141,20,0
8283,undecided,42,0,female,1,7,114,15,0
8284,decided,50,1,female,1,4,182,12,1
8285,decided,48,0,female,1,2,90,12,0
8286,decided,43,0,female,1,2,66.5,8,1
8287,undecided,54,1,female,0,1,132,16,0
8288,undecided,30,1,female,1,5,136,15,1
8289,decided,42,1,female,1,7,131,12,1
8290,decided,45,0,female,1,3,54,20,1
8291,undecided,35,1,female,1,4,130,15,1
8292,decided,51,1,female,1,5,120,20,1
8293,undecided,58,1,female,1,6,101,13,1
8294,decided,39,0,female,1,4,156,18,1
8295,decided,34,1,other,0,7,77,17,0
8296,decided,45,1,female,0,3,107.5,18,1
8297,decided,43,1,male,0,2,212,18,1
8298,decided,34,1,male,1,2,6,8,1
8299,undecided,54,1,female,0,1,65,13,0
8300,decided,68,1,female,1,2,106,20,1
8301,undecided,44,1,female,1,7,93,15,1
8302,decided,40,1,female,1,4,134.5,8,1
8303,undecided,39,1,female,1,3,77,15,1
8304,decided,43,0,female,1,7,95,8,0
8305,decided,55,1,female,1,4,80,18,1
8306,undecided,37,1,female,1,6,149,15,1
8307,decided,53,1,other,1,6,214,18,1
8308,decided,36,1,female,1,6,107,18,1
8309,decided,31,1,female,1,4,108,18,1
8310,decided,30,1,female,1,4,78,11,0
8311,decided,33,0,female,1,4,99,12,1
8312,decided,44,1,female,1,6,82,12,0
8313,decided,42,1,female,1,2,25,18,1
8314,undecided,74,1,female,1,2,21,20,0
8315,decided,51,1,male,1,4,60,9,0
8316,decided,69,1,male,1,4,32,20,1
8317,decided,43,1,female,1,5,91,12,0
8318,undecided,43,1,other,1,4,133,13,1
8319,decided,31,1,female,0,3,6,8,0
8320,decided,54,0,female,1,2,116,12,1
8321,undecided,37,1,female,1,5,15,15,1
8322,decided,59,1,male,1,2,49,20,1
8323,undecided,47,1,male,1,6,76,16,1
8324,undecided,48,1,female,1,2,30,18,0
8325,decided,26,1,female,1,4,119,8,0
8326,decided,47,1,female,1,2,49,18,1
8327,undecided,49,1,female,1,7,103,15,1
8328,decided,52,1,female,1,5,117,12,0
8329,decided,41,0,male,0,1,44.5,8,1
8330,decided,59,1,female,1,3,84,20,1
8331,undecided,49,1,male,1,4,137,15,0
8332,decided,45,1,male,1,4,90,20,1
8333,undecided,39,1,female,1,7,159,15,1
8334,decided,35,1,female,1,5,185,12,0
8335,undecided,37,1,female,0,1,132,18,0
8336,decided,39,1,female,1,4,108,12,0
8337,decided,54,1,female,1,5,152,12,1
8338,decided,46,1,male,1,3,36,20,1
8339,decided,62,1,male,1,4,65,8,0
8340,decided,47,1,other,0,2,32,12,0
8341,decided,45,1,female,1,5,238,15,1
8342,undecided,46,1,female,0,4,147.5,15,0
8343,undecided,34,1,female,1,2,153,18,0
8344,undecided,43,1,female,1,2,80,18,0
8345,undecided,58,1,female,0,1,73,20,0
8346,decided,53,1,female,1,5,24,18,1
8347,decided,47,1,other,1,2,83.5,18,1
8348,undecided,43,1,male,1,2,66,15,0
8349,decided,66,1,other,1,3,38.5,20,1
8350,decided,37,1,other,1,3,120,18,1
8351,undecided,48,0,female,1,3,17,20,0
8352,decided,38,1,female,1,5,165,8,0
8353,undecided,45,1,female,1,3,14.5,13,1
8354,undecided,38,1,female,0,1,45.5,18,0
8355,undecided,39,1,female,1,6,102,15,1
8356,undecided,47,0,male,0,5,42,13,0
8357,decided,47,1,female,1,5,190,15,1
8358,decided,64,1,male,1,3,76,20,0
8359,undecided,45,1,other,1,4,168,16,0
8360,decided,55,1,female,1,4,159,20,1
8361,undecided,34,1,male,1,5,148,15,1
8362,decided,46,0,female,1,3,101,18,1
8363,decided,54,1,other,1,5,39,8,0
8364,decided,68,1,female,1,3,81,20,1
8365,decided,48,1,female,1,5,209,8,0
8366,undecided,65,1,female,0,1,34,20,0
8367,decided,64,0,other,1,4,120,20,1
8368,decided,30,1,female,1,3,187,12,0
8369,decided,33,1,other,0,1,80.5,17,1
8370,decided,36,1,female,0,3,47,8,0
8371,undecided,60,1,female,1,3,44,16,0
8372,undecided,47,1,female,1,3,158,15,0
8373,undecided,55,1,other,1,2,70,20,0
8374,undecided,44,1,female,1,7,107,18,0
8375,decided,39,0,male,0,1,6,8,1
8376,undecided,62,1,female,1,4,116,20,0
8377,undecided,39,1,female,1,7,131,15,1
8378,undecided,41,1,male,1,2,33,15,1
8379,undecided,44,0,other,1,3,100,20,0
8380,decided,45,1,male,0,6,528,8,1
8381,undecided,42,1,female,0,1,47,15,0
8382,undecided,61,1,female,0,2,76,20,0
8383,decided,61,1,male,1,3,39,20,1
8384,undecided,70,1,female,0,5,58,16,1
8385,decided,32,1,female,1,5,66,12,1
8386,decided,37,0,male,0,1,68,8,1
8387,decided,36,1,other,1,5,521,15,1
8388,undecided,43,1,female,0,1,46,15,1
8389,undecided,50,0,other,0,1,138,20,0
8390,decided,46,1,female,1,5,9,12,1
8391,decided,62,1,male,0,1,4,20,1
8392,decided,55,1,other,1,3,194,8,0
8393,undecided,43,1,female,1,4,22,16,1
8394,decided,31,1,female,1,7,84,18,1
8395,decided,30,1,female,1,7,113,12,1
8396,decided,31,1,male,0,2,37,18,0
8397,decided,67,1,female,0,2,65,20,1
8398,undecided,44,0,female,0,1,133,15,0
8399,decided,35,1,female,1,3,162,12,0
8400,undecided,49,1,female,1,3,60,20,0
8401,decided,55,1,male,0,5,31,20,0
8402,undecided,50,1,female,1,2,89,18,0
8403,decided,46,1,female,1,5,65,18,1
8404,decided,51,1,female,0,2,77,8,0
8405,decided,30,1,female,0,5,18,18,1
8406,undecided,42,1,female,1,2,171,15,1
8407,decided,47,1,female,0,3,122,18,1
8408,undecided,43,1,female,0,2,37,18,0
8409,decided,52,1,male,0,2,33,20,0
8410,undecided,47,1,female,0,1,17,18,0
8411,undecided,35,1,female,1,5,127,15,1
8412,decided,60,1,male,1,3,47,20,0
8413,decided,51,0,male,1,5,216,15,1
8414,undecided,41,0,other,1,4,38,15,0
8415,decided,36,0,female,1,3,68,8,0
8416,undecided,29,1,male,1,5,103,15,1
8417,decided,70,1,other,1,2,149,8,0
8418,decided,37,0,female,1,4,138,12,1
8419,undecided,50,1,male,1,6,62,15,1
8420,undecided,70,1,other,0,1,115,20,0
8421,decided,37,1,male,1,3,154,12,0
8422,decided,43,1,female,1,3,147,12,0
8423,decided,54,1,female,1,5,141,20,1
8424,undecided,56,1,female,1,3,81,20,0
8425,undecided,41,1,female,1,3,95,18,0
8426,undecided,48,1,female,1,2,137,15,1
8427,undecided,35,1,female,1,6,76,15,1
8428,decided,45,1,female,1,6,180,12,0
8429,undecided,29,1,female,1,5,89,15,1
8430,undecided,38,1,female,1,3,87,18,0
8431,undecided,53,1,female,0,4,147,16,1
8432,decided,51,1,male,1,3,230,20,1
8433,undecided,59,1,female,1,3,98,20,0
8434,decided,54,0,female,0,2,16,8,0
8435,undecided,54,0,female,1,4,143,18,0
8436,undecided,55,1,male,1,4,59.5,15,1
8437,decided,50,1,female,1,4,89,8,1
8438,decided,46,1,female,1,3,135,18,1
8439,undecided,61,1,female,0,2,14,20,0
8440,undecided,55,1,male,1,4,89,16,1
8441,decided,48,0,other,0,1,5,8,1
8442,undecided,49,1,female,1,4,104,18,0
8443,decided,49,0,female,1,3,123,20,1
8444,decided,48,1,male,1,2,51,20,1
8445,decided,49,0,female,0,1,136.5,9,0
8446,decided,30,1,female,0,4,60.5,8,1
8447,decided,49,1,female,0,1,241,20,1
8448,undecided,36,1,other,0,3,119.5,18,0
8449,decided,53,1,male,1,3,113,8,0
8450,undecided,39,1,male,0,2,59.5,15,1
8451,undecided,34,1,female,1,2,135,15,1
8452,decided,33,1,female,1,7,25,8,1
8453,decided,54,1,female,1,4,421,20,0
8454,undecided,52,1,female,0,1,43,20,0
8455,decided,31,1,other,1,2,95.5,8,1
8456,decided,33,1,female,1,4,5,11,1
8457,decided,51,1,male,1,3,75,20,1
8458,decided,42,1,male,0,2,64,18,0
8459,undecided,41,1,female,1,3,155,15,0
8460,undecided,46,1,female,0,4,6,16,0
8461,undecided,20,1,female,1,5,49,15,0
8462,undecided,42,1,other,1,4,104,15,0
8463,undecided,62,1,female,1,5,80,20,1
8464,decided,56,1,male,1,5,108,20,0
8465,decided,59,1,female,1,2,108,20,1
8466,decided,22,1,male,1,3,326,14,0
8467,decided,47,1,female,1,2,150,18,1
8468,decided,48,0,female,1,7,36,8,1
8469,decided,35,1,female,1,3,38,8,0
8470,decided,26,0,male,0,5,5,11,1
8471,decided,36,1,female,1,2,136,8,0
8472,decided,35,1,female,1,3,65,9,1
8473,decided,57,1,female,1,4,193,20,1
8474,undecided,48,1,female,1,3,35,15,0
8475,decided,53,0,other,0,1,43,8,1
8476,decided,55,1,female,1,2,135,10,0
8477,undecided,35,1,female,0,1,49,18,0
8478,decided,49,1,female,1,3,93,18,1
8479,decided,49,1,female,0,1,114,9,0
8480,undecided,55,1,female,1,5,173,15,1
8481,undecided,48,1,male,1,3,98,16,1
8482,decided,29,0,other,0,4,130.5,8,0
8483,undecided,67,1,other,1,3,160,13,0
8484,decided,45,1,female,0,4,11,18,1
8485,decided,61,0,male,1,5,104,20,0
8486,undecided,36,1,female,0,2,54,12,1
8487,decided,35,0,female,0,2,17,8,1
8488,decided,44,1,female,1,5,150,12,1
8489,undecided,46,0,male,1,4,50,16,1
8490,undecided,62,1,other,0,1,25,20,0
8491,undecided,49,1,female,1,4,98,18,0
8492,decided,52,1,other,1,2,91,18,1
8493,decided,52,1,female,1,3,9,20,1
8494,undecided,49,1,male,1,5,105,15,0
8495,decided,42,1,male,1,3,76,20,1
8496,decided,34,1,female,1,5,145,12,1
8497,undecided,48,1,female,1,2,150,15,1
8498,decided,70,1,male,1,3,41,20,1
8499,decided,62,1,female,1,5,10,20,1
8500,decided,50,1,female,1,4,226,18,1
8501,undecided,50,1,female,1,4,57,18,0
8502,decided,57,0,female,0,2,20,8,1
8503,decided,67,1,male,1,4,114,20,0
8504,undecided,50,1,female,1,3,36,20,0
8505,undecided,54,1,female,1,4,27,20,0
8506,decided,42,0,female,0,1,132,8,0
8507,decided,61,1,female,1,2,34,10,0
8508,decided,69,1,female,1,5,62,20,1
8509,decided,68,1,female,0,4,58,20,1
8510,decided,66,1,female,0,1,12,20,1
8511,undecided,34,1,female,1,2,137,15,0
8512,decided,36,1,female,0,2,31,8,0
8513,undecided,47,1,female,0,1,52,15,1
8514,undecided,59,1,female,1,6,135,16,1
8515,decided,28,1,female,1,6,30,8,0
8516,decided,48,1,female,1,4,115,18,1
8517,decided,66,1,female,1,5,7,20,1
8518,undecided,47,1,female,1,6,92,15,1
8519,undecided,44,1,female,0,3,37,18,0
8520,decided,42,1,female,0,1,52,8,1
8521,undecided,28,1,female,1,6,64.5,15,1
8522,undecided,60,0,male,1,2,93,20,0
8523,decided,42,1,female,1,2,63,20,1
8524,decided,48,0,male,1,7,62,8,1
8525,undecided,38,1,female,1,4,73,15,1
8526,decided,64,1,female,1,7,132,20,1
8527,decided,66,1,female,0,1,47,20,1
8528,undecided,45,1,female,1,3,143,13,1
8529,decided,52,0,female,0,6,114,8,1
8530,undecided,54,1,male,0,5,59,13,0
8531,decided,34,1,male,1,3,238,12,1
8532,decided,35,0,male,1,3,81,12,1
8533,decided,60,1,other,1,3,144,10,1
8534,decided,44,1,female,1,3,102,20,1
8535,undecided,49,1,female,0,4,90,20,0
8536,undecided,52,1,male,0,2,164.5,16,1
8537,decided,45,1,male,1,3,96,18,0
8538,undecided,42,1,female,0,1,54,15,0
8539,decided,55,1,female,1,7,76,8,1
8540,decided,47,1,female,1,2,184,15,1
8541,decided,36,1,male,1,2,116,18,1
8542,undecided,34,1,female,0,4,43,15,1
8543,undecided,42,1,female,1,6,55,15,0
8544,decided,50,0,female,0,1,21,8,1
8545,decided,59,1,female,0,3,24,8,1
8546,decided,62,1,other,0,3,58,20,1
8547,decided,47,1,female,1,5,234,12,1
8548,undecided,48,1,female,1,4,107,18,0
8549,undecided,47,1,female,1,5,147,18,1
8550,undecided,45,0,female,1,3,62,20,0
8551,decided,54,1,male,1,2,68,20,0
8552,decided,52,1,female,1,6,92,12,0
8553,decided,35,1,female,1,3,164,18,1
8554,undecided,62,1,other,0,1,7,20,0
8555,decided,38,0,female,1,4,47,18,1
8556,decided,43,1,female,1,4,94,18,1
8557,decided,62,0,female,0,1,7,8,0
8558,decided,44,1,female,1,2,235,8,1
8559,decided,47,1,female,0,1,53,20,1
8560,decided,65,1,female,1,3,70,20,1
8561,decided,30,1,female,0,2,118.5,8,0
8562,undecided,52,0,male,1,4,130,18,1
8563,undecided,29,1,female,1,5,61.5,15,1
8564,undecided,45,1,female,0,3,53,20,0
8565,undecided,64,1,female,0,6,97,16,1
8566,decided,41,1,female,0,1,67,20,1
8567,decided,32,1,other,0,3,22,18,1
8568,decided,63,1,female,0,1,125,8,0
8569,decided,36,1,other,0,2,75,18,1
8570,undecided,27,1,female,1,7,172,15,1
8571,decided,43,1,male,1,4,94,12,1
8572,undecided,55,1,female,1,3,43,20,0
8573,decided,42,1,male,1,5,175,8,0
8574,undecided,38,1,female,1,3,119,18,0
8575,undecided,48,1,other,1,4,109,18,0
8576,undecided,39,1,female,1,3,151,18,0
8577,decided,58,1,female,1,5,136,8,1
8578,undecided,44,1,female,1,4,118,15,0
8579,decided,37,1,male,1,5,59,8,1
8580,decided,66,1,female,1,6,196,16,0
8581,decided,33,1,other,1,5,58,8,0
8582,decided,43,1,other,1,2,45.5,8,0
8583,undecided,68,1,female,1,6,110,16,1
8584,undecided,42,1,female,1,4,112,18,0
8585,decided,32,1,female,1,6,188,15,0
8586,undecided,39,1,male,1,5,63,15,0
8587,undecided,57,1,male,1,3,21,16,0
8588,decided,37,1,female,1,3,211,8,1
8589,decided,38,1,female,1,2,34,18,1
8590,decided,29,1,female,1,2,45,18,1
8591,undecided,66,1,female,1,5,18,20,0
8592,undecided,44,1,female,0,2,47,20,0
8593,decided,37,1,female,0,2,59,18,1
8594,decided,47,1,female,1,4,256,15,1
8595,undecided,49,1,female,0,4,45,13,1
8596,undecided,52,1,female,1,7,39,16,1
8597,decided,45,1,female,1,2,112,18,1
8598,undecided,47,1,female,0,3,18,18,0
8599,undecided,68,1,male,0,1,35,16,0
8600,undecided,62,1,female,1,3,34,16,0
8601,undecided,52,1,female,1,5,39,15,1
8602,decided,34,1,male,1,4,183,8,1
8603,decided,33,0,female,0,2,47,8,0
8604,decided,52,0,female,1,3,325,18,0
8605,decided,30,1,male,0,2,41,18,1
8606,decided,39,1,female,1,2,97,18,1
8607,decided,37,1,male,1,6,30,12,1
8608,undecided,61,1,female,1,5,141,13,0
8609,decided,39,1,female,1,6,82,8,0
8610,decided,45,1,female,1,4,12,18,1
8611,decided,31,1,male,1,5,159,12,0
8612,undecided,41,0,female,0,3,79,16,0
8613,decided,48,1,male,0,1,15,20,1
8614,decided,42,1,male,0,1,96,18,0
8615,undecided,42,1,other,1,2,106,18,0
8616,decided,62,1,female,1,5,5,20,1
8617,undecided,40,1,female,1,3,175,18,0
8618,undecided,45,1,female,0,1,104,15,0
8619,undecided,52,1,female,0,2,119.5,18,0
8620,decided,66,0,female,1,5,28,8,0
8621,decided,38,1,female,1,3,218,15,1
8622,decided,69,1,male,1,3,80,20,1
8623,decided,24,0,female,1,3,152,12,0
8624,undecided,48,1,female,1,3,29,20,0
8625,undecided,56,1,female,1,3,64,20,0
8626,decided,56,1,male,1,5,138,20,1
8627,undecided,56,1,female,0,1,53,16,1
8628,undecided,57,1,female,1,4,122,15,1
8629,decided,41,1,female,1,5,155,20,1
8630,decided,53,1,female,1,5,28,20,1
8631,decided,52,1,male,1,4,112,20,1
8632,undecided,64,1,female,1,2,22,20,0
8633,decided,43,1,male,1,3,145,20,1
8634,decided,51,1,male,0,1,52,20,0
8635,decided,33,1,male,1,5,128,12,0
8636,undecided,69,1,female,1,2,22,20,0
8637,undecided,52,1,female,1,4,79,18,0
8638,decided,38,1,female,1,5,114,8,1
8639,decided,36,1,male,0,2,50,18,1
8640,undecided,39,1,female,1,4,88,15,1
8641,decided,48,1,female,1,5,141,12,0
8642,undecided,56,1,female,0,4,60,16,0
8643,undecided,43,1,female,1,4,124,15,0
8644,decided,40,1,female,1,4,55,20,1
8645,decided,47,1,female,0,2,241,9,1
8646,decided,43,1,female,1,4,37,8,1
8647,undecided,44,1,female,1,2,20,18,0
8648,undecided,40,1,female,1,4,89,18,0
8649,decided,27,1,other,1,3,43.5,12,1
8650,undecided,39,1,female,1,2,130,18,0
8651,decided,57,1,other,0,1,68,20,1
8652,decided,52,1,male,0,1,185,16,1
8653,decided,43,1,female,1,2,41,18,1
8654,undecided,46,1,female,1,4,120.5,18,0
8655,decided,40,1,female,1,6,270,15,0
8656,undecided,46,1,female,0,3,68,18,0
8657,decided,64,1,female,1,3,21,8,1
8658,decided,30,1,male,1,2,173,12,0
8659,undecided,47,1,male,1,4,118,15,1
8660,decided,45,1,female,1,2,230,10,0
8661,decided,35,0,female,1,3,78,12,1
8662,decided,53,0,male,0,2,35,8,1
8663,undecided,57,1,male,1,4,99,13,0
8664,decided,66,1,other,1,2,298,20,0
8665,undecided,45,1,female,1,3,91,20,0
8666,undecided,42,0,female,1,2,41,20,0
8667,undecided,46,1,male,1,4,84,16,1
8668,decided,39,0,female,0,1,56.5,8,1
8669,decided,32,0,male,1,3,187,12,0
8670,undecided,48,1,female,0,2,31,15,1
8671,undecided,45,1,female,1,5,63,15,0
8672,decided,51,1,male,1,3,47,20,0
8673,undecided,40,1,female,1,5,42,15,1
8674,decided,51,0,female,0,1,131.5,18,1
8675,decided,30,1,male,0,1,66,12,1
8676,decided,51,1,female,0,2,90,18,1
8677,decided,62,1,female,1,3,147,20,1
8678,undecided,46,1,female,1,3,139,15,0
8679,decided,69,1,male,0,1,87,8,1
8680,undecided,44,1,male,1,2,85,15,0
8681,undecided,69,1,male,1,3,60,13,1
8682,decided,40,0,female,1,4,109,12,0
8683,decided,32,0,male,1,3,76,11,0
8684,undecided,68,1,male,1,2,112,16,0
8685,undecided,43,1,female,1,2,152,18,0
8686,undecided,47,0,female,1,7,75,20,0
8687,decided,45,1,female,0,1,73,9,1
8688,undecided,47,1,female,1,4,80,20,0
8689,undecided,39,1,female,1,4,160,15,0
8690,decided,33,0,female,1,2,98,8,1
8691,decided,46,1,other,0,3,19,18,1
8692,decided,39,1,female,1,2,219,15,1
8693,undecided,37,1,male,1,5,126,15,1
8694,undecided,51,1,male,1,5,131,13,0
8695,decided,58,1,female,1,2,93,20,1
8696,decided,23,1,female,0,1,42,17,1
8697,undecided,47,1,female,1,2,173,15,1
8698,undecided,53,1,female,1,4,178,20,0
8699,decided,54,1,female,1,3,168,20,1
8700,decided,56,1,female,1,2,31,20,1
8701,undecided,61,1,female,1,2,67,20,0
8702,undecided,46,1,female,1,4,28,20,0
8703,decided,51,1,female,1,3,38,20,1
8704,undecided,53,1,female,1,3,158,18,0
8705,decided,38,0,female,1,4,546,15,1
8706,decided,53,0,male,1,2,144,20,1
8707,decided,35,1,male,0,2,28,8,0
8708,undecided,63,1,female,1,3,169,20,0
8709,decided,47,1,female,1,2,56,18,1
8710,decided,50,1,male,1,3,36,9,1
8711,undecided,49,1,other,1,5,73,20,0
8712,decided,49,1,female,1,5,280,15,0
8713,undecided,58,1,other,1,3,14,20,0
8714,undecided,58,1,male,1,2,80,16,1
8715,undecided,52,1,male,1,6,150,16,1
8716,undecided,52,0,female,1,5,100,15,0
8717,decided,48,1,female,1,2,140,20,1
8718,undecided,34,1,female,1,3,79.5,15,0
8719,undecided,51,1,female,1,6,103,18,0
8720,undecided,56,1,female,1,2,82,18,0
8721,undecided,40,1,female,1,5,160,15,1
8722,undecided,58,1,female,1,4,154,20,0
8723,decided,44,1,female,1,2,73,20,1
8724,decided,64,1,female,1,2,75,20,1
8725,decided,54,1,male,1,3,123,18,0
8726,undecided,39,0,female,1,5,83,15,0
8727,undecided,34,1,female,1,3,36,15,0
8728,decided,33,1,female,0,1,70,18,1
8729,decided,51,1,female,1,7,134,12,0
8730,decided,53,1,female,1,5,176,12,1
8731,undecided,41,1,male,1,5,110,15,1
8732,undecided,42,0,female,1,6,129,18,0
8733,undecided,34,1,female,1,4,172,15,0
8734,undecided,56,1,female,1,3,121,15,1
8735,decided,64,1,female,0,1,99,20,1
8736,decided,30,1,female,0,4,13,11,1
8737,undecided,73,1,female,1,3,91,13,0
8738,decided,65,1,male,1,4,122,20,1
8739,decided,50,1,male,1,2,332,16,1
8740,decided,52,1,male,0,1,32,8,0
8741,undecided,60,1,female,1,3,79,20,0
8742,decided,43,1,male,1,4,77,12,0
8743,decided,59,1,female,1,4,108,10,1
8744,undecided,38,1,other,1,3,173,15,0
8745,decided,40,1,female,0,2,24,9,1
8746,decided,38,0,male,1,6,10.5,8,1
8747,decided,37,0,female,1,7,64,8,1
8748,undecided,61,1,female,1,4,58,20,0
8749,undecided,41,1,male,1,3,70,15,0
8750,undecided,58,1,female,0,1,75,20,0
8751,decided,48,1,female,1,2,41,8,0
8752,undecided,59,1,female,1,3,93,20,0
8753,undecided,53,1,female,1,2,164,15,1
8754,decided,76,0,female,1,5,67,8,1
8755,decided,43,1,other,0,4,52,8,1
8756,decided,32,1,male,0,1,73,8,0
8757,undecided,40,1,other,1,6,147,18,0
8758,decided,26,1,male,1,4,114,12,0
8759,undecided,58,1,female,1,4,78,20,0
8760,decided,53,1,female,1,3,29,12,0
8761,undecided,30,1,male,1,2,72,15,0
8762,undecided,50,1,female,1,2,57,15,0
8763,undecided,39,0,female,1,4,213,18,0
8764,decided,39,1,female,0,3,75,8,0
8765,decided,43,1,female,1,3,94,18,1
8766,decided,35,0,other,1,5,80,8,1
8767,undecided,45,0,female,1,3,6,20,0
8768,decided,61,1,other,1,4,96,8,0
8769,decided,51,0,female,0,2,122,8,0
8770,undecided,44,1,male,1,4,99,15,1
8771,decided,41,0,female,1,2,108,18,1
8772,undecided,45,1,female,0,1,42,18,0
8773,decided,52,1,male,1,5,185,18,0
8774,undecided,33,1,female,1,3,144,15,1
8775,undecided,41,1,female,1,3,91,18,0
8776,undecided,62,1,female,1,5,81,16,1
8777,undecided,47,1,female,1,4,126,15,0
8778,decided,55,1,male,1,4,32,18,0
8779,undecided,59,1,female,0,1,21,20,0
8780,undecided,42,1,other,1,2,62,15,1
8781,undecided,52,1,female,1,4,150,20,0
8782,decided,43,0,female,1,6,245,13,1
8783,undecided,55,1,female,1,3,67.5,16,0
8784,decided,59,1,male,1,2,71,20,0
8785,decided,65,0,female,1,3,124,20,1
8786,undecided,46,1,female,1,5,4,16,0
8787,undecided,68,1,female,1,2,86,20,0
8788,undecided,29,1,female,1,6,99,15,0
8789,decided,68,1,female,1,6,232,10,1
8790,decided,40,1,female,0,2,24,18,1
8791,decided,46,1,female,0,1,23,8,1
8792,decided,40,1,female,1,5,213,15,0
8793,undecided,60,0,female,1,5,153,20,0
8794,decided,53,1,female,0,4,124.5,8,0
8795,decided,48,1,male,1,4,417,15,1
8796,decided,36,1,female,1,3,84,8,1
8797,decided,48,1,male,1,2,12,8,0
8798,undecided,62,0,other,1,3,76,20,0
8799,decided,45,1,female,1,6,177,15,0
8800,decided,52,1,female,1,4,131,18,1
8801,decided,38,1,female,1,5,96,12,1
8802,undecided,48,1,female,1,6,88,18,0
8803,decided,60,1,female,0,1,10.5,8,1
8804,decided,48,1,male,1,3,76,20,1
8805,undecided,46,1,female,1,3,81,18,0
8806,decided,52,1,female,1,3,39,20,1
8807,decided,38,1,male,1,4,58,12,1
8808,decided,31,1,male,0,1,85,18,0
8809,decided,44,1,female,1,4,358,8,0
8810,decided,48,1,other,1,3,197.5,18,1
8811,decided,25,1,female,1,4,112,12,0
8812,undecided,31,1,female,1,3,5,18,0
8813,undecided,53,1,female,0,1,9,20,0
8814,undecided,50,0,female,1,3,37,20,0
8815,decided,48,1,female,1,3,77,8,1
8816,decided,52,1,male,0,3,165,18,1
8817,decided,35,1,female,0,1,78,9,0
8818,undecided,55,1,female,0,1,48,16,1
8819,decided,51,1,female,1,3,32,9,1
8820,undecided,45,1,male,1,3,159,15,0
8821,decided,32,0,female,1,2,47.5,8,1
8822,decided,46,0,other,0,1,72,8,0
8823,decided,34,1,male,1,4,175,15,0
8824,decided,44,1,female,1,6,104,10,1
8825,decided,63,1,female,0,1,133,20,1
8826,decided,50,1,male,1,3,5,20,1
8827,decided,71,1,female,0,5,20,10,0
8828,decided,28,0,female,1,6,106,8,0
8829,decided,57,1,female,1,5,118,20,1
8830,decided,30,1,female,0,4,171,12,0
8831,undecided,60,1,female,1,3,87,16,0
8832,undecided,34,1,male,1,3,57,15,0
8833,decided,40,1,female,0,2,41,8,0
8834,undecided,49,1,female,1,3,88,15,1
8835,undecided,46,1,female,1,4,168,15,1
8836,undecided,40,1,female,1,4,19,18,0
8837,decided,51,1,female,1,2,134,20,1
8838,undecided,60,1,other,0,5,70,16,1
8839,decided,22,1,female,1,2,168,12,0
8840,decided,63,1,male,1,2,100,20,1
8841,undecided,50,1,female,0,1,85.5,15,1
8842,decided,78,0,female,1,3,125,8,0
8843,decided,47,1,male,1,3,44,18,1
8844,undecided,59,1,male,1,7,112,16,1
8845,decided,36,1,female,1,6,357,15,0
8846,decided,38,0,female,1,5,97,18,1
8847,decided,37,1,female,1,3,237,12,1
8848,undecided,47,1,male,1,3,160,15,1
8849,decided,35,1,female,1,5,92,18,1
8850,decided,22,1,female,1,5,104,12,0
8851,decided,59,1,female,1,3,139,20,1
8852,decided,38,1,female,1,3,166,12,1
8853,undecided,44,0,female,1,4,168,18,0
8854,decided,53,1,female,1,6,151,12,0
8855,decided,42,1,female,1,5,138,9,1
8856,undecided,44,1,female,1,4,65,15,0
8857,decided,53,0,female,0,3,19,18,1
8858,undecided,47,1,other,1,2,41,20,0
8859,decided,67,1,female,1,5,212,10,0
8860,undecided,25,1,male,1,2,132,15,0
8861,undecided,48,1,female,1,3,40,15,0
8862,decided,37,1,male,1,3,89,8,0
8863,decided,34,1,male,0,2,12.5,8,1
8864,decided,52,1,female,1,2,102,18,1
8865,decided,36,1,female,1,4,84,18,1
8866,decided,47,1,female,1,3,159,18,1
8867,decided,75,0,other,0,4,4,8,0
8868,undecided,48,1,other,1,4,82,20,0
8869,undecided,52,1,female,1,6,107,18,0
8870,undecided,65,1,female,1,4,133,20,0
8871,decided,43,1,female,1,5,226,15,1
8872,undecided,60,1,female,0,1,24,20,1
8873,undecided,33,1,female,1,4,103,15,1
8874,decided,60,1,female,1,6,35,20,1
8875,decided,37,1,female,1,6,211,12,1
8876,undecided,54,1,female,1,3,101,13,1
8877,decided,36,1,female,0,1,56,18,1
8878,decided,32,1,female,1,3,147.5,18,1
8879,decided,54,0,female,0,1,42,8,0
8880,decided,31,1,male,1,4,135,18,1
8881,decided,46,1,male,1,2,32,20,1
8882,undecided,45,1,female,1,5,107,15,0
8883,undecided,47,1,female,0,1,51,15,1
8884,undecided,47,0,female,0,4,63,15,1
8885,decided,38,1,female,1,3,208,15,1
8886,decided,64,1,other,0,1,42,8,1
8887,decided,70,0,male,1,3,145,20,0
8888,decided,37,1,female,1,5,205,18,1
8889,undecided,47,0,female,0,1,31,20,0
8890,undecided,37,1,female,1,3,119,15,1
8891,undecided,52,0,female,0,3,98,18,0
8892,decided,38,1,female,1,4,117,18,1
8893,undecided,61,1,male,1,4,34,13,0
8894,decided,39,0,male,0,2,49,8,0
8895,undecided,38,1,female,1,2,128.5,18,0
8896,undecided,45,1,other,1,7,147,15,0
8897,decided,39,1,female,1,2,79,18,1
8898,decided,38,1,female,1,3,161,12,0
8899,decided,34,1,male,0,1,161,18,1
8900,undecided,31,1,female,1,3,126,15,1
8901,decided,73,1,male,1,3,43,20,0
8902,decided,37,1,male,1,5,127,8,0
8903,undecided,40,1,male,1,3,91,15,1
8904,undecided,70,1,female,0,3,41,20,1
8905,undecided,60,0,female,0,1,149,20,0
8906,decided,63,1,female,1,2,141,20,1
8907,undecided,55,1,female,0,1,102,20,0
8908,decided,48,0,female,0,1,56.5,9,1
8909,decided,69,1,female,1,3,16,20,1
8910,undecided,55,1,female,1,3,92,16,0
8911,decided,45,1,female,1,6,137,12,1
8912,decided,42,1,female,1,2,72,18,1
8913,decided,29,0,male,0,2,77,8,1
8914,decided,43,1,female,1,4,94,18,1
8915,decided,47,0,female,0,3,42,8,1
8916,undecided,60,1,female,1,3,64,13,0
8917,decided,39,1,female,1,3,169,18,1
8918,undecided,36,0,female,1,6,101,15,1
8919,decided,36,1,other,1,5,33,12,0
8920,decided,45,1,female,1,4,102,18,1
8921,decided,34,1,female,1,2,71,18,1
8922,undecided,47,1,female,1,3,25,15,1
8923,decided,52,1,female,0,1,19,18,1
8924,undecided,48,1,female,1,5,83,20,0
8925,decided,50,1,female,1,5,55.5,20,1
8926,undecided,36,1,other,1,6,53,18,0
8927,decided,47,0,female,1,6,99,8,0
8928,decided,42,1,male,0,2,145,9,0
8929,decided,20,1,female,0,1,159.5,18,1
8930,decided,31,1,female,1,3,54,8,1
8931,decided,40,1,male,1,2,256,18,1
8932,decided,36,0,female,1,6,111,8,0
8933,undecided,40,0,female,1,3,42,15,0
8934,undecided,62,1,female,0,2,54,20,0
8935,decided,56,1,female,0,1,486,20,1
8936,decided,33,1,other,1,3,122,11,1
8937,decided,41,1,female,1,5,498,16,0
8938,decided,49,1,female,0,1,8,10,1
8939,decided,48,1,female,1,7,108,12,1
8940,decided,47,1,female,1,2,34,20,1
8941,decided,40,1,female,0,2,24,8,0
8942,decided,50,1,female,1,3,282,18,0
8943,decided,36,1,female,1,7,455,15,1
8944,decided,60,1,female,1,7,211,16,0
8945,undecided,55,1,female,1,4,155,18,0
8946,decided,48,1,male,1,5,172,20,0
8947,decided,40,1,female,1,4,131,12,1
8948,decided,50,1,female,0,1,153,9,1
8949,undecided,36,1,female,1,6,142,15,1
8950,decided,42,1,female,1,4,178,8,0
8951,decided,46,0,female,1,3,76,8,1
8952,undecided,68,1,female,1,2,95,20,0
8953,decided,60,1,female,1,3,187,8,1
8954,decided,32,1,female,1,5,226,8,0
8955,decided,38,1,female,1,5,55,8,1
8956,decided,41,1,female,0,3,4,18,1
8957,decided,35,1,female,1,2,175,18,1
8958,decided,41,1,female,1,2,22,8,0
8959,decided,43,1,female,1,3,65,18,1
8960,decided,54,1,male,0,1,85,20,1
8961,decided,62,1,female,1,4,15,20,1
8962,decided,41,0,female,1,4,208,15,1
8963,decided,58,1,female,1,4,147,10,0
8964,decided,57,1,female,1,4,104,8,0
8965,undecided,45,1,female,1,5,19,15,1
8966,decided,39,1,female,1,5,104,18,1
8967,undecided,45,1,female,1,7,136,20,0
8968,undecided,46,1,male,1,2,110,15,1
8969,undecided,66,0,female,1,3,10,20,0
8970,decided,41,1,female,1,6,158,8,1
8971,decided,42,1,other,1,2,101,18,1
8972,decided,46,1,female,1,4,69,8,0
8973,decided,23,1,other,1,3,56,17,1
8974,undecided,35,0,male,1,5,94,18,1
8975,undecided,52,0,other,1,2,88,18,0
8976,undecided,32,1,female,0,4,15,15,1
8977,undecided,59,1,female,1,2,113,13,0
8978,undecided,63,1,female,1,3,133,20,0
8979,undecided,27,1,female,1,4,41,15,1
8980,undecided,49,1,male,1,4,119,16,1
8981,decided,49,1,male,0,2,73,18,0
8982,decided,40,1,female,0,3,6,18,1
8983,decided,29,1,female,1,3,135,12,1
8984,undecided,52,1,female,1,6,119,15,0
8985,decided,36,1,male,0,1,116,18,1
8986,decided,54,1,other,1,6,54,10,0
8987,decided,32,1,female,1,3,115,12,0
8988,decided,43,0,female,1,3,56,18,1
8989,undecided,51,1,female,1,2,63.5,13,0
8990,decided,40,1,male,0,1,38,18,0
8991,undecided,44,1,female,1,5,94,18,0
8992,decided,65,1,female,1,4,142,20,1
8993,undecided,46,1,male,1,3,52,15,0
8994,decided,45,1,female,0,1,39,8,1
8995,undecided,73,1,female,1,3,85,16,0
8996,undecided,24,1,female,1,3,137,18,0
8997,undecided,43,0,female,1,2,133,15,1
8998,decided,28,1,female,1,6,91,12,1
8999,decided,52,1,female,1,3,209,18,1
9000,decided,66,1,female,0,2,31,20,1
9001,decided,38,0,female,0,2,13,8,0
9002,undecided,51,0,female,1,4,31,18,0
9003,decided,61,1,other,1,4,174.5,10,1
9004,decided,60,1,female,1,5,160,20,1
9005,undecided,47,1,female,1,5,63,15,1
9006,decided,47,1,female,1,4,8,8,1
9007,undecided,51,1,female,0,2,69,20,0
9008,decided,48,1,male,0,2,46,9,1
9009,undecided,60,0,female,1,2,128,20,0
9010,undecided,34,1,female,0,1,54,14,1
9011,decided,32,0,female,0,1,7,8,1
9012,undecided,52,0,female,0,3,37,13,1
9013,decided,65,0,male,1,4,137,20,1
9014,decided,40,1,female,1,4,127,8,0
9015,decided,31,1,other,1,5,160,12,0
9016,decided,32,1,female,1,3,506,15,1
9017,undecided,46,1,male,1,4,101,15,1
9018,undecided,27,1,other,1,4,98,15,1
9019,decided,38,1,male,1,5,175,18,0
9020,undecided,38,1,male,1,4,22,15,0
9021,decided,34,1,female,1,5,93,18,1
9022,undecided,45,1,female,0,1,14,8,1
9023,decided,33,1,male,1,3,84,11,0
9024,decided,45,0,female,1,3,96,8,1
9025,decided,51,1,female,1,4,94,18,1
9026,decided,53,1,female,1,3,132,20,1
9027,decided,35,1,female,0,3,98,9,0
9028,undecided,54,0,female,1,5,102,20,0
9029,undecided,37,1,female,1,5,55,18,0
9030,undecided,60,1,other,1,2,102,20,0
9031,undecided,60,1,female,1,3,66,20,0
9032,decided,44,1,female,1,3,98,18,1
9033,undecided,38,1,female,0,1,8,15,1
9034,undecided,31,1,female,0,1,11,18,0
9035,decided,51,1,female,0,1,5,8,0
9036,decided,32,1,other,0,5,66,8,1
9037,decided,46,1,other,0,1,6,18,1
9038,decided,30,1,male,1,2,15,17,1
9039,decided,47,1,male,1,3,78,20,0
9040,undecided,42,1,female,0,1,44,20,0
9041,decided,39,0,female,1,4,72,8,1
9042,undecided,44,1,female,1,5,156,15,0
9043,decided,43,1,female,1,2,57,18,1
9044,undecided,51,1,other,1,2,210,20,0
9045,decided,45,1,other,1,6,499,18,1
9046,decided,42,0,other,1,5,253,12,0
9047,undecided,56,1,female,1,3,103,20,0
9048,undecided,61,1,female,1,3,128,20,0
9049,decided,56,1,female,0,2,43,18,1
9050,decided,37,1,female,1,3,122,18,1
9051,undecided,55,0,female,1,5,38,15,0
9052,decided,46,1,male,1,2,46,20,0
9053,undecided,37,1,female,1,2,20,18,0
9054,decided,42,0,female,1,3,13,8,0
9055,undecided,31,1,female,1,4,151.5,15,0
9056,undecided,47,1,female,1,2,116,18,0
9057,undecided,35,1,female,1,4,108,15,0
9058,undecided,35,1,female,1,3,128,15,0
9059,decided,47,0,female,1,3,138,8,0
9060,undecided,45,1,female,1,4,142,15,0
9061,decided,37,1,female,1,2,104,12,1
9062,decided,55,1,female,1,2,110,12,0
9063,decided,59,1,female,1,3,48,20,1
9064,undecided,61,1,other,1,5,121,16,0
9065,decided,79,1,female,1,4,43,20,1
9066,decided,39,1,female,1,7,144,18,1
9067,decided,40,0,male,1,2,163,8,0
9068,undecided,52,0,female,1,4,61,13,0
9069,decided,67,0,male,1,3,62,20,0
9070,decided,49,1,other,1,5,99,12,0
9071,undecided,37,1,female,1,5,61,15,1
9072,decided,43,1,female,1,6,97,8,0
9073,undecided,47,1,male,1,5,83,15,1
9074,decided,56,1,male,1,2,142,20,1
9075,decided,43,1,other,1,6,88,12,1
9076,undecided,55,1,female,1,2,102,18,0
9077,decided,49,1,female,0,1,95,8,1
9078,decided,41,0,male,0,6,86,18,1
9079,decided,53,1,male,1,3,53,18,1
9080,undecided,45,1,female,1,7,187,13,1
9081,undecided,66,1,female,1,3,132,20,0
9082,decided,51,1,female,1,3,53,12,1
9083,decided,58,1,female,1,2,280,20,1
9084,decided,21,1,female,1,5,157,12,0
9085,decided,44,0,male,0,1,102.5,8,0
9086,decided,69,1,male,1,3,86,20,0
9087,decided,49,1,male,1,3,175,15,0
9088,decided,45,1,female,0,5,41,8,1
9089,undecided,58,1,female,1,5,95,13,0
9090,undecided,63,1,female,1,3,68,13,0
9091,undecided,39,1,male,1,4,68,15,1
9092,undecided,46,1,other,1,3,151,18,0
9093,decided,37,1,female,0,4,131,18,1
9094,undecided,48,0,male,1,3,59.5,15,0
9095,undecided,54,1,female,1,4,81,15,1
9096,undecided,32,1,female,1,3,64,15,1
9097,decided,61,0,male,1,2,67,20,1
9098,decided,42,0,female,1,7,124,8,1
9099,undecided,54,1,female,0,1,101,18,0
9100,decided,36,1,female,0,3,77,12,1
9101,undecided,31,1,female,1,2,81,18,0
9102,decided,43,1,other,1,5,155,8,0
9103,decided,32,1,female,1,4,399,15,0
9104,undecided,29,1,female,1,4,173,15,1
9105,decided,43,0,female,0,1,374,18,0
9106,decided,68,1,female,1,2,35,20,1
9107,decided,62,1,male,1,3,21,10,0
9108,undecided,57,1,female,1,2,153,16,1
9109,undecided,36,0,male,1,3,112,15,0
9110,undecided,59,1,male,1,4,131,15,1
9111,decided,51,1,female,1,2,6,12,1
9112,undecided,59,1,other,1,4,40,20,0
9113,decided,32,1,female,1,5,129,12,0
9114,decided,29,1,female,1,5,95,17,0
9115,decided,35,1,female,1,3,120,12,1
9116,decided,54,1,male,1,5,61,18,0
9117,undecided,52,1,male,1,3,78,15,0
9118,decided,39,1,other,1,4,62,8,1
9119,decided,38,0,female,1,4,252,9,0
9120,decided,48,0,male,1,3,95,18,1
9121,undecided,59,1,female,1,4,96,20,0
9122,decided,31,1,female,1,4,78,12,1
9123,undecided,61,0,male,0,1,23,13,0
9124,decided,56,1,other,1,3,177,18,1
9125,decided,48,1,female,1,5,121,20,1
9126,decided,52,1,male,1,3,118,18,1
9127,decided,55,1,female,1,3,68,20,1
9128,decided,51,1,female,1,3,340,20,1
9129,decided,58,0,female,1,5,361,18,0
9130,decided,56,0,female,0,1,58.5,10,1
9131,decided,58,1,female,0,2,24,20,1
9132,undecided,53,1,female,0,5,37,20,0
9133,decided,49,1,female,0,1,31,12,0
9134,undecided,46,1,female,1,4,63,18,0
9135,decided,36,1,female,0,2,5,9,1
9136,decided,59,1,female,0,1,46,20,1
9137,decided,41,1,female,1,3,105,18,1
9138,decided,39,0,female,0,3,17,8,0
9139,undecided,26,1,female,1,4,68,15,1
9140,decided,35,1,female,0,2,99,8,1
9141,decided,51,1,female,1,5,240,20,1
9142,decided,39,1,female,1,2,89,9,1
9143,decided,51,1,female,1,5,90,18,1
9144,undecided,63,1,female,1,2,23,20,0
9145,undecided,25,0,other,0,1,19,15,1
9146,decided,47,1,female,1,5,67,18,1
9147,undecided,48,1,female,0,1,128,18,0
9148,decided,35,0,female,1,6,55,8,1
9149,decided,42,1,other,1,4,75,9,0
9150,decided,36,1,male,1,3,158,18,1
9151,decided,42,1,female,1,5,117,8,0
9152,undecided,34,1,female,1,6,173,15,1
9153,undecided,51,1,female,1,6,4,15,1
9154,undecided,49,1,male,1,4,83,15,0
9155,decided,32,1,female,1,5,206,15,1
9156,undecided,35,1,male,1,2,118,15,0
9157,undecided,34,1,male,1,3,131,15,0
9158,undecided,48,1,female,0,1,69,20,0
9159,decided,36,1,male,1,3,75,12,1
9160,undecided,33,1,other,1,5,127,15,1
9161,undecided,42,1,female,1,6,175,20,0
9162,decided,40,1,female,0,3,174,12,0
9163,decided,45,1,female,1,2,120,18,1
9164,decided,78,1,female,1,2,158.5,8,0
9165,decided,76,1,male,0,3,10,20,1
9166,decided,46,1,female,1,6,352,20,1
9167,decided,34,1,other,1,6,157,12,1
9168,decided,46,1,female,0,1,58,20,1
9169,decided,35,1,other,0,1,50,9,0
9170,undecided,59,1,female,0,1,86,20,0
9171,decided,62,1,female,0,5,29,8,1
9172,decided,55,1,female,1,6,107,20,1
9173,undecided,71,1,female,1,3,109,16,0
9174,decided,39,1,female,0,1,6,8,1
9175,undecided,34,1,female,0,1,77,15,1
9176,undecided,47,1,female,1,6,4,15,1
9177,decided,34,0,female,1,4,4,8,1
9178,decided,62,0,female,1,3,50,10,1
9179,undecided,50,0,other,1,2,110,20,0
9180,decided,28,0,female,1,5,174,12,0
9181,decided,58,1,male,0,2,26,8,0
9182,decided,46,1,female,1,4,205,9,1
9183,undecided,45,1,male,1,3,124,15,1
9184,decided,59,1,male,1,3,157,20,1
9185,decided,59,0,female,1,3,63,8,1
9186,decided,32,1,female,1,3,120,11,0
9187,undecided,36,1,female,1,2,44,18,0
9188,decided,34,1,male,0,4,58,18,0
9189,decided,32,1,female,1,2,119,12,1
9190,decided,45,1,female,1,7,78.5,8,0
9191,undecided,50,1,female,1,4,109,20,0
9192,decided,38,0,female,1,3,76,8,0
9193,undecided,46,1,female,1,3,77,15,0
9194,decided,43,1,other,1,3,124,18,1
9195,decided,57,1,female,1,2,199,20,1
9196,decided,39,1,female,1,5,21,18,1
9197,decided,50,1,female,1,3,21,9,1
9198,undecided,60,1,female,1,2,55.5,20,0
9199,undecided,50,1,female,1,2,150,18,0
9200,decided,44,1,male,1,2,111,18,0
9201,undecided,54,1,female,1,2,7,18,0
9202,decided,51,1,female,1,3,38,20,1
9203,undecided,32,0,female,1,3,135,15,0
9204,decided,28,1,female,1,5,207,15,1
9205,decided,41,1,male,1,6,181,12,0
9206,undecided,43,1,female,0,1,41,13,1
9207,decided,52,1,male,1,3,153,20,0
9208,undecided,31,1,male,1,6,151,15,0
9209,decided,65,0,female,0,2,10.5,8,1
9210,decided,57,0,female,0,1,124.5,8,0
9211,undecided,37,1,female,1,4,100,15,1
9212,decided,35,0,female,0,1,34,8,1
9213,undecided,35,1,female,1,3,58,18,0
9214,decided,35,1,female,0,1,31,12,0
9215,undecided,61,1,female,0,1,25,20,0
9216,undecided,39,1,female,1,3,101,15,1
9217,undecided,59,1,male,1,4,137,15,1
9218,undecided,42,1,other,1,3,92.5,20,0
9219,decided,40,0,other,0,1,408,18,1
9220,undecided,59,1,female,0,4,48,16,1
9221,decided,56,1,male,0,1,47,20,1
9222,undecided,40,1,female,1,4,70,18,0
9223,undecided,40,1,female,1,5,45,15,0
9224,undecided,51,1,male,1,3,50,15,0
9225,decided,64,0,male,0,1,127,20,1
9226,undecided,38,1,female,1,4,105,15,1
9227,undecided,51,1,female,1,2,73,18,0
9228,decided,36,1,female,1,5,473,15,0
9229,undecided,54,1,female,1,4,97,16,1
9230,decided,30,1,female,0,1,34,18,1
9231,undecided,54,0,female,1,6,4,16,0
9232,undecided,30,1,male,0,1,66.5,15,0
9233,decided,63,1,female,1,4,137.5,8,0
9234,decided,35,1,female,0,2,101,12,0
9235,undecided,57,1,female,1,3,145,15,0
9236,decided,32,0,male,1,4,149,18,1
9237,decided,47,1,female,1,4,309,15,1
9238,decided,69,0,female,1,6,5,20,1
9239,decided,58,1,other,1,2,154,20,1
9240,decided,58,1,male,0,1,104,8,1
9241,decided,55,1,female,1,2,88,18,1
9242,decided,66,1,female,0,1,45.5,20,1
9243,undecided,31,1,female,1,4,159,15,0
9244,decided,44,0,female,1,4,162,12,0
9245,decided,66,1,female,1,4,36,8,1
9246,undecided,54,1,female,0,2,45,20,0
9247,decided,42,1,female,1,2,53,18,1
9248,undecided,39,1,female,1,3,174,15,0
9249,undecided,57,1,female,1,5,70,18,0
9250,decided,53,0,male,0,1,33,20,0
9251,undecided,49,0,female,1,3,29,20,0
9252,decided,33,1,female,0,2,37,8,0
9253,decided,30,0,female,0,1,59,8,1
9254,decided,25,1,female,1,5,115,8,1
9255,decided,42,1,male,1,3,124,18,0
9256,decided,72,1,male,1,3,62,20,0
9257,decided,59,1,female,1,4,191,16,0
9258,undecided,43,1,female,1,3,164,15,1
9259,decided,35,0,female,1,3,35,8,0
9260,undecided,45,1,female,1,5,100,15,0
9261,undecided,30,1,female,1,4,116,15,1
9262,decided,65,1,male,1,5,34,20,0
9263,undecided,43,1,female,1,6,112,13,0
9264,decided,59,1,male,1,4,364,20,1
9265,undecided,33,1,male,1,2,92,15,1
9266,undecided,64,1,female,1,7,146,16,1
9267,decided,68,0,female,1,3,32,8,0
9268,undecided,45,1,female,0,1,127,18,0
9269,undecided,52,0,male,1,3,134,15,1
9270,decided,50,0,female,1,2,95,18,1
9271,undecided,51,1,female,0,3,84,15,1
9272,decided,46,1,male,1,2,104.5,18,1
9273,decided,48,0,female,0,1,41.5,8,1
9274,decided,34,1,female,1,3,231,18,1
9275,decided,48,0,male,1,2,120.5,20,1
9276,decided,53,1,male,1,2,68,20,0
9277,decided,46,0,female,1,6,114,8,1
9278,decided,44,1,other,0,3,19,8,0
9279,decided,70,1,other,1,2,68,20,1
9280,undecided,66,1,female,0,3,27,20,0
9281,decided,51,1,female,1,3,186,15,0
9282,undecided,69,1,female,1,2,30,8,1
9283,decided,55,1,female,1,3,14,20,1
9284,undecided,61,1,female,1,3,126,20,0
9285,undecided,35,1,female,0,2,23,18,0
9286,decided,63,1,female,1,6,31,8,0
9287,decided,32,1,female,1,3,78,18,1
9288,undecided,40,1,female,1,6,87,18,0
9289,decided,54,1,other,1,2,95,18,1
9290,decided,41,1,male,1,2,43,8,1
9291,decided,33,1,other,1,6,88.5,8,0
9292,undecided,43,1,female,0,1,22,18,0
9293,decided,48,0,male,0,1,124,18,0
9294,decided,50,1,female,1,2,72,10,1
9295,decided,50,1,female,1,7,143,12,1
9296,undecided,38,1,male,1,2,73,15,0
9297,undecided,43,1,female,1,3,91,15,0
9298,decided,27,1,female,1,2,157,12,0
9299,decided,55,1,male,1,2,69.5,20,0
9300,undecided,58,1,female,1,2,18,20,0
9301,decided,40,0,male,0,1,69,9,1
9302,decided,33,1,female,0,1,23,11,1
9303,undecided,35,1,female,0,3,31,15,1
9304,undecided,38,0,male,1,4,87,15,1
9305,undecided,58,1,female,1,4,110,16,1
9306,decided,63,1,female,0,2,41,20,1
9307,decided,31,1,female,1,2,108.5,9,1
9308,undecided,54,1,female,0,1,28,16,0
9309,decided,42,1,female,1,6,50,9,1
9310,decided,62,0,female,0,1,49,20,1
9311,decided,59,1,male,0,1,13.5,20,1
9312,decided,33,1,female,1,4,79,11,1
9313,undecided,50,0,other,1,3,131,18,0
9314,undecided,56,0,female,0,1,151,20,0
9315,undecided,32,1,female,0,1,65.5,18,0
9316,undecided,59,1,female,0,2,119,20,0
9317,undecided,32,1,female,0,5,121,15,0
9318,decided,38,1,male,1,3,71,18,1
9319,decided,41,1,female,1,6,134,12,1
9320,decided,54,1,female,0,1,5,8,0
9321,undecided,33,1,female,1,6,93,15,0
9322,undecided,46,1,female,1,2,168,18,0
9323,undecided,61,1,male,1,4,88,13,0
9324,undecided,63,1,female,1,5,40,20,0
9325,undecided,30,1,female,1,6,412,15,0
9326,decided,49,1,female,0,1,52,18,1
9327,undecided,30,1,female,1,3,75,15,1
9328,decided,50,1,male,1,3,86,20,0
9329,undecided,36,1,female,0,7,5,15,1
9330,undecided,42,1,female,1,7,129,15,1
9331,decided,56,1,female,1,2,181,16,0
9332,decided,33,1,female,1,4,78,12,0
9333,undecided,47,1,female,0,2,13,13,0
9334,decided,41,0,female,1,2,38,8,0
9335,decided,38,1,female,1,5,68,8,0
9336,decided,64,0,female,1,5,31,8,0
9337,decided,46,1,other,1,6,186,16,1
9338,decided,55,1,female,1,2,124,10,0
9339,decided,33,1,female,1,2,205,15,1
9340,decided,48,1,female,1,2,418,15,0
9341,decided,24,0,male,0,6,122,8,1
9342,decided,69,1,female,0,1,125,20,1
9343,decided,50,1,male,0,4,126,18,0
9344,undecided,56,1,male,1,5,120,16,0
9345,decided,41,0,female,1,5,115,8,0
9346,undecided,37,1,male,1,2,57,15,0
9347,undecided,56,1,female,1,5,39,15,0
9348,decided,39,1,female,1,2,382,15,0
9349,undecided,34,1,female,1,5,61,14,1
9350,decided,39,1,female,1,2,54,12,0
9351,decided,46,1,male,1,2,318,16,1
9352,undecided,48,0,female,1,3,36,13,1
9353,decided,46,0,female,0,3,46.5,8,0
9354,undecided,41,1,female,1,5,143,15,0
9355,decided,40,0,female,1,4,107,8,0
9356,decided,46,1,female,1,5,89,12,1
9357,undecided,58,1,female,1,3,122,20,0
9358,decided,33,1,male,1,4,271,15,1
9359,decided,49,0,female,1,5,140,8,0
9360,decided,50,1,male,1,4,143,18,0
9361,undecided,74,1,female,1,2,104,20,0
9362,decided,40,1,female,0,1,47.5,9,1
9363,decided,24,1,female,1,5,71,12,0
9364,decided,45,1,female,1,3,222,15,1
9365,decided,25,1,female,1,6,99,12,1
9366,undecided,42,1,male,1,3,168.5,15,1
9367,undecided,39,1,female,1,5,82,15,1
9368,decided,34,1,female,1,2,151,12,0
9369,decided,50,1,female,1,2,43,20,1
9370,undecided,52,1,female,1,4,116,15,1
9371,decided,23,1,male,1,2,131,12,0
9372,decided,55,1,female,0,3,74,18,1
9373,decided,47,1,male,1,2,77,20,0
9374,undecided,57,1,female,1,5,43,20,0
9375,decided,47,0,female,0,1,140,8,1
9376,decided,55,1,male,1,3,94,18,1
9377,undecided,48,1,other,1,3,118,15,0
9378,undecided,51,1,female,1,2,15,16,0
9379,undecided,42,1,other,1,5,118,15,0
9380,decided,39,1,male,0,1,55.5,8,0
9381,decided,51,0,female,0,1,12,8,1
9382,decided,38,1,male,1,6,269,15,1
9383,decided,36,1,male,1,4,217,18,0
9384,decided,73,1,male,1,2,47.5,8,0
9385,decided,32,1,male,1,3,104,18,1
9386,undecided,43,1,female,0,1,38,18,0
9387,decided,50,1,male,0,5,46,12,1
9388,decided,38,1,female,1,3,257,15,0
9389,decided,51,1,male,0,2,32,8,1
9390,undecided,21,0,female,1,2,50,9,1
9391,undecided,52,1,female,1,4,112,20,0
9392,undecided,51,1,other,0,1,24,13,1
9393,undecided,46,1,male,1,5,62,15,1
9394,decided,54,1,female,1,4,188,18,1
9395,decided,48,1,female,0,3,36,18,1
9396,decided,74,1,female,0,1,117,20,1
9397,undecided,59,1,female,0,2,39,20,0
9398,decided,48,1,male,1,4,157,18,1
9399,decided,32,0,female,1,3,314,8,0
9400,decided,45,1,male,1,2,21,18,0
9401,undecided,59,0,female,1,3,42,13,0
9402,decided,46,1,female,0,2,97,8,1
9403,undecided,40,1,female,0,2,15,18,0
9404,decided,56,1,female,1,4,68,20,1
9405,undecided,52,1,female,1,7,126,15,1
9406,undecided,44,1,female,1,2,123,15,1
9407,decided,41,1,female,1,2,261,15,1
9408,decided,42,1,female,1,5,483,18,0
9409,decided,54,1,female,0,1,4,18,1
9410,decided,21,1,other,1,4,246,12,0
9411,undecided,53,1,female,1,3,88,20,0
9412,undecided,36,1,female,1,4,344,12,1
9413,decided,54,0,female,1,2,81,20,1
9414,undecided,46,1,female,1,4,60,15,1
9415,decided,60,0,male,1,2,147,20,0
9416,decided,37,0,female,0,3,40,8,0
9417,decided,36,1,female,1,2,92,9,1
9418,decided,36,1,female,1,5,73,12,0
9419,undecided,58,0,female,1,4,83,20,0
9420,undecided,55,1,female,1,2,94,20,0
9421,decided,53,1,female,1,5,29,20,1
9422,decided,43,1,female,1,3,309,18,1
9423,undecided,49,1,female,1,5,81,15,1
9424,decided,47,1,female,1,4,290,15,0
9425,decided,62,1,male,1,2,80,10,0
9426,undecided,46,1,other,1,3,69.5,15,1
9427,decided,47,1,female,1,3,86,12,0
9428,decided,36,0,female,1,2,67.5,8,1
9429,decided,36,0,female,1,5,167,8,1
9430,undecided,39,1,female,1,4,204,18,0
9431,decided,48,0,other,1,2,121,10,1
9432,decided,51,1,female,1,5,68,20,1
9433,decided,48,0,female,0,3,73,8,1
9434,undecided,47,1,female,1,3,83,15,1
9435,undecided,54,1,female,0,1,112,20,0
9436,undecided,74,1,female,1,4,85,20,0
9437,decided,41,1,female,1,4,75,12,1
9438,undecided,41,1,female,0,1,50,18,0
9439,undecided,40,1,female,1,3,187,18,0
9440,decided,35,1,female,1,5,64,8,0
9441,decided,44,0,male,0,2,28,9,0
9442,undecided,52,1,female,1,7,106,15,0
9443,undecided,62,1,female,0,2,14,16,1
9444,decided,51,0,female,1,4,82,12,1
9445,undecided,50,1,female,0,1,41,20,0
9446,decided,44,1,male,1,3,19,18,0
9447,decided,28,1,female,1,5,114,12,0
9448,decided,47,1,female,1,4,30,8,0
9449,decided,71,1,male,0,1,115,20,1
9450,decided,36,1,male,1,6,93,12,0
9451,undecided,74,1,female,0,1,96,20,0
9452,decided,32,1,female,1,3,237,15,0
9453,undecided,64,1,female,0,1,61,16,1
9454,decided,44,1,female,1,3,37,8,1
9455,decided,53,1,male,0,3,16,20,0
9456,decided,44,1,female,1,5,186,8,0
9457,decided,32,1,female,1,3,51,12,1
9458,decided,36,1,other,1,6,139,12,1
9459,decided,54,1,female,1,2,54,20,1
9460,undecided,55,0,other,0,1,67,18,0
9461,undecided,42,1,male,1,6,69,16,0
9462,undecided,34,1,male,1,3,70,15,0
9463,undecided,35,1,female,1,2,125,15,1
9464,decided,58,1,male,1,3,37,8,1
9465,decided,44,0,female,1,6,178,15,0
9466,decided,31,1,male,1,3,169,12,1
9467,undecided,54,1,female,1,4,26,15,1
9468,decided,44,1,female,1,4,130,12,0
9469,undecided,53,1,female,1,3,95,20,0
9470,decided,52,0,other,1,4,125,18,1
9471,decided,33,1,female,0,1,24,8,1
9472,undecided,50,1,female,0,3,129,15,0
9473,undecided,53,1,female,1,2,45,18,0
9474,undecided,62,1,female,1,4,98,16,1
9475,decided,43,1,male,1,3,14,20,0
9476,decided,41,1,male,1,3,59.5,9,1
9477,decided,75,1,female,0,5,32,8,1
9478,undecided,68,1,female,0,1,115,16,0
9479,decided,38,1,female,1,6,284,15,0
9480,undecided,49,1,male,0,1,66,16,0
9481,decided,63,1,male,1,2,103,20,1
9482,decided,45,1,other,1,2,40,18,1
9483,decided,48,1,female,0,1,41,8,1
9484,decided,51,1,female,0,1,130,18,1
9485,undecided,45,1,female,1,3,144,15,1
9486,decided,44,1,other,1,4,97,18,1
9487,undecided,37,0,female,0,2,57,18,0
9488,decided,26,0,male,0,3,14,8,1
9489,decided,47,1,female,1,3,125,20,1
9490,decided,37,1,female,1,4,138,12,0
9491,decided,31,1,female,1,5,95,12,1
9492,decided,51,0,female,0,1,16,8,1
9493,decided,38,1,female,1,4,108,18,1
9494,undecided,68,1,other,1,4,173,20,0
9495,undecided,31,1,female,1,3,108,18,0
9496,undecided,64,0,female,1,2,104,13,1
9497,decided,56,1,male,0,3,91,20,0
9498,decided,34,1,female,1,2,284,15,0
9499,decided,43,1,male,1,3,29,18,1
9500,decided,35,1,male,1,3,90,18,1
9501,undecided,43,1,female,1,6,224,18,0
9502,decided,51,1,male,1,2,102,20,0
9503,undecided,47,1,female,0,1,67,16,0
9504,decided,49,1,male,1,3,178,9,1
9505,decided,49,1,male,1,6,111,12,1
9506,decided,25,1,female,1,2,200,8,1
9507,decided,41,1,female,1,6,51,12,0
9508,decided,38,1,female,1,7,143,12,0
9509,undecided,40,1,female,1,7,152,13,0
9510,undecided,62,1,female,0,1,133,20,0
9511,undecided,56,1,female,0,1,61,16,1
9512,undecided,38,1,female,1,4,15,15,0
9513,decided,45,1,other,1,4,234,20,1
9514,decided,33,1,female,0,1,67,18,1
9515,undecided,38,1,female,1,5,82,15,0
9516,decided,37,1,male,1,3,53,12,1
9517,decided,48,1,male,1,3,110,20,1
9518,decided,28,1,male,0,1,217,15,1
9519,decided,38,1,male,1,4,129,18,1
9520,decided,37,1,female,0,2,9,8,1
9521,undecided,45,1,female,1,3,75,20,0
9522,undecided,72,1,female,0,4,49,16,0
9523,undecided,50,1,female,0,1,72,18,0
9524,decided,46,0,female,0,2,14,12,0
9525,decided,30,1,male,0,4,78,9,1
9526,undecided,51,1,female,1,4,120,15,0
9527,decided,67,1,female,1,2,112,20,1
9528,decided,59,1,female,1,3,83,20,1
9529,decided,40,1,female,1,6,93,18,1
9530,decided,54,1,male,1,2,74,8,1
9531,decided,54,1,other,0,1,55,18,1
9532,decided,67,0,female,1,3,318,20,1
9533,decided,68,1,female,1,4,41,20,1
9534,undecided,64,1,female,1,5,82,20,0
9535,decided,44,1,female,1,4,186,20,1
9536,decided,59,1,male,1,4,219,16,1
9537,decided,34,1,female,1,2,76,8,1
9538,decided,35,1,female,1,4,204,15,1
9539,decided,42,0,female,1,7,109,8,0
9540,undecided,37,1,female,1,3,33,15,1
9541,decided,56,1,female,1,5,170,12,1
9542,decided,34,1,female,1,3,148,8,0
9543,decided,61,1,female,0,3,17,20,1
9544,decided,53,0,male,0,4,6,8,0
9545,decided,40,1,female,1,5,115,8,0
9546,decided,65,1,male,1,4,61,20,0
9547,undecided,57,1,female,1,4,105,18,0
9548,undecided,39,1,other,1,2,91,18,0
9549,undecided,49,1,other,1,3,110,18,0
9550,decided,64,1,male,0,2,132,8,1
9551,decided,36,1,female,1,3,5,8,0
9552,decided,37,1,male,0,1,121,18,0
9553,undecided,67,1,female,1,3,55,16,1
9554,decided,55,0,male,1,3,123,10,0
9555,undecided,35,1,female,1,2,104,15,0
9556,decided,50,1,male,0,1,25,20,1
9557,decided,55,1,female,1,2,103,18,1
9558,decided,29,1,female,1,6,165,8,0
9559,undecided,52,1,other,1,4,135,16,1
9560,decided,43,1,other,1,2,206,12,0
9561,decided,50,0,other,1,3,91.5,9,0
9562,undecided,49,1,female,1,6,145,15,0
9563,undecided,60,1,other,0,1,77,20,0
9564,decided,45,1,female,0,1,462,15,0
9565,decided,51,1,female,1,3,97,8,0
9566,decided,35,1,other,1,3,141,12,1
9567,decided,60,1,female,0,2,45,20,1
9568,undecided,43,1,female,1,3,113,18,0
9569,undecided,49,1,female,1,3,79.5,18,0
9570,undecided,32,1,female,1,6,134,15,1
9571,decided,47,0,female,1,6,46,18,1
9572,decided,40,0,female,0,3,31,9,0
9573,decided,57,1,female,0,2,7,20,1
9574,undecided,24,1,other,0,1,33,18,0
9575,decided,72,0,male,1,5,45,8,1
9576,decided,65,1,male,1,5,55,20,1
9577,undecided,42,1,female,1,5,31,15,1
9578,decided,42,1,male,0,1,119,9,1
9579,decided,47,1,female,1,5,176,20,1
9580,undecided,61,1,female,0,1,44,20,0
9581,decided,38,1,male,1,3,191,15,1
9582,decided,50,0,female,0,1,116,10,0
9583,decided,36,1,other,1,4,99,18,1
9584,decided,54,1,male,0,1,99,18,0
9585,undecided,63,1,female,1,2,87,13,1
9586,undecided,36,1,female,1,2,60,15,0
9587,undecided,57,1,female,0,1,71,20,0
9588,decided,49,1,female,1,4,99,12,0
9589,undecided,50,1,female,1,7,8,15,0
9590,decided,35,1,female,1,4,30,18,1
9591,decided,49,1,female,1,3,64,20,1
9592,decided,49,1,other,1,4,130,20,1
9593,decided,37,1,female,1,3,81,9,1
9594,decided,35,1,female,1,2,83.5,18,1
9595,undecided,52,1,female,0,2,23,13,0
9596,decided,58,1,male,1,6,87,8,0
9597,undecided,52,1,female,1,6,115,15,0
9598,decided,54,0,female,1,4,107.5,18,1
9599,decided,49,1,female,0,1,85,18,1
9600,decided,53,1,male,1,5,122,18,0
9601,decided,45,1,female,1,4,118,18,1
9602,undecided,44,0,male,1,5,81,15,0
9603,decided,37,0,male,1,4,60,8,1
9604,decided,38,1,female,1,6,200,15,1
9605,decided,34,1,female,1,6,84,12,0
9606,decided,37,1,other,1,4,30,12,1
9607,decided,43,1,female,1,4,398,20,1
9608,undecided,59,1,male,0,2,20,13,1
9609,decided,45,1,female,1,4,183,15,1
9610,decided,55,1,female,1,4,49,8,0
9611,decided,44,1,female,0,2,67.5,9,0
9612,decided,54,1,female,1,2,278,13,1
9613,undecided,53,1,female,1,3,50,15,0
9614,decided,31,1,other,1,2,202,15,0
9615,decided,38,1,male,1,3,116,18,0
9616,decided,51,1,female,1,5,142,18,1
9617,decided,62,1,male,1,6,57,20,0
9618,undecided,52,1,male,0,5,150,13,1
9619,undecided,19,1,female,1,6,98,14,1
9620,decided,37,1,male,1,5,140,8,1
9621,undecided,23,1,female,1,6,78,15,0
9622,undecided,49,1,female,1,3,112,18,0
9623,decided,64,1,female,1,3,38,20,1
9624,undecided,41,1,female,1,7,46,18,0
9625,undecided,37,1,female,1,3,209,15,1
9626,decided,51,0,female,1,4,11,8,0
9627,decided,47,0,female,0,1,97,8,1
9628,decided,26,1,male,1,2,102,8,0
9629,decided,43,1,other,0,1,42,18,1
9630,undecided,34,1,female,1,5,216,12,0
9631,decided,65,1,female,0,1,111,20,1
9632,undecided,41,1,female,1,5,151,15,0
9633,decided,53,1,female,0,1,42.5,20,1
9634,undecided,48,1,female,1,4,57,18,0
9635,decided,49,1,male,1,3,160,20,0
9636,decided,37,0,other,1,4,77,8,1
9637,decided,33,1,male,1,4,74,8,1
9638,decided,63,0,female,1,3,32,20,1
9639,undecided,66,1,female,1,7,237,20,0
9640,undecided,52,1,female,1,4,108,18,0
9641,decided,34,1,female,1,3,219,12,0
9642,decided,48,1,female,1,3,519,18,1
9643,decided,30,0,female,1,2,15,8,1
9644,undecided,43,1,female,0,1,91,18,0
9645,undecided,68,1,female,1,2,44,20,0
9646,decided,38,0,female,1,3,99,8,1
9647,decided,53,1,female,1,4,93,8,1
9648,decided,57,1,female,1,2,122,20,1
9649,decided,30,1,male,0,4,168,12,0
9650,undecided,46,1,female,1,4,145,15,1
9651,decided,42,1,female,1,3,63,12,1
9652,undecided,40,1,female,1,5,127,8,1
9653,decided,47,1,male,1,7,28,12,1
9654,decided,46,1,female,1,2,80.5,20,1
9655,undecided,54,1,female,1,4,61,20,0
9656,decided,48,1,female,1,4,498,18,1
9657,undecided,31,1,female,1,6,151,15,0
9658,undecided,38,0,female,1,3,43,18,0
9659,undecided,39,1,female,1,4,118,15,1
9660,undecided,46,1,female,0,3,117,18,0
9661,undecided,39,1,other,1,5,155,15,1
9662,undecided,48,1,female,0,1,21,20,0
9663,undecided,44,1,other,1,3,10,18,0
9664,decided,48,0,female,1,4,191,8,1
9665,decided,34,1,female,1,3,231,8,1
9666,undecided,38,1,female,1,3,122,15,1
9667,undecided,38,1,female,1,4,131,15,0
9668,undecided,49,1,female,0,2,15,18,0
9669,decided,56,1,female,1,6,101,12,0
9670,decided,27,1,female,1,2,33,8,1
9671,undecided,38,1,female,0,5,66,18,0
9672,undecided,40,0,female,0,2,56,18,1
9673,undecided,50,1,other,1,5,109,16,0
9674,decided,51,0,female,1,7,59,10,0
9675,undecided,48,1,female,1,5,134,16,0
9676,undecided,45,1,female,1,3,87,20,0
9677,decided,64,1,female,0,1,15,20,1
9678,undecided,58,1,female,1,5,96,20,0
9679,decided,40,1,other,1,4,6,8,1
9680,decided,40,0,female,1,3,267,15,1
9681,decided,43,1,female,1,3,75,8,0
9682,undecided,49,1,female,1,5,142,15,1
9683,undecided,48,0,female,1,3,115.5,18,0
9684,undecided,52,1,male,1,4,127,15,1
9685,decided,28,1,female,1,6,514,12,0
9686,undecided,60,1,female,1,2,77,20,0
9687,decided,40,1,female,1,5,100,12,1
9688,decided,42,1,male,1,2,93.5,20,0
9689,decided,39,1,male,0,2,35,8,1
9690,undecided,52,1,female,0,3,44.5,18,0
9691,decided,44,1,female,0,1,53,18,1
9692,decided,47,1,female,1,2,43,18,1
9693,decided,47,1,male,1,4,209,15,0
9694,decided,44,1,male,1,5,69,20,0
9695,undecided,39,1,female,1,4,66,15,1
9696,decided,54,1,male,1,4,72,20,0
9697,decided,46,1,female,1,6,166,12,0
9698,decided,67,1,female,1,5,118,8,1
9699,decided,38,1,female,1,5,14.5,18,1
9700,undecided,58,1,female,0,3,5,15,0
9701,undecided,63,1,male,1,4,39.5,16,1
9702,decided,41,1,female,1,3,194,15,1
9703,decided,60,1,female,0,2,75,20,1
9704,decided,46,0,male,1,3,78.5,18,1
9705,undecided,46,1,female,1,2,81,15,1
9706,decided,61,1,other,1,2,11,8,0
9707,decided,38,1,female,0,1,136,18,1
9708,undecided,62,1,female,0,6,72,16,0
9709,decided,56,1,female,0,1,56.5,8,1
9710,decided,45,1,male,1,3,94,18,1
9711,undecided,60,1,female,0,1,97,20,0
9712,undecided,37,1,male,1,2,110,18,1
9713,decided,32,1,female,1,7,534,12,0
9714,decided,32,1,male,1,5,170,12,0
9715,decided,34,1,female,1,2,146,8,1
9716,undecided,47,1,female,1,2,39,18,0
9717,decided,46,1,female,1,3,102,18,1
9718,decided,49,1,female,1,4,220,15,0
9719,decided,47,1,female,1,3,81,18,1
9720,decided,31,1,female,1,2,312,18,0
9721,decided,60,0,other,0,4,22,8,1
9722,undecided,64,1,female,1,2,5,20,0
9723,undecided,31,1,female,0,6,45,18,0
9724,undecided,62,1,female,1,3,107,20,0
9725,decided,55,1,male,1,3,74,12,1
9726,decided,46,1,female,1,3,113,20,1
9727,decided,33,0,female,1,4,216,15,0
9728,decided,53,1,male,1,3,49,20,1
9729,undecided,61,0,male,1,4,165,16,1
9730,decided,61,1,male,0,1,133,8,0
9731,decided,33,1,female,1,7,117,12,0
9732,decided,44,1,male,1,5,63,8,0
9733,decided,42,0,female,1,6,168,12,0
9734,decided,49,1,male,1,4,83,20,1
9735,undecided,55,1,male,1,6,164,13,0
9736,decided,38,1,female,1,6,160,12,0
9737,decided,61,1,other,1,4,67,20,1
9738,decided,64,1,female,0,2,61,20,1
9739,decided,48,1,female,1,3,92,12,1
9740,decided,47,1,male,1,3,120,20,0
9741,decided,57,1,female,1,5,81,20,1
9742,decided,36,1,female,1,4,39,12,0
9743,undecided,46,1,female,1,3,93.5,18,0
9744,decided,42,1,female,1,6,132,12,1
9745,undecided,51,1,female,1,7,88,15,1
9746,decided,42,1,female,1,3,5,18,1
9747,decided,58,1,female,0,2,6,20,1
9748,decided,54,1,female,1,3,162,9,1
9749,undecided,72,1,other,0,1,29,20,0
9750,decided,60,1,male,0,1,22,8,0
9751,decided,49,1,male,1,5,69,18,1
9752,decided,39,0,female,0,1,52,9,0
9753,decided,46,1,male,0,3,127,18,1
9754,decided,37,1,male,1,3,133,12,1
9755,decided,36,1,female,1,4,104,18,1
9756,decided,47,1,male,1,2,101,9,1
9757,decided,53,1,female,1,6,110,20,1
9758,decided,50,0,female,1,5,201,15,0
9759,undecided,52,0,female,1,3,14,15,0
9760,decided,28,1,female,0,1,62,12,0
9761,undecided,62,1,female,0,2,191,20,0
9762,undecided,62,0,female,1,3,142,20,0
9763,undecided,31,1,female,0,3,42,15,1
9764,decided,75,1,female,0,3,78,20,1
9765,undecided,54,1,male,1,5,247,13,1
9766,decided,61,1,male,1,3,64,8,1
9767,decided,37,1,male,0,2,94,8,0
9768,undecided,45,1,female,1,5,119,15,0
9769,decided,59,1,male,1,4,90,8,0
9770,decided,57,1,female,1,3,65,20,1
9771,decided,49,1,male,1,5,158,18,1
9772,decided,38,1,female,1,3,163,12,1
9773,undecided,42,1,female,1,3,92,18,0
9774,undecided,40,1,female,1,4,23,15,0
9775,decided,50,1,male,1,7,62,20,1
9776,decided,53,0,female,1,2,95.5,10,1
9777,decided,38,1,female,1,3,186,15,1
9778,decided,56,1,other,1,4,100,10,0
9779,decided,45,1,female,1,5,129,12,1
9780,decided,38,0,female,1,4,79,8,0
9781,decided,34,0,male,1,3,103,18,1
9782,decided,36,1,female,1,4,350,15,1
9783,decided,54,1,female,1,3,78,18,1
9784,undecided,63,1,female,1,3,88,20,0
9785,undecided,30,0,female,0,2,112.5,18,0
9786,undecided,37,1,male,1,4,129,15,1
9787,decided,61,1,other,1,2,130,20,1
9788,decided,52,1,female,1,2,99,20,1
9789,decided,50,0,female,1,3,59,8,0
9790,undecided,47,1,female,1,3,164,15,1
9791,decided,61,1,female,1,4,117.5,10,0
9792,decided,43,1,female,1,5,87,8,0
9793,undecided,22,1,male,1,6,83,14,1
9794,undecided,47,1,female,1,5,151,15,1
9795,decided,37,1,female,1,5,41,12,1
9796,undecided,26,1,female,1,2,96,15,0
9797,undecided,52,1,female,1,4,33,20,0
9798,undecided,43,1,female,1,4,86,15,0
9799,decided,32,1,female,1,3,115,11,0
9800,decided,50,1,female,0,4,179,9,0
9801,decided,54,1,female,1,2,55.5,12,1
9802,decided,61,1,female,1,5,10,20,1
9803,undecided,33,1,female,0,4,54,15,0
9804,decided,21,1,female,1,3,91,12,1
9805,undecided,43,1,female,1,6,76,16,1
9806,undecided,60,1,female,1,3,70,20,0
9807,undecided,41,1,female,1,3,61,15,1
9808,decided,39,1,female,1,5,147,8,1
9809,decided,22,1,female,1,7,73,12,1
9810,decided,55,1,female,1,5,176,16,0
9811,decided,41,1,female,1,4,116,9,0
9812,undecided,45,1,female,0,1,6,18,0
9813,undecided,35,1,female,1,2,116,15,0
9814,undecided,56,1,male,1,4,140,16,1
9815,undecided,37,1,female,1,3,121,18,0
9816,undecided,29,1,female,1,6,138,15,1
9817,decided,50,1,female,1,3,22,20,1
9818,undecided,48,1,female,1,4,108,20,0
9819,decided,58,1,female,0,2,72,10,0
9820,decided,36,1,female,1,4,131,12,1
9821,decided,45,1,female,1,2,107,12,1
9822,undecided,69,1,female,1,2,45.5,20,0
9823,decided,47,1,male,0,1,81,9,1
9824,decided,63,1,female,1,2,94,8,1
9825,decided,48,0,female,0,1,28,20,1
9826,decided,50,1,female,1,3,70,20,1
9827,undecided,49,1,female,1,4,85,13,1
9828,undecided,36,1,female,1,2,164,18,0
9829,decided,30,1,female,1,3,189,12,1
9830,decided,46,1,female,1,2,138,20,1
9831,decided,56,1,female,1,3,99,20,1
9832,decided,44,1,female,1,5,112,18,1
9833,decided,55,1,female,0,1,129.5,20,1
9834,undecided,44,1,female,1,5,165,15,0
9835,undecided,52,0,female,0,2,55,20,0
9836,undecided,49,1,female,1,7,162,15,0
9837,undecided,41,1,female,1,4,168,15,0
9838,decided,43,1,male,0,4,276,12,1
9839,undecided,44,0,female,1,4,26,15,1
9840,decided,46,0,male,1,2,126,20,1
9841,undecided,57,1,female,1,4,80,15,0
9842,undecided,48,1,female,1,3,111,18,0
9843,decided,31,1,female,1,5,158,12,0
9844,undecided,49,1,female,1,6,74,18,0
9845,decided,41,1,female,1,2,77,12,1
9846,undecided,51,1,male,1,7,73,13,1
9847,decided,43,1,female,1,5,132.5,18,1
9848,undecided,60,1,female,0,7,21,13,0
9849,undecided,58,1,female,1,3,143,18,0
9850,decided,44,0,female,1,5,202,18,1
9851,undecided,57,1,male,1,3,48,13,1
9852,undecided,35,1,female,1,4,85,15,1
9853,decided,56,0,female,0,1,50,20,1
9854,decided,37,1,female,1,4,117,12,1
9855,undecided,51,1,female,1,3,66,16,1
9856,decided,40,1,female,0,1,109,18,1
9857,undecided,74,1,female,1,4,21,20,0
9858,undecided,56,1,female,0,1,4,20,0
9859,decided,61,1,female,1,4,32,20,1
9860,decided,28,1,male,1,7,363,15,1
9861,decided,42,1,other,0,1,15,20,1
9862,decided,39,1,other,1,7,188,12,0
9863,decided,58,1,male,0,2,27,18,0
9864,decided,32,1,female,1,3,121,12,1
9865,decided,43,1,male,1,4,131,18,1
9866,decided,43,0,other,1,5,122,8,0
9867,undecided,49,1,female,0,2,39,18,0
9868,undecided,51,1,female,1,2,89,20,0
9869,undecided,57,1,male,1,7,121,15,1
9870,undecided,46,1,male,1,4,156.5,20,0
9871,decided,43,1,female,1,6,349,12,0
9872,decided,46,1,female,1,7,270,13,1
9873,decided,31,1,female,0,1,59,18,1
9874,decided,59,1,male,1,3,75,10,0
9875,undecided,62,1,female,0,1,66,20,0
9876,decided,32,1,female,1,6,111,11,0
9877,undecided,71,1,male,1,5,107,16,1
9878,decided,38,0,female,0,4,14,8,1
9879,decided,51,1,female,1,4,123,12,1
9880,decided,38,1,female,0,1,11,8,1
9881,decided,51,1,male,0,3,71,18,0
9882,undecided,57,1,female,0,1,83,20,0
9883,decided,31,0,female,1,5,67.5,8,0
9884,decided,32,1,male,0,2,83,18,0
9885,undecided,56,0,female,1,3,102,20,0
9886,undecided,65,1,other,0,2,63,16,1
9887,decided,48,1,female,1,3,53,8,1
9888,decided,54,1,male,1,3,36,20,1
9889,decided,43,1,female,1,3,72,20,1
9890,decided,44,1,male,0,5,196,8,1
9891,undecided,33,1,female,1,4,65,15,0
9892,decided,53,1,other,1,4,90,18,1
9893,decided,59,1,female,1,3,350,13,0
9894,decided,40,0,other,0,1,21,9,0
9895,decided,32,0,female,0,1,6,8,1
9896,decided,33,1,other,0,7,6,11,1
9897,undecided,34,1,female,1,6,62,18,0
9898,undecided,54,1,female,1,2,90.5,18,0
9899,decided,45,1,male,1,3,110,18,1
9900,undecided,56,1,female,1,4,132,13,1
9901,decided,65,1,female,1,6,67,20,1
9902,decided,59,0,female,1,7,6,8,1
9903,decided,27,1,female,1,7,22,8,1
9904,undecided,65,1,other,1,3,24,20,0
9905,undecided,48,1,female,1,3,161,15,0
9906,undecided,75,1,female,1,3,48,20,0
9907,undecided,47,1,female,1,5,92,13,1
9908,undecided,33,0,other,1,4,91,15,0
9909,decided,64,1,male,0,1,8,20,0
9910,decided,32,1,female,1,5,40,8,1
9911,undecided,69,1,other,1,2,66,20,0
9912,undecided,50,1,female,1,2,206.5,18,0
9913,decided,60,1,male,1,2,87,20,1
9914,decided,36,1,female,1,2,172,18,1
9915,undecided,62,1,female,1,3,20,16,0
9916,decided,45,1,other,1,5,186,12,1
9917,decided,56,0,female,1,2,170,18,1
9918,decided,55,1,female,1,4,101,20,1
9919,undecided,44,1,female,1,2,81,15,0
9920,decided,41,0,male,1,2,122,18,1
9921,undecided,60,1,male,1,4,65,16,0
9922,undecided,41,1,female,1,7,109,15,1
9923,undecided,60,1,female,0,6,14,16,1
9924,undecided,50,1,female,0,2,54,20,0
9925,decided,29,0,male,0,4,43,8,0
9926,decided,48,1,female,1,4,195,12,0
9927,decided,55,1,other,1,2,193,20,1
9928,undecided,23,1,female,1,3,70,15,1
9929,undecided,62,1,other,1,3,63,16,1
9930,decided,37,1,male,1,2,110.5,18,1
9931,decided,46,1,female,1,2,97,8,1
9932,decided,55,1,female,0,2,87,20,1
9933,decided,56,1,female,1,4,76,8,0
9934,decided,59,1,female,1,3,180,16,0
9935,decided,37,1,female,1,7,231,12,1
9936,undecided,57,1,female,1,4,172,20,0
9937,undecided,44,0,female,0,2,57,18,0
9938,undecided,49,1,male,1,4,64,15,1
9939,decided,53,1,male,1,2,121,20,1
9940,decided,42,1,male,1,3,69,18,1
9941,decided,36,1,female,1,6,201,15,0
9942,decided,52,1,male,1,4,424,16,1
9943,decided,48,1,male,1,4,87.5,8,1
9944,decided,42,1,female,1,2,163,12,1
9945,undecided,46,1,female,0,2,42,18,0
9946,decided,41,0,female,1,3,21,8,1
9947,undecided,42,1,male,0,6,47,15,0
9948,decided,58,1,male,1,2,55,8,1
9949,undecided,44,1,female,1,4,29,15,0
9950,undecided,48,1,female,1,5,61,20,0
9951,decided,48,1,male,1,3,73,20,0
9952,undecided,59,1,male,1,3,82,20,0
9953,decided,35,0,female,1,3,10,8,0
9954,decided,54,1,female,1,3,134,8,0
9955,decided,52,1,male,1,4,6,20,1
9956,decided,52,1,male,1,2,40,20,0
9957,decided,42,1,female,1,4,196,18,1
9958,decided,39,1,female,1,3,82,18,1
9959,decided,67,1,female,1,2,32,20,1
9960,undecided,61,0,female,1,4,124,20,0
9961,decided,57,1,male,1,2,142,20,1
9962,undecided,65,1,female,0,6,68,13,0
9963,decided,48,0,female,0,3,57,8,1
9964,undecided,28,0,male,0,5,108,15,0
9965,decided,54,1,male,1,3,130,18,0
9966,decided,44,1,female,1,3,98,12,0
9967,decided,64,1,female,0,3,157.5,10,1
9968,undecided,61,1,female,1,3,51,20,0
9969,decided,25,1,female,1,6,105,12,1
9970,decided,52,1,male,1,3,144,20,1
9971,decided,70,0,female,0,1,98,8,1
9972,undecided,64,1,female,1,4,129,20,0
9973,decided,47,1,female,0,1,491,15,0
9974,decided,43,0,male,1,3,29,18,1
9975,decided,39,1,other,1,6,224,15,0
9976,undecided,55,1,female,1,5,176,18,0
9977,undecided,37,1,female,0,2,44,18,0
9978,decided,48,1,female,1,3,95,20,1
9979,decided,50,1,male,1,4,144,20,0
9980,decided,68,1,male,1,3,122,20,1
9981,undecided,60,0,female,1,2,113,20,0
9982,decided,47,0,male,1,4,144,12,0
9983,decided,45,1,female,1,3,174,18,1
9984,decided,34,1,male,0,1,26,8,1
9985,decided,64,1,male,1,4,90,20,1
9986,undecided,53,0,female,1,2,76,20,0
9987,decided,36,1,female,1,5,263,15,0
9988,undecided,39,1,male,1,5,161,15,1
9989,decided,43,1,female,1,5,115,12,1
9990,undecided,62,1,female,0,1,37,20,0
9991,undecided,32,1,female,0,2,11.5,15,1
9992,undecided,65,0,female,1,2,93,20,0
9993,undecided,70,1,female,1,6,203,20,0
9994,decided,48,0,male,1,3,44,8,0
9995,undecided,46,1,female,0,1,35,18,0
9996,undecided,55,1,female,1,2,37,18,0
9997,undecided,29,1,female,0,5,100,15,1
9998,undecided,59,0,female,0,1,35,20,0
9999,decided,66,0,male,1,3,4,8,1
10000,undecided,55,1,female,1,4,19,16,1
