Tract,Longitude,Latitude,HousingMedianAge,TotalRooms,TotalBedrooms,Population,Households,MedianIncome,MedianHouseValue
1,-122.23,37.88,41,880,129,322,126,8.3252,452.6
2,-122.24,37.85,52,1467,190,496,177,7.2574,352.1
3,-122.25,37.85,52,1274,235,558,219,5.6431,341.3
4,-122.25,37.85,52,1627,280,565,259,3.8462,342.2
5,-122.25,37.85,52,919,213,413,193,4.0368,269.7
6,-122.25,37.84,52,3104,687,1157,647,3.12,241.4
7,-122.26,37.84,42,2555,665,1206,595,2.0804,226.7
8,-122.26,37.85,52,2202,434,910,402,3.2031,281.5
9,-122.26,37.85,52,3503,752,1504,734,3.2705,241.8
10,-122.26,37.85,52,2491,474,1098,468,3.075,213.5
11,-122.26,37.84,52,696,191,345,174,2.6736,191.3
12,-122.26,37.85,52,2643,626,1212,620,1.9167,159.2
13,-122.26,37.85,50,1120,283,697,264,2.125,140
14,-122.27,37.85,52,1966,347,793,331,2.775,152.5
15,-122.26,37.84,50,2239,455,990,419,1.9911,158.7
16,-122.27,37.84,52,1503,298,690,275,2.6033,162.9
17,-122.27,37.85,40,751,184,409,166,1.3578,147.5
18,-122.27,37.85,42,1639,367,929,366,1.7135,159.8
19,-122.27,37.84,52,2436,541,1015,478,1.725,113.9
20,-122.27,37.84,52,1688,337,853,325,2.1806,99.7
21,-122.27,37.84,52,2224,437,1006,422,2.6,132.6
22,-122.28,37.85,41,535,123,317,119,2.4038,107.5
23,-122.28,37.85,49,1130,244,607,239,2.4597,93.8
24,-122.28,37.85,52,1898,421,1102,397,1.808,105.5
25,-122.28,37.84,50,2082,492,1131,473,1.6424,108.9
26,-122.28,37.84,52,729,160,395,155,1.6875,132
27,-122.28,37.84,49,1916,447,863,378,1.9274,122.3
28,-122.28,37.84,52,2153,481,1168,441,1.9615,115.2
29,-122.27,37.84,48,1922,409,1026,335,1.7969,110.4
30,-122.27,37.83,49,1655,366,754,329,1.375,104.9
31,-122.27,37.83,51,2665,574,1258,536,2.7303,109.7
32,-122.27,37.83,49,1215,282,570,264,1.4861,97.2
33,-122.27,37.83,48,1798,432,987,374,1.0972,104.5
34,-122.26,37.83,52,1470,330,689,309,3.48,191.4
35,-122.26,37.83,52,2432,715,1377,696,2.5898,176
36,-122.26,37.83,52,1665,419,946,395,2.0978,155.4
37,-122.26,37.83,51,936,311,517,249,1.2852,150
38,-122.26,37.84,49,713,202,462,189,1.025,118.8
39,-122.26,37.84,52,950,202,467,198,3.9643,188.8
40,-122.26,37.83,52,1443,311,660,292,3.0125,184.4
41,-122.26,37.83,52,1656,420,718,382,2.6768,182.3
42,-122.26,37.83,50,1125,322,616,304,2.026,142.5
43,-122.27,37.82,43,1007,312,558,253,1.7348,137.5
44,-122.26,37.82,40,624,195,423,160,0.9506,187.5
45,-122.27,37.82,40,946,375,700,352,1.775,112.5
46,-122.27,37.82,21,896,453,735,438,0.9218,171.9
47,-122.27,37.82,43,1868,456,1061,407,1.5045,93.8
48,-122.27,37.82,41,3221,853,1959,720,1.1108,97.5
49,-122.27,37.82,52,1630,456,1162,400,1.2475,104.2
50,-122.28,37.82,52,1170,235,701,233,1.6098,87.5
51,-122.28,37.82,52,945,243,576,220,1.4113,83.1
52,-122.28,37.82,52,1238,288,622,259,1.5057,87.5
53,-122.28,37.82,52,1489,335,728,244,0.8172,85.3
54,-122.28,37.82,52,1387,341,1074,304,1.2171,80.3
55,-122.29,37.83,52,1121,211,554,187,3.3929,75.7
56,-122.29,37.82,49,135,29,86,23,6.1183,75
57,-122.29,37.81,50,760,190,377,122,0.9011,86.1
58,-122.3,37.81,52,1224,237,521,159,1.191,76.1
59,-122.3,37.81,48,828,182,392,133,2.5938,73.5
60,-122.3,37.81,52,1010,209,604,187,1.1667,78.4
61,-122.3,37.81,48,1455,354,788,332,0.8056,84.4
62,-122.29,37.8,52,1027,244,492,147,2.6094,81.3
63,-122.3,37.81,52,572,109,274,82,1.8516,85
64,-122.29,37.81,46,2801,644,1823,611,0.9802,129.2
65,-122.29,37.81,26,768,152,392,127,1.7719,82.5
66,-122.29,37.81,46,935,297,582,277,0.7286,95.2
67,-122.29,37.81,49,844,204,560,152,1.75,75
68,-122.29,37.81,20,835,161,290,133,2.483,137.5
69,-122.28,37.81,17,1237,462,762,439,0.9241,177.5
70,-122.28,37.81,36,2914,562,1236,509,2.4464,102.1
71,-122.28,37.81,19,1207,243,721,207,1.1111,108.3
72,-122.29,37.81,23,1745,374,1054,325,0.8026,112.5
73,-122.28,37.8,38,684,176,344,155,2.0114,131.3
74,-122.28,37.81,17,924,289,609,289,1.5,162.5
75,-122.27,37.81,52,210,56,183,56,1.1667,112.5
76,-122.28,37.81,52,340,97,200,87,1.5208,112.5
77,-122.28,37.81,52,386,164,346,155,0.8075,137.5
78,-122.28,37.81,35,948,184,467,169,1.8088,118.8
79,-122.28,37.81,52,773,143,377,115,2.4083,98.2
80,-122.27,37.81,40,880,451,582,380,0.977,118.8
81,-122.27,37.81,10,875,348,546,330,0.76,162.5
82,-122.27,37.8,10,105,42,125,39,0.9722,137.5
83,-122.27,37.8,16,994,392,800,362,2.0938,162.5
84,-122.27,37.79,27,1055,347,718,302,2.6354,187.5
85,-122.27,37.8,39,1715,623,1327,467,1.8477,179.2
86,-122.26,37.8,36,5329,2477,3469,2323,2.0096,130
87,-122.26,37.82,31,4596,1331,2048,1180,2.8345,183.8
88,-122.26,37.81,29,335,107,202,91,2.0062,125
89,-122.26,37.82,22,3682,1270,2024,1250,1.2185,170
90,-122.26,37.82,37,3633,1085,1838,980,2.6104,193.1
91,-122.25,37.81,29,4656,1414,2304,1250,2.4912,257.8
92,-122.25,37.81,28,5806,1603,2563,1497,3.2177,273.4
93,-122.25,37.81,39,854,242,389,228,3.125,237.5
94,-122.25,37.81,52,2155,701,895,613,2.5795,350
95,-122.26,37.81,34,5871,1914,2689,1789,2.8406,335.7
96,-122.24,37.81,52,2026,482,709,456,3.2727,268.5
97,-122.25,37.81,52,1758,460,686,422,3.1691,259.4
98,-122.24,37.82,52,3481,751,1444,718,3.9,275.7
99,-122.25,37.82,28,3337,855,1520,802,3.9063,225
100,-122.25,37.82,52,1424,289,550,253,5.0917,262.5
101,-122.25,37.82,32,3809,1098,1806,1022,2.6429,218.5
102,-122.25,37.83,52,2376,559,939,519,3.1484,224.1
103,-122.25,37.83,35,1613,428,675,422,3.4722,243.1
104,-122.25,37.83,28,5022,1750,2558,1661,2.4234,218.5
105,-122.25,37.83,52,4190,1105,1786,1037,3.0897,234.1
106,-122.23,37.84,50,2515,399,970,373,5.8596,327.6
107,-122.24,37.83,41,2576,406,794,376,5.956,366.1
108,-122.24,37.85,37,334,54,98,47,4.9643,335
109,-122.23,37.85,52,2800,411,1061,403,6.3434,373.6
110,-122.24,37.84,52,3529,574,1177,555,5.1773,389.5
111,-122.22,37.85,28,5287,1048,2031,956,5.457,337.3
112,-122.21,37.84,44,3424,597,1358,597,6.0194,292.3
113,-122.21,37.83,40,4991,674,1616,654,7.5544,411.5
114,-122.2,37.84,30,2211,346,844,343,6.0666,311.5
115,-122.19,37.84,18,1617,210,533,194,11.6017,392.6
116,-122.2,37.84,35,2865,460,1072,443,7.4882,319.3
117,-122.21,37.83,34,5065,788,1627,766,6.8976,333.3
118,-122.2,37.83,26,1589,223,542,211,8.401,351.2
119,-122.19,37.83,29,1791,271,661,269,6.8538,368.9
120,-122.19,37.82,32,1835,264,635,263,8.317,365.9
121,-122.2,37.82,37,1229,181,420,176,7.0175,366.7
122,-122.2,37.82,39,3770,534,1265,500,6.3302,362.8
123,-122.2,37.81,45,2964,436,1067,426,6.7851,323.5
124,-122.21,37.8,50,2833,605,1260,552,2.8929,216.7
125,-122.21,37.8,38,2254,535,951,487,3.0812,233.1
126,-122.22,37.81,52,1971,335,765,308,6.5217,273.7
127,-122.22,37.8,52,2183,465,1129,460,3.2632,227.7
128,-122.22,37.8,52,2286,464,1073,441,3.0298,199.6
129,-122.22,37.8,52,2721,541,1185,515,4.5428,239.8
130,-122.22,37.81,52,2944,536,1034,521,5.3509,302.1
131,-122.23,37.8,52,2033,486,787,459,3.1603,269.5
132,-122.23,37.81,52,1433,229,612,213,4.7708,314.7
133,-122.22,37.81,52,2927,402,1021,380,8.1564,390.1
134,-122.23,37.81,52,2315,292,861,258,8.8793,410.3
135,-122.23,37.81,52,2814,365,878,352,7.508,348.7
136,-122.24,37.81,52,2093,550,918,483,2.7477,243.8
137,-122.25,37.8,52,2087,510,1197,488,3.0149,218.4
138,-122.25,37.81,46,3232,835,1373,747,3.225,218.8
139,-122.25,37.8,42,4120,1065,1715,1015,2.9345,225
140,-122.25,37.8,43,2364,792,1359,722,2.1429,250
141,-122.25,37.8,41,1471,469,1062,413,1.6121,171.4
142,-122.25,37.8,29,2468,864,1335,773,1.3929,193.8
143,-122.24,37.79,27,1632,492,1171,429,2.3173,125
144,-122.25,37.79,45,1786,526,1475,460,1.7772,97.5
145,-122.25,37.79,52,1339,391,1086,363,2.181,138.8
146,-122.25,37.8,36,1678,606,1645,543,2.2303,116.7
147,-122.25,37.8,43,2344,647,1710,644,1.6504,151.8
148,-122.24,37.8,52,996,228,731,228,2.2697,127
149,-122.24,37.8,52,1591,373,1118,347,2.1563,128.6
150,-122.24,37.8,52,1586,398,1006,335,2.1348,140.6
151,-122.24,37.8,47,2046,588,1213,554,2.6292,182.7
152,-122.23,37.8,52,1192,289,772,257,2.3833,146.9
153,-122.24,37.8,52,1803,420,1321,401,2.957,122.8
154,-122.24,37.8,49,2838,749,1487,677,2.5238,169.3
155,-122.23,37.8,51,1590,414,949,392,1.9028,127.9
156,-122.23,37.8,50,1746,480,1149,415,2.25,123.5
157,-122.23,37.8,52,1252,299,844,280,2.3929,111.9
158,-122.23,37.79,43,5963,1344,4367,1231,2.1917,112.8
159,-122.23,37.79,30,999,264,1011,263,1.8854,137.5
160,-122.24,37.79,39,1469,431,1464,389,2.1638,105.5
161,-122.24,37.79,47,1372,395,1237,303,2.125,95.5
162,-122.24,37.79,52,674,180,647,168,3.375,116.1
163,-122.24,37.79,43,1626,376,1284,357,2.2542,112.2
164,-122.25,37.79,39,461,129,381,123,1.6,112.5
165,-122.25,37.79,52,902,237,846,227,3.625,125
166,-122.26,37.8,20,2373,779,1659,676,1.6929,115
167,-122.22,37.77,52,1137,301,866,259,2.59,96.4
168,-122.23,37.77,52,769,206,612,183,2.57,72
169,-122.23,37.78,52,472,146,415,126,2.6429,71.3
170,-122.23,37.78,52,862,215,994,213,3.0257,80.8
171,-122.22,37.78,50,1920,530,1525,477,1.4886,128.8
172,-122.23,37.78,43,1420,472,1506,438,1.9338,112.5
173,-122.23,37.78,52,986,258,1008,255,1.4844,119.4
174,-122.23,37.78,44,2340,825,2813,751,1.6009,118.1
175,-122.23,37.79,48,1696,396,1481,343,2.0375,122.5
176,-122.22,37.79,37,2343,574,1608,523,2.1494,132.5
177,-122.23,37.79,30,610,145,425,140,1.6198,122.7
178,-122.23,37.79,40,930,199,564,184,1.3281,113.3
179,-122.22,37.79,44,1487,314,961,272,3.5156,109.5
180,-122.22,37.79,52,3424,690,2273,685,3.9048,164.7
181,-122.22,37.79,46,2366,575,1647,527,2.6042,124.7
182,-122.22,37.79,49,1826,450,1201,424,2.5,136.7
183,-122.22,37.79,38,3049,711,2167,659,2.7969,141.7
184,-122.2,37.79,29,1640,376,939,340,2.8321,150
185,-122.21,37.79,47,1543,307,859,292,2.9583,138.8
186,-122.21,37.79,34,2364,557,1517,516,2.8365,139.2
187,-122.21,37.79,35,1745,409,1143,386,2.875,143.8
188,-122.21,37.8,39,2003,500,1109,464,3.0682,156.5
189,-122.21,37.8,39,2018,447,1221,446,3.0757,151
190,-122.2,37.8,43,3045,499,1115,455,4.9559,273
191,-122.2,37.8,52,1547,293,706,268,4.7721,217.1
192,-122.21,37.8,52,3519,711,1883,706,3.4861,187.1
193,-122.2,37.8,41,2070,354,804,340,5.1184,239.6
194,-122.21,37.8,48,1321,263,506,252,4.0977,229.7
195,-122.19,37.8,48,1694,259,610,238,4.744,257.3
196,-122.19,37.8,46,1938,341,768,332,4.2727,246.9
197,-122.19,37.79,50,968,195,462,184,2.9844,179.9
198,-122.2,37.79,40,1060,256,667,235,4.1739,169.6
199,-122.2,37.8,46,2041,405,1059,399,3.8487,203.3
200,-122.19,37.79,28,3144,761,1737,669,2.9297,140.5
201,-122.2,37.79,35,1802,459,1009,390,2.3036,126
202,-122.21,37.79,45,2115,533,1530,474,2.4167,139.4
203,-122.2,37.79,45,2021,528,1410,480,2.7788,115.4
204,-122.21,37.78,52,1477,300,1065,269,1.8472,137
205,-122.22,37.78,44,2968,710,2269,610,2.3906,111.7
206,-122.21,37.78,43,1702,460,1227,407,1.7188,126.8
207,-122.21,37.78,47,881,248,753,241,2.625,111.3
208,-122.22,37.78,50,1776,473,1807,440,1.7276,102.3
209,-122.22,37.78,44,1678,514,1700,495,2.0801,131.9
210,-122.22,37.78,51,1637,463,1543,393,2.489,119.1
211,-122.21,37.76,52,1420,314,1085,300,1.7546,80.6
212,-122.21,37.77,52,591,173,353,137,4.0904,80.6
213,-122.21,37.77,52,745,153,473,149,2.6765,88.8
214,-122.2,37.77,49,2272,498,1621,483,2.4338,102.4
215,-122.21,37.77,46,1234,375,1183,354,2.3309,98.7
216,-122.21,37.77,43,1017,328,836,277,2.2604,100
217,-122.2,37.77,39,2689,597,1888,537,2.2562,94.8
218,-122.2,37.77,41,1547,415,1024,341,2.0562,102
219,-122.2,37.78,52,2300,443,1225,423,3.5398,158.4
220,-122.2,37.78,39,1752,399,1071,376,3.1167,121.6
221,-122.2,37.78,50,1867,403,1128,378,2.5401,129.1
222,-122.2,37.77,43,2430,502,1537,484,2.898,121.4
223,-122.21,37.78,44,1729,414,1240,393,2.3125,102.8
224,-122.19,37.78,52,1026,180,469,168,2.875,160
225,-122.19,37.77,52,2170,428,1086,425,3.3715,143.9
226,-122.19,37.77,52,2329,445,1144,417,3.5114,151.2
227,-122.19,37.78,52,2492,415,1109,375,4.3125,164.4
228,-122.19,37.78,52,2198,397,984,369,3.22,156.5
229,-122.19,37.78,52,1070,193,555,190,3.7262,166.9
230,-122.2,37.78,45,1766,332,869,327,4.5893,163.5
231,-122.18,37.79,41,1411,233,626,214,7.0875,240.7
232,-122.18,37.79,46,2109,387,922,329,3.9712,208.1
233,-122.19,37.79,50,954,217,546,201,2.6667,172.8
234,-122.18,37.8,34,1355,195,442,195,6.2838,318.2
235,-122.18,37.8,23,2317,336,955,328,6.7527,285.8
236,-122.16,37.79,22,12842,2048,4985,1967,5.9849,371
237,-122.17,37.77,30,3326,746,1704,703,2.875,135.3
238,-122.18,37.78,43,1985,440,1085,407,3.4205,136.7
239,-122.18,37.78,50,1642,322,713,284,3.2984,160.7
240,-122.17,37.78,52,653,128,296,121,4.175,144
241,-122.16,37.77,48,977,194,446,180,4.7708,156.3
242,-122.16,37.77,45,2324,397,968,384,3.5739,176
243,-122.16,37.77,39,1583,349,857,316,3.0958,145.8
244,-122.17,37.77,39,1612,342,912,322,3.3958,141.9
245,-122.17,37.77,31,2424,533,1360,452,1.871,90.7
246,-122.17,37.76,41,1594,367,1074,355,1.9356,90.6
247,-122.17,37.76,47,2118,413,965,382,2.1842,107.9
248,-122.18,37.76,37,1575,358,933,320,2.2917,107
249,-122.17,37.76,38,1764,397,987,354,2.4333,98.2
250,-122.18,37.76,50,1187,261,907,246,1.9479,89.5
251,-122.18,37.76,52,754,175,447,165,3.9063,93.8
252,-122.18,37.76,49,2308,452,1299,451,1.8407,96.7
253,-122.18,37.77,27,909,236,396,157,2.0786,97.5
254,-122.18,37.76,43,2018,408,1111,367,1.8913,91.2
255,-122.19,37.76,49,1368,282,790,269,1.7056,91.4
256,-122.18,37.77,51,2107,471,1173,438,3.2552,120.1
257,-122.19,37.76,52,2024,391,1030,350,2.4659,94.7
258,-122.19,37.77,41,2036,510,1412,454,2.0469,89.3
259,-122.19,37.77,45,1852,393,1132,349,2.7159,101.4
260,-122.19,37.76,41,921,207,522,159,1.2083,72.5
261,-122.19,37.76,45,995,238,630,237,1.925,74.1
262,-122.2,37.76,37,2680,736,1925,667,1.4097,84.6
263,-122.19,37.76,38,1493,370,1144,351,0.7683,81.8
264,-122.19,37.75,19,2207,565,1481,520,1.3194,81.4
265,-122.19,37.75,28,856,189,435,162,0.8012,81.8
266,-122.19,37.74,36,847,212,567,159,1.1765,87.1
267,-122.18,37.74,42,541,154,380,123,2.3456,83.5
268,-122.19,37.73,44,1066,253,825,244,2.1538,79.7
269,-122.19,37.73,45,1528,291,801,287,1.2625,84.7
270,-122.18,37.73,42,909,215,646,198,2.9063,80
271,-122.18,37.73,43,1391,293,855,285,2.5192,76.4
272,-122.18,37.73,42,4074,874,2736,780,2.455,82.4
273,-122.17,37.74,41,1613,445,1481,414,2.4028,97.7
274,-122.17,37.74,43,818,193,494,179,2.4776,101.6
275,-122.17,37.73,43,1473,371,1231,341,2.1587,86.5
276,-122.18,37.74,35,504,126,323,109,1.8438,90.5
277,-122.17,37.74,46,1026,226,749,225,3.0298,107.6
278,-122.17,37.74,46,769,183,693,178,2.25,84.2
279,-122.18,37.74,46,2103,391,1339,354,2.2467,88.9
280,-122.18,37.75,46,941,218,621,195,1.325,87.1
281,-122.17,37.75,38,992,279,732,259,1.6196,85.1
282,-122.18,37.75,45,990,261,901,260,2.1731,82
283,-122.19,37.75,36,1126,263,482,150,1.9167,82.8
284,-122.18,37.75,43,1036,233,652,213,2.069,84.6
285,-122.18,37.75,36,1047,214,651,166,1.712,82.1
286,-122.17,37.76,33,1280,307,999,286,2.5625,89.3
287,-122.17,37.75,43,1587,320,907,306,1.9821,98.3
288,-122.17,37.75,41,1257,271,828,230,2.5043,92.3
289,-122.17,37.75,48,1751,390,935,349,1.4375,90
290,-122.16,37.76,45,2299,514,1437,484,2.5122,95.5
291,-122.16,37.75,38,2457,624,1516,482,1.5625,91.7
292,-122.17,37.75,47,998,211,597,185,3.1587,100.4
293,-122.17,37.76,40,1685,343,949,342,1.8426,94.8
294,-122.16,37.76,46,1827,307,881,302,4.6696,164.3
295,-122.16,37.76,36,2781,574,1438,519,2.4598,155.5
296,-122.15,37.76,39,1823,286,763,270,6.0749,196.9
297,-122.14,37.77,27,2229,365,1297,355,4.8304,279.1
298,-122.14,37.76,34,1513,231,545,211,5.5701,252.8
299,-122.12,37.75,33,1809,261,808,219,6.86,250
300,-122.12,37.75,28,794,111,329,109,7.6923,329.8
301,-122.13,37.75,30,414,54,137,50,4.975,311.1
302,-122.13,37.75,36,768,93,229,93,5.3602,330
303,-122.13,37.74,41,4400,666,1476,648,5,248.9
304,-122.16,37.75,46,954,161,429,154,2.925,142.9
305,-122.15,37.75,40,1445,256,849,255,3.8913,126.3
306,-122.15,37.75,44,1938,399,946,331,3.225,135.8
307,-122.16,37.75,24,1790,454,1137,386,2.537,107.9
308,-122.15,37.74,43,1383,275,853,272,3.5083,122
309,-122.16,37.75,40,1227,294,928,261,1.8235,95.2
310,-122.16,37.75,35,667,140,406,133,3.8047,94.3
311,-122.17,37.74,34,1223,281,824,280,2.2917,92.5
312,-122.17,37.75,37,1379,287,835,259,2.4962,91.8
313,-122.16,37.74,43,1534,300,826,295,4.0417,109.4
314,-122.16,37.74,52,771,147,355,144,4.1458,143.4
315,-122.16,37.74,47,824,223,533,166,2.625,98.2
316,-122.16,37.74,44,1097,239,609,215,2.0227,103.1
317,-122.29,37.9,49,1283,238,576,236,3.3333,276.8
318,-122.29,37.89,52,2248,422,870,377,3.4732,246.2
319,-122.3,37.9,38,2263,522,1027,509,3.5125,224.2
320,-122.29,37.89,52,1571,349,693,326,3.1375,229.1
321,-122.3,37.89,46,1520,402,815,375,2.8036,211.6
322,-122.3,37.9,15,5083,1212,2420,1146,4.5824,256.1
323,-122.3,37.89,36,1077,293,518,276,3.0208,206.3
324,-122.3,37.89,52,1248,283,620,275,4.0875,221.3
325,-122.33,37.89,42,1342,291,551,266,4.5268,207.4
326,-122.34,37.88,37,3061,930,2556,924,1.7375,350
327,-122.29,37.89,52,3171,698,1498,696,3.1795,218.2
328,-122.29,37.88,50,1211,261,523,227,3.8672,216.7
329,-122.29,37.89,52,979,175,374,153,5.1675,270.6
330,-122.29,37.89,52,2269,380,1004,371,5.1696,261.4
331,-122.27,37.9,42,1650,274,645,256,5.6228,375.4
332,-122.27,37.9,52,1803,240,572,236,6.174,358.8
333,-122.27,37.9,52,2041,270,671,253,6.9414,417.5
334,-122.27,37.89,52,3046,373,975,365,8.8342,430.5
335,-122.28,37.9,52,2318,328,779,312,7.1754,362.9
336,-122.28,37.9,52,2003,250,658,244,10.0825,397
337,-122.28,37.89,52,1225,169,412,168,5.7912,327.1
338,-122.28,37.89,52,2315,408,835,369,4.5893,290.1
339,-122.28,37.89,52,2070,329,722,306,5.4171,292
340,-122.27,37.89,52,2640,366,973,355,7.266,371.1
341,-122.27,37.89,52,1978,293,723,272,5.3989,335.6
342,-122.25,37.89,41,1125,195,356,181,6.1593,344
343,-122.26,37.89,52,3078,494,1005,462,6.381,342.2
344,-122.26,37.89,52,3706,531,1205,504,6.6828,370.9
345,-122.25,37.89,37,3000,457,987,450,7.5385,350
346,-122.25,37.89,42,2863,460,1031,448,6.7138,368.6
347,-122.26,37.88,52,2551,417,894,404,6.2425,391.8
348,-122.26,37.88,52,2255,410,823,377,5.7979,415.3
349,-122.27,37.88,52,3360,648,1232,621,4.2813,284.9
350,-122.27,37.88,52,1693,391,669,367,3.5417,287.5
351,-122.27,37.88,44,2252,592,989,550,3.0132,272.9
352,-122.28,37.88,52,2495,491,1058,464,4.1429,259.6
353,-122.29,37.88,52,2159,424,824,388,3.8897,218.4
354,-122.29,37.88,48,2365,490,1034,475,3.1065,229.2
355,-122.29,37.88,46,1895,442,920,425,2.9926,192.1
356,-122.29,37.88,52,1650,395,841,380,3.556,179.3
357,-122.3,37.88,45,453,146,749,137,1.475,187.5
358,-122.3,37.87,10,503,118,228,100,2.1705,150
359,-122.29,37.85,52,477,119,218,106,2.5682,120
360,-122.3,37.88,46,1647,376,854,355,2.9,144.8
361,-122.3,37.87,52,3123,749,1695,684,2.2208,144.8
362,-122.28,37.88,52,957,188,403,172,3.2344,245.5
363,-122.28,37.87,52,589,132,288,131,3.5156,200
364,-122.28,37.87,49,2026,548,963,521,1.9805,173.7
365,-122.29,37.87,50,1829,536,1129,516,2.6684,185.6
366,-122.28,37.88,52,1909,416,811,406,3.006,227.9
367,-122.28,37.87,46,3022,696,1293,675,2.543,220.7
368,-122.28,37.87,46,1777,446,805,431,2.8676,212
369,-122.27,37.88,52,2803,930,1372,876,2.1907,271.4
370,-122.27,37.87,30,1465,439,862,425,1.7778,268.8
371,-122.27,37.88,37,2619,682,1152,616,2.52,277.8
372,-122.26,37.88,52,1149,255,483,249,4.2788,332.5
373,-122.26,37.88,52,2363,604,1558,573,2.944,338.9
374,-122.26,37.88,52,2604,837,1798,769,1.725,287.5
375,-122.25,37.87,41,685,141,266,123,5.2289,384.6
376,-122.25,37.87,42,1756,465,2184,422,2.5562,371.4
377,-122.26,37.87,52,1087,371,3337,350,1.4012,175
378,-122.26,37.87,52,2773,998,1721,949,1.1859,241.7
379,-122.27,37.87,35,3218,1108,1675,1000,1.7464,216.7
380,-122.27,37.87,49,1350,368,707,350,2.8846,211.3
381,-122.27,37.87,52,3084,698,1424,694,2.7372,210.2
382,-122.28,37.86,52,938,195,393,189,3.8594,196.4
383,-122.28,37.87,52,1813,353,828,339,3.5625,191.7
384,-122.28,37.87,52,1233,300,571,292,2.2788,182.3
385,-122.29,37.87,44,2539,755,1382,713,2.537,175
386,-122.29,37.87,46,1267,324,792,321,2.525,165.9
387,-122.29,37.86,52,1665,404,815,372,1.9946,156.9
388,-122.28,37.86,52,1659,367,788,346,2.8214,164.3
389,-122.29,37.87,52,2225,460,1145,430,2.6165,150
390,-122.29,37.86,50,2485,607,1354,563,1.9483,150.5
391,-122.28,37.86,52,2031,450,958,445,1.9327,169.9
392,-122.28,37.86,49,2932,668,1361,608,1.9798,147.4
393,-122.28,37.85,52,2246,472,1005,449,2.4167,152.7
394,-122.27,37.86,49,2052,435,924,414,2.5417,182.7
395,-122.28,37.86,52,1999,417,780,358,3.3906,179.3
396,-122.28,37.86,52,3007,691,1582,636,2.5652,157.7
397,-122.27,37.86,52,1088,305,486,267,2.6071,250
398,-122.27,37.86,52,834,186,494,175,3.15,206.3
399,-122.27,37.86,52,1769,372,849,365,2.6914,218.8
400,-122.27,37.86,52,2307,583,1127,548,1.8447,198.2
401,-122.26,37.86,35,5161,1744,3276,1742,1.6307,253.6
402,-122.26,37.86,52,3497,832,1493,794,2.9044,257.4
403,-122.26,37.86,52,3774,744,1461,679,2.9405,289.5
404,-122.26,37.86,52,2888,604,1253,538,3.3893,241.7
405,-122.25,37.86,48,2153,517,1656,459,3.0417,489.6
406,-122.25,37.86,52,1709,318,719,295,5.0463,456.3
407,-122.24,37.86,52,1668,225,517,214,7.8521,500.001
408,-122.25,37.86,52,4048,663,1316,590,5.3794,376.9
409,-122.26,37.85,52,3618,768,1508,755,3.2619,309.6
410,-122.27,37.85,52,4076,920,1800,815,2.7054,182.3
411,-122.27,37.85,47,2077,400,719,326,2.2431,172.7
412,-122.27,37.85,50,1279,300,675,255,1.9028,150.8
413,-122.27,37.85,52,1974,426,875,363,1.5817,153.6
414,-122.27,37.85,52,335,83,152,77,2.2841,106.3
415,-122.28,37.85,52,610,145,281,132,2.9018,119.4
416,-122.28,37.85,48,2063,484,1054,466,2.2625,132.9
417,-122.29,37.84,35,1872,419,1017,414,2.2106,132.5
418,-122.28,37.83,52,3108,813,1623,765,2.6997,126.9
419,-122.3,37.84,14,7355,2408,3100,2051,4.0018,143.8
420,-122.23,37.83,52,2990,379,947,361,7.8772,500.001
421,-122.22,37.82,42,2991,335,1018,335,13.499,500.001
422,-122.23,37.82,52,3242,366,1001,352,12.2138,500.001
423,-122.23,37.82,52,3051,381,1005,369,8.1872,466.1
424,-122.23,37.82,52,3494,396,1192,383,12.3804,500.001
425,-122.24,37.83,52,1757,246,585,227,5.8948,457.8
426,-122.23,37.82,52,1611,203,556,179,8.7477,500.001
427,-122.25,37.82,52,2474,403,1104,398,5.883,340.7
428,-122.23,37.76,52,2269,323,805,321,4.7188,335.3
429,-122.23,37.76,52,1316,177,378,162,5.2915,333
430,-122.24,37.77,52,1153,235,481,223,2.6411,241
431,-122.23,37.77,52,772,179,409,160,3.3214,189.6
432,-122.24,37.77,52,1711,386,885,373,3.6417,206.3
433,-122.25,37.77,52,1038,220,482,215,3.1771,210.2
434,-122.25,37.77,52,1527,320,825,264,3.4531,208.8
435,-122.26,37.78,52,970,217,528,208,3.3438,201.3
436,-122.26,37.78,52,1045,239,496,216,2.9213,190.8
437,-122.27,37.78,52,1408,280,718,265,2.6806,207.9
438,-122.27,37.78,13,2020,535,959,486,5.2601,292.7
439,-122.28,37.79,30,4145,869,3668,855,2.5444,275
440,-122.3,37.77,42,2038,368,2037,355,2.6447,200
441,-122.28,37.78,29,5154,1394,3741,1273,2.5762,173.4
442,-122.29,37.78,42,1241,309,821,300,1.9427,102.2
443,-122.28,37.77,52,1468,363,870,347,2.9688,220.8
444,-122.28,37.77,27,3997,1073,1901,966,3.75,242.8
445,-122.29,37.76,18,2873,763,1243,663,5.1702,265.4
446,-122.26,37.77,52,1670,350,793,299,2.9732,282.1
447,-122.27,37.77,52,1731,377,872,363,4.1667,225.8
448,-122.27,37.77,52,1710,481,849,457,2.7115,220.8
449,-122.27,37.77,52,2388,559,1121,518,3.3269,234.5
450,-122.25,37.77,52,2156,458,872,445,3.2685,254.2
451,-122.26,37.77,52,1565,315,637,297,4.7778,351.8
452,-122.26,37.77,52,1704,371,663,340,4.226,275
453,-122.26,37.77,52,2097,444,915,413,2.9899,228.1
454,-122.26,37.77,52,1848,479,921,477,2.875,234
455,-122.24,37.77,43,955,284,585,266,2.3882,162.5
456,-122.25,37.77,43,4329,1110,2086,1053,2.975,243.4
457,-122.23,37.76,52,3011,542,1303,535,5.1039,273.8
458,-122.23,37.76,52,1049,185,374,176,4.1458,248.5
459,-122.24,37.76,52,2504,516,979,472,3.4762,244
460,-122.24,37.76,52,1846,471,827,446,2.6833,240.9
461,-122.23,37.75,50,1542,289,654,268,3.9632,240
462,-122.24,37.75,45,891,155,384,146,4.9489,247.1
463,-122.24,37.76,52,2646,581,1128,522,3.0718,266.7
464,-122.24,37.76,49,2428,525,1110,492,3.6719,229.8
465,-122.24,37.76,52,2567,436,1119,415,4.6094,229.3
466,-122.24,37.73,21,7031,1249,2930,1235,4.5213,228.4
467,-122.24,37.72,5,18634,2885,7427,2718,7.611,350.7
468,-122.27,37.73,31,5785,1379,2973,1312,3.2689,231
469,-122.25,37.76,52,2876,648,1340,632,3.567,252.9
470,-122.27,37.74,28,6909,1554,2974,1484,3.6875,353.9
471,-122.27,37.77,23,5679,1270,2690,1151,4.7695,291.7
472,-122.28,37.75,20,1156,365,583,326,3.1972,100
473,-122.06,37.77,12,14316,2045,5781,2007,7.2634,341.6
474,-122.06,37.71,36,3541,570,1478,529,4.635,248.6
475,-122.07,37.71,40,1808,302,746,270,5.3015,254.9
476,-122.07,37.71,36,2879,480,1235,455,4.9801,241.5
477,-122.08,37.72,31,3866,531,1368,521,6.187,340.4
478,-122.08,37.72,32,2476,368,1048,367,5.6194,274.7
479,-122.09,37.71,35,2663,387,1086,367,5.1498,266.4
480,-122.1,37.72,30,2599,366,922,350,5.8382,330.2
481,-122.11,37.71,36,4569,824,1950,819,4.65,206.8
482,-122.1,37.7,25,2973,622,1413,595,4.3819,209.2
483,-122.1,37.69,30,3115,625,1444,568,3.7222,195.8
484,-122.09,37.71,31,1843,282,749,269,5.2855,253.5
485,-122.09,37.7,31,2053,336,867,329,4.3375,241.8
486,-122.1,37.71,27,6740,1073,2723,1035,5.2131,252.5
487,-122.09,37.7,30,1751,269,731,263,6.005,263.9
488,-122.08,37.71,38,3716,657,1784,652,4.8237,220.9
489,-122.08,37.7,32,2718,447,1156,410,5.2497,259.3
490,-122.06,37.7,33,3906,790,1912,770,3.5187,209.4
491,-122.07,37.7,32,3400,736,1487,694,3,223.2
492,-122.08,37.7,25,3402,758,1645,710,3.4934,209.9
493,-122.09,37.7,33,4413,1107,2239,1051,2.9861,208.2
494,-122.07,37.69,29,2304,618,1021,552,2.5362,203.8
495,-122.08,37.69,36,2350,499,1105,467,3.3021,195.7
496,-122.07,37.69,31,5914,1309,2999,1295,3.0964,190.5
497,-122.08,37.69,43,1575,324,740,284,2.8512,181
498,-122.08,37.69,42,1414,274,629,244,3.3478,184.9
499,-122.08,37.68,15,3051,685,1479,668,3.5295,242.2
500,-122.09,37.69,20,4296,817,1732,800,4.8036,188.3
501,-122.15,37.74,52,2898,557,1338,550,3.851,183.5
502,-122.14,37.74,52,1071,201,440,192,4.0662,204.2
503,-122.14,37.73,51,2619,403,922,393,4.6042,251.9
504,-122.15,37.74,49,1494,316,611,288,2.2,187.5
505,-122.16,37.73,52,2260,416,994,412,4.1164,198.2
506,-122.15,37.73,45,3758,819,1573,736,2.8355,245.4
507,-122.17,37.73,46,2163,470,925,435,3.25,177.5
508,-122.16,37.73,49,1699,408,768,385,2.8301,171.6
509,-122.18,37.72,45,1498,313,1003,305,3.8047,156.7
510,-122.18,37.71,45,726,147,519,135,3.375,157.5
511,-122.17,37.71,38,890,200,481,198,3.244,179.8
512,-122.18,37.7,36,2639,533,1209,519,4.0268,205.5
513,-122.18,37.7,35,2562,554,1398,525,3.3906,178.9
514,-122.19,37.71,36,361,69,158,58,5.5461,262.5
515,-122.17,37.72,5,1692,398,814,328,3.663,158.3
516,-122.16,37.72,38,1007,245,618,239,2.875,144.8
517,-122.17,37.72,43,3783,814,2139,789,4.0202,166.3
518,-122.16,37.72,10,2229,601,877,485,3.3431,137.5
519,-122.15,37.73,28,2215,587,830,573,2.1898,141.7
520,-122.15,37.72,29,4169,1047,2024,962,2.8125,157.4
521,-122.14,37.73,38,1723,394,711,353,3.0673,218.4
522,-122.14,37.73,43,2264,390,931,368,3.8125,235.1
523,-122.14,37.72,39,786,132,288,132,3.5156,218.9
524,-122.14,37.72,45,1397,253,555,248,2.983,202.7
525,-122.13,37.72,45,2315,451,1006,444,3.524,186.2
526,-122.13,37.71,44,1421,298,609,270,3.5781,180
527,-122.15,37.71,18,5778,1526,2441,1352,3.1682,202.7
528,-122.14,37.71,27,3094,866,1364,789,2.6101,181.7
529,-122.13,37.7,43,3046,557,1333,544,3.4583,183.7
530,-122.13,37.7,19,3516,710,1810,703,3.9032,218
531,-122.13,37.7,21,4124,1054,2162,998,2.6321,223.1
532,-122.13,37.69,17,2380,769,1216,643,3.395,271.3
533,-122.16,37.7,36,2239,391,1203,379,5.0043,190.4
534,-122.14,37.69,38,1571,317,874,301,4.4659,189.1
535,-122.15,37.69,36,1501,287,703,276,3.8864,197.3
536,-122.15,37.7,36,1468,252,733,229,3.4583,192.6
537,-122.17,37.7,24,1755,365,952,362,4,202.6
538,-122.17,37.69,24,2262,391,1125,366,4.7609,212.6
539,-122.18,37.68,5,2087,407,840,401,5.4858,187.8
540,-122.15,37.69,36,1545,273,863,267,4.0109,192.9
541,-122.15,37.68,30,2261,443,929,383,4.2841,213.4
542,-122.14,37.68,27,3337,613,1489,607,3.6364,219.2
543,-122.14,37.68,31,3184,716,1561,628,2.7955,183.1
544,-122.1,37.69,44,2341,500,1256,485,2.9507,157.1
545,-122.13,37.69,34,1131,278,560,237,2.875,161.7
546,-122.12,37.7,41,3495,787,1849,750,2.679,144.9
547,-122.12,37.7,17,2488,617,1287,538,2.9922,179.9
548,-122.12,37.7,19,2495,635,1571,579,2.5833,159.9
549,-122.11,37.7,23,1689,461,828,443,2.1552,161.4
550,-122.11,37.7,19,2693,789,1765,724,2.4206,137.5
551,-122.11,37.69,37,2444,651,1562,618,2.6464,155.2
552,-122.11,37.69,42,1472,310,768,309,3.4643,160.9
553,-122.12,37.69,10,2227,560,1140,472,2.3973,167.3
554,-121.97,37.64,32,1283,194,485,171,6.0574,431
555,-122.02,37.63,6,2445,590,1189,573,3.8958,301.1
556,-122.05,37.63,5,3785,936,2240,792,3.2829,162.5
557,-122.04,37.66,10,2031,357,867,352,5.3169,299.2
558,-122.04,37.65,10,8299,1326,3827,1288,6.2579,315.5
559,-122.06,37.68,30,5367,1207,2667,1047,3.1796,170.3
560,-122.08,37.68,26,1167,370,253,137,2.4196,275
561,-122.08,37.68,26,2607,682,1401,607,2.6563,184.1
562,-122.08,37.67,29,493,168,233,152,0.9637,160
563,-122.09,37.68,41,1382,353,704,314,3.5114,197.5
564,-122.09,37.68,43,1415,348,569,293,2.5156,190.9
565,-122.1,37.68,37,1352,342,691,324,3.4032,196.9
566,-122.1,37.68,37,2116,503,1109,448,2.535,174
567,-122.11,37.68,37,1976,481,1197,465,2.5772,170.2
568,-122.1,37.68,38,1779,413,1061,400,3.0962,180.9
569,-122.1,37.68,31,1892,428,1162,389,3.125,167.1
570,-122.12,37.68,35,1958,484,1146,448,2.95,148.9
571,-122.12,37.68,37,2412,394,975,375,4.0417,191.1
572,-122.11,37.67,36,2110,389,952,370,3.8,187.5
573,-122.12,37.68,45,2179,401,1159,399,3.4839,180.6
574,-122.13,37.68,45,2457,445,1129,422,4.0588,182.8
575,-122.13,37.68,43,1676,340,924,328,3.6,179.4
576,-122.14,37.67,34,3036,533,1366,500,4.2386,192.3
577,-122.15,37.67,35,2472,398,1171,390,5.5797,198.1
578,-122.14,37.67,36,1487,249,641,243,4.0682,196.2
579,-122.13,37.67,38,2012,347,880,332,3.1734,181.6
580,-122.14,37.67,37,3342,569,1635,557,4.7933,186.9
581,-122.13,37.67,40,1748,318,914,317,3.8676,184
582,-122.13,37.67,42,3592,703,1625,665,3.2434,179.9
583,-122.11,37.67,38,1035,247,599,224,3.0917,167.2
584,-122.11,37.67,32,3028,811,2037,703,3.0645,165.4
585,-122.09,37.67,33,2431,655,1854,603,2.7019,154
586,-122.09,37.67,39,2069,500,1408,478,3.1115,153.5
587,-122.09,37.66,40,1340,313,766,271,3.4722,135.4
588,-122.06,37.67,22,3882,816,1830,743,4.2733,180.7
589,-122.07,37.67,27,3239,671,1469,616,3.2465,230.6
590,-122.07,37.67,28,2932,739,1198,624,3.2417,210.8
591,-122.07,37.67,38,2104,409,1039,394,3.875,165.3
592,-122.04,37.67,29,1694,251,690,242,6.0501,254.2
593,-122.04,37.67,18,3000,419,1155,415,6.8233,332.6
594,-122.07,37.66,28,2280,610,1255,587,2.6719,161.2
595,-122.07,37.66,21,5031,1168,2461,1042,3.875,179.3
596,-122.08,37.66,33,1547,372,1063,356,2.5625,154.3
597,-122.07,37.65,31,3300,790,2181,740,3.016,161.8
598,-122.08,37.65,17,5018,1439,3069,1299,2.7694,161.9
599,-122.08,37.65,35,1813,393,1093,374,3.6818,165.4
600,-122.1,37.66,33,1954,464,1293,448,3.0489,152.6
601,-122.09,37.65,27,2630,722,1414,634,2.8203,195.2
602,-122.09,37.65,35,1130,192,543,184,4.3897,190.6
603,-122.09,37.65,35,1184,200,572,194,4.7143,193.8
604,-122.1,37.66,34,656,115,342,112,4.6875,200.6
605,-122.11,37.66,29,2544,643,2332,603,3.2091,150
606,-122.11,37.66,36,1755,316,913,299,4.1302,172.7
607,-122.11,37.66,35,2843,652,1726,643,3.09,174.1
608,-122.1,37.64,28,1784,311,735,278,4.6635,206.7
609,-122.1,37.65,31,1797,327,796,319,4.4427,204.5
610,-122.12,37.65,26,162,27,86,25,2.375,137.5
611,-122.1,37.63,18,9963,2031,5613,1946,3.8171,187.2
612,-122.11,37.65,18,4335,808,2041,734,3.4861,331.6
613,-122.11,37.64,8,3592,849,1907,746,3.6708,197.9
614,-122.12,37.64,40,432,102,264,77,3.8875,228.1
615,-122.1,37.63,29,2172,435,1377,408,3.7895,180.9
616,-122.09,37.64,36,1885,307,853,271,4.1141,173.1
617,-122.09,37.64,36,1180,212,664,200,5.2838,172.6
618,-122.08,37.64,30,5267,1253,4065,1113,3.3479,182.1
619,-122.08,37.64,23,1897,440,1109,418,3.142,179.5
620,-122.07,37.64,22,5861,1516,5436,1463,2.5158,134.9
621,-122.07,37.63,27,2784,723,2028,693,2.4808,157.6
622,-122.06,37.64,37,1468,304,1038,282,4.1652,158.2
623,-122.06,37.64,20,1655,450,857,430,3.5541,350
624,-122.06,37.64,33,1160,252,729,220,3.8259,146.1
625,-122.04,37.63,33,952,172,369,159,3.2331,226.7
626,-122.03,37.62,35,2072,352,1001,350,4.7109,198.7
627,-122.03,37.62,32,2964,547,1472,527,4.2468,221.2
628,-122.04,37.62,32,1540,324,793,302,3.2857,193.2
629,-122.03,37.62,35,1298,236,632,204,3.8929,209.5
630,-122.03,37.61,37,1383,259,808,241,4.0125,161.4
631,-122.04,37.61,36,1151,216,727,215,4.1719,187
632,-122.08,37.63,37,1793,364,1534,346,3.6458,156.6
633,-122.07,37.63,35,1931,376,1175,337,3.7292,168.1
634,-122.07,37.63,24,2329,465,1401,453,4.5913,177.6
635,-122.06,37.63,12,6711,1374,3388,1289,3.8625,208.9
636,-122.08,37.63,35,517,108,391,107,4.0682,156.9
637,-122.09,37.63,36,1570,274,992,249,5.3644,168.8
638,-122.08,37.61,26,2261,443,1039,395,3.7931,203.9
639,-121.99,37.61,9,3666,711,2341,703,4.6458,217
640,-122.02,37.6,36,1633,345,1382,338,3.694,159.6
641,-122.02,37.6,31,2155,522,1858,437,2.652,159.8
642,-122.03,37.61,33,1518,302,831,268,5.097,188.6
643,-122.04,37.6,17,3314,638,1873,602,4.3875,238.5
644,-122.08,37.61,6,2605,474,1568,433,5.0406,261.4
645,-122.06,37.6,17,5159,832,3174,817,5.8704,234.4
646,-122.08,37.59,16,1816,365,1367,355,4.235,156.3
647,-122.07,37.59,13,2578,551,1680,528,4.825,222
648,-122.08,37.58,15,2576,418,1657,410,5.5218,254.4
649,-122.08,37.58,16,3349,544,2003,488,6.0074,236.5
650,-122.07,37.59,15,3475,686,2568,653,4.6211,151.4
651,-122.04,37.59,14,1727,302,1116,273,5.3428,243.6
652,-122.02,37.59,18,1165,333,855,319,3.6923,213.2
653,-122.03,37.59,16,4371,889,2530,817,4.6786,256
654,-122.01,37.59,2,838,295,240,149,2.875,237.5
655,-122.02,37.58,15,3052,760,2097,728,3.3617,178.1
656,-122.09,37.6,36,385,94,295,92,2.9706,147.9
657,-122.08,37.6,10,3046,678,2056,628,3.9022,191.7
658,-121.96,37.58,15,3575,597,1777,559,5.7192,283.5
659,-121.98,37.58,20,4126,1031,2079,975,3.6832,216.9
660,-122,37.58,6,4405,717,2071,688,5.8151,295.6
661,-122.01,37.57,14,16199,2993,8117,2847,5.8322,281.8
662,-122.04,37.58,14,14917,2708,8012,2606,5.6277,269.8
663,-122.04,37.57,12,5719,1064,3436,1057,5.2879,231.2
664,-122.07,37.57,8,8647,1407,5019,1379,6.5615,318.3
665,-122.06,37.58,15,8112,1376,4576,1348,5.6758,253.4
666,-122.05,37.57,7,10648,1818,6075,1797,6.1047,278.2
667,-121.93,37.49,5,1150,311,648,245,3.5714,300
668,-122.07,37.52,3,14014,2861,7205,2753,6.0824,273.5
669,-122.02,37.56,23,4332,857,2461,829,4.3594,223.4
670,-122.03,37.56,31,4981,964,2841,924,4.8962,220.2
671,-122.03,37.56,24,8444,1492,4446,1491,4.6978,240.3
672,-122.01,37.56,6,3028,778,1531,736,4.4259,158
673,-122.01,37.55,26,2068,532,1434,495,3.3008,224.2
674,-122.02,37.55,33,1325,274,909,267,4.5687,177.2
675,-121.99,37.56,18,5505,1005,2641,971,5,269.7
676,-121.99,37.56,20,6462,1294,3288,1235,4.3393,231.2
677,-121.96,37.55,4,3746,993,1606,838,4.1387,162.5
678,-121.97,37.56,13,8918,1823,4518,1772,4.8052,254
679,-121.97,37.54,31,1949,344,986,322,4.6349,196.2
680,-121.97,37.55,17,4924,1247,3080,1182,3.168,189.4
681,-121.98,37.54,17,5133,1375,3386,1339,3.1326,220.8
682,-121.99,37.55,16,6647,2098,4649,1903,2.9074,213.8
683,-121.94,37.56,15,5674,748,2412,714,8.3996,442.9
684,-121.95,37.55,21,10687,1540,4552,1520,6.6478,333.4
685,-121.94,37.53,33,2095,342,941,304,5.761,259.6
686,-121.95,37.54,29,3517,645,1724,585,4.6641,248.9
687,-121.96,37.54,14,5106,1207,2738,1108,3.9909,236
688,-121.96,37.53,18,2375,652,1252,586,2.6198,235.9
689,-121.97,37.54,28,2312,496,1344,467,4.7135,203.2
690,-121.97,37.53,35,2277,420,1353,413,4.75,197
691,-121.98,37.53,28,2829,566,1610,540,4.6,223.2
692,-121.98,37.53,26,3179,703,2142,639,4.1947,222.7
693,-121.99,37.54,18,3584,715,1673,661,3.9444,240.1
694,-122.01,37.55,34,2791,495,1276,468,4.9167,256.3
695,-122,37.55,27,6103,1249,3026,1134,4.1591,332.4
696,-122.01,37.54,32,2572,406,1128,395,5,287.6
697,-122,37.54,26,1910,371,852,357,5.8325,298.9
698,-121.99,37.53,25,5405,939,2831,923,5.0423,222.2
699,-121.97,37.52,26,3761,623,1776,613,4.5317,232.6
700,-121.97,37.51,25,3333,511,1671,504,5.4359,258.3
701,-121.97,37.52,23,4925,948,2530,894,5.0824,230.9
702,-121.95,37.52,33,3994,764,2721,763,5.2308,196.9
703,-121.96,37.51,22,5811,1125,3215,1086,4.4107,223.5
704,-121.96,37.52,26,4211,741,2352,734,5.2396,223.9
705,-121.93,37.53,27,5532,973,2855,960,4.7478,243.5
706,-121.92,37.53,7,28258,3864,12203,3701,8.4045,451.1
707,-121.92,37.49,10,7441,1588,3571,1466,5.1643,193.1
708,-121.92,37.48,23,4314,676,1972,623,5.3813,264.4
709,-122.03,37.55,26,3087,532,1597,483,4.9118,217.3
710,-122.04,37.55,23,3170,532,1446,515,4.4357,291.7
711,-122.05,37.54,25,4209,731,2568,703,5.2882,223.1
712,-122.05,37.55,23,4247,835,2357,823,5.1321,211.3
713,-122.04,37.53,25,4458,922,2998,890,3.9667,218.5
714,-122.06,37.54,20,6483,1068,3526,1060,5.0838,248.2
715,-122.03,37.54,35,1867,343,1213,338,4.8214,186
716,-122.03,37.54,6,2918,672,1911,639,4.1406,178.2
717,-122.04,37.53,34,2316,478,1524,467,3.7364,190.4
718,-122.02,37.54,31,1240,264,719,236,3.535,210.3
719,-122.03,37.53,18,1746,437,1268,404,3.256,183.3
720,-122.01,37.53,19,4572,712,2346,709,6.0667,245.7
721,-122,37.51,7,6352,1390,3223,1316,4.9867,181.7
722,-121.92,37.72,4,7477,1576,2937,1506,5.1437,299.4
723,-121.92,37.72,22,4638,716,2302,687,5.347,219.5
724,-121.93,37.72,26,2806,459,1453,444,4.9107,213.8
725,-121.93,37.71,26,4822,845,2288,805,4.2281,206
726,-121.94,37.71,15,6473,1027,2484,970,5.0143,271.1
727,-121.92,37.64,46,1280,209,512,208,5.1406,315.6
728,-121.93,37.66,24,3166,424,1081,400,8.3337,500.001
729,-121.9,37.66,18,7397,1137,3126,1115,6.4994,323
730,-121.92,37.68,23,1655,223,706,219,7.2211,291.9
731,-121.93,37.7,3,2456,582,793,456,4.4087,225.6
732,-121.91,37.69,23,2179,308,926,299,5.9345,259.6
733,-121.91,37.68,18,3631,547,1700,520,5.817,257.3
734,-121.89,37.68,12,7490,1207,3329,1136,6.3373,339.7
735,-121.88,37.67,16,4070,624,1543,577,6.5214,311.5
736,-121.9,37.67,7,9540,1294,3926,1229,7.4353,389.8
737,-121.88,37.66,29,2702,680,1360,642,3.1127,233
738,-121.87,37.66,39,522,116,161,102,2.4896,238.5
739,-121.87,37.66,52,775,134,315,123,5.0677,233.3
740,-121.89,37.66,3,1565,464,769,461,2.1187,231.3
741,-121.88,37.64,20,1309,184,514,172,10.9506,475.8
742,-121.87,37.57,13,5519,833,2444,825,7.0691,393.2
743,-121.87,37.67,10,4337,800,1813,743,5.5,247.2
744,-121.87,37.67,28,1812,294,853,278,4.9879,229.4
745,-121.85,37.66,14,4236,701,1833,663,5.6399,300.6
746,-121.86,37.66,22,3634,664,1699,640,4.1597,293.2
747,-121.87,37.66,27,1569,242,583,214,5.7519,278.5
748,-121.84,37.66,13,13182,2074,4847,1950,5.6417,352.9
749,-121.82,37.73,47,127,23,51,21,4.3472,375
750,-121.89,37.69,4,6159,1510,2649,1241,3.62,139.3
751,-121.62,37.61,26,1786,306,771,279,5.7239,430.6
752,-121.61,37.77,32,404,74,144,58,4.2083,125
753,-121.72,37.7,17,1671,352,729,252,6.1023,450
754,-121.75,37.71,11,12070,2220,5826,2125,4.8624,192.4
755,-121.8,37.7,22,5533,943,2474,910,4.7361,216.8
756,-121.82,37.69,12,1906,351,802,319,4.9375,227.7
757,-121.76,37.69,29,3433,711,1919,709,3.3841,184.4
758,-121.77,37.68,36,1687,372,950,372,3.5532,158.4
759,-121.78,37.69,34,2358,498,1157,461,3.3618,174.6
760,-121.78,37.69,35,2853,588,1761,572,4.3533,168.4
761,-121.79,37.69,25,6296,1082,3200,1047,4.5357,188.4
762,-121.76,37.7,9,3980,736,1705,679,5.7068,256.7
763,-121.75,37.69,26,2647,536,1422,522,3.7212,183.8
764,-121.75,37.68,35,1755,299,702,263,5.2443,183.4
765,-121.76,37.68,35,1864,357,1189,349,4.2361,177.5
766,-121.76,37.68,32,1078,207,555,197,3.1856,186.9
767,-121.73,37.68,17,20354,3493,8768,3293,5.4496,238.9
768,-121.78,37.68,17,3112,872,1392,680,3.0222,172.5
769,-121.77,37.68,44,495,112,277,109,2.6667,179.2
770,-121.77,37.68,41,1501,299,629,288,4.6806,209.4
771,-121.76,37.67,6,3023,518,1225,468,6.3705,350
772,-121.78,37.67,26,2211,344,1024,321,5.2649,199.8
773,-121.78,37.67,28,1773,278,804,269,4.8571,201.1
774,-121.78,37.66,25,1947,418,900,354,3.8523,193
775,-119.78,38.69,17,1364,282,338,152,2.45,117.6
776,-119.93,38.72,15,2061,465,573,196,2.2417,97.9
777,-120,38.52,16,3045,543,202,102,3.15,140.6
778,-120.56,38.48,14,3545,702,946,411,3.4609,120.9
779,-120.59,38.45,13,2944,558,1091,466,3,119
780,-120.55,38.46,16,1443,249,435,181,3.2031,129.2
781,-120.55,38.45,17,2277,474,767,356,2.5208,99.1
782,-120.55,38.43,18,1564,357,618,277,2.3549,108.9
783,-120.25,38.55,15,4403,891,1103,433,3.0125,111.7
784,-120.79,38.54,34,1133,254,495,187,2.05,68.9
785,-120.8,38.51,23,1001,195,369,157,3.125,96.4
786,-120.65,38.5,10,1783,337,638,262,2.65,116.7
787,-120.76,38.47,17,1521,309,607,240,3.5,123.8
788,-120.88,38.45,25,1374,297,657,288,2.5476,97.9
789,-120.79,38.43,40,1391,246,546,214,3.9107,129.8
790,-120.69,38.44,13,1473,265,597,228,4.2917,121.3
791,-120.93,38.5,15,1248,234,529,216,3.3393,107.2
792,-120.87,38.37,28,3998,765,1614,698,2.8125,113.4
793,-120.98,38.34,27,3471,653,1793,600,3.5508,99.1
794,-120.88,38.32,18,2791,492,1187,438,3.2589,103
795,-120.93,38.26,13,2084,449,834,305,3.2937,114.2
796,-120.72,38.42,17,5654,1085,2237,953,3.0465,144.1
797,-120.77,38.38,15,4221,816,1737,743,2.3125,128.6
798,-120.72,38.38,9,1787,347,806,306,2.525,157.2
799,-120.66,38.4,18,2144,420,985,381,3.175,118.5
800,-120.65,38.42,23,1538,305,730,267,2.6078,116.7
801,-120.62,38.39,15,3750,691,1444,603,2.7399,134.8
802,-120.69,38.36,19,3267,614,1252,566,2.7236,109.9
803,-120.71,38.34,16,1257,231,559,213,4.4531,144.3
804,-120.8,38.31,37,1341,256,533,242,3.2135,123.6
805,-121.83,39.76,12,9831,1921,4644,1775,3.1142,112.6
806,-121.86,39.78,12,7653,1578,3628,1494,3.0905,117.8
807,-121.84,39.76,14,2351,620,1215,548,2.3155,102.3
808,-121.86,39.76,19,7254,1785,4030,1667,2.0094,87.3
809,-121.88,39.74,12,14631,3298,7517,3262,1.6785,153.1
810,-121.86,39.75,18,1651,309,856,293,3.5046,118.3
811,-121.87,39.74,7,1737,290,747,265,3.9,147
812,-121.85,39.74,39,1139,265,623,264,2.2833,85.8
813,-121.85,39.74,41,2901,689,1426,632,1.5633,84.5
814,-121.85,39.73,17,3425,827,2469,758,0.9393,88.9
815,-121.86,39.74,13,3494,843,1571,784,1.1019,120.2
816,-121.84,39.75,29,4362,1053,2053,1000,1.7284,74.5
817,-121.84,39.74,43,2976,599,1181,560,2.2621,85.1
818,-121.83,39.74,34,3263,604,1290,594,2.575,130.3
819,-121.8,39.75,28,2551,378,1011,374,4.3309,125.2
820,-121.82,39.75,29,7744,1375,3316,1365,3.0253,111.4
821,-121.8,39.75,11,7212,1355,3264,1264,3.1125,122.6
822,-121.79,39.73,8,5690,1189,2887,1077,3.0625,116.3
823,-121.82,39.73,44,2923,659,1371,626,2.2925,85.8
824,-121.84,39.73,52,502,100,311,100,1.5481,200
825,-121.84,39.73,52,857,232,520,198,0.987,112.5
826,-121.84,39.72,52,1457,389,802,342,0.9566,69
827,-121.84,39.73,52,957,263,513,223,1.3672,55
828,-121.83,39.73,52,1741,401,753,377,2.0064,77.9
829,-121.85,39.72,18,7272,1559,5022,1524,1.6911,98.8
830,-121.83,39.72,52,1890,420,974,383,1.6827,78.7
831,-121.81,39.7,21,5051,1054,2948,980,1.5863,81.3
832,-121.82,39.73,33,2242,517,1160,449,1.7426,60.3
833,-121.82,39.72,42,2978,694,1879,679,1.5064,66.3
834,-121.87,39.82,11,5103,825,2456,810,4.5032,159.7
835,-121.89,39.71,26,2741,451,1217,437,3.7007,139.2
836,-121.97,39.79,16,1453,299,904,286,3.5735,89.6
837,-121.84,39.68,38,549,105,275,94,3.5375,153.1
838,-121.8,39.64,25,2202,422,1109,403,2.8306,87.5
839,-121.77,39.66,20,3759,609,1705,600,4.712,158.6
840,-121.74,39.59,24,1535,279,726,272,2.3833,95.1
841,-121.9,39.59,20,1465,278,745,250,3.0625,93.8
842,-121.75,39.88,16,2867,559,1203,449,2.7143,95.3
843,-121.68,39.82,15,3996,748,1786,728,3.5189,141.3
844,-121.54,40.06,17,858,262,47,27,2.4028,67.5
845,-121.51,39.97,22,1468,285,611,235,2.3036,73
846,-121.59,39.86,14,1527,269,665,261,2.8657,119.6
847,-121.58,39.83,16,4591,904,1904,812,2.2419,93.2
848,-121.62,39.79,11,3835,727,1456,658,2.5374,97.2
849,-121.59,39.82,12,1958,369,875,354,2.3507,97.6
850,-121.6,39.83,12,3744,699,1532,660,2.3079,95.3
851,-121.63,39.82,11,3974,727,1610,634,2.6147,107.7
852,-121.6,39.79,18,2672,533,1151,532,2.567,102.9
853,-121.59,39.79,20,743,171,395,168,1.625,88.3
854,-121.59,39.78,16,2754,570,1063,543,1.4048,86.5
855,-121.6,39.77,26,1503,343,699,296,1.875,84
856,-121.61,39.77,25,1612,313,837,303,2.963,89.5
857,-121.63,39.78,28,1677,327,770,309,2.6823,93.4
858,-121.57,39.78,18,2221,459,952,440,2.0458,105.7
859,-121.59,39.77,24,1535,276,664,273,2.3068,97.3
860,-121.58,39.79,19,2636,523,1184,465,2.7863,108.6
861,-121.57,39.76,20,1384,257,557,232,2.0882,104.9
862,-121.58,39.76,19,2487,485,1110,453,3.1061,110.2
863,-121.58,39.76,18,1676,332,733,318,1.7875,103.8
864,-121.6,39.77,23,2263,497,1138,455,2.3403,87.3
865,-121.6,39.76,22,2447,556,1157,556,1.8245,85.5
866,-121.61,39.76,31,2431,512,1026,427,2.5428,85
867,-121.62,39.77,23,1759,366,788,359,1.8125,93.5
868,-121.65,39.76,31,1599,318,794,303,3,96.7
869,-121.62,39.76,14,2063,559,934,529,1.7788,85.8
870,-121.62,39.75,20,1173,261,523,258,1.0625,92.8
871,-121.63,39.75,37,1296,296,569,257,1.8616,70.5
872,-121.71,39.71,17,2748,556,1174,514,3.066,102.6
873,-121.66,39.66,17,3502,655,1763,613,2.9625,101.2
874,-121.56,39.69,8,2836,522,1163,512,3.13,168.3
875,-121.57,39.74,17,1619,292,705,285,2.4623,126.1
876,-121.6,39.75,19,2888,591,984,499,1.9766,92.6
877,-121.6,39.68,15,1677,345,844,330,2.3958,111.2
878,-121.5,39.83,15,1896,408,893,334,1.6948,87.5
879,-121.41,39.72,17,1583,331,730,306,2.3895,87.5
880,-121.39,39.61,22,2828,610,986,391,2.8871,94.7
881,-121.24,39.65,35,632,148,221,102,2.3684,62.5
882,-121.19,39.55,17,1483,284,481,211,1.4896,83.3
883,-121.36,39.52,15,2490,527,1229,497,2.3917,85.7
884,-121.56,39.52,9,818,197,358,197,1.7708,79.5
885,-121.56,39.52,26,1957,429,945,397,1.7308,53.6
886,-121.56,39.53,12,1733,421,1861,415,1.5771,65.2
887,-121.46,39.54,14,5549,1000,1822,919,2.9562,142.3
888,-121.44,39.5,26,1652,325,790,292,3.0446,90.8
889,-121.47,39.49,17,1554,242,553,230,3.2174,91.8
890,-121.47,39.51,19,3720,636,1304,607,2.6921,97.5
891,-121.53,39.52,30,1030,161,448,159,2.4821,73.8
892,-121.52,39.51,30,3085,610,1688,575,2.334,72.2
893,-121.55,39.51,39,1551,353,684,310,2.0357,57.6
894,-121.55,39.51,48,827,198,396,161,0.8024,58.3
895,-121.55,39.51,50,1050,288,485,260,1.1607,51.7
896,-121.56,39.51,47,1064,245,603,190,1.3654,57.9
897,-121.56,39.51,46,1885,385,871,347,1.6352,53.1
898,-121.57,39.5,31,2023,469,1073,436,1.5714,56.1
899,-121.58,39.52,25,2409,490,1384,479,1.9956,58
900,-121.58,39.5,29,1947,383,925,337,2.1658,57.6
901,-121.62,39.5,18,2105,416,974,385,1.6346,63.3
902,-121.61,39.52,24,1610,324,909,323,1.8661,59.8
903,-121.65,39.53,23,1387,325,640,289,1.4833,65.2
904,-121.57,39.48,15,202,54,145,40,0.8252,42.5
905,-121.55,39.5,26,3215,827,2041,737,1.0585,45.1
906,-121.54,39.5,38,1438,310,779,275,1.3289,39.4
907,-121.53,39.49,19,1537,329,617,274,1.5313,50.3
908,-121.54,39.47,14,1724,315,939,302,2.4952,53.9
909,-121.55,39.48,41,461,107,284,90,2.2045,41.8
910,-121.49,39.49,20,2505,468,1174,429,2.9965,88.9
911,-121.52,39.5,33,1462,241,569,231,3.2833,82.6
912,-121.52,39.49,30,1217,238,677,233,2.6563,63.6
913,-121.52,39.48,21,2628,494,1364,468,2.0455,59.4
914,-121.55,39.45,18,2278,523,1185,475,1.3611,60.6
915,-121.53,39.44,26,1340,255,662,239,2.6071,57.1
916,-121.52,39.43,15,2119,389,1079,374,2.3566,80.4
917,-121.46,39.4,17,3659,735,1970,667,2.425,96.2
918,-121.54,39.33,27,720,150,359,138,2.5313,61.3
919,-121.59,39.39,22,2515,482,1284,462,2.1776,73.8
920,-121.67,39.37,27,2599,502,1241,502,1.9943,86.3
921,-121.65,39.35,24,1003,251,1098,227,1.7552,86.4
922,-121.67,39.34,22,1217,224,537,187,2.6607,84.6
923,-121.65,39.32,40,812,154,374,142,2.7891,73.5
924,-121.69,39.36,29,2220,471,1170,428,2.3224,56.2
925,-121.7,39.37,32,1852,373,911,365,1.7885,57
926,-121.7,39.36,46,1210,243,523,242,1.91,63.9
927,-121.7,39.36,37,2330,495,1505,470,2.0474,56
928,-121.69,39.36,34,842,186,635,165,1.8355,63
929,-121.74,39.38,27,2596,435,1100,409,2.3243,85.5
930,-121.8,39.33,30,1019,192,501,185,2.5259,81.3
931,-121.71,39.42,21,1432,284,862,275,2.2813,57.6
932,-121.71,39.41,22,1814,342,941,323,2.1728,59.4
933,-121.79,39.48,39,1105,180,408,166,3.3929,82.1
934,-120.46,38.15,16,4221,781,1516,697,2.3816,116
935,-120.55,38.12,10,1566,325,785,291,2.5,116.1
936,-120.56,38.09,34,2745,559,1150,491,2.3654,94.9
937,-120.55,38.07,27,1199,224,463,199,2.9063,92.2
938,-120.54,38.07,37,736,148,339,140,2.2875,79.9
939,-120.67,37.97,9,7450,1475,2233,930,2.6528,133
940,-120.46,38.09,16,3758,715,1777,615,3,122.6
941,-120.79,38.24,19,1003,235,538,190,2.9821,90.4
942,-120.9,38.2,16,3120,641,1319,526,2.0472,93.2
943,-120.88,38.16,8,2029,387,1000,364,4.0109,125.9
944,-120.91,38.11,9,3585,680,1800,598,3.636,133.1
945,-120.76,38.12,7,7188,1288,3175,1115,3.8488,130.6
946,-120.65,38.28,21,3095,681,1341,546,2.1382,104
947,-120.72,38.24,32,2685,543,1061,492,2.5473,101.6
948,-120.67,38.19,17,2967,611,1387,564,2.0417,92.6
949,-120.57,38.2,13,4110,847,1796,706,2.6417,122.3
950,-120.43,38.25,13,763,161,311,125,2.4583,112.5
951,-120.56,38.39,20,1326,307,563,237,2.6667,86.6
952,-120.54,38.41,21,1435,294,668,267,2.5667,77.4
953,-120.42,38.42,18,2912,663,999,411,2.7344,91.9
954,-120.41,38.33,17,1463,338,529,226,3.024,100.9
955,-120.55,38.31,18,1411,312,592,230,1.625,94.7
956,-120.57,38.35,17,1504,358,661,250,2.2604,84.8
957,-120.36,38.21,10,4300,845,1480,609,2.8208,139.9
958,-120.34,38.23,10,3757,722,546,223,3.75,121.4
959,-120.33,38.26,13,2962,546,252,103,4.4063,155.8
960,-120.34,38.25,17,5497,1056,997,408,2.9821,111.5
961,-120.37,38.23,13,4401,829,924,383,2.6942,123.5
962,-120.37,38.25,13,4495,856,1149,459,2.5352,113.7
963,-120.27,38.29,10,3486,695,298,124,3.3542,103.8
964,-120.27,38.31,13,3297,662,267,97,3.075,108.3
965,-121.91,39.03,48,1096,218,657,199,2.7841,65.8
966,-122,38.99,39,1548,323,815,286,2.9489,67.5
967,-122.13,39,23,3832,774,2435,747,2.2754,59.2
968,-121.99,39.15,17,6440,1204,3266,1142,2.7137,72
969,-122.04,39.22,27,1446,295,670,281,3.2625,92.8
970,-122.33,39.1,10,266,62,154,49,2.25,75
971,-122.2,39.15,33,1064,174,434,147,3.125,108
972,-122.09,39.13,28,4169,895,2587,810,2.331,65.5
973,-122.05,39.34,44,1064,230,494,175,2.875,61.5
974,-122.17,39.31,35,2791,552,1395,476,2.5625,62.7
975,-122.51,39.3,19,1629,386,551,214,1.7463,68.8
976,-122.01,39.21,50,1592,372,781,307,2.2679,69.1
977,-122.01,39.21,39,1214,250,660,249,2.4559,75
978,-121.96,39.3,39,701,130,271,89,2.1845,112.5
979,-121.65,38.03,28,3144,694,1095,482,3.4402,192.4
980,-121.63,38.03,17,2549,596,1169,500,3.6694,209.4
981,-121.63,38.04,25,2019,411,888,326,3.2619,183.8
982,-121.73,38,3,9217,1522,3578,1272,5.0016,189.1
983,-121.72,38,7,7957,1314,4460,1293,4.9618,156.5
984,-121.72,37.98,5,7105,1143,3523,1088,5.0468,168.8
985,-121.68,37.98,19,3388,599,1707,575,3.6411,162.8
986,-121.7,37.98,9,3079,519,1562,512,5.1041,172.9
987,-121.71,37.99,27,3861,718,2085,707,3.3558,129.7
988,-121.67,37.99,22,1046,195,527,164,4.375,213.5
989,-121.7,37.94,36,1710,320,861,300,2.8828,131.1
990,-121.69,37.95,15,1850,441,1348,403,3.8125,125.4
991,-121.66,37.93,19,2055,358,1064,350,4.7426,263.1
992,-121.7,37.91,17,1962,291,825,267,4.8958,187.1
993,-121.7,37.93,19,2005,405,972,403,2.2216,156.7
994,-121.74,37.95,5,4980,774,2399,763,5.7104,186.3
995,-121.7,37.93,10,3258,612,1779,558,4.6587,152.5
996,-121.6,37.91,13,2479,394,1075,350,5.1017,241.4
997,-121.6,37.9,5,14684,2252,4276,1722,6.9051,340.9
998,-121.61,37.86,30,1428,287,989,287,3.691,154.4
999,-121.64,37.85,22,1999,415,967,320,4.4583,253.9
1000,-121.8,38.01,46,2273,495,1088,447,2.2532,109.4
1001,-121.81,38.01,47,1942,430,1074,393,2.2361,105.1
1002,-121.81,38.01,52,1124,245,528,226,2.2639,128.5
1003,-121.82,38.02,46,176,43,101,40,2.2361,93.8
1004,-121.82,38.01,50,1120,281,625,239,1.5988,96.4
1005,-121.82,38.01,25,3018,606,1614,568,3.4722,127
1006,-121.84,38.02,46,66,22,37,21,0.536,87.5
1007,-121.78,38.01,19,2688,469,1216,422,4.4491,133.9
1008,-121.79,38.01,17,4032,814,1749,618,3.1728,146.8
1009,-121.79,38,34,3090,593,1588,566,3.6118,124.7
1010,-121.8,38.01,44,3184,581,1399,548,2.7234,110.2
1011,-121.8,38.01,37,3058,567,1351,523,3.5179,130.8
1012,-121.77,38.01,13,2983,534,1417,510,3.9861,168.1
1013,-121.81,37.99,18,2807,445,1315,437,4.8194,170.4
1014,-121.81,37.99,22,2331,359,1086,340,5.1435,150.8
1015,-121.82,38.01,47,1265,254,587,247,2.6364,93.5
1016,-121.82,38,29,2070,452,985,420,2.8466,113.4
1017,-121.81,38,37,2724,579,1400,540,2.905,97.3
1018,-121.82,38,30,3268,567,1714,565,4.4583,131
1019,-121.85,38,26,3364,570,1806,566,4.2647,133.4
1020,-121.85,38,24,2269,584,1239,542,2.0411,100
1021,-121.83,38,15,6365,1646,3838,1458,2.5495,103.6
1022,-121.83,38,25,1710,288,799,259,4.8359,145.3
1023,-121.83,37.99,23,1150,174,572,174,4.9167,152.4
1024,-121.83,37.99,23,1970,296,935,279,4.4853,145.9
1025,-121.83,38,8,2572,738,1384,684,1.7161,75.8
1026,-121.84,37.99,13,4545,952,2188,901,3.3625,126.1
1027,-121.83,37.99,16,2919,462,1456,453,5.6779,164.7
1028,-121.79,38,36,1141,234,562,213,2.5893,108.5
1029,-121.79,37.99,10,4156,609,1878,586,5.6506,178.6
1030,-121.8,38,34,2738,475,1316,459,3.5368,122.5
1031,-121.8,37.99,16,3077,465,1575,446,5.5,179.5
1032,-121.77,37.99,4,5623,780,2429,716,5.4409,205.1
1033,-121.88,38.03,10,2769,619,1045,469,4.1111,158.6
1034,-121.9,38.04,36,1489,331,838,259,1.2024,90.2
1035,-121.86,38.04,52,242,59,188,54,1.3958,67.5
1036,-121.88,38.03,52,1225,250,725,231,2,101.4
1037,-121.9,38.03,51,2982,689,1831,608,2.0034,87.7
1038,-121.88,38.02,46,2112,466,1249,382,2.5737,87
1039,-121.89,38.02,36,2707,550,1827,545,3.3371,94.6
1040,-121.87,38.02,31,3644,746,2229,678,3.1389,117.8
1041,-121.88,38,16,2605,440,1352,408,4.1947,140.3
1042,-121.88,38.01,9,5329,1284,2827,1202,2.7374,150
1043,-121.89,38.01,30,4114,743,1994,722,4.2227,134.4
1044,-121.86,38,4,4075,927,2239,849,3.5857,165.2
1045,-121.86,38,16,3216,464,1504,453,5.25,161.7
1046,-121.89,37.99,4,2171,597,928,461,4.1016,170.5
1047,-121.88,37.99,16,3787,515,1606,507,5.5676,174.2
1048,-121.87,38,17,2713,442,1475,415,4.8542,144.1
1049,-121.87,37.99,15,2203,312,1051,311,4.9783,163.9
1050,-121.89,38.01,28,3639,751,2362,641,3.0042,103.9
1051,-121.9,38.02,12,1497,360,943,341,2.1417,122.2
1052,-121.9,38.01,34,3779,766,2356,722,3.5129,110.6
1053,-121.9,38,14,1930,363,990,322,4.1094,162.2
1054,-121.93,38.01,9,2294,389,1142,365,5.3363,160.8
1055,-121.95,38.03,5,5526,1102,3207,1012,4.0767,143.1
1056,-121.94,38.03,27,1654,478,1141,420,1.4871,87.1
1057,-121.96,38.02,35,2691,542,1409,505,3.016,95.3
1058,-121.95,38.02,9,3360,833,2041,810,2.1013,100.7
1059,-121.94,38.02,29,5765,1170,3266,1131,2.7907,113.9
1060,-121.92,38.03,16,2176,464,1410,434,3.5436,100.2
1061,-121.92,38.02,16,1840,355,1288,338,4.2067,125
1062,-121.91,38.02,15,2966,558,1687,527,3.4817,129.8
1063,-121.97,38.04,38,2505,554,1595,498,2.5833,83.5
1064,-121.97,38.03,17,3685,685,1939,649,3.7043,139.8
1065,-121.98,38.05,31,2810,518,1640,503,3.3661,98.5
1066,-122.02,38.02,44,1465,247,817,237,4.8693,156.9
1067,-122.14,38.02,44,1625,432,825,385,2.0523,133.9
1068,-122.14,38.03,42,118,34,54,30,2.5795,225
1069,-122.13,38.02,52,2378,508,940,451,2.9583,166
1070,-122.13,38.01,48,2123,494,859,474,1.8523,144.8
1071,-122.14,38.01,50,1760,341,741,316,4.5,178.3
1072,-122.13,38.01,51,1262,309,608,298,2.1974,139.3
1073,-122.13,38,33,2821,652,1206,640,2.5481,150.8
1074,-122.16,38.02,40,1800,290,761,277,5.1265,196.1
1075,-122.11,38.01,39,1313,306,575,231,3.1711,116.1
1076,-122.12,38,20,6992,1404,3221,1334,4.2042,166.4
1077,-122.12,38.01,50,1300,263,691,239,3.9519,126.5
1078,-122.1,38.02,28,4308,824,2086,776,3.6523,159.7
1079,-122.07,38,37,978,202,462,184,3.625,156.3
1080,-122.09,38,6,10191,1882,4377,1789,5.2015,204.2
1081,-122.11,38,9,3424,583,1460,543,5.76,212.6
1082,-122.08,37.99,19,4657,739,1914,732,5.0509,199.9
1083,-122.09,37.99,19,3073,506,1773,493,5.4496,205.4
1084,-122.11,37.99,16,3913,710,1782,676,5.1297,206.7
1085,-122.11,37.99,10,2864,514,1300,507,4.3875,287.7
1086,-122.09,37.97,5,5303,779,2017,727,6.9961,294.1
1087,-122.11,37.98,11,4371,679,1790,660,6.135,297.3
1088,-122.12,37.99,33,1660,277,741,261,4.675,225.4
1089,-122.1,37.97,18,4326,655,1753,646,5.6931,269.6
1090,-122.1,37.96,20,3796,650,1679,611,4.3571,228.2
1091,-122.07,37.98,12,6915,1639,2940,1468,4.0154,186.1
1092,-122.07,37.97,20,1705,353,856,341,3.7262,211.8
1093,-122.07,37.96,34,1692,290,836,289,5.0172,197.1
1094,-122.06,37.96,37,1784,313,788,304,4.2917,189.6
1095,-122.08,37.96,21,9135,1534,3748,1502,6.0859,266
1096,-122.06,37.95,36,2213,386,950,370,4.7386,186.4
1097,-122.07,37.95,39,2199,388,1025,385,4.5893,190
1098,-122.08,37.95,24,3173,548,1351,536,5.0672,243
1099,-122.08,37.95,33,1043,157,425,148,4.8702,235.6
1100,-122.07,37.96,37,1217,199,552,194,5.0445,196.2
1101,-122.06,37.96,10,7136,1691,2959,1507,3.9816,182
1102,-122.05,37.95,34,1408,277,738,269,4.175,169.4
1103,-122.05,37.94,22,4162,1194,1804,1185,2.5459,179.3
1104,-122.06,37.94,19,4005,972,1896,893,2.5268,235.7
1105,-122.07,37.94,36,2639,488,1111,476,3.5057,205.1
1106,-122.07,37.94,30,1260,276,707,221,2.892,220.8
1107,-122.08,37.93,35,4043,689,1832,662,5.0761,233.2
1108,-122.09,37.95,32,1339,209,601,209,6.0265,247.9
1109,-122.09,37.94,29,6895,1022,2634,1022,6.1922,273.2
1110,-122.04,38,16,3077,733,1447,709,3.2484,91.1
1111,-122.04,37.99,32,1504,279,749,267,3.2,134.5
1112,-122.04,37.99,36,2765,495,1478,441,4.125,136.2
1113,-122.06,37.99,17,1319,316,384,269,1.8229,137.5
1114,-122.05,38,36,2476,472,1213,393,3.7333,136.4
1115,-122.04,37.97,10,974,316,631,286,2.3152,140.6
1116,-122.04,37.99,38,2675,541,1378,480,3.8897,139.9
1117,-122.03,37.98,45,2842,567,1261,535,3.6042,138.2
1118,-122.02,38,28,2965,533,1591,472,4.6375,178.2
1119,-122.02,37.99,37,2247,416,1237,397,4.45,161.9
1120,-122.03,37.98,44,1254,252,498,217,3.4531,148.9
1121,-122.01,37.98,25,1476,336,777,297,3.5179,165.5
1122,-122.01,37.98,29,2001,373,956,370,4.317,194
1123,-122.01,37.97,32,3012,527,1288,512,3.6449,211.5
1124,-122.02,37.98,40,1797,401,756,369,2.8456,165.5
1125,-122.02,37.98,37,1474,343,782,331,3.4187,161.7
1126,-121.99,37.98,23,2293,411,969,399,4.4536,184
1127,-122,37.98,35,1192,201,535,172,4.9219,182
1128,-122.01,37.98,34,1256,267,638,252,4.0507,161
1129,-122.01,37.99,28,1900,401,918,351,3.7841,144.9
1130,-121.95,37.96,18,2739,393,1072,374,6.1436,259.5
1131,-121.96,37.96,28,1838,273,899,270,5.2145,229.2
1132,-121.96,37.95,7,3418,740,1583,676,3.6133,196.1
1133,-121.98,37.96,22,2987,563,1420,540,3.65,204.1
1134,-121.99,37.97,22,2823,509,1271,474,5.1333,207.2
1135,-121.99,37.97,30,3320,589,1470,543,4.6071,184.1
1136,-122,37.96,28,4071,713,2033,647,4.5833,190.7
1137,-121.96,37.95,13,3216,765,1627,715,3.0859,167.8
1138,-121.97,37.95,8,4253,709,1883,662,5.431,246.7
1139,-121.98,37.96,12,5048,1122,2209,1014,3.1573,126.7
1140,-121.99,37.96,16,3324,479,1470,461,7.6166,260.4
1141,-121.98,37.95,14,6290,854,2724,820,6.7371,267.4
1142,-121.98,37.95,16,2984,406,1317,397,6.7821,265.9
1143,-122.01,37.97,34,3259,498,1250,478,5.3794,206.2
1144,-122.02,37.97,36,2342,436,1191,416,4,171
1145,-122.03,37.97,45,1613,338,865,336,3.25,151.1
1146,-122.04,37.97,26,2470,626,1174,573,2.9861,160.9
1147,-122.03,37.97,20,3968,931,2629,903,2.9915,166.7
1148,-122.04,37.96,16,2913,723,1705,693,2.9097,106.3
1149,-122.04,37.97,21,6445,1839,3621,1735,2.5841,112.5
1150,-122.04,37.96,20,1143,346,578,298,2.2411,151.8
1151,-122.04,37.96,28,1207,252,724,252,3.6964,165.7
1152,-122.04,37.96,27,2587,729,1500,623,1.837,175
1153,-122.05,37.95,27,3513,791,1875,694,3.1838,182
1154,-122.01,37.95,8,3866,539,1555,513,6.0901,298.2
1155,-122.02,37.96,25,2615,368,935,366,6.6727,305.1
1156,-122.03,37.96,20,2636,691,1142,627,2.1083,162.5
1157,-122.03,37.95,14,3287,793,1601,716,3.1719,220.5
1158,-122.02,37.95,22,3526,510,1660,508,5.6642,237
1159,-122.02,37.94,23,3516,661,1465,623,4.2569,213.1
1160,-122.01,37.94,23,3741,501,1339,499,6.7061,322.3
1161,-122.02,37.94,19,3192,612,1317,594,4.125,267.1
1162,-122.01,37.94,26,1619,224,706,220,6.0704,268
1163,-122.01,37.94,18,2077,298,937,292,6.3809,273.6
1164,-122,37.95,9,2214,256,848,239,6.8145,339.2
1165,-122.01,37.93,25,2652,335,1062,334,7.5898,330.2
1166,-122.04,37.95,33,1653,334,814,328,3.1406,163.1
1167,-122.04,37.95,29,866,138,341,133,4.7188,197.1
1168,-122.05,37.95,22,5175,1213,2804,1091,2.85,144.6
1169,-122.03,37.94,21,5541,776,2214,737,5.5777,279.3
1170,-122.03,37.93,21,4712,624,1773,615,6.0918,344.8
1171,-122.05,37.93,5,4274,1153,1503,881,4.0473,266.5
1172,-122.05,37.93,15,7803,1603,2957,1546,4.45,184.9
1173,-122.05,37.92,14,12713,2558,4741,2412,4.7094,234.7
1174,-122.02,37.92,26,5077,640,1872,636,7.4713,351.2
1175,-122.03,37.92,23,3318,408,1124,393,6.5847,358.8
1176,-122.01,37.91,21,10093,1269,3645,1219,7.6877,367.7
1177,-122.06,37.91,15,5393,1422,2133,1288,4.1612,232.8
1178,-122.06,37.9,25,5869,1685,2669,1554,2.6998,216.1
1179,-122.06,37.89,21,4985,1590,2575,1458,3.1002,114.3
1180,-122.07,37.93,45,1544,244,614,238,5.0255,226
1181,-122.07,37.93,25,7201,1521,3264,1433,3.7433,252.1
1182,-122.07,37.92,26,3872,739,1629,684,4.4312,225
1183,-122.08,37.92,28,2377,469,1068,435,4.4561,250
1184,-122.07,37.91,28,1731,295,810,295,5.0391,259.8
1185,-122.07,37.91,33,1550,277,638,254,3.6833,292.5
1186,-122.09,37.91,18,9576,1455,3486,1380,7.0895,306.9
1187,-122.07,37.89,28,3410,746,1428,670,4.3864,266.8
1188,-122.08,37.89,39,3018,501,1223,489,6.2924,283.9
1189,-122.08,37.9,29,4133,770,1691,744,5.1097,288
1190,-122.07,37.89,38,2139,343,809,340,5.5636,268.8
1191,-122.07,37.89,38,757,124,319,123,5.6558,263.3
1192,-122.05,37.87,30,2296,329,847,322,6.7192,397.5
1193,-122.05,37.9,24,4125,1020,1699,873,2.9526,271
1194,-122.05,37.9,32,2676,484,986,473,4.6528,335.7
1195,-122.05,37.9,32,4498,862,1818,851,4.8088,321.2
1196,-122.04,37.9,20,5467,1044,2310,963,5.6986,275.8
1197,-122.02,37.89,29,6349,858,2450,778,7.5,356.2
1198,-122.03,37.86,29,3025,477,1035,452,6.112,390.6
1199,-122.04,37.85,27,6039,780,2181,761,9.5862,469.4
1200,-121.94,37.73,22,1980,291,861,290,6.2726,258.2
1201,-121.94,37.73,22,6719,1068,2843,994,6.1265,260.3
1202,-121.93,37.73,8,831,231,404,224,3.375,350
1203,-121.95,37.74,19,1127,170,518,167,6.3325,250
1204,-121.95,37.74,19,5721,837,2653,813,6.2631,266
1205,-121.92,37.73,24,1407,327,501,295,2.4821,157.2
1206,-121.93,37.74,16,3326,419,1272,402,6.8806,343.5
1207,-121.97,37.79,17,5688,824,2111,773,6.6131,312.5
1208,-121.98,37.81,18,2903,387,1127,372,5.5921,359.1
1209,-121.96,37.81,12,6488,778,2404,765,8.3188,403.4
1210,-121.97,37.8,17,3279,418,1222,381,7.9168,356
1211,-121.94,37.8,8,11336,1657,4089,1555,7.8287,369.2
1212,-121.95,37.78,4,14652,2826,5613,2579,6.3942,356.7
1213,-121.96,37.76,8,3865,463,1548,432,9.7037,425.1
1214,-121.94,37.76,4,6875,1439,2889,1307,4.6932,356.1
1215,-121.93,37.76,5,2255,269,876,258,10.3345,461.4
1216,-121.92,37.74,8,452,51,140,43,12.5915,432.4
1217,-121.96,37.74,2,200,20,25,9,15.0001,350
1218,-121.97,37.76,8,3743,581,1633,567,6.7027,381.9
1219,-121.97,37.77,13,7241,1007,3221,947,7.2216,324.6
1220,-122.02,37.84,34,1879,265,729,263,7.7072,443.8
1221,-122.01,37.83,30,3917,549,1330,544,6.5617,386.6
1222,-122,37.82,20,2206,458,926,432,4.6042,256.4
1223,-121.99,37.82,22,1248,271,579,269,3.375,200
1224,-122.03,37.83,24,5948,738,1997,710,9.8708,500.001
1225,-121.99,37.77,14,8213,1364,3283,1286,5.1755,294.8
1226,-121.99,37.81,17,465,83,146,75,4.9018,188.5
1227,-122.02,37.8,11,6200,907,2286,896,7.6518,359.3
1228,-122.02,37.88,16,3031,438,1087,421,7.3732,287.3
1229,-122.03,37.86,25,3004,393,1145,376,7.2655,494
1230,-122,37.86,18,8953,1074,3011,993,10.7372,500.001
1231,-121.97,37.87,4,1029,126,416,122,13.4883,500.001
1232,-121.96,37.84,29,7479,977,2744,943,7.5139,398.2
1233,-122,37.84,16,7681,946,2777,908,9.5271,500.001
1234,-121.98,37.82,18,9117,1248,3280,1167,8.003,351.3
1235,-122.1,37.93,20,10212,1424,4083,1374,8.039,382.2
1236,-122.12,37.94,22,4949,626,1850,590,10.4549,500.001
1237,-122.1,37.9,38,827,144,368,136,6.5095,294.4
1238,-122.14,37.9,32,5738,746,2099,732,10.3224,500.001
1239,-122.12,37.91,34,5683,755,1962,723,8.3678,455.3
1240,-122.09,37.89,35,880,139,352,132,6.8686,406.5
1241,-122.1,37.89,21,3282,653,1398,601,5.2079,310.3
1242,-122.11,37.89,32,2372,516,1067,492,4.3235,279.5
1243,-122.11,37.88,37,4005,614,1602,606,6.4666,348.2
1244,-122.12,37.89,30,3227,733,1260,684,4.125,257.1
1245,-122.13,37.89,27,744,214,295,169,2.7411,350
1246,-122.07,37.88,11,1077,318,590,264,3.5536,387.2
1247,-122.08,37.88,24,2059,462,410,294,2.3971,99.4
1248,-122.08,37.88,26,2947,647,825,626,2.933,85
1249,-122.08,37.87,24,6130,1359,1750,1286,2.9167,102.7
1250,-122.06,37.85,17,7475,1556,2092,1449,3.6437,186.5
1251,-122.07,37.86,23,1025,205,263,191,3.12,155
1252,-122.06,37.86,16,5187,1014,1512,986,4.4551,252.4
1253,-122.07,37.86,17,1102,224,317,208,3.5893,206.3
1254,-122.08,37.87,26,2405,564,680,531,2.4896,73.4
1255,-122.1,37.88,35,3701,528,1511,517,7.2315,367.1
1256,-122.11,37.87,33,3398,500,1351,457,6.5814,314.2
1257,-122.12,37.85,18,5252,686,1870,657,8.0074,454.1
1258,-122.12,37.81,26,4048,513,1486,498,7.6717,416.5
1259,-122.12,37.82,26,2269,317,918,313,6.6657,364.5
1260,-122.11,37.83,19,5130,741,1887,712,7.203,369.9
1261,-122.14,37.86,20,6201,1182,2415,1141,4.5744,314
1262,-122.14,37.85,27,9147,1276,3371,1269,7.3267,389.9
1263,-122.16,37.83,16,4596,705,1480,650,7.52,370.2
1264,-122.16,37.86,36,3359,493,1298,483,8.1586,404.3
1265,-122.18,37.86,33,4449,636,1684,617,8.9571,399.7
1266,-122.17,37.88,32,3633,508,1393,506,7.6917,401.8
1267,-122.17,37.88,33,3626,502,1348,480,7.6107,423.2
1268,-122.2,37.89,37,3881,560,1315,517,7.3195,367.5
1269,-122.2,37.88,36,1065,160,398,155,7.7736,378.1
1270,-122.18,37.91,31,7200,876,2428,843,10.9405,500.001
1271,-122.2,37.9,36,2107,287,740,280,10.3416,500.001
1272,-122.18,37.9,36,4760,610,1511,572,9.0064,500.001
1273,-122.18,37.89,18,4845,735,1634,734,8.1489,499
1274,-121.84,37.98,8,7505,1089,3325,1016,5.2699,204.2
1275,-121.81,37.97,8,1584,236,615,202,6.4753,166.8
1276,-121.78,37.97,4,17032,2546,7653,2359,5.5601,213.7
1277,-121.83,37.95,17,1133,244,716,235,2.875,162.5
1278,-121.94,37.83,11,2836,373,959,335,10.5815,500.001
1279,-121.89,37.82,4,11444,1355,3898,1257,13.2949,500.001
1280,-121.91,37.81,7,3477,416,1216,395,13.1499,500.001
1281,-121.82,37.81,12,4711,659,2089,621,8.3209,485.4
1282,-121.96,37.99,2,3129,707,1606,698,2.9591,210.1
1283,-121.96,37.94,26,3084,505,1557,501,5.1582,194.7
1284,-121.96,37.95,25,4026,791,1850,709,4.1483,181.2
1285,-122.01,37.92,18,2808,337,1038,337,8.3956,353.6
1286,-122.01,37.92,16,2638,345,1055,334,8.1163,365.8
1287,-121.93,37.89,13,2085,292,852,264,7.3445,366.7
1288,-121.92,37.96,14,5332,884,2093,839,5.2798,237.4
1289,-121.94,37.95,18,2541,355,986,346,7.1978,288
1290,-121.93,37.93,16,2876,391,1089,377,6.299,286.9
1291,-121.93,37.93,16,2169,262,877,245,6.6049,312.6
1292,-122.25,38.02,16,1803,267,946,266,5.7001,205.1
1293,-122.25,38.03,15,3338,532,1834,520,5.6293,197.6
1294,-122.21,38.02,15,2150,327,1094,324,6.0224,198.5
1295,-122.2,37.96,9,6306,962,2581,911,6.7741,310.7
1296,-122.23,38.06,52,1350,266,490,257,3.125,171.1
1297,-122.23,38.05,52,1736,358,638,297,2.5517,147.1
1298,-122.21,38.06,52,2735,559,1076,487,3.6154,155.7
1299,-122.2,38.04,31,3029,500,1236,487,5.6022,197
1300,-122.26,38.03,25,2239,361,928,353,4.4474,203.7
1301,-122.27,38.04,47,1685,405,835,372,2.3103,134.5
1302,-122.26,38.04,41,2512,539,1179,480,2.694,123
1303,-122.32,38.06,4,7999,1611,3596,1396,5.0969,174.2
1304,-122.29,38,16,4986,1081,2805,1016,4.025,173.2
1305,-122.36,38.03,32,2159,393,981,369,4.3173,175.4
1306,-122.31,38,26,3735,641,1708,633,4.621,191.1
1307,-122.31,38.01,18,4123,874,1895,772,3.2759,195
1308,-122.28,37.99,28,3801,622,1654,571,4.375,193.3
1309,-122.27,37.99,16,4921,737,2312,725,5.8899,243.2
1310,-122.27,37.98,23,3455,479,1375,474,6.0289,218.6
1311,-122.26,38.02,5,3846,786,2053,716,5.0473,184.8
1312,-122.24,38.01,11,3751,565,1949,555,5.7862,269.4
1313,-122.24,38.01,16,2084,315,1154,307,6.0102,235.6
1314,-122.25,38,16,2978,411,1531,400,6.5006,237.7
1315,-122.26,38,6,678,104,318,91,5.2375,246.4
1316,-122.27,38,12,1592,242,969,233,6.1576,248.7
1317,-122.26,38,5,6265,908,3326,872,6.2073,272.9
1318,-122.3,37.97,30,4030,772,1777,718,3.6393,184
1319,-122.3,37.97,34,2854,528,1211,452,3.5353,164.7
1320,-122.29,37.97,20,3426,632,1512,580,4.4911,227.4
1321,-122.3,37.97,35,1811,377,911,340,3.375,149.7
1322,-122.29,37.94,20,7578,1426,3637,1362,4.4387,190
1323,-122.31,37.94,38,1794,349,810,335,3.8343,191.4
1324,-122.31,37.94,38,2172,403,945,384,4.3958,194.2
1325,-122.32,37.95,36,1425,245,573,239,4.35,185
1326,-122.31,37.99,25,6508,1137,3259,1081,4.2348,157.8
1327,-122.3,37.98,25,3807,806,1821,792,3.6518,164.3
1328,-122.33,38,35,3779,711,2493,679,2.9781,109
1329,-122.31,38,29,3108,534,1687,516,4.3333,170.8
1330,-122.32,37.99,24,4865,968,2315,893,4.2852,173.5
1331,-122.33,37.98,3,2850,544,1024,515,6.0115,175
1332,-122.33,37.99,4,3999,1079,1591,887,3.911,112.5
1333,-122.36,37.96,39,246,57,316,52,0.716,104.2
1334,-122.36,37.96,31,1157,276,956,232,1.5347,80.4
1335,-122.36,37.95,40,408,102,302,81,1.8333,69.8
1336,-122.37,37.95,35,215,45,100,34,1.6023,81.3
1337,-122.37,37.95,32,1298,363,716,268,0.9797,76.4
1338,-122.37,37.96,37,1572,402,1046,350,0.7403,68.6
1339,-122.35,37.98,34,3756,726,2237,686,3.7562,132.9
1340,-122.34,37.97,19,392,109,287,81,6.0426,110
1341,-122.35,37.96,32,1991,504,1139,423,2.0353,113.6
1342,-122.35,37.97,43,2178,482,1545,471,2.5863,112.2
1343,-122.35,37.97,31,2892,685,2104,641,3.2188,113.8
1344,-122.33,37.97,19,5151,1335,2548,1165,3.3125,158.8
1345,-122.34,37.97,19,2237,580,1438,551,2.3382,120.7
1346,-122.35,37.96,36,2191,531,1563,524,2.5164,114.2
1347,-122.35,37.96,29,1899,524,1357,443,1.875,97.2
1348,-122.35,37.96,35,1326,346,1023,295,2.0724,97.7
1349,-122.35,37.95,31,2449,595,1801,548,2.6328,110.3
1350,-122.35,37.96,34,1428,335,1272,319,2.5461,93.9
1351,-122.36,37.96,30,950,317,1073,280,1.8664,107.8
1352,-122.32,37.96,34,2070,357,784,294,4.0417,182.8
1353,-122.32,37.95,35,1612,354,887,331,2.5769,146.1
1354,-122.33,37.95,22,2099,569,1135,509,2.1915,120.8
1355,-122.34,37.96,15,6487,1717,3408,1560,2.1991,133.3
1356,-122.34,37.96,33,1817,441,1220,389,2.5382,103.6
1357,-122.32,37.94,38,2751,522,1390,489,3.7277,165.1
1358,-122.32,37.93,40,1141,213,434,196,3.9464,186.9
1359,-122.33,37.95,42,1627,336,848,316,3.7708,144.6
1360,-122.33,37.94,45,1226,279,590,260,2.8833,140.4
1361,-122.33,37.94,47,1882,361,797,342,3.5848,140.8
1362,-122.33,37.94,43,1876,389,807,377,3.1571,141.6
1363,-122.33,37.94,42,1695,345,719,334,3.9417,139.1
1364,-122.33,37.94,44,1769,332,828,309,4.0526,150.8
1365,-122.33,37.95,46,1543,339,777,322,4.0927,142.6
1366,-122.34,37.95,44,1675,317,806,311,3.0694,135.3
1367,-122.34,37.95,44,1788,368,933,329,2.875,133.4
1368,-122.34,37.95,39,1986,427,1041,385,3.2333,135.1
1369,-122.34,37.95,38,1340,298,766,241,3.2833,111.7
1370,-122.35,37.95,45,2142,431,1318,431,3.0737,111.6
1371,-122.36,37.95,38,1042,289,773,248,2.7714,104.7
1372,-122.34,37.94,47,2313,433,947,430,3.942,143.3
1373,-122.34,37.94,44,1917,444,936,435,2.7391,140.3
1374,-122.34,37.94,31,1611,455,786,411,1.681,145.5
1375,-122.34,37.94,42,2206,451,989,444,3.125,143.9
1376,-122.35,37.94,45,2112,493,1406,452,2.3456,105.2
1377,-122.35,37.94,34,1880,459,1358,422,1.6571,105.2
1378,-122.35,37.94,47,1275,275,844,273,2.8967,95.6
1379,-122.36,37.94,45,907,188,479,161,3.0862,79
1380,-122.36,37.94,26,1540,343,1007,338,1.3365,72.9
1381,-122.36,37.94,41,2591,585,1638,462,1.822,79.7
1382,-122.37,37.94,49,969,229,599,195,1.3167,71.6
1383,-122.35,37.93,19,1334,366,1048,316,1.7865,88
1384,-122.35,37.93,28,1995,488,1182,439,2.3352,84.3
1385,-122.36,37.93,17,1258,254,885,229,3.05,121.6
1386,-122.37,37.94,40,1064,266,912,239,1.0521,69.1
1387,-122.37,37.93,45,3150,756,1798,749,1.75,37.9
1388,-122.38,37.91,18,3507,711,1224,676,5.0524,269.8
1389,-122.42,37.93,47,3453,779,1353,728,4.016,274.5
1390,-122.34,37.93,30,2515,481,1327,428,2.1287,95
1391,-122.35,37.93,39,2002,416,1166,395,1.7257,91.5
1392,-122.36,37.93,44,1891,449,1047,432,1.7727,86.1
1393,-122.36,37.93,42,1796,389,1107,372,1.9375,87
1394,-122.37,37.93,37,709,190,644,174,0.8641,84.2
1395,-122.33,37.91,36,1954,513,1437,440,1.125,93.8
1396,-122.35,37.91,4,2851,798,1285,712,4.2895,186.8
1397,-122.33,37.93,34,2326,471,1356,441,2.3475,90.3
1398,-122.34,37.93,32,2389,652,1672,584,1.4423,88.3
1399,-122.34,37.93,45,2225,486,1304,459,2.64,112.1
1400,-122.33,37.92,26,3887,779,2512,740,2.2301,122.4
1401,-122.32,37.92,28,4649,977,2606,953,3.2674,129.1
1402,-122.32,37.91,34,2669,647,1341,555,2.6399,119.6
1403,-122.31,37.91,39,2955,696,1417,682,2.7628,167.8
1404,-122.31,37.91,45,3924,834,1992,773,4.1146,177.8
1405,-122.31,37.93,39,2505,371,872,345,5.3433,286.5
1406,-122.31,37.93,36,2403,408,917,404,5.0399,253.4
1407,-122.32,37.93,40,3056,489,1103,481,5.1067,247.3
1408,-122.32,37.94,47,1911,283,697,275,6.2712,267.7
1409,-122.29,37.92,35,583,88,235,84,5.943,288.2
1410,-122.29,37.92,32,1736,234,602,231,6.516,401
1411,-122.3,37.93,34,2254,357,715,306,4.5,304
1412,-122.32,37.93,33,296,73,216,63,2.675,22.5
1413,-122.31,37.92,30,1014,236,537,204,2.8456,183.3
1414,-122.31,37.92,12,1895,600,983,519,2.5,195.8
1415,-122.32,37.92,22,1119,220,565,199,3.3594,186.9
1416,-122.31,37.92,43,2116,407,900,361,4.1587,212.2
1417,-122.31,37.91,31,1432,348,681,348,2.7243,218.1
1418,-122.3,37.91,39,2686,569,1159,559,2.9441,200.4
1419,-122.3,37.91,40,2866,617,1305,589,3.6321,209.1
1420,-122.3,37.9,37,2125,489,912,462,2.9219,217.2
1421,-122.3,37.9,41,2053,435,873,415,3.4091,223
1422,-122.3,37.9,35,1102,308,688,303,2.3946,141.7
1423,-122.3,37.9,30,1772,471,880,437,2.2672,162.5
1424,-122.29,37.92,36,1450,235,568,234,6,311.4
1425,-122.29,37.91,38,2591,424,905,378,5.1691,263.2
1426,-122.29,37.9,52,2657,500,1131,489,4.4286,234.9
1427,-122.28,37.91,38,2501,348,805,329,6.5576,358.5
1428,-122.28,37.9,49,3191,516,1148,507,6.3538,333.7
1429,-122.28,37.9,52,1369,249,490,248,4.1212,287.5
1430,-122.27,37.91,47,1930,315,692,296,6.3669,315.5
1431,-122.28,37.91,48,2083,298,685,286,7.3089,331.2
1432,-124.17,41.8,16,2739,480,1259,436,3.7557,109.4
1433,-124.3,41.8,19,2672,552,1298,478,1.9797,85.8
1434,-124.23,41.75,11,3159,616,1343,479,2.4805,73.2
1435,-124.21,41.77,17,3461,722,1947,647,2.5795,68.4
1436,-124.19,41.78,15,3140,714,1645,640,1.6654,74.6
1437,-124.22,41.73,28,3003,699,1530,653,1.7038,78.3
1438,-124.21,41.75,20,3810,787,1993,721,2.0074,66.9
1439,-124.17,41.76,20,2673,538,1282,514,2.4605,105.9
1440,-124.16,41.74,15,2715,569,1532,530,2.1829,69.5
1441,-124.14,41.95,21,2696,578,1208,494,2.275,122.4
1442,-124.16,41.92,19,1668,324,841,283,2.1336,75
1443,-124.3,41.84,17,2677,531,1244,456,3.0313,103.6
1444,-124.15,41.81,17,3276,628,3546,585,2.2868,103.1
1445,-123.91,41.68,22,1880,360,743,314,2.9688,152.7
1446,-123.83,41.88,18,1504,357,660,258,3.13,116.7
1447,-123.92,41.54,22,2920,636,1382,499,2.0202,71.1
1448,-119.94,38.96,20,1451,386,467,255,1.5536,212.5
1449,-119.95,38.95,8,430,107,36,18,2.625,187.5
1450,-119.95,38.95,22,1058,352,851,269,2.02,87.5
1451,-119.95,38.95,21,2046,580,952,353,1.7245,92.2
1452,-119.94,38.95,25,1789,536,1134,396,2.32,91.3
1453,-119.95,38.94,24,2180,517,755,223,2.5875,173.4
1454,-119.93,38.94,27,1709,408,97,44,2.4917,200
1455,-119.97,38.94,26,1485,334,406,180,1.9667,84.6
1456,-119.97,38.93,24,856,185,388,108,3.1806,107.2
1457,-119.98,38.96,25,2443,444,868,342,3.5417,114.8
1458,-119.96,38.94,19,1429,292,585,188,2.2589,131.6
1459,-119.96,38.94,27,1492,393,717,254,1.8906,104.2
1460,-119.96,38.93,22,2731,632,1215,483,2.83,110.5
1461,-119.94,38.92,24,1258,216,235,96,4.6,136.8
1462,-119.98,38.94,25,1339,328,503,219,1.9018,109.7
1463,-119.98,38.94,23,1564,298,339,147,4.0417,99.3
1464,-119.99,38.94,24,1216,289,421,185,3.1625,103.6
1465,-119.99,38.94,22,3119,640,786,351,3.0806,118.5
1466,-119.99,38.93,23,1882,414,673,277,2.9091,141.9
1467,-119.98,38.93,28,1194,272,494,203,2.3281,85.8
1468,-119.98,38.93,25,1262,293,534,226,2.6607,90.4
1469,-119.98,38.92,27,2682,606,1010,399,3.15,86.9
1470,-119.98,38.92,28,1408,312,522,221,2.0708,89.6
1471,-120,38.93,17,8005,1382,999,383,3.9722,313.4
1472,-120.01,38.93,22,3080,610,1045,425,2.996,126.1
1473,-120,38.92,17,1106,207,466,180,3.3295,126.6
1474,-120,38.92,26,529,116,191,83,3.5,103.6
1475,-120.01,38.92,23,964,246,485,198,1.7188,96.1
1476,-120.01,38.92,25,1758,357,689,278,2.675,104.2
1477,-120.02,38.91,22,2138,493,829,330,2.2056,107.2
1478,-120.02,38.92,24,1194,246,414,151,3.2396,101.9
1479,-120.01,38.91,27,968,191,283,143,2.0938,94.4
1480,-120.01,38.91,17,2732,609,1005,499,1.9851,86.7
1481,-120.01,38.89,24,1669,422,589,281,3.0089,100.8
1482,-120,38.9,21,1653,419,737,308,1.9727,114.1
1483,-119.99,38.88,17,2807,529,675,251,2.7457,107.8
1484,-119.98,38.9,16,3109,572,885,334,3.5,134.7
1485,-119.92,38.91,15,3831,625,984,328,5.0718,162.5
1486,-120,38.87,12,1437,268,395,144,4.225,127.6
1487,-119.96,38.84,17,2722,512,828,289,3.5714,109.7
1488,-120.02,38.76,15,3142,618,725,285,4.3333,121.4
1489,-120.04,38.86,16,2708,481,712,261,3.7891,117.7
1490,-120.03,38.89,15,3042,588,918,336,3.8333,118.8
1491,-120.02,38.86,19,2429,459,883,300,3.017,97.6
1492,-120.13,39.06,22,2465,539,381,146,2.875,87.5
1493,-120.16,39.04,18,2040,402,350,129,4.0313,126
1494,-120.97,38.91,7,4341,716,1978,682,4.8311,172.2
1495,-121.04,38.81,11,3522,623,1456,544,3.93,163.4
1496,-120.72,38.94,10,1604,352,540,190,3.7625,113.2
1497,-120.88,38.91,15,3876,778,1960,691,2.902,127.3
1498,-120.92,38.86,11,1720,345,850,326,3.2027,128.6
1499,-120.87,38.83,12,2180,423,1070,377,2.8562,128.2
1500,-120.84,38.81,11,1280,286,609,248,3.1635,132.6
1501,-120.81,38.89,17,1438,324,675,268,2.9444,119.3
1502,-120.79,38.83,15,1374,291,709,239,1.7222,118.5
1503,-120.71,38.85,8,1877,479,884,323,3.4688,120.1
1504,-120.5,38.87,10,81,41,55,16,4.9583,87.5
1505,-120.3,38.9,11,1961,435,113,53,0.9227,95.5
1506,-121.09,38.68,15,5218,711,1949,659,4.7083,213.3
1507,-121.07,38.66,22,1831,274,813,269,4.6394,173.4
1508,-121.06,38.7,9,13255,1739,5001,1627,6.314,228.9
1509,-121,38.58,12,3425,549,1357,451,5.3344,217.5
1510,-121.01,38.73,7,6322,1046,2957,1024,4.7276,197.5
1511,-120.99,38.69,5,5743,1074,2651,962,4.1163,172.5
1512,-121.02,38.66,4,7392,1155,3096,1065,4.5246,198.9
1513,-120.99,38.67,8,4913,744,2005,723,5.4413,187.9
1514,-120.98,38.67,13,3432,516,1286,470,5.584,186.6
1515,-120.98,38.66,9,2073,404,916,373,3.225,163.3
1516,-120.98,38.68,5,4810,909,2242,900,3.2964,176.9
1517,-120.95,38.69,10,3421,563,1689,545,5.2032,217.1
1518,-120.96,38.66,11,2339,436,1062,380,3.9036,180.8
1519,-120.97,38.65,9,3707,602,1601,555,4.0714,300.6
1520,-120.93,38.65,12,2213,384,1097,351,4.5568,170.1
1521,-120.91,38.62,12,4545,748,2033,718,4.1843,207.6
1522,-120.95,38.79,12,3247,579,1459,517,4.3981,202.8
1523,-120.93,38.77,9,2229,355,788,341,5.5111,196.3
1524,-120.91,38.73,11,5460,859,2645,838,4.835,230.6
1525,-120.87,38.71,13,2692,470,1302,420,4,167.4
1526,-120.84,38.77,11,1013,188,410,158,4.825,184.6
1527,-120.86,38.75,15,1533,300,674,287,2.5625,146.1
1528,-120.83,38.74,17,3685,775,1714,734,2.2269,128.3
1529,-120.84,38.73,17,2616,492,1158,457,2.8807,142.6
1530,-120.81,38.73,38,2005,385,882,353,2.5104,120.5
1531,-120.81,38.74,29,2259,482,1099,463,2.3314,121.6
1532,-120.76,38.76,21,3509,606,1576,564,2.6392,148.5
1533,-120.78,38.73,31,3117,616,1606,588,2.9844,127.9
1534,-120.81,38.73,42,1276,260,799,259,2.7273,128.6
1535,-120.78,38.72,19,4414,767,1865,699,3.6406,150.9
1536,-120.67,38.76,35,2104,403,1060,400,2.1682,138.1
1537,-120.7,38.75,19,2325,430,967,376,2.9,158.7
1538,-120.71,38.73,17,2146,396,862,351,2.9219,141.3
1539,-120.58,38.77,15,2155,394,857,356,4.03,141.2
1540,-120.58,38.77,21,1661,406,789,319,2.3583,108.7
1541,-120.6,38.76,22,1236,273,615,248,3.0217,106.9
1542,-120.59,38.76,21,1728,417,731,334,1.7266,94.7
1543,-120.63,38.75,17,3145,621,1432,559,2.7201,117.5
1544,-120.7,38.69,13,4492,821,2093,734,4.0709,151.7
1545,-120.63,38.73,11,4577,836,1944,700,4.0675,140.2
1546,-120.62,38.71,10,6305,1150,2597,921,4.0197,132.2
1547,-120.63,38.68,14,1821,316,769,266,3.0789,131.7
1548,-120.54,38.75,9,3006,540,1102,418,3.9812,136.6
1549,-120.76,38.6,14,2925,625,1226,437,2.5865,133.8
1550,-120.66,38.61,19,2715,596,1301,473,2.5042,126.4
1551,-120.72,38.57,8,892,185,427,164,2.6833,118.8
1552,-120.59,38.53,15,432,87,208,73,3.6125,100
1553,-120.44,38.61,9,2598,548,796,297,3.5192,98
1554,-120.32,38.71,13,1115,255,86,32,3.5667,115.6
1555,-120.81,38.67,14,8396,1578,3952,1474,3.0565,118.8
1556,-120.76,38.65,17,2319,430,1126,372,3.5511,155.9
1557,-120.85,38.69,18,5928,1097,2697,1096,3.4872,141.4
1558,-120.79,38.7,13,5036,1034,2243,923,2.3319,138.5
1559,-119.81,36.73,51,956,196,662,180,2.101,56.7
1560,-119.81,36.73,47,1314,416,1155,326,1.372,49.6
1561,-119.81,36.74,36,607,155,483,146,1.5625,47.5
1562,-119.8,36.73,45,925,231,797,228,1.7011,44.8
1563,-119.8,36.72,43,1286,360,972,345,0.9513,50.4
1564,-119.81,36.72,46,1414,268,902,243,1.5833,56.7
1565,-119.81,36.73,50,772,194,606,167,2.2206,59.2
1566,-119.77,36.73,44,1960,393,1286,381,2.1518,53
1567,-119.78,36.73,52,1377,319,1280,259,1.2344,43.3
1568,-119.77,36.73,45,1081,241,821,230,1.7829,52.6
1569,-119.77,36.75,39,1287,332,1386,306,1.5227,46.9
1570,-119.77,36.74,20,1855,519,1091,443,1.5547,93.9
1571,-119.78,36.74,15,1461,415,924,356,2.5045,90.3
1572,-119.78,36.75,35,2114,506,2050,474,1.2375,50
1573,-119.79,36.74,35,853,296,1228,289,1.0513,39.6
1574,-119.79,36.74,52,173,87,401,84,2.1094,75
1575,-119.8,36.74,25,1717,542,1343,471,0.799,51.8
1576,-119.8,36.75,41,1659,466,1391,447,1.3527,61.2
1577,-119.79,36.75,33,3161,934,3530,846,1.123,46.7
1578,-119.82,36.74,52,610,128,406,122,1.8967,43.8
1579,-119.82,36.72,25,2581,528,1642,509,1.6435,52.6
1580,-119.82,36.72,17,1276,242,927,238,2.6176,54.1
1581,-119.83,36.73,21,1702,358,1347,316,2.4137,62.1
1582,-119.83,36.71,43,355,81,233,75,2.4167,73.9
1583,-119.79,36.72,19,1719,391,1369,368,1.25,53
1584,-119.81,36.71,25,1026,221,789,183,1.5625,52.8
1585,-119.8,36.72,19,1334,336,1171,319,1.0481,48.5
1586,-119.8,36.72,15,1908,417,1383,375,1.0472,57.8
1587,-119.79,36.7,23,1731,363,1210,341,1.3922,49.5
1588,-119.8,36.7,28,1592,304,962,282,1.3304,51.3
1589,-119.78,36.72,22,354,121,530,115,2.1458,34.4
1590,-119.79,36.72,41,1562,322,927,277,1.3047,44.1
1591,-119.78,36.71,35,1987,394,1233,383,1.3587,45.3
1592,-119.74,36.71,17,5872,1250,5034,1224,2.1905,61.8
1593,-119.76,36.71,29,1745,441,1530,391,1.5611,44.4
1594,-119.76,36.72,24,1240,265,1035,232,2.875,60.6
1595,-119.74,36.72,25,3972,842,2863,729,2.1304,58.5
1596,-119.76,36.73,46,1347,282,854,267,1.8723,52.6
1597,-119.76,36.73,39,1553,363,1449,341,1.4419,45.5
1598,-119.75,36.73,39,2290,539,1685,536,1.6325,52.1
1599,-119.74,36.73,42,1236,272,946,261,2.0536,50
1600,-119.67,36.74,19,2788,614,1365,525,2.7813,120.3
1601,-119.69,36.74,17,2438,598,1563,538,1.5449,62.5
1602,-119.69,36.75,13,2343,409,1347,405,4.0027,93.1
1603,-119.69,36.71,25,556,79,249,71,4.4583,108.3
1604,-119.73,36.73,7,2461,647,1587,551,1.4007,225
1605,-119.72,36.73,9,1914,491,1116,424,1.4646,65.9
1606,-119.72,36.72,15,1713,246,766,232,6.8162,127.2
1607,-119.73,36.72,26,2645,1005,1660,991,0.6991,89.5
1608,-119.73,36.73,9,1621,428,678,394,2.2437,54.2
1609,-119.71,36.73,19,3972,585,1586,560,5.2608,151.4
1610,-119.72,36.71,7,2456,463,1350,424,3.0179,91.6
1611,-119.73,36.72,15,2246,456,1190,403,2.0294,70.4
1612,-119.69,36.69,36,1432,269,836,237,2.1563,88.3
1613,-119.76,36.68,29,1243,312,836,277,1.8355,74.2
1614,-119.63,36.64,33,1036,181,620,174,3.4107,110.4
1615,-119.65,36.62,6,1931,422,1344,414,1.6607,58
1616,-119.68,36.63,39,1237,256,638,239,3.0139,65.3
1617,-119.74,36.65,19,2546,463,1257,418,2.9013,89.5
1618,-119.68,36.62,31,834,229,616,211,1.6602,61.2
1619,-119.73,36.62,35,2080,365,1026,333,3.5781,92.8
1620,-119.73,36.59,31,1551,296,1058,287,3.3438,92.6
1621,-119.8,36.68,31,2214,432,1326,416,2.1691,66.7
1622,-119.78,36.65,27,1226,240,706,211,2.77,68.4
1623,-119.8,36.65,34,2263,423,1184,407,1.7692,74.2
1624,-119.89,36.73,43,524,93,302,93,2.6146,81.3
1625,-119.87,36.72,30,1584,316,984,300,2.0658,67.9
1626,-119.85,36.74,35,1191,190,537,182,3.5375,96.7
1627,-119.84,36.77,6,1853,473,1397,417,1.4817,72
1628,-119.83,36.76,15,3291,772,1738,634,1.976,67.3
1629,-119.84,36.75,34,1186,300,774,271,1.575,57.1
1630,-119.83,36.75,33,662,183,607,181,1.3929,55.6
1631,-119.81,36.76,51,2419,486,1284,426,2.2029,54.2
1632,-119.81,36.75,52,1827,356,855,353,1.7636,55.1
1633,-119.82,36.76,41,1973,399,1107,375,1.8971,66.9
1634,-119.82,36.76,46,2194,563,924,542,1.4028,68.5
1635,-119.8,36.76,52,1853,437,764,390,1.6429,69.2
1636,-119.8,36.75,52,1788,449,1156,418,1.7298,58.4
1637,-119.8,36.76,52,2224,418,832,406,2.3952,78.4
1638,-119.79,36.76,52,1185,260,635,239,1.175,56.1
1639,-119.79,36.75,52,377,97,530,96,1,45
1640,-119.8,36.75,46,2625,593,1368,551,1.5273,59
1641,-119.79,36.76,52,2408,498,1361,465,2.1055,61.3
1642,-119.78,36.75,49,1175,307,982,278,1.2937,52
1643,-119.78,36.75,43,2070,512,1925,444,1.4635,46.6
1644,-119.76,36.76,23,3800,1003,3786,917,1.4766,50.6
1645,-119.76,36.75,35,1607,383,1407,382,2.19,53.4
1646,-119.76,36.75,41,1576,417,1567,366,1.2545,45.5
1647,-119.77,36.76,40,2009,519,2219,505,1.2101,49.1
1648,-119.77,36.76,43,1623,294,781,272,1.869,56
1649,-119.76,36.75,35,2347,526,1676,481,1.6548,49.4
1650,-119.76,36.74,52,2137,448,1194,444,1.3029,69.1
1651,-119.76,36.75,39,2233,563,2031,491,1.8641,50.8
1652,-119.74,36.75,47,2236,418,1042,397,2.9545,59.6
1653,-119.74,36.74,39,4893,1210,4749,1067,1.2065,55.6
1654,-119.75,36.74,39,1740,351,1098,347,1.8958,51.3
1655,-119.74,36.76,42,2093,470,1621,438,1.7994,58.7
1656,-119.75,36.76,29,2077,524,1887,489,1.4107,59.8
1657,-119.75,36.76,32,2072,497,2002,470,1.3278,44.5
1658,-119.72,36.76,23,6403,1370,3573,1260,2.3006,69
1659,-119.72,36.75,11,4832,993,2190,888,2.6611,74.7
1660,-119.73,36.74,14,6202,1551,5561,1435,1.6073,64.7
1661,-119.73,36.75,39,1745,321,901,303,3.1719,67.9
1662,-119.7,36.75,11,3626,779,1819,731,2.4956,87.5
1663,-119.71,36.74,18,8099,1670,4476,1514,2.4728,88.3
1664,-119.71,36.76,28,2675,527,1392,521,2.3108,72
1665,-119.71,36.77,11,5112,1384,2487,1243,2.1461,75.9
1666,-119.73,36.8,15,2376,538,1197,510,3.1417,74.6
1667,-119.72,36.8,16,2396,526,1338,518,2.1653,78.8
1668,-119.72,36.8,15,3045,689,1340,588,3.1953,85.7
1669,-119.71,36.81,9,1122,290,662,284,2.0536,55
1670,-119.72,36.81,15,2175,564,1194,482,2.6767,87.5
1671,-119.73,36.77,24,4410,939,2362,862,2.9406,73
1672,-119.75,36.77,32,1962,399,1005,392,2.6726,70.4
1673,-119.74,36.78,27,4049,947,2254,882,2.2467,70.7
1674,-119.77,36.77,38,3065,658,1441,625,2.0564,64.7
1675,-119.77,36.77,29,2554,705,2669,655,1.2176,61.9
1676,-119.78,36.77,45,1315,256,666,240,2.3562,58.1
1677,-119.78,36.78,37,2185,455,1143,438,1.9784,70.7
1678,-119.79,36.77,30,1610,410,1000,397,2.0357,60.2
1679,-119.8,36.77,52,2964,512,1114,486,3.8105,87.6
1680,-119.8,36.78,50,1818,374,737,338,2.2614,73
1681,-119.79,36.78,41,2227,462,1129,415,2.319,59.1
1682,-119.79,36.77,43,2323,502,1144,471,2.3967,58.7
1683,-119.81,36.78,52,2281,371,839,367,3.5972,89.9
1684,-119.81,36.77,49,1749,314,705,300,3.15,72.2
1685,-119.81,36.77,43,2341,395,890,375,3.4265,85
1686,-119.81,36.78,37,1965,364,796,335,3.625,83.4
1687,-119.82,36.78,36,1370,289,812,282,2.6127,69.6
1688,-119.82,36.77,36,2252,468,1117,442,2.9081,65.6
1689,-119.83,36.77,32,2867,615,1705,570,2.4286,68.1
1690,-119.83,36.77,23,2168,503,1190,425,2.625,71.6
1691,-119.83,36.78,30,3162,640,1660,639,2.8359,80.3
1692,-119.87,36.79,7,1932,419,1014,389,3.0938,76.7
1693,-119.89,36.79,5,3821,705,2179,694,3.7821,80.4
1694,-119.85,36.78,8,3096,684,1454,545,2.7857,79.7
1695,-119.85,36.77,9,1142,314,620,283,2.0446,81.3
1696,-119.85,36.77,27,1510,344,847,295,2.9315,83.2
1697,-119.85,36.76,10,2067,450,845,354,1.8214,80.1
1698,-119.85,36.75,24,1143,245,608,240,2.8194,81.1
1699,-119.87,36.76,34,1649,323,919,316,2.875,74.5
1700,-119.9,36.79,22,1970,332,1066,319,3.3125,106.1
1701,-119.89,36.76,17,1987,335,1152,313,4.1719,126.4
1702,-119.92,36.77,18,1422,243,702,230,3.6204,119.8
1703,-120.08,36.79,38,1446,285,928,255,2.9808,89.6
1704,-120.21,36.77,20,1745,348,1093,302,2.3194,90.6
1705,-120.1,36.66,19,2020,416,1341,360,1.7,69
1706,-120,36.7,33,1902,370,1168,358,2.6852,70.8
1707,-120.04,36.74,14,3182,730,2298,721,1.6168,71.8
1708,-120.05,36.72,24,1961,422,1559,374,1.8299,57.8
1709,-120.07,36.74,19,2627,502,1295,441,3.087,88.2
1710,-119.95,36.8,30,1233,214,620,199,3.4297,112.5
1711,-119.99,36.8,45,1270,242,598,214,3.2813,105.4
1712,-120.02,36.8,25,1270,255,1050,245,2.1618,55.3
1713,-120.04,36.79,48,1341,239,671,208,2.7917,82.8
1714,-119.91,36.83,29,2205,366,1072,345,3.8056,165.4
1715,-119.88,36.81,30,2288,474,1435,425,1.3221,61.2
1716,-119.85,36.83,11,2497,427,1101,405,4.8036,141.6
1717,-119.86,36.82,12,1488,253,675,223,4.7622,89.3
1718,-119.85,36.82,9,3995,778,1691,712,3.3239,91.3
1719,-119.85,36.82,15,1387,236,638,195,5.5842,88.9
1720,-119.88,36.83,2,4055,735,1730,654,4.2132,96.5
1721,-119.86,36.81,4,4530,1070,1804,837,3.3942,72.1
1722,-119.87,36.81,6,1891,341,969,330,4.6726,107.8
1723,-119.85,36.8,14,1876,324,1031,311,3.6563,88.8
1724,-119.85,36.8,14,4177,914,2300,867,2.9565,73
1725,-119.86,36.8,18,2536,516,1196,466,2.5595,67.9
1726,-119.84,36.85,8,3791,487,1424,475,10.5144,345.9
1727,-119.84,36.84,12,2396,290,863,258,8.7716,229.2
1728,-119.84,36.83,17,2273,298,700,263,6.8645,195.9
1729,-119.84,36.83,17,3012,408,987,362,7.4201,229.7
1730,-119.84,36.82,17,2807,376,996,353,5.5357,167.7
1731,-119.82,36.82,28,2268,336,752,330,5.2809,151.5
1732,-119.82,36.81,25,3305,551,1149,500,5.0698,150.9
1733,-119.84,36.81,18,2789,378,937,364,7.7062,188.3
1734,-119.78,36.86,10,2902,363,1200,363,8.3608,187.3
1735,-119.77,36.84,15,2058,412,891,378,3.2569,124.4
1736,-119.78,36.84,7,4907,1075,2014,909,3.2147,111.9
1737,-119.78,36.85,12,782,166,292,164,2.8274,79.5
1738,-119.78,36.86,8,3468,675,1604,626,4.2071,128.3
1739,-119.79,36.85,11,2596,619,1765,539,1.9511,54
1740,-119.8,36.86,7,6434,1201,2733,1045,3.7656,145
1741,-119.82,36.84,9,2340,544,860,520,3.3229,119.3
1742,-119.81,36.83,19,6789,1200,2325,1109,4.049,126
1743,-119.81,36.83,10,5780,922,2712,883,5.6445,135.5
1744,-119.78,36.83,11,2754,663,1328,604,2.3667,69.3
1745,-119.8,36.83,17,1560,261,709,258,4.3315,95.8
1746,-119.79,36.83,15,3356,694,1232,627,2.2215,72.2
1747,-119.79,36.82,23,4358,819,1852,802,3.4167,105.2
1748,-119.78,36.82,22,4241,1147,1929,971,1.7708,53.5
1749,-119.8,36.82,24,5377,1005,2010,982,3.4542,121.2
1750,-119.81,36.81,33,3972,594,1324,561,5.4513,143.3
1751,-119.81,36.8,38,2252,325,777,314,6.1575,160.1
1752,-119.82,36.8,33,1670,256,528,250,2.9471,99.5
1753,-119.81,36.8,29,2806,552,1242,540,3.5958,88.8
1754,-119.83,36.8,16,6101,1200,3407,1134,3.125,80.8
1755,-119.84,36.8,16,2849,506,1508,478,3.4074,72.7
1756,-119.84,36.8,19,3244,776,1463,710,2.0469,66.9
1757,-119.83,36.78,35,1789,357,933,357,2.5223,66.2
1758,-119.84,36.78,24,3242,795,2764,773,1.3385,58.8
1759,-119.84,36.79,21,3235,648,1820,614,3.3447,71.4
1760,-119.83,36.79,24,3505,819,2098,774,1.9575,67
1761,-119.81,36.78,35,1012,245,633,240,2.0324,55.5
1762,-119.81,36.78,36,1650,313,660,298,3,79.7
1763,-119.82,36.79,18,5822,1439,3415,1224,1.6854,64.7
1764,-119.79,36.79,33,3433,785,1806,783,1.9386,67.5
1765,-119.79,36.78,38,1912,456,1131,408,2.03,58.8
1766,-119.8,36.78,43,2382,431,874,380,3.5542,96.5
1767,-119.81,36.79,39,2471,460,1118,431,2.4167,71.9
1768,-119.8,36.79,45,1337,187,471,187,5.187,153.8
1769,-119.78,36.8,34,2200,493,1243,431,1.8514,66.5
1770,-119.79,36.8,27,2462,484,852,449,3.32,124.7
1771,-119.79,36.81,33,1461,261,494,254,4.25,132.2
1772,-119.79,36.79,26,1700,423,909,386,2.256,64.5
1773,-119.79,36.79,19,1524,448,960,386,1.5122,47.5
1774,-119.78,36.79,33,2260,440,966,413,2.9301,68.3
1775,-119.76,36.79,26,3654,837,1976,830,2.1544,72.8
1776,-119.76,36.78,30,6117,1330,2768,1224,2.1383,78.8
1777,-119.77,36.79,27,2258,427,1076,423,2.9937,81.1
1778,-119.74,36.79,28,2857,619,1614,592,2.1573,71.4
1779,-119.75,36.78,28,3257,752,1981,712,2.293,71.7
1780,-119.76,36.8,29,3494,662,1781,616,2.5893,70.9
1781,-119.77,36.8,32,3461,665,1507,649,2.9244,84.6
1782,-119.76,36.8,20,6257,1346,2795,1267,2.2094,83.7
1783,-119.77,36.8,24,3748,770,1827,719,2.7222,83.1
1784,-119.74,36.8,18,10862,2401,5466,2209,2.4678,74.3
1785,-119.75,36.8,25,2718,504,1257,465,2.3333,90.6
1786,-119.75,36.8,30,3308,662,1894,648,2.197,74.5
1787,-119.76,36.81,19,4643,1429,4638,1335,1.2716,69.4
1788,-119.76,36.82,17,6932,1486,3056,1453,2.3375,99.3
1789,-119.77,36.81,28,1713,302,663,282,3.567,85.5
1790,-119.78,36.82,25,5016,963,2133,928,3.625,89.5
1791,-119.78,36.83,18,4164,741,1817,681,4.2153,95.2
1792,-119.76,36.83,17,3690,628,1888,601,4.0196,84.2
1793,-119.74,36.83,14,4675,829,2235,787,4.1098,108.2
1794,-119.77,36.91,3,7520,1143,2878,1077,5.3272,174.2
1795,-119.75,36.87,3,13802,2244,5226,1972,5.0941,143.7
1796,-119.74,36.85,3,10425,2121,4432,1778,3.9032,140.8
1797,-119.7,36.94,15,1449,277,649,265,2.4861,86.3
1798,-119.71,36.88,17,2236,315,992,312,6.9405,165.2
1799,-119.69,36.86,20,1676,263,786,240,4,164.6
1800,-119.69,36.85,20,2655,432,1081,379,4.5398,143.1
1801,-119.7,36.82,25,2379,540,1482,484,2.3173,68.2
1802,-119.7,36.81,32,2623,528,1570,492,2.7159,68
1803,-119.71,36.83,15,2727,500,1228,436,3.5078,109
1804,-119.71,36.82,12,2144,568,1320,566,2.3381,112.5
1805,-119.71,36.81,19,2282,550,1034,500,1.6618,69.7
1806,-119.71,36.81,19,1648,368,557,354,1.7969,72.8
1807,-119.69,36.83,8,943,189,475,155,4.9327,89.5
1808,-119.69,36.83,32,1098,226,726,224,1.4913,54.6
1809,-119.69,36.83,28,1868,350,898,329,3.1814,78.9
1810,-119.67,36.83,4,2145,334,1024,308,5.0864,113.7
1811,-119.68,36.83,11,2455,344,1110,339,6.1133,120
1812,-119.67,36.82,2,2579,376,1133,342,4.5577,123.3
1813,-119.67,36.81,4,1262,216,622,199,4.9432,114.4
1814,-119.69,36.82,17,1897,433,1207,384,1.8021,55.9
1815,-119.69,36.82,15,3303,512,1687,505,4.81,93.6
1816,-119.68,36.8,7,2855,518,1748,498,4.2066,88.4
1817,-119.69,36.8,31,2576,458,1306,418,3.2813,68.7
1818,-119.67,36.8,9,3712,508,1632,474,6.011,163.1
1819,-119.69,36.79,15,2524,451,1207,424,2.7404,76.3
1820,-119.69,36.77,22,2456,496,1720,417,2.6875,60.6
1821,-119.64,36.85,15,2397,353,1258,347,4.9904,157.3
1822,-119.64,36.82,14,4872,656,2085,617,5.6739,173.8
1823,-119.63,36.79,19,1317,189,517,187,4.526,148.7
1824,-119.63,36.76,22,4126,614,1795,613,4.925,154.7
1825,-119.53,36.78,20,2822,479,1372,455,4.5625,136.9
1826,-119.58,36.83,13,6135,863,2473,774,5.4895,156.7
1827,-119.58,36.77,19,3225,548,1760,542,4.0227,126.5
1828,-119.59,36.72,18,1284,193,621,190,4.5375,130.6
1829,-119.57,36.72,11,2510,460,1248,445,3.6161,99.5
1830,-119.56,36.71,37,1609,374,1173,344,2.181,59.9
1831,-119.57,36.7,34,1759,354,899,337,2.6823,72.9
1832,-119.56,36.7,40,1195,326,1135,315,2.1182,58.9
1833,-119.55,36.7,31,1671,372,1371,347,2.3687,63.9
1834,-119.57,36.7,30,2370,412,1248,410,3.1442,72.3
1835,-119.57,36.7,7,1761,309,974,308,3.7261,83.9
1836,-119.55,36.69,21,1551,423,1519,406,1.7132,55.9
1837,-119.54,36.7,20,1815,375,1665,357,2.2448,58.9
1838,-119.55,36.72,6,1186,234,1135,218,2.1515,63.9
1839,-119.52,36.71,21,1834,321,1120,314,2.59,69.3
1840,-119.47,36.69,19,3351,589,1578,542,3.2917,160.1
1841,-119.41,36.68,18,1802,332,945,292,3.4044,115.3
1842,-119.43,36.63,25,1784,312,904,303,3.625,107.6
1843,-119.39,36.64,38,949,190,578,187,2.3618,80
1844,-119.4,36.59,37,1486,296,977,290,3.5074,93.8
1845,-119.49,37.1,24,2532,555,1564,507,2.3359,92.4
1846,-119.61,36.94,14,863,151,315,135,4.2679,151.8
1847,-119.57,37.02,16,4199,794,2140,722,3.332,111.8
1848,-119.48,37,16,2904,551,1467,509,3.1736,111.8
1849,-119.46,36.91,12,2980,495,1184,429,3.9141,123.9
1850,-119.33,36.89,15,1879,411,755,294,2,83.3
1851,-119.21,37.25,44,3042,697,335,115,4.1838,85.6
1852,-118.94,37.13,12,2255,472,1006,334,4.1563,94
1853,-119.4,37.09,22,2211,477,773,288,3.3269,102.7
1854,-119.28,37.11,34,1901,394,171,73,3.0729,144.6
1855,-119.32,37.06,15,3111,651,276,107,5.1314,179.2
1856,-118.91,36.79,19,1616,324,187,80,3.7857,78.6
1857,-119.24,36.8,17,2052,405,975,340,2.6902,94.4
1858,-119.25,36.71,13,2813,579,1385,512,2.2202,100
1859,-119.12,36.69,13,3963,812,1905,671,2.2278,90.5
1860,-119.34,36.62,26,1922,339,1148,332,2.6058,92.2
1861,-119.31,36.62,33,1485,374,1544,329,1.7292,52
1862,-119.32,36.62,15,1070,256,1070,243,1.5642,51.5
1863,-119.44,36.6,5,2353,608,2505,573,2.2863,69.2
1864,-119.44,36.6,34,864,184,579,171,2.0417,72.5
1865,-119.46,36.61,13,1348,258,719,246,3.625,108.3
1866,-119.44,36.61,17,1531,280,775,246,3.9073,91.6
1867,-119.45,36.6,36,2294,489,1430,454,1.8975,60.9
1868,-119.44,36.59,28,1343,330,1331,305,1.516,56.7
1869,-119.45,36.59,41,1749,342,1171,314,1.6875,66.1
1870,-119.45,36.58,18,1425,280,753,266,3.7813,87.3
1871,-119.45,36.59,28,1274,215,572,202,3.825,84.2
1872,-119.55,36.6,18,2379,448,1638,436,2.309,57.1
1873,-119.55,36.61,14,3004,793,3535,735,1.586,56.9
1874,-119.5,36.62,34,1440,267,1018,265,2.2206,63.4
1875,-119.49,36.58,21,2106,410,867,380,1.9913,95.3
1876,-119.52,36.61,33,1225,275,1065,248,1.8958,55.1
1877,-119.53,36.61,33,587,170,730,162,1.5625,55.8
1878,-119.6,36.66,27,1388,296,1056,284,1.6094,55.2
1879,-119.53,36.65,43,1676,320,1056,276,2.5562,93.2
1880,-119.59,36.57,19,1733,303,911,281,3.5987,131.7
1881,-119.61,36.58,29,1312,280,788,271,2.6974,73
1882,-119.61,36.59,10,2842,620,1443,576,2.2727,92.7
1883,-119.6,36.57,42,2311,439,1347,436,2.5556,69.7
1884,-119.6,36.57,33,1923,403,1205,389,1.8333,68.3
1885,-119.61,36.57,42,2242,521,1359,483,1.5833,65.1
1886,-119.63,36.58,22,1794,435,1127,359,1.2647,55.3
1887,-119.64,36.56,34,576,117,363,97,2.0658,92.5
1888,-119.61,36.56,34,1911,497,1886,481,1.625,53
1889,-119.53,36.55,34,2065,343,1041,313,3.2917,111.5
1890,-119.54,36.52,16,2703,415,1106,372,4.2045,120.9
1891,-119.56,36.51,37,1018,213,663,204,1.6635,67
1892,-119.56,36.51,9,3860,809,2157,770,2.5033,70.1
1893,-119.73,36.56,32,1513,272,1038,272,3.0469,82.7
1894,-119.67,36.57,32,1604,292,868,276,2.1908,110
1895,-119.65,36.51,30,1671,319,966,282,3.1333,100
1896,-119.59,36.52,35,990,192,674,178,3.3214,101.6
1897,-119.73,36.52,20,1741,331,1466,289,2.5921,94.2
1898,-119.77,36.44,26,1727,289,802,259,3.2083,75
1899,-119.69,36.46,29,1702,301,914,280,2.8125,79.2
1900,-119.87,36.54,34,1370,287,818,269,2.4044,72.5
1901,-119.79,36.55,32,1393,276,999,245,2.0216,76.8
1902,-119.81,36.51,31,1241,254,767,226,2.7321,83.6
1903,-119.84,36.54,19,1310,241,702,217,2.4375,78.2
1904,-119.83,36.54,31,1732,332,979,294,2.5208,60
1905,-119.89,36.64,34,1422,237,716,222,2.975,90
1906,-119.97,36.57,17,1497,308,1425,247,2.0313,69.4
1907,-119.9,36.58,20,1935,363,1319,359,2.4814,74.6
1908,-119.81,36.6,24,2246,462,1291,394,2.4006,76.4
1909,-119.97,36.44,18,1128,237,772,220,2.1771,39.2
1910,-120.08,36.34,18,1524,414,2030,356,2.1153,112.5
1911,-120.1,36.16,17,598,160,715,146,2.3295,55
1912,-120.09,36.19,12,1923,559,2809,535,1.4191,55.1
1913,-120.27,36.29,11,1337,412,1376,318,2.4398,87.5
1914,-120.43,36.18,29,579,116,218,99,2.1458,104.2
1915,-120.37,36.16,36,613,124,310,124,3.0658,65
1916,-120.36,36.14,18,1206,274,622,217,1.8264,62
1917,-120.38,36.15,17,2279,448,1200,420,2.7461,70
1918,-120.37,36.13,10,2522,533,1335,493,3.2639,86.4
1919,-120.35,36.16,18,1519,296,846,272,2.7792,85.3
1920,-120.35,36.14,9,2671,647,1484,541,1.7075,60.4
1921,-120.36,36.13,29,1938,434,1306,415,3.0134,55.5
1922,-120.31,36.65,24,943,209,514,156,2.25,76.6
1923,-120.18,36.59,25,948,198,613,171,2.3026,90.6
1924,-120.19,36.61,29,1479,338,1408,322,2.293,57.2
1925,-120.19,36.6,25,875,214,931,214,1.5536,58.3
1926,-120.22,36.49,14,1508,347,1679,345,2.4786,56
1927,-120.41,36.77,24,1335,312,1180,267,1.947,68.9
1928,-120.67,36.72,18,819,198,996,198,2.5,112.5
1929,-120.51,36.55,20,1193,263,1274,241,1.9417,38.8
1930,-120.39,36.78,11,1947,488,2104,486,1.7184,55.2
1931,-120.38,36.75,25,1689,495,1745,457,1.9056,60
1932,-120.38,36.76,25,991,272,941,262,1.8125,58
1933,-120.38,36.76,12,932,244,1043,243,1.4038,54.3
1934,-120.46,36.87,20,1287,310,954,269,1.3386,63
1935,-120.44,36.84,29,1563,293,883,288,2.8182,90.5
1936,-120.45,36.85,20,1519,376,1681,370,2.1759,58.1
1937,-120.51,36.86,21,1779,399,1446,371,2.4414,71.9
1938,-120.55,36.97,42,1766,344,1084,323,2.3295,74.4
1939,-120.69,36.84,18,902,195,771,174,2.2083,55
1940,-119.55,36.51,46,55,11,26,5,4.125,67.5
1941,-122.18,39.75,30,4157,834,1885,774,1.6948,67.5
1942,-122.16,39.74,20,707,126,337,125,3.0469,85
1943,-122.19,39.74,39,4179,814,2111,809,2.3507,65.6
1944,-122.25,39.79,16,2127,412,1104,369,3.0469,72.2
1945,-122.16,39.78,32,1288,221,562,203,2.325,69.6
1946,-122.13,39.74,20,1401,280,668,250,2.2569,94.3
1947,-122.18,39.7,23,1658,307,836,297,3.35,85.4
1948,-122.23,39.75,16,2026,396,1031,382,1.9375,73.1
1949,-122.74,39.71,16,255,73,85,38,1.6607,14.999
1950,-122.38,39.68,21,1155,210,510,175,2.3851,67.5
1951,-122.14,39.65,33,419,77,190,67,3.6429,87.5
1952,-122.18,39.55,28,1471,259,673,246,3.25,81.6
1953,-122.53,39.5,25,1231,240,658,211,2.4861,71.9
1954,-122.19,39.53,34,2679,533,1287,505,2.165,58.7
1955,-122.2,39.53,22,3265,658,1647,594,2.3566,71
1956,-122.23,39.53,8,1268,336,1237,326,1.3708,125
1957,-122.2,39.52,39,2551,482,1181,437,2.0625,63.4
1958,-122.19,39.5,23,462,97,261,90,2.1705,53
1959,-122.04,39.72,23,2502,481,1443,455,2.5625,70
1960,-122.05,39.6,34,2051,342,958,322,2.8466,95.3
1961,-122.1,39.47,43,1320,215,512,197,2.4917,77.1
1962,-122.01,39.74,20,2332,518,1856,495,2.1746,58.7
1963,-124.17,40.8,52,661,316,392,244,0.957,60
1964,-124.16,40.8,52,2416,618,1150,571,1.7308,80.5
1965,-124.17,40.8,52,1606,419,891,367,1.585,75.5
1966,-124.17,40.8,52,1557,344,758,319,1.8529,62.5
1967,-124.16,40.78,50,2285,403,837,353,2.5417,85.4
1968,-124.17,40.78,39,1606,330,731,327,1.6369,68.3
1969,-124.19,40.78,37,1371,319,640,260,1.8242,70
1970,-124.18,40.79,39,1836,352,883,337,1.745,70.5
1971,-124.18,40.79,40,1398,311,788,279,1.4668,64.6
1972,-124.16,40.78,43,2241,446,932,395,2.9038,82
1973,-124.16,40.77,35,2141,438,1053,434,2.8529,85.6
1974,-124.17,40.77,30,1895,366,990,359,2.2227,81.3
1975,-124.18,40.78,34,1592,364,950,317,2.1607,67
1976,-124.19,40.77,30,2975,634,1367,583,2.442,69
1977,-124.14,40.8,32,1373,312,872,306,2.5,72.6
1978,-124.15,40.8,47,1486,335,765,329,1.755,74.1
1979,-124.16,40.8,52,2167,480,908,451,1.6111,74.7
1980,-124.16,40.8,52,1703,500,952,435,1.1386,74.1
1981,-124.15,40.78,41,2127,358,911,349,3.1711,104.2
1982,-124.16,40.79,46,3042,597,1206,541,2.1135,90.6
1983,-124.15,40.79,37,2692,488,1263,486,3.0216,86.4
1984,-124.14,40.77,27,3046,605,1407,571,2.9143,99.6
1985,-124.15,40.78,36,2112,374,829,368,3.3984,90
1986,-124.11,40.81,23,959,212,425,175,2.5536,96.1
1987,-124.13,40.78,34,2142,420,1056,382,2.1101,86.9
1988,-124.13,40.8,31,2152,462,1259,420,2.2478,81.1
1989,-124.13,40.79,29,2474,453,1130,427,2.8833,83
1990,-124.13,40.79,32,2017,359,855,346,3.5833,92.8
1991,-124.06,40.86,34,4183,702,1891,669,3.2216,98.1
1992,-124.05,40.85,31,2414,428,1005,401,3.5156,143
1993,-124.09,40.86,25,1322,387,794,379,1.1742,75
1994,-124.08,40.87,29,1710,469,990,425,1.1479,101.1
1995,-124.09,40.88,50,921,187,420,187,2.2188,105.8
1996,-124.07,40.87,31,334,134,780,130,0.7684,153.1
1997,-124.15,40.88,33,2235,506,1165,441,1.725,57.5
1998,-124.09,40.88,31,1982,495,1052,467,1.5326,74.1
1999,-124.09,40.88,26,2683,555,1353,526,2.4321,82.1
2000,-124.1,40.9,18,4032,798,1948,775,2.7321,92.6
2001,-124.23,40.81,52,1112,209,544,172,3.3462,50.8
2002,-123.74,40.66,25,2395,431,983,375,3.0469,136
2003,-124.08,40.91,13,2522,719,1381,628,1.6667,78.8
2004,-123.76,41.03,24,2386,565,1058,414,2.0644,79.8
2005,-123.85,41.32,31,938,238,425,157,1.0486,36.7
2006,-123.72,41.09,19,1970,431,1166,363,1.8208,50
2007,-123.63,41.11,19,1797,384,1033,327,1.4911,59.2
2008,-123.66,41.3,22,1580,372,686,264,1.8065,62.7
2009,-123.52,41.01,17,1564,345,517,222,2.1542,83.8
2010,-124.08,41.36,29,1029,239,509,196,2.0156,62.8
2011,-124.06,41.13,22,3263,799,1384,578,2.4708,119.4
2012,-124.14,41.06,32,1020,215,421,198,3.0208,143.4
2013,-124.1,41.04,26,1633,380,890,370,1.9741,97.9
2014,-124.01,40.97,21,1513,319,943,301,3.538,102.7
2015,-124,40.92,29,1429,268,672,266,2.9485,98.8
2016,-124.01,40.89,28,1470,336,811,314,2.4559,75.6
2017,-123.98,40.88,41,1719,372,844,336,2.6923,84.2
2018,-123.88,40.93,28,1272,259,519,220,3.2891,106.3
2019,-124.08,40.99,18,3297,662,1554,578,2.6847,111.3
2020,-124.16,40.95,20,1075,214,529,196,3.1406,96
2021,-124.11,40.95,19,1734,365,866,342,2.96,81.7
2022,-124.09,40.95,18,2250,484,1248,472,2.5893,99.6
2023,-124.11,40.93,25,2392,474,1298,461,3.5076,73.6
2024,-124.08,40.94,18,1550,345,941,335,2.3147,70.1
2025,-124.09,40.92,12,2497,491,1153,462,2.8182,126.9
2026,-124.05,40.94,14,1452,217,516,181,5.0329,165.6
2027,-124.1,40.95,17,1485,345,823,316,1.8993,78.4
2028,-124.07,40.81,23,2103,411,1019,387,2.9911,119.7
2029,-124.02,40.72,28,3513,634,1658,598,3.8095,119.9
2030,-124.1,40.73,33,644,129,334,121,3.9659,111.8
2031,-124.17,40.74,17,2026,338,873,313,4.0357,128.9
2032,-124.14,40.67,23,580,117,320,109,4.2054,130.6
2033,-124.19,40.73,21,5694,1056,2907,972,3.5363,90.1
2034,-124.21,40.75,32,1218,331,620,268,1.6528,58.1
2035,-124.27,40.69,36,2349,528,1194,465,2.5179,79
2036,-124.17,40.62,32,1595,309,706,277,2.8958,86.4
2037,-124.13,40.62,43,2131,399,910,389,2.5804,92.1
2038,-124.15,40.59,39,1186,238,539,212,2.0938,79.6
2039,-124.14,40.59,22,1665,405,826,382,1.5625,66.8
2040,-124.14,40.59,17,2985,610,1544,584,2.178,76.8
2041,-124.09,40.55,24,2978,553,1370,480,2.7644,97.3
2042,-123.96,40.57,31,1854,365,883,310,2.3167,92.6
2043,-123.73,40.48,25,2015,524,746,251,1.7153,77.1
2044,-124.14,40.58,25,1899,357,891,355,2.6987,92.5
2045,-124.14,40.57,29,2864,600,1314,562,2.1354,75.1
2046,-124.1,40.5,30,1927,393,996,374,2.2357,72.3
2047,-124.1,40.5,42,2380,553,1300,504,1.7574,57.5
2048,-124.09,40.44,38,2220,426,1041,401,2.3947,70.5
2049,-124.03,40.45,34,1006,213,443,158,2.6094,71.3
2050,-124.26,40.58,52,2217,394,907,369,2.3571,111.4
2051,-124.23,40.54,52,2694,453,1152,435,3.0806,106.7
2052,-124.35,40.54,52,1820,300,806,270,3.0147,94.6
2053,-124.25,40.28,32,1430,419,434,187,1.9417,76.1
2054,-124.08,40.06,17,1319,267,393,163,2.625,135.6
2055,-124,40.22,16,2088,535,816,326,1.319,70.7
2056,-123.84,40.28,28,2809,605,1093,438,2.0962,74
2057,-123.68,40.24,31,1852,452,917,359,1.725,54.3
2058,-123.82,40.16,19,2283,634,1184,453,1.2227,76.8
2059,-123.82,40.12,33,2985,591,1221,486,2.087,82.4
2060,-123.75,40.11,35,2052,477,900,402,1.9625,101.5
2061,-123.78,40.05,17,2019,496,899,347,2.1864,101.9
2062,-115.52,33.12,38,1327,262,784,231,1.8793,60.8
2063,-115.52,33.13,18,1109,283,1006,253,2.163,53.4
2064,-115.46,33.19,33,1234,373,777,298,1,40
2065,-115.51,33.24,32,1995,523,1069,410,1.6552,43.3
2066,-115.6,33.2,37,709,187,390,142,2.4511,72.5
2067,-115.73,33.09,27,452,103,258,61,2.9,87.5
2068,-115.62,33.04,17,1009,231,745,217,2.0463,61.2
2069,-115.62,33.04,20,1121,244,766,230,2.2969,62
2070,-115.6,33.04,31,314,61,152,56,3.3472,91.7
2071,-115.41,32.99,29,1141,220,684,194,3.4038,107.8
2072,-115.52,32.98,32,1615,382,1307,345,1.4583,58.6
2073,-115.52,32.98,21,1302,327,1244,316,2.2054,66.4
2074,-115.53,32.99,25,2578,634,2082,565,1.7159,62.2
2075,-115.54,32.98,27,1513,395,1121,381,1.9464,60.6
2076,-115.54,32.99,17,1697,268,911,254,4.3523,96
2077,-115.55,32.98,24,2565,530,1447,473,3.2593,80.8
2078,-115.54,32.97,41,2429,454,1188,430,3.0091,70.8
2079,-115.53,32.97,35,1583,340,933,318,2.4063,70.7
2080,-115.55,32.98,33,2266,365,952,360,5.4349,143
2081,-115.56,32.96,21,2164,480,1164,421,3.8177,107.2
2082,-115.53,32.97,34,2231,545,1568,510,1.5217,60.3
2083,-115.52,32.97,10,1879,387,1376,337,1.9911,67.5
2084,-115.32,32.82,34,591,139,327,89,3.6528,100
2085,-115.39,32.76,16,1136,196,481,185,6.2558,146.3
2086,-115.37,32.81,23,1458,294,866,275,2.3594,74.3
2087,-115.37,32.82,14,1276,270,867,261,1.9375,80.9
2088,-115.38,32.82,38,1892,394,1175,374,1.9939,65.8
2089,-115.38,32.81,35,1263,262,950,241,1.8958,67.5
2090,-115.37,32.81,32,741,191,623,169,1.7604,68.6
2091,-115.57,32.85,33,1365,269,825,250,3.2396,62.3
2092,-115.57,32.85,17,1039,256,728,246,1.7411,63.5
2093,-115.57,32.84,29,1207,301,804,288,1.9531,61.1
2094,-115.57,32.83,31,1494,289,959,284,3.5282,67.5
2095,-115.59,32.85,20,1608,274,862,248,4.875,90.8
2096,-115.6,32.87,3,1629,317,1005,312,4.1293,83.2
2097,-115.64,32.8,23,1228,235,569,235,3.1667,125
2098,-115.73,32.8,44,472,81,206,57,2.2083,93.8
2099,-115.72,32.75,16,348,99,123,54,2.0938,87.5
2100,-115.64,32.75,19,377,69,198,55,1.625,112.5
2101,-115.58,32.81,5,805,143,458,143,4.475,96.3
2102,-115.55,32.82,34,1540,316,1013,274,2.5664,67.5
2103,-115.58,32.81,10,1088,203,533,201,3.6597,87.5
2104,-115.57,32.8,16,1307,359,961,327,1.1853,72.6
2105,-115.57,32.8,16,2276,594,1184,513,1.875,93.8
2106,-115.48,32.8,21,1260,246,805,239,2.6172,88.5
2107,-115.52,32.77,18,1715,337,1166,333,2.2417,79.2
2108,-115.52,32.73,17,1190,275,1113,258,2.3571,63.1
2109,-115.55,32.79,22,565,162,692,141,1.2083,53.6
2110,-115.54,32.79,30,752,194,733,186,1.6607,56.1
2111,-115.54,32.79,23,1712,403,1370,377,1.275,60.4
2112,-115.55,32.79,23,1004,221,697,201,1.6351,59.6
2113,-115.57,32.8,33,1192,213,1066,211,4.5714,68.6
2114,-115.56,32.8,25,1311,375,1193,351,2.1979,63.9
2115,-115.56,32.8,28,1672,416,1335,397,1.5987,59.4
2116,-115.56,32.8,15,1171,328,1024,298,1.3882,69.4
2117,-115.56,32.79,18,1178,438,1377,429,1.3373,58.3
2118,-115.56,32.78,34,2856,555,1627,522,3.2083,76.2
2119,-115.56,32.79,20,2372,835,2283,767,1.1707,62.5
2120,-115.57,32.79,50,1291,277,864,274,1.6667,68.1
2121,-115.56,32.78,46,2511,490,1583,469,3.0603,70.8
2122,-115.56,32.78,35,1185,202,615,191,4.6154,86.2
2123,-115.56,32.78,29,1568,283,848,245,3.1597,76.2
2124,-115.55,32.78,5,2652,606,1767,536,2.8025,84.3
2125,-115.59,32.79,8,2183,307,1000,287,6.3814,159.9
2126,-115.58,32.79,14,1687,507,762,451,1.6635,64.4
2127,-115.57,32.79,34,1152,208,621,208,3.6042,73.6
2128,-115.57,32.78,29,2321,367,1173,360,4.0375,86.4
2129,-115.57,32.78,20,1534,235,871,222,6.2715,97.2
2130,-115.57,32.78,15,1413,279,803,277,4.3021,87.5
2131,-115.56,32.76,15,1278,217,653,185,4.4821,140.3
2132,-115.59,32.69,30,935,177,649,148,2.5769,94.4
2133,-115.49,32.69,17,1960,389,1691,356,1.899,64
2134,-115.48,32.68,15,3414,666,2097,622,2.3319,91.2
2135,-115.5,32.67,35,2159,492,1694,475,2.1776,75.5
2136,-115.49,32.67,29,1523,440,1302,393,1.1311,84.7
2137,-115.51,32.68,11,2872,610,2644,581,2.625,72.7
2138,-116.05,33.33,17,290,94,135,57,1.7292,81.3
2139,-116,33.19,16,245,57,81,33,1.2639,51.3
2140,-115.88,32.93,15,208,49,51,20,4.0208,32.5
2141,-116,32.74,26,1134,280,329,158,1.4338,43.9
2142,-115.9,32.69,18,414,86,98,54,1.5417,57.5
2143,-116.01,33.41,20,1996,515,659,295,2.8684,62.8
2144,-115.99,33.4,15,1945,536,515,273,2.0109,54.3
2145,-115.94,33.38,5,186,43,41,21,2.7,58.8
2146,-115.98,33.32,8,240,46,63,24,1.4688,53.8
2147,-115.91,33.36,15,459,95,160,73,0.922,67.5
2148,-115.9,33.34,19,1210,248,329,155,1.7857,62.8
2149,-115.96,33.3,27,322,81,112,57,1.125,54.4
2150,-115.95,33.28,12,99,25,37,17,1.8958,53.8
2151,-115.8,33.26,2,96,18,30,16,5.3374,47.5
2152,-114.73,33.43,24,796,243,227,139,0.8964,59.2
2153,-114.98,33.07,18,1183,363,374,127,3.1607,57.5
2154,-115.73,33.36,19,749,238,476,169,1.7727,50
2155,-115.73,33.35,23,1586,448,338,182,1.2132,30
2156,-114.65,32.79,21,44,33,64,27,0.8571,25
2157,-114.55,32.8,19,2570,820,1431,608,1.275,56.1
2158,-114.63,32.76,15,1448,378,949,300,0.8585,45
2159,-114.66,32.74,17,1388,386,775,320,1.2049,44
2160,-118.18,37.35,16,3806,794,1501,714,2.1212,108.3
2161,-118.6,37.39,19,2682,518,1134,399,3.2132,166
2162,-118.45,37.25,20,1468,283,721,270,3.0817,118.8
2163,-118.45,37.37,26,3135,524,1385,523,4.337,139.7
2164,-118.42,37.35,21,3302,557,1413,520,4.375,180.4
2165,-118.42,37.36,18,2281,520,1425,465,1.7388,54.4
2166,-118.4,37.36,34,2465,619,1172,575,1.9722,116.1
2167,-118.39,37.37,25,3295,824,1477,770,1.8325,105.8
2168,-118.39,37.36,38,1813,410,902,396,2.3261,98.4
2169,-118.3,37.17,22,3480,673,1541,636,2.75,94.5
2170,-117.9,36.95,19,99,26,51,22,1.7292,137.5
2171,-118.31,36.94,35,2563,530,861,371,2.325,80.6
2172,-118.05,36.64,34,2090,478,896,426,2.0357,74.2
2173,-118.18,36.63,23,2311,487,1019,384,2.2574,104.7
2174,-117.69,36.13,25,1709,439,632,292,1.7868,45.5
2175,-117.02,36.4,19,619,239,490,164,2.1,14.999
2176,-116.22,36,14,1372,386,436,213,1.1471,32.9
2177,-119.02,35.42,42,2271,458,1124,447,2.7583,64.9
2178,-119.03,35.42,45,1628,352,754,334,2.5703,62.4
2179,-119.03,35.42,38,2952,598,1491,568,2.6094,67.9
2180,-119.03,35.45,14,3520,604,1748,582,4.3162,87.1
2181,-119.05,35.44,5,2133,487,1182,438,3.0268,77
2182,-119.02,35.44,29,3415,631,1527,597,4.0125,84.4
2183,-119.02,35.42,40,1089,226,520,218,2.2727,67.2
2184,-119.02,35.42,36,2044,447,1021,374,1.8472,57.4
2185,-119.02,35.42,40,1912,439,1015,413,1.4598,52.6
2186,-119.03,35.42,42,1705,418,905,393,1.6286,54.6
2187,-119.03,35.41,41,1808,435,1005,373,1.7857,54.3
2188,-119.04,35.42,47,1691,402,913,358,1.8403,54.7
2189,-119.05,35.42,41,1992,421,1006,419,2.8393,57
2190,-119.05,35.42,35,2353,483,1368,455,2.325,63.2
2191,-119.02,35.41,21,2534,554,1297,517,2.0575,67
2192,-119.02,35.41,41,2221,516,1106,473,1.97,51.9
2193,-119.03,35.41,37,1761,443,911,365,2.0331,53.2
2194,-119.04,35.41,25,1577,310,844,309,3.0625,69.4
2195,-119.02,35.41,31,2348,701,1413,611,1.3222,51.4
2196,-119.03,35.4,35,2608,620,1566,583,2.1818,63.5
2197,-119.04,35.41,20,3268,833,1622,758,1.3587,67.5
2198,-119.08,35.42,10,4159,608,2089,591,5.5261,132
2199,-119.07,35.42,19,3889,832,1872,731,2.6812,107.6
2200,-119.11,35.42,52,154,28,37,16,10.0263,200
2201,-119.05,35.4,18,1894,319,846,317,3.8611,126.4
2202,-119.08,35.39,10,6435,1040,3242,1030,5.575,132.2
2203,-119.01,35.4,11,8739,2190,4781,1919,1.7109,44.6
2204,-119.01,35.39,29,1820,459,1134,419,1.8289,59.4
2205,-119.01,35.38,36,790,224,426,208,1.4427,50.6
2206,-118.99,35.4,43,2225,392,890,374,4.0208,90.4
2207,-118.99,35.4,48,1908,331,789,321,3.5714,84.6
2208,-119,35.39,42,2839,516,1203,487,3.7708,79.4
2209,-118.97,35.41,36,1896,315,937,303,3.996,85.5
2210,-118.97,35.4,34,1859,323,854,309,3.1906,76.2
2211,-118.98,35.4,34,813,171,440,170,2.8393,69.8
2212,-118.98,35.4,36,1443,273,680,259,2.9821,73.1
2213,-118.98,35.4,36,1864,331,1052,325,3.4205,76.6
2214,-118.96,35.4,28,4667,875,2404,841,3.2325,89
2215,-118.96,35.41,29,3548,729,1542,659,2.947,87.1
2216,-118.95,35.4,23,4483,894,2136,883,3.6875,101.7
2217,-118.96,35.39,23,5624,1148,2842,1042,3.1297,79
2218,-118.95,35.38,35,2220,388,906,373,3.5938,95.2
2219,-118.96,35.38,41,2417,435,973,406,3.0568,85.6
2220,-118.94,35.38,26,4800,831,2365,743,3.7533,87
2221,-118.92,35.38,33,3122,579,1733,545,3.8307,70.6
2222,-118.95,35.41,21,3999,727,1889,688,3.875,99.5
2223,-118.94,35.4,14,5548,941,2815,935,4.2214,104.6
2224,-118.94,35.39,27,3074,452,1223,452,5.4592,139.1
2225,-118.94,35.39,13,3137,417,1318,397,7.7751,194.1
2226,-118.9,35.41,6,4656,971,2320,935,3.0938,100.8
2227,-118.94,35.41,10,3216,526,1539,483,6.3639,143
2228,-118.91,35.4,10,3587,774,1398,763,2.569,113
2229,-118.87,35.37,14,2458,433,1352,411,3.5441,87
2230,-118.91,35.37,32,4121,755,2590,721,3.3462,67.6
2231,-118.88,35.34,20,1351,255,762,253,2.1111,105.3
2232,-118.92,35.37,17,3589,701,1746,640,2.4919,75.7
2233,-118.93,35.37,34,2412,446,1558,421,2.6903,62.8
2234,-118.94,35.37,33,3372,741,2352,704,2.0643,57.6
2235,-118.94,35.37,23,1106,252,790,230,1.8523,59.7
2236,-118.95,35.37,34,1672,359,1059,349,2.1588,61.3
2237,-118.94,35.37,37,1667,362,971,335,2.875,57.4
2238,-118.95,35.37,37,1475,327,946,295,1.6728,55.4
2239,-118.96,35.37,41,1463,339,1066,318,1.7467,52.4
2240,-118.96,35.37,40,1603,374,1026,337,1.365,54.3
2241,-118.97,35.38,32,1361,363,1483,297,1.625,46.8
2242,-118.98,35.38,39,1497,383,1182,355,1.0648,50
2243,-118.97,35.38,42,1185,358,1038,299,0.9951,48
2244,-118.97,35.37,41,2396,602,1781,543,1.8819,58
2245,-118.97,35.38,35,1673,426,1041,413,1.375,57.5
2246,-118.99,35.38,26,1317,374,1025,304,1.4024,51
2247,-118.99,35.38,30,1390,361,1116,298,1.3451,57.5
2248,-118.98,35.39,22,1812,457,1592,420,1.4146,49.1
2249,-118.98,35.38,24,1807,465,1460,410,1.4786,54.8
2250,-118.98,35.38,34,1020,247,795,228,1.625,50.8
2251,-118.98,35.38,28,1171,299,1193,273,0.8639,49.4
2252,-118.99,35.39,39,2228,542,1516,435,1.6009,48.8
2253,-118.99,35.39,36,1438,348,1054,341,1.8319,55.4
2254,-118.99,35.39,52,2805,573,1325,522,2.5083,70.1
2255,-118.98,35.39,29,607,177,476,143,1.1875,50.7
2256,-118.99,35.37,36,832,198,814,174,1.4773,57.4
2257,-118.97,35.37,52,425,119,380,97,1.4125,42.5
2258,-119.01,35.38,44,434,110,274,86,1.1944,57.5
2259,-119.01,35.38,52,114,26,158,26,1.075,67.5
2260,-119.01,35.37,44,593,136,364,121,1.4779,66
2261,-119.02,35.38,52,90,35,36,31,0.8054,60
2262,-119.02,35.38,48,346,92,129,63,1.1875,63.8
2263,-119.02,35.39,52,191,52,106,49,2.0455,72.5
2264,-119.01,35.37,45,629,143,568,139,1.7321,84.4
2265,-119.03,35.38,52,1695,290,540,260,2.7312,147.1
2266,-119.03,35.37,52,1503,367,554,277,1.6786,126.6
2267,-119.04,35.37,44,1618,310,667,300,2.875,82.7
2268,-119.03,35.39,28,4513,764,1593,763,2.9821,118.7
2269,-119.04,35.36,36,1942,414,1051,411,1.8362,66.9
2270,-119.05,35.36,30,4635,800,2307,754,3.6548,84.7
2271,-119.05,35.36,16,4507,1049,2261,959,3.3261,118.4
2272,-119.07,35.36,19,5254,894,2155,831,4.6705,110.7
2273,-119.08,35.36,12,6442,1116,2966,1092,4.5791,123.4
2274,-119.06,35.36,9,1228,234,409,212,4.3482,95.2
2275,-119.03,35.37,42,2508,483,1035,442,2.6513,72.3
2276,-119.04,35.36,40,1533,312,771,306,3.0435,69.5
2277,-119.04,35.37,46,1637,338,714,297,2.1818,75.3
2278,-119.02,35.37,44,2687,620,1521,549,1.7213,61.6
2279,-119.02,35.36,48,1833,396,947,363,2.2827,70
2280,-119.02,35.36,47,1631,340,847,315,2.5062,73.7
2281,-119.01,35.37,38,1702,380,1191,366,1.8801,57.8
2282,-119.01,35.36,38,1838,388,1203,373,1.6797,60.7
2283,-119.01,35.36,36,2658,626,1490,529,1.2157,57
2284,-119.01,35.36,24,1941,484,1277,435,1.056,51.6
2285,-119.01,35.37,33,821,181,579,172,1.2469,46.7
2286,-119,35.36,40,850,227,764,186,0.9407,43.6
2287,-119,35.36,39,896,217,805,197,1.25,42.5
2288,-119,35.36,35,1021,280,1258,239,1.7375,48.6
2289,-118.98,35.37,36,1562,398,1223,329,0.9675,47.1
2290,-118.98,35.36,29,1244,266,933,227,1.6981,49.4
2291,-118.98,35.36,15,1482,338,1059,279,1.2617,42.7
2292,-118.99,35.36,18,1524,354,1210,344,1.1136,47.8
2293,-118.99,35.36,31,1498,359,1168,340,1.2232,49.3
2294,-118.94,35.36,19,2714,512,1823,500,3.1281,76.2
2295,-118.95,35.36,30,2294,508,1753,482,2.1078,54.7
2296,-118.96,35.37,32,1025,259,874,236,1.9612,53.4
2297,-118.96,35.36,35,2285,497,1738,480,2.4848,54
2298,-118.97,35.37,34,1379,333,1156,315,1.7197,48.9
2299,-118.95,35.32,29,3480,608,2007,541,3.2738,78.7
2300,-118.98,35.35,21,496,131,511,124,1.7614,33.2
2301,-118.99,35.35,27,1615,355,1380,332,1.6632,49.8
2302,-119,35.35,31,2931,716,1969,588,2.2155,62.1
2303,-118.99,35.35,32,1293,317,1109,286,1.1786,45.6
2304,-119.01,35.35,34,1354,325,922,304,2.1875,58
2305,-119.01,35.34,44,1730,343,782,278,3.0208,63.7
2306,-119.01,35.35,39,598,149,366,132,1.9125,57.9
2307,-119.02,35.35,38,1472,305,670,282,2.2407,76
2308,-119.03,35.34,36,3474,645,1679,616,2.7256,71.9
2309,-119.03,35.35,34,1441,294,695,275,2.6875,73.7
2310,-119.04,35.35,31,1607,336,817,307,2.5644,73
2311,-119.04,35.35,27,4590,897,2212,894,3.1753,85
2312,-119.06,35.35,20,9351,2139,4584,1953,2.575,69.9
2313,-119.05,35.34,14,3580,984,1933,912,2.6637,175
2314,-119.05,35.33,18,12707,2685,7009,2552,2.9438,87.2
2315,-119.05,35.34,17,2387,437,1204,423,4.0529,106.2
2316,-119.07,35.34,16,4201,786,1667,724,4.8839,134.1
2317,-119.12,35.33,4,8574,1489,4250,1444,5.1036,103.4
2318,-119.1,35.35,5,4597,1071,1916,870,4.0327,131
2319,-119.08,35.34,16,1535,238,768,236,5.4449,118.5
2320,-119.08,35.32,8,11609,2141,5696,2100,5.0012,106.3
2321,-119.09,35.33,9,7085,1148,3084,1052,4.997,142.9
2322,-119.07,35.33,13,9027,1901,4870,1797,3.406,100.7
2323,-119.06,35.33,14,5264,1064,3278,1049,3.8117,82.8
2324,-119.02,35.34,34,2861,510,1375,486,3.4286,71.4
2325,-119.03,35.33,21,3057,698,1627,680,2.7083,84.7
2326,-119.03,35.34,34,2221,436,1131,408,3.0486,68.5
2327,-119.01,35.34,36,973,219,613,187,1.5625,46.7
2328,-119.01,35.33,42,1120,255,677,213,1.5429,39.4
2329,-119,35.33,35,991,221,620,207,1.9417,53.8
2330,-119.01,35.33,32,3068,628,1897,607,2.4234,63.7
2331,-119.02,35.33,35,2053,412,1193,387,2.75,65.8
2332,-119.02,35.34,35,1650,390,1145,343,1.5357,56.5
2333,-118.99,35.32,35,1576,405,870,282,1.6575,59.5
2334,-118.99,35.3,33,2248,434,1461,405,2.9402,56.2
2335,-119,35.31,37,1337,275,767,273,1.6522,53.3
2336,-119.09,35.3,3,2821,519,1353,495,3.6852,109.8
2337,-119.04,35.32,20,37,11,34,8,1.2,50
2338,-119.05,35.32,11,7035,1455,3525,1387,3.4827,93.6
2339,-119.03,35.32,12,2721,549,1294,523,2.5575,100.2
2340,-119.02,35.32,14,2927,588,1821,561,3.3529,82.6
2341,-119.05,35.3,9,10822,1994,6241,1906,4.0631,88.2
2342,-119.02,35.3,10,7397,1369,4611,1310,3.6369,81.6
2343,-119.01,35.32,23,4870,965,2717,928,2.596,70
2344,-119.01,35.31,19,7092,1517,4101,1436,2.1006,74.8
2345,-119.01,35.3,7,8596,1597,4893,1520,3.9054,80.9
2346,-119.07,35.27,25,3081,635,1830,591,2.5804,97.9
2347,-119.13,35.22,5,6268,1003,3269,980,5.1457,118.2
2348,-119.01,35.28,10,7011,1453,4163,1307,2.7659,77.5
2349,-118.99,35.27,32,444,102,242,87,1.1528,150
2350,-118.93,34.82,24,806,168,323,136,3.5,113.9
2351,-118.95,34.83,18,3278,762,1338,550,2.9891,116.5
2352,-118.95,34.81,30,2817,604,1089,412,3.1364,123.5
2353,-119.15,34.83,6,8733,1600,2006,736,4.5724,168.4
2354,-119.16,34.95,14,4054,787,1581,579,3.0882,148.2
2355,-118.93,34.82,8,508,111,229,84,4.0332,128.3
2356,-119.4,35.06,21,2213,458,1250,440,2.9187,52.1
2357,-119.45,35.07,45,973,183,500,177,2.6389,30
2358,-119.42,35.19,26,890,172,483,170,4.15,68.2
2359,-119.5,35.27,23,3827,696,1993,617,3.0742,57.9
2360,-119.48,35.17,36,116,20,39,18,3.125,37.5
2361,-119.45,35.16,34,3437,696,1783,608,2.3912,52.9
2362,-119.46,35.17,40,4164,812,1998,773,2.8323,50.8
2363,-119.46,35.14,30,2943,697,1565,584,2.5313,45.8
2364,-119.45,35.15,33,5050,964,2293,919,3.1592,75.4
2365,-119.45,35.13,34,1440,309,808,294,2.3013,26.6
2366,-119.46,35.13,46,2745,543,1423,482,2.1955,26.9
2367,-119.47,35.13,44,4599,877,2140,831,2.9952,63.8
2368,-119.47,35.4,32,2167,421,1301,394,1.9718,69.8
2369,-119.42,35.4,24,2585,480,1442,424,2.8452,104.7
2370,-119.12,35.41,12,5589,941,3018,917,4.4561,96.9
2371,-119.11,35.39,22,984,176,451,170,3.25,88.9
2372,-119.12,35.39,13,1264,202,552,187,4.5903,94.3
2373,-119.19,35.41,12,2835,471,1399,413,4.4125,149
2374,-119.2,35.37,6,7383,1095,3415,1059,5.3119,157.3
2375,-119.11,35.38,37,2044,394,894,359,2.9453,82.8
2376,-119.12,35.37,13,4527,713,2170,671,4.8266,146.2
2377,-119.18,35.5,36,1253,259,932,249,2.1635,110.4
2378,-119.28,35.52,36,786,194,573,134,2.2321,37.5
2379,-119.27,35.49,39,2649,572,1815,547,2.3533,65.4
2380,-119.27,35.5,34,1367,329,796,319,2.8269,61.1
2381,-119.28,35.5,34,1923,379,1101,351,2.4044,65.8
2382,-119.28,35.5,28,3107,782,3260,738,1.6944,58.6
2383,-119.27,35.5,21,2171,483,1315,450,1.7105,52.1
2384,-119.38,35.49,34,2304,437,1506,403,2.2071,64.6
2385,-119.34,35.6,16,1584,309,1011,268,2.4961,58.8
2386,-119.36,35.55,29,510,84,236,73,2.7,125
2387,-119.34,35.59,33,3240,654,1809,616,2.3934,71.9
2388,-119.33,35.6,32,2703,683,2682,675,1.4619,60.5
2389,-119.35,35.59,14,2719,502,1497,457,3.176,71.8
2390,-119.33,35.59,20,3085,691,2645,676,1.7868,54.1
2391,-119.69,35.62,18,820,239,1345,207,2.1186,47.5
2392,-119.77,35.65,21,2403,483,1647,415,2.6066,80
2393,-119.14,35.76,30,735,137,421,113,2.5625,156.3
2394,-119.29,35.76,15,3938,789,3500,768,2.1295,59.8
2395,-119.19,35.64,29,1476,220,902,205,2.6726,83.3
2396,-119.24,35.68,21,1885,398,1539,388,2.5208,58.5
2397,-119.22,35.68,16,2874,677,3078,651,1.8843,55.2
2398,-119.24,35.67,32,3216,750,2639,709,2.0025,54.7
2399,-119.25,35.78,27,1513,342,1346,323,2.7411,59.8
2400,-119.25,35.76,36,2332,656,2175,610,1.6045,57.3
2401,-119.25,35.75,36,1598,443,1658,417,1.517,52.1
2402,-119.25,35.79,8,3271,797,2700,688,1.7418,62.2
2403,-119.23,35.78,8,1612,343,1230,330,2.1806,67.2
2404,-119.23,35.79,31,2862,606,2467,600,2.3125,62.1
2405,-119.24,35.77,28,1737,521,1764,514,1.7813,67.8
2406,-119.23,35.77,36,3225,635,2034,593,2.4044,72.5
2407,-119.23,35.74,16,2275,659,1914,614,2.033,68.4
2408,-118.92,35.47,6,1755,280,664,254,6.2885,216.4
2409,-119.01,35.44,20,3458,651,1465,621,2.5806,82.5
2410,-118.93,35.44,13,1439,237,557,227,6.1563,204.2
2411,-118.31,35.74,18,2327,642,799,335,1.8419,92.3
2412,-118.06,35.68,15,1962,403,730,321,2.25,67.5
2413,-118.44,35.75,23,3166,700,1097,493,2.6288,96
2414,-118.47,35.72,18,4754,1075,1366,690,2.0694,81.2
2415,-118.5,35.7,18,3303,814,986,522,1.5957,101.4
2416,-118.59,35.72,28,1491,408,98,48,1.4205,90
2417,-118.87,35.65,33,1504,325,584,223,3.4792,94.6
2418,-118.23,35.48,17,2354,514,775,380,1.8369,59.4
2419,-118.33,35.64,15,2966,669,1007,465,1.5667,72.5
2420,-118.41,35.63,15,5907,1257,2310,1001,2.3125,96.9
2421,-118.45,35.62,18,2304,527,782,390,1.4141,75.8
2422,-118.47,35.64,17,2248,535,927,427,1.3023,68.5
2423,-118.48,35.61,17,4002,930,1614,731,1.6236,67.3
2424,-118.45,35.58,16,5396,1182,1802,807,1.8819,69.7
2425,-118.61,35.47,13,2267,601,756,276,2.5474,78.4
2426,-117.73,35.73,35,2916,594,1870,432,3.625,55
2427,-117.66,35.63,33,2579,564,1155,431,2.0441,42.1
2428,-117.67,35.65,18,2737,589,1128,533,2.8,72
2429,-117.68,35.65,15,2701,576,1245,513,3.3269,81.9
2430,-117.69,35.65,5,1131,276,520,232,4.0167,87.5
2431,-117.7,35.64,8,2683,416,1154,399,5.8625,109.4
2432,-117.67,35.64,6,2115,342,927,337,6.1935,115.7
2433,-117.67,35.63,32,3661,787,1613,706,3.0687,63.5
2434,-117.69,35.63,5,3151,482,1335,428,5.5773,109
2435,-117.7,35.62,18,2657,496,1426,483,3.5931,71.9
2436,-117.68,35.61,9,4241,832,1929,742,3.5988,84.5
2437,-117.68,35.62,30,2994,741,1481,581,2.1458,52.4
2438,-117.64,35.61,10,2656,506,1349,501,4.25,83.2
2439,-117.66,35.62,11,5897,1138,2728,1072,4.15,85.7
2440,-117.66,35.61,5,5735,932,2623,862,4.8494,87.2
2441,-117.66,35.6,14,1740,391,850,317,2.5812,91.7
2442,-117.76,35.63,12,2014,372,1027,356,3.9261,101.3
2443,-117.68,35.55,9,3811,605,1518,568,5.5551,142.5
2444,-117.81,35.65,19,1124,290,598,261,1.8984,54.3
2445,-117.87,35.73,13,2566,449,1181,414,4.1518,91.8
2446,-117.84,35.54,11,1751,316,765,296,5.0762,98
2447,-117.74,35.65,15,2357,484,1110,442,3.1755,81.7
2448,-117.84,35.35,28,1913,486,858,371,1.9962,50.8
2449,-118,35.05,21,1739,425,945,362,3.4015,86.5
2450,-117.82,35.03,30,2555,510,1347,467,3.3693,71.8
2451,-117.79,35.21,4,2,2,6,2,2.375,137.5
2452,-118.01,35.12,15,1926,361,917,316,3.3889,68.5
2453,-117.98,35.13,5,4849,920,2504,847,3.5391,81.9
2454,-117.95,35.13,4,2630,502,1150,422,4.25,104.4
2455,-117.95,35.08,1,83,15,32,15,4.875,141.7
2456,-117.98,35.1,4,923,166,352,135,4.5724,84.5
2457,-117.99,35.16,15,2180,416,960,370,2.875,87.8
2458,-118.27,34.92,20,873,175,422,159,2.9583,91.7
2459,-118.34,34.86,11,7353,1482,3571,1308,2.8097,130
2460,-117.68,35.03,28,2969,648,1644,570,3.4338,54.9
2461,-117.68,34.99,33,1589,307,853,272,4.2292,64.4
2462,-117.65,35,36,1184,316,672,241,1.9107,39.8
2463,-118.15,34.86,10,4597,1009,2227,821,2.6149,83.5
2464,-118.17,34.87,9,1507,293,761,278,3.0184,87.9
2465,-118.19,34.87,2,2103,389,923,338,5.0553,111.1
2466,-118.15,35.06,15,1069,296,569,263,2.0441,73.3
2467,-118.16,35.05,44,1297,307,776,278,2.5875,68.9
2468,-118.19,35.05,14,2992,573,1631,526,3.7452,83.2
2469,-118.15,35.04,29,1671,368,821,337,2.16,56.8
2470,-118.51,35.16,7,4371,727,1932,654,4.625,136.8
2471,-118.66,35.2,7,9664,1692,3617,1370,4.0581,162.9
2472,-118.34,35.27,10,2939,605,1167,446,2.3917,79
2473,-118.48,35.14,4,8417,1657,4631,1468,3.6949,115.8
2474,-118.61,35.08,6,3660,646,1243,482,3.4911,137.2
2475,-118.61,34.99,11,4031,766,1539,564,3.8917,120.8
2476,-118.46,35.13,19,3109,640,1457,620,2.6417,94.9
2477,-118.46,35.12,16,4084,812,2033,668,3.2405,85.5
2478,-118.43,35.12,8,1968,376,930,360,3.2632,99.8
2479,-118.44,35.13,34,1170,290,602,266,1.7917,80
2480,-118.44,35.13,21,1899,447,1133,391,1.8636,67.9
2481,-118.91,35.3,28,1793,358,1233,351,2.7845,82.2
2482,-118.95,35.26,24,1341,214,667,184,4,94.5
2483,-118.83,35.27,33,1190,217,717,196,2.6302,81.3
2484,-118.92,35.13,29,1297,262,909,253,1.9236,106.3
2485,-118.82,35.23,31,2358,580,2302,574,1.9688,53.9
2486,-118.83,35.2,17,1959,484,1763,453,2.1357,53.5
2487,-118.82,35.2,34,2185,469,1910,455,2.1136,57.3
2488,-118.85,35.2,17,2783,678,2566,641,1.9907,51.2
2489,-118.91,35.27,29,1401,317,1344,306,2.0921,61.4
2490,-118.9,35.26,31,6145,1492,5666,1457,1.9066,54.6
2491,-118.92,35.26,20,3815,924,3450,920,2.0174,63.7
2492,-118.91,35.24,29,2888,753,2949,699,1.7716,45.5
2493,-119.69,36.41,38,1016,202,540,187,2.2885,75
2494,-119.55,36.37,26,1912,339,1002,311,3.0375,126.3
2495,-119.69,36.38,25,1688,302,879,277,3.3214,103.1
2496,-119.78,36.37,41,831,149,443,146,3.1406,100
2497,-119.87,36.34,26,1414,265,779,249,2.9167,83.9
2498,-119.93,36.32,25,8363,1636,7679,1580,2.0285,106.3
2499,-119.79,36.32,19,3252,614,1971,607,3.0667,75.8
2500,-119.77,36.32,14,3400,618,1867,612,3.9926,92.5
2501,-119.78,36.31,14,1287,291,737,269,3.1667,126.4
2502,-119.77,36.31,14,3677,863,2191,785,2.6218,69.1
2503,-119.79,36.31,25,4984,1029,2414,961,2.2937,72.3
2504,-119.77,36.3,24,2202,471,1052,439,2.1038,62
2505,-119.78,36.3,30,1846,391,1255,352,2.1681,66.6
2506,-119.82,36.32,18,942,193,424,174,2.0673,87.5
2507,-119.78,36.33,16,1006,212,515,200,3.2386,112.5
2508,-119.78,36.27,29,1871,315,1066,309,4.5714,100.8
2509,-119.81,36.28,24,544,112,442,106,3.1071,56.1
2510,-119.72,36.34,33,1287,214,580,210,3.2019,112.5
2511,-119.7,36.32,40,1178,244,586,187,2.6477,43.5
2512,-119.73,36.31,20,2440,433,1579,400,2.8281,60.2
2513,-119.67,36.35,10,1090,164,470,158,4.9432,118.8
2514,-119.65,36.37,4,3725,783,1478,600,3.5486,148
2515,-119.65,36.35,38,3148,568,1378,537,2.8788,85.5
2516,-119.64,36.36,13,2360,340,1055,312,5.2134,97.4
2517,-119.63,36.35,4,1684,343,920,324,4.2396,90.6
2518,-119.62,36.35,10,3674,734,1864,718,2.6145,80.3
2519,-119.64,36.35,30,1765,310,746,298,2.8125,70.2
2520,-119.63,36.34,26,1463,261,699,219,3.5536,71.4
2521,-119.63,36.33,14,2928,600,1633,559,1.8385,67.5
2522,-119.61,36.33,32,1492,284,926,264,3.0139,61.5
2523,-119.63,36.32,36,1518,287,749,255,2.2333,61
2524,-119.65,36.34,46,1730,337,752,323,1.8529,67.2
2525,-119.65,36.34,47,1869,357,832,315,3.0846,76.1
2526,-119.64,36.34,32,2958,670,1504,627,1.8606,56.7
2527,-119.64,36.33,41,3095,766,1852,721,1.4524,51.7
2528,-119.65,36.33,52,1257,257,624,243,2.3523,59.1
2529,-119.65,36.33,47,1059,268,693,241,1.3882,53.8
2530,-119.68,36.32,26,592,121,268,116,1.7596,120.8
2531,-119.67,36.33,19,1241,244,850,237,2.9375,81.7
2532,-119.66,36.33,10,1623,409,988,395,1.4194,58.1
2533,-119.66,36.32,24,2652,568,1532,445,2.3256,56.8
2534,-119.68,36.32,28,1325,276,873,240,2.5833,54.4
2535,-119.68,36.31,12,2739,535,1859,498,2.9936,60.6
2536,-119.65,36.32,11,1294,314,713,290,1.5433,50.4
2537,-119.64,36.32,32,2205,523,1772,479,1.3569,43.1
2538,-119.64,36.31,27,1513,314,1071,284,1.5909,50.1
2539,-119.61,36.31,25,1847,371,1460,353,1.8839,46.3
2540,-119.57,36.27,20,2673,452,1394,449,2.625,97.4
2541,-119.69,36.25,35,2011,349,970,300,2.395,94.1
2542,-119.59,36.11,32,752,159,524,155,2.25,50
2543,-119.57,36.09,6,2015,413,992,319,2.3889,53.2
2544,-119.56,36.1,29,424,78,284,73,1.5313,43.8
2545,-119.56,36.1,25,1093,262,893,252,2.13,50.8
2546,-119.56,36.09,35,1648,285,792,265,3.2847,64.7
2547,-119.56,36.09,14,1267,290,1077,279,1.85,52.3
2548,-119.57,36.1,16,1461,400,1201,384,1.5727,54.8
2549,-119.57,36.1,36,1729,317,737,278,3.5313,68.8
2550,-119.57,36.1,37,1676,316,707,274,2.0595,60.7
2551,-119.74,36.15,21,1548,308,1137,306,2.4688,61.3
2552,-119.82,36.19,33,1293,272,694,229,2.0221,52.2
2553,-119.99,36.09,23,333,92,198,55,0.4999,100
2554,-119.8,36.02,20,156,39,171,37,3.05,225
2555,-120.14,36.04,27,2533,518,1371,461,2.9708,60.9
2556,-120.12,36.01,18,1165,334,1119,308,2.2167,48.5
2557,-120.14,36,33,1726,420,1371,388,2.0335,43.9
2558,-120.12,35.99,7,2049,482,1387,422,2.25,56.2
2559,-120.13,35.87,26,48,8,13,8,2.375,71.3
2560,-120,35.91,16,259,53,131,38,3.125,62.5
2561,-122.89,39.42,16,411,114,26,19,0.4999,73.5
2562,-122.9,39.23,39,1295,240,534,179,3.9519,98.9
2563,-122.91,39.17,44,202,42,142,39,4.35,68.3
2564,-122.9,39.17,45,1314,277,649,232,2.575,73.6
2565,-122.88,39.14,20,1125,231,521,196,2.2188,106.3
2566,-123.07,39.12,24,1098,193,353,145,3.8333,92.6
2567,-122.89,39.11,10,1588,333,585,254,2.2551,71.1
2568,-122.9,39.09,15,2483,544,835,380,1.9141,143.2
2569,-122.92,39.08,24,341,64,146,57,4,166.3
2570,-122.94,39.1,18,681,120,272,105,2.8906,140.6
2571,-122.99,39.02,14,1582,301,851,273,3.45,164.1
2572,-122.91,39.07,21,2202,484,1000,381,2.4423,102.3
2573,-122.92,39.05,16,1548,295,605,250,3.5652,119
2574,-122.91,39.05,20,1128,229,621,210,3.2216,93.5
2575,-122.92,39.05,38,3131,624,1591,568,2.5457,80.7
2576,-122.91,39.05,27,789,208,295,108,3.7667,95
2577,-122.91,39.03,14,2374,557,723,427,1.3532,95.8
2578,-122.7,39.14,13,532,111,214,62,3.3929,108.3
2579,-122.87,39.13,15,1927,427,810,321,1.6369,86.5
2580,-122.86,39.08,24,3127,674,1015,448,2.0417,78.8
2581,-122.83,39.09,26,2191,495,679,371,1.4679,94.7
2582,-122.79,39.09,20,1798,395,685,331,1.625,66.8
2583,-122.8,39.08,17,1880,467,798,342,1.4676,65
2584,-122.79,39.08,23,952,200,321,128,1.5208,89
2585,-122.78,39.05,15,1601,323,661,269,2.6181,108.9
2586,-122.53,39.09,11,1264,271,370,177,1.3,69.7
2587,-122.69,39.04,9,254,50,66,29,2.7639,112.5
2588,-122.73,39.04,23,1618,395,425,244,1.9833,111.5
2589,-122.69,39.02,27,2199,527,744,316,2.1094,72.4
2590,-122.66,39.03,27,1446,329,594,255,1.165,53.3
2591,-122.66,39.02,16,3715,810,943,510,1.7446,109.4
2592,-122.7,39,18,793,148,186,59,2.3125,162.5
2593,-122.7,38.99,18,1177,224,181,105,2.3558,134.7
2594,-122.65,38.99,16,4279,951,1596,666,1.8571,75.9
2595,-122.52,38.99,16,975,219,337,155,1.6607,77.8
2596,-122.68,38.98,27,2300,508,526,254,2.1838,109.7
2597,-122.65,38.97,32,1856,472,703,292,1.1912,60
2598,-122.63,38.96,17,1708,459,633,312,1.75,64
2599,-122.62,38.95,19,2230,538,832,359,1.6865,58.8
2600,-122.62,38.94,14,1731,400,638,282,2.3179,57.5
2601,-122.61,38.93,14,231,36,108,31,4.3897,71.3
2602,-122.6,38.93,16,1657,390,572,301,1.4767,62
2603,-122.62,38.96,16,1914,446,828,332,2.0577,69
2604,-122.63,38.96,20,2507,577,1072,457,2.3083,60.2
2605,-122.65,38.96,27,2143,580,898,367,1.6769,63.2
2606,-122.64,38.96,29,883,187,326,136,1.7273,58.2
2607,-122.64,38.95,28,1503,370,522,268,1.2029,68.9
2608,-122.63,38.95,11,686,127,246,86,1.7083,77.3
2609,-122.63,38.94,25,661,144,192,93,1.7566,49
2610,-122.63,38.94,18,3844,969,1832,845,1.125,81.8
2611,-122.62,38.94,13,524,129,215,90,1.5455,55
2612,-122.7,38.97,17,2554,540,723,319,3.2375,114.2
2613,-122.75,39.01,17,4162,967,889,414,3.4187,200.5
2614,-122.79,39.02,23,642,203,265,84,1.8833,96.9
2615,-122.78,38.97,11,5175,971,2144,792,3.0466,97.3
2616,-122.69,38.94,9,1245,234,517,187,3.125,93.4
2617,-122.71,38.91,20,41,18,94,10,1.375,55
2618,-122.86,39.05,20,1592,327,647,253,2.5326,136.8
2619,-122.85,39,20,1580,318,753,252,1.8704,88.5
2620,-122.83,38.98,17,1383,347,719,296,1.6164,77.8
2621,-122.92,38.97,20,2067,384,904,333,2.9934,134.2
2622,-122.89,38.93,20,1214,247,504,223,2.7188,105.7
2623,-122.83,38.96,15,1318,296,567,276,1.8692,93.8
2624,-122.77,38.92,26,712,140,293,100,4.0119,119.4
2625,-122.83,38.89,11,640,134,268,90,3.4514,100
2626,-122.72,38.88,29,2781,617,890,310,1.9906,96.6
2627,-122.74,38.83,12,4515,909,1554,528,3.3531,90.8
2628,-122.48,38.9,10,304,63,161,61,2.1964,112.5
2629,-122.59,38.92,15,1410,329,599,273,2.1953,75
2630,-122.6,38.9,23,292,56,92,41,2.9583,91.7
2631,-122.62,38.92,13,520,115,249,109,1.8417,84.7
2632,-122.65,38.92,30,70,38,20,13,4.125,112.5
2633,-122.64,38.87,16,1177,240,519,199,1.5739,73.5
2634,-122.5,38.82,12,2394,443,877,341,2.5625,109.2
2635,-122.51,38.76,9,2589,482,1050,374,4.0435,132.6
2636,-122.55,38.81,7,3639,637,1027,421,3.8831,132.1
2637,-122.59,38.78,15,764,145,366,143,3.375,103.1
2638,-122.66,38.81,22,852,176,461,142,3.4375,83.3
2639,-122.68,38.76,29,994,226,302,117,2.3125,67.9
2640,-122.62,38.73,21,1425,323,727,287,2.1474,85.3
2641,-122.64,38.71,20,531,126,231,96,2.625,89.6
2642,-122.52,38.7,26,102,17,43,13,0.536,87.5
2643,-121.11,41.07,26,1707,308,761,250,2.7188,48.1
2644,-120.96,41.12,29,779,136,364,123,2.5,59.2
2645,-121.07,40.85,17,976,202,511,175,3.6641,80.8
2646,-120.38,40.98,27,777,185,318,115,1.6833,40
2647,-120.35,40.63,33,240,49,63,22,3.625,200
2648,-120.77,40.65,11,2635,667,280,132,1.7214,118.3
2649,-121.02,40.51,17,890,167,406,154,3.3036,78.3
2650,-120.96,40.28,19,683,139,302,111,2.5,64.1
2651,-121.03,40.35,52,5486,1044,1977,754,2.1833,49.5
2652,-120.67,40.5,15,5343,1002,2503,902,3.5962,85.9
2653,-120.57,40.43,15,2045,461,1121,402,2.6902,71.5
2654,-120.66,40.42,35,1450,325,717,297,2.5074,66.4
2655,-120.65,40.42,39,3240,652,1467,621,2.1875,64.3
2656,-120.66,40.41,52,2081,478,1051,419,2.2992,70.2
2657,-120.64,40.41,50,1741,424,987,383,1.5066,59.3
2658,-120.71,40.36,19,4462,828,2229,777,3.5536,105.7
2659,-120.58,40.37,16,3412,667,1873,590,2.2661,61.8
2660,-120.42,40.38,26,1652,313,762,280,2.4757,85.6
2661,-120.36,40.45,19,689,143,355,127,1.7333,70
2662,-120.54,40.29,17,3391,623,1529,571,3.4028,91
2663,-120.49,40.31,16,1821,360,969,359,3.4643,85.1
2664,-120.2,40.26,26,2399,518,1037,443,2.6765,47.6
2665,-120.09,39.92,19,2335,518,1028,383,1.7267,60.7
2666,-118.28,34.26,32,1079,207,486,167,4.9833,213
2667,-118.29,34.26,33,3177,713,1845,612,4.008,191.1
2668,-118.3,34.26,37,2824,633,1619,573,3.5568,184.5
2669,-118.28,34.25,35,2045,450,1166,407,3.5214,197.6
2670,-118.28,34.25,29,2559,787,1886,769,2.6036,162.1
2671,-118.29,34.25,19,1988,594,1399,527,2.4727,175
2672,-118.29,34.25,8,5568,1514,3565,1374,3.0795,161.5
2673,-118.27,34.25,37,2489,454,1215,431,5.0234,257.6
2674,-118.27,34.25,35,2091,360,879,326,4.4485,261.9
2675,-118.27,34.25,39,699,150,358,143,4.4375,195.8
2676,-118.28,34.24,32,2542,526,1278,493,4.45,263.6
2677,-118.28,34.24,29,3390,580,1543,576,5.6184,316.9
2678,-118.3,34.25,36,1300,304,688,261,3.1523,176.7
2679,-118.33,34.24,31,6434,1188,3540,1131,4.2639,293.3
2680,-118.35,34.22,19,9259,1653,3963,1595,5.997,228.7
2681,-118.35,34.21,39,1470,312,1047,284,3.275,181.4
2682,-118.3,34.26,43,1510,310,809,277,3.599,176.5
2683,-118.3,34.26,40,1065,214,605,183,4.1964,185.9
2684,-118.31,34.26,38,2264,460,1124,388,4.2685,189.6
2685,-118.31,34.26,41,1297,327,733,315,3.0583,160.3
2686,-118.31,34.26,34,1797,363,948,363,4.1339,187.3
2687,-118.32,34.26,32,3690,791,1804,715,4.4875,222.7
2688,-118.33,34.27,29,3034,732,1776,702,3.1349,230.2
2689,-118.34,34.26,37,1776,301,702,265,5.2661,314.9
2690,-118.35,34.25,34,2795,460,1267,443,6.1464,354.4
2691,-118.36,34.26,34,3677,573,1598,568,6.838,378
2692,-118.3,34.26,28,1643,489,1142,458,3.1607,200.6
2693,-118.31,34.26,37,1444,246,624,239,5.76,239.4
2694,-118.31,34.26,36,1882,453,1005,409,3.8,217.1
2695,-118.32,34.26,24,5106,1010,2310,957,4.4375,191.5
2696,-118.39,34.28,24,4694,820,3566,777,4.4818,166.2
2697,-118.4,34.28,16,6573,1480,6161,1473,3.3304,154.9
2698,-118.38,34.27,8,3248,847,2608,731,2.8214,158.3
2699,-118.41,34.29,32,1591,320,1818,306,4.2969,145.8
2700,-118.42,34.28,29,1271,272,1338,266,4.125,150
2701,-118.41,34.28,32,2574,531,2609,472,3.7566,146.7
2702,-118.42,34.27,33,1209,341,1097,283,1.6295,134.3
2703,-118.42,34.27,33,937,216,1216,212,3.3214,131.3
2704,-118.43,34.28,30,1384,308,2054,301,3.0132,142.6
2705,-118.43,34.27,31,1130,276,1533,269,4.2353,156.8
2706,-118.43,34.27,36,1002,250,1312,249,3.024,148
2707,-118.42,34.27,37,1024,246,1371,239,3.225,147.5
2708,-118.43,34.26,30,1246,373,1990,369,3.5104,140.9
2709,-118.43,34.26,37,1269,348,1835,335,3.2583,147.2
2710,-118.44,34.27,35,777,187,1022,186,3.4,139.6
2711,-118.43,34.25,35,1447,335,1630,306,2.9205,143.1
2712,-118.42,34.26,26,1788,521,2582,484,2.1062,136.4
2713,-118.42,34.26,36,973,221,1086,218,3.4519,143.3
2714,-118.42,34.26,37,1789,424,2279,411,3.9,138.6
2715,-118.42,34.27,35,2700,702,3444,679,1.4867,124
2716,-118.4,34.26,13,4379,872,2560,853,4.2538,154.3
2717,-118.4,34.25,13,1872,497,1927,432,2.2019,134.2
2718,-118.41,34.25,33,827,192,981,184,2.6429,143.1
2719,-118.41,34.25,18,3447,857,3663,817,3.2284,157.1
2720,-118.42,34.24,17,2049,548,2243,541,2.525,163.7
2721,-118.42,34.25,36,1430,331,1502,312,3.6292,145.2
2722,-118.43,34.33,18,5891,920,2882,911,5.901,235.6
2723,-118.44,34.32,14,6235,1286,3568,1190,4.1724,211.6
2724,-118.42,34.31,19,6755,1443,4205,1395,3.9583,163.2
2725,-118.41,34.32,18,6572,1105,3473,1067,5.2987,203.4
2726,-118.41,34.3,28,3187,569,2205,559,5.1668,187.4
2727,-118.42,34.32,30,3027,604,1970,590,4.3409,156
2728,-118.44,34.31,14,4151,941,3163,915,4.0301,154.3
2729,-118.44,34.31,22,3182,822,2661,746,2.7472,160.1
2730,-118.45,34.31,9,1739,358,820,323,4.0556,182.5
2731,-118.46,34.32,10,5777,1112,2917,1056,4.1514,194.1
2732,-118.45,34.31,28,1532,287,977,275,4.4773,173.1
2733,-118.46,34.3,32,2424,476,2291,419,4.0337,158.5
2734,-118.46,34.31,24,2920,601,1460,598,4.2708,218.2
2735,-118.48,34.31,31,1091,256,892,238,3,172.4
2736,-118.46,34.29,24,3668,890,3151,810,3.0526,183.3
2737,-118.47,34.29,18,4256,987,3401,955,4.2935,190
2738,-118.49,34.29,26,4516,611,1714,581,9.2873,431.8
2739,-118.49,34.28,27,2535,389,1071,386,6.8695,319.4
2740,-118.52,34.32,18,7498,976,3189,955,8.1248,374
2741,-118.51,34.28,29,4239,653,1890,631,6.3911,301.7
2742,-118.51,34.29,29,1287,194,525,187,6.4171,319.3
2743,-118.52,34.29,28,2272,320,868,312,7.7464,474.6
2744,-118.52,34.3,17,4542,621,2144,597,8.8467,450.7
2745,-118.45,34.3,27,2676,652,2661,623,4.3047,152.1
2746,-118.45,34.3,35,4085,919,3988,906,3.4812,160.2
2747,-118.54,34.28,18,5481,780,2477,764,6.7248,377.2
2748,-118.55,34.28,16,8879,1239,3468,1200,8.1125,428.6
2749,-118.54,34.28,10,7665,999,3517,998,10.8805,500.001
2750,-118.54,34.3,22,4423,622,1995,582,8.2159,376.2
2751,-118.57,34.29,4,6995,1151,2907,1089,7.0808,341.2
2752,-118.46,34.28,23,1663,302,1242,283,5.5931,217.6
2753,-118.48,34.28,35,2132,368,1128,341,5.3107,227.1
2754,-118.48,34.28,35,1511,274,873,254,5.5608,226.7
2755,-118.47,34.27,17,1444,282,523,270,2.7353,192.4
2756,-118.47,34.27,35,1150,185,741,178,5.741,220.6
2757,-118.48,34.27,34,1231,222,702,222,4.9323,223.7
2758,-118.48,34.27,33,2649,449,1303,437,4.9955,216.8
2759,-118.45,34.27,35,1579,300,1012,265,5.1296,195.9
2760,-118.46,34.27,28,1865,463,1182,440,2.6193,172.3
2761,-118.44,34.27,36,1111,275,1333,266,3.5347,158.1
2762,-118.44,34.27,29,1701,419,1616,371,3.3603,142.4
2763,-118.46,34.26,33,1358,247,738,235,5.0947,210.3
2764,-118.46,34.25,33,2202,433,1135,407,4.2143,224.2
2765,-118.49,34.26,27,2722,468,1164,419,4.6591,239.9
2766,-118.48,34.25,36,1951,395,1040,375,5.1619,195.3
2767,-118.48,34.25,35,1442,276,795,268,4.9688,216.9
2768,-118.49,34.25,33,2088,383,960,362,4.3333,232.9
2769,-118.49,34.27,34,4877,815,2521,781,5.5714,225.9
2770,-118.49,34.27,33,3047,527,1578,507,4.58,236.2
2771,-118.51,34.28,34,3580,565,1694,524,5.4065,243.8
2772,-118.51,34.27,34,3787,771,1966,738,4.055,222.5
2773,-118.51,34.27,36,2276,429,1001,419,4.1042,252.1
2774,-118.52,34.27,36,3204,538,1499,499,5.5649,271.2
2775,-118.53,34.26,18,3674,577,1590,550,8.176,308.4
2776,-118.54,34.26,22,5303,838,2372,807,5.6912,311.8
2777,-118.53,34.27,33,1927,305,896,293,5.634,320.5
2778,-118.54,34.26,23,4960,592,1929,586,10.9052,500.001
2779,-118.55,34.26,21,4018,536,1508,529,8.203,445.4
2780,-118.55,34.27,25,4919,661,2183,625,8.1356,352.8
2781,-118.5,34.26,33,2831,510,1340,504,4.8316,237.3
2782,-118.52,34.26,21,8850,2139,4717,1979,3.7816,254.2
2783,-118.52,34.25,11,7849,1664,3561,1500,4.6625,290.9
2784,-118.49,34.26,25,8389,1872,4483,1747,3.5497,261.3
2785,-118.59,34.26,20,8146,1131,3562,1054,7.167,357.1
2786,-118.61,34.24,17,5406,895,2337,882,6.0137,375.9
2787,-118.63,34.24,9,4759,924,1884,915,4.8333,277.2
2788,-118.62,34.26,15,10860,1653,4178,1581,6.3249,262.1
2789,-118.6,34.26,18,6154,1070,3010,1034,5.6392,271.5
2790,-118.61,34.25,16,8295,1506,3903,1451,5.5111,276.6
2791,-118.63,34.22,18,1376,225,670,205,6.5146,277.6
2792,-118.66,34.23,18,897,142,263,110,6.1288,350
2793,-118.61,34.23,26,3727,572,1724,530,6.1419,327.3
2794,-118.6,34.23,19,8866,2355,5005,2194,3.2564,230.3
2795,-118.59,34.23,17,6592,1525,4459,1463,3.0347,254.5
2796,-118.56,34.25,31,1962,243,697,242,8.565,500.001
2797,-118.57,34.25,34,5098,778,2239,778,5.6149,273.1
2798,-118.58,34.24,26,3239,647,1529,590,3.2426,236.9
2799,-118.59,34.25,15,9716,2387,4992,2225,3.6231,193.3
2800,-118.57,34.25,20,4679,609,1945,609,8.7471,419.9
2801,-118.58,34.25,23,4883,769,2119,725,5.521,280.8
2802,-118.57,34.23,22,3275,648,1746,585,4.9676,221.9
2803,-118.58,34.23,29,3907,773,2037,727,4.1023,230.2
2804,-118.59,34.23,14,4407,1209,2676,1128,3.4091,168.8
2805,-118.59,34.22,17,6015,1464,3056,1347,4.0077,229
2806,-118.51,34.25,24,4338,558,1514,549,8.8612,500.001
2807,-118.51,34.24,31,5297,664,1986,657,8.6454,483.5
2808,-118.51,34.23,36,3324,448,1190,423,7.2772,477.2
2809,-118.52,34.24,6,3218,949,2295,876,3.0926,418.5
2810,-118.53,34.25,20,6331,1537,2957,1509,3.3892,323.1
2811,-118.54,34.24,24,4631,1164,2360,1083,3.0977,264
2812,-118.53,34.24,24,2718,719,3018,644,2.9076,275.3
2813,-118.54,34.23,35,3422,601,1690,574,4.375,232.9
2814,-118.53,34.23,27,2131,543,1065,528,3.2404,230.4
2815,-118.55,34.24,21,5751,1082,2230,1016,4.3458,407.5
2816,-118.55,34.23,25,4409,1018,4579,1010,2.8727,245.1
2817,-118.51,34.23,27,4580,918,2252,850,4.7926,454.4
2818,-118.52,34.22,21,4617,1101,2891,1031,3.2289,318.1
2819,-118.53,34.23,32,4039,984,2675,941,3.0321,240
2820,-118.54,34.22,34,2193,513,1299,497,3.6187,211.6
2821,-118.54,34.23,29,1753,342,1318,333,4.125,241.4
2822,-118.45,34.25,34,2094,380,1207,380,5.2801,212.3
2823,-118.46,34.24,11,5363,1160,2783,1034,3.8583,170.7
2824,-118.47,34.25,21,2692,477,1330,456,4.5417,238.9
2825,-118.47,34.24,19,2405,661,1855,621,2.3111,255.4
2826,-118.49,34.25,30,2871,470,1335,458,5.0232,253.9
2827,-118.49,34.24,35,2707,446,1224,445,5.2939,244.2
2828,-118.49,34.24,34,1971,316,917,307,6.0965,262.3
2829,-118.5,34.25,32,2333,389,969,331,4.8164,241.1
2830,-118.5,34.25,32,2411,380,1040,344,6.155,257.3
2831,-118.49,34.22,30,1756,314,899,288,5.0325,238.2
2832,-118.47,34.23,22,8350,2717,9135,2452,2.5008,160
2833,-118.48,34.23,35,1963,310,919,297,4.7583,258.6
2834,-118.48,34.23,29,3354,707,1752,650,4.5484,239.9
2835,-118.46,34.23,20,4609,1499,5349,1377,2.7121,169.4
2836,-118.46,34.23,16,6338,1768,4718,1632,3.0187,154.6
2837,-118.42,34.24,36,1181,220,775,218,4.7228,183.8
2838,-118.43,34.24,36,1488,313,1221,296,4.0208,171.4
2839,-118.41,34.23,35,1026,195,753,185,4.5909,179.2
2840,-118.41,34.24,38,490,101,402,100,3.125,175.9
2841,-118.44,34.26,34,1102,212,949,212,4.0792,165.1
2842,-118.43,34.25,32,2433,553,2318,532,3.6384,159.3
2843,-118.45,34.25,21,2143,565,1803,497,3.9833,162.5
2844,-118.45,34.24,11,9053,2193,7096,2038,3.5082,136.5
2845,-118.45,34.23,15,5738,1767,4620,1581,2.3584,157.6
2846,-118.45,34.24,7,3299,794,2343,647,3.0865,205.9
2847,-118.43,34.24,35,1488,293,1112,288,4.4688,182.5
2848,-118.44,34.24,35,2344,435,1531,399,3.725,178.2
2849,-118.42,34.23,33,2478,457,1567,446,5.6629,186.7
2850,-118.42,34.22,29,1807,323,1234,310,5.3767,233
2851,-118.43,34.23,35,2049,390,1286,385,4.4432,181.5
2852,-118.43,34.24,36,1379,265,896,246,4.6827,183.8
2853,-118.43,34.23,37,1737,369,1061,356,3.9615,173.7
2854,-118.43,34.24,37,1279,241,987,233,4.0057,172.7
2855,-118.44,34.23,36,1730,387,1099,353,4.0368,183.1
2856,-118.43,34.22,34,1588,360,1080,340,3.66,184.6
2857,-118.44,34.22,39,1529,344,913,314,3.325,178.2
2858,-118.46,34.22,35,2288,617,2222,566,2.6299,170.7
2859,-118.46,34.22,39,1500,333,998,309,3.9625,168.2
2860,-118.46,34.22,31,2057,601,2397,579,2.871,184.4
2861,-118.45,34.22,24,3442,1168,4625,1097,2.0699,183
2862,-118.45,34.23,25,4393,1369,3781,1267,2.5833,183.7
2863,-118.45,34.22,8,2609,786,1803,695,2.7714,185.7
2864,-118.46,34.23,19,9902,2814,7307,2660,2.585,145.4
2865,-118.44,34.22,36,1191,266,718,248,3.4612,178.8
2866,-118.44,34.21,41,1440,325,1014,322,2.875,168.6
2867,-118.44,34.22,41,1582,399,1159,378,2.825,168.6
2868,-118.43,34.21,17,3667,1209,2636,1054,2.425,175.5
2869,-118.4,34.21,30,2453,544,1753,506,2.9803,191.5
2870,-118.41,34.21,35,2215,459,1594,446,4.0167,193.2
2871,-118.4,34.22,36,2557,540,1556,491,3.6591,183.8
2872,-118.38,34.25,38,983,185,513,170,4.8816,231.5
2873,-118.37,34.24,40,1283,246,594,236,4.1121,229.2
2874,-118.37,34.23,32,1444,317,1177,311,3.6,164.6
2875,-118.37,34.22,17,1787,463,1671,448,3.5521,151.5
2876,-118.38,34.24,38,125,42,63,29,1.3594,158.3
2877,-118.4,34.24,35,2552,545,1850,503,4.775,179.5
2878,-118.39,34.23,18,3405,831,3001,795,3.0083,181.9
2879,-118.4,34.23,36,1643,349,1414,337,4.1181,172.7
2880,-118.41,34.21,35,1789,292,897,267,5.592,239.9
2881,-118.39,34.21,32,1869,441,1516,432,3.6845,178.5
2882,-118.39,34.21,14,2807,868,2729,803,2.6667,172.4
2883,-118.38,34.22,20,1176,344,864,318,2.375,177.7
2884,-118.38,34.21,35,1468,303,1295,300,3.7708,170.6
2885,-118.38,34.21,33,1981,484,1665,466,3.0833,179.1
2886,-118.42,34.22,34,3004,589,1938,568,4.1857,198.6
2887,-118.42,34.21,29,2893,543,1636,540,5.1586,237.4
2888,-118.42,34.2,34,161,48,66,33,1,187.5
2889,-118.42,34.23,34,1531,278,1064,274,5.6687,207.3
2890,-118.37,34.21,36,1392,326,1181,303,3.1563,176.4
2891,-118.37,34.21,34,2272,558,2164,484,3.7143,175.7
2892,-118.37,34.22,11,2127,581,1989,530,2.9028,174.1
2893,-118.36,34.23,15,2485,742,1994,670,2.8333,183.2
2894,-118.36,34.21,41,337,65,198,50,1.8929,152.9
2895,-118.38,34.2,23,4138,1171,3911,1068,3.0125,181.7
2896,-118.39,34.2,17,2594,1028,3950,973,2.0348,177.2
2897,-118.37,34.21,33,2034,470,1990,423,3.7455,159.6
2898,-118.37,34.2,34,2199,609,2488,597,2.9861,171.8
2899,-118.37,34.2,33,1438,309,1378,306,2.8917,170.4
2900,-118.36,34.19,11,2921,685,1512,664,4.1445,176.4
2901,-118.36,34.18,34,1471,423,995,386,2.9583,188.7
2902,-118.36,34.18,36,2233,605,1934,599,2.8784,194.9
2903,-118.37,34.18,33,1829,512,1345,500,3.1629,198.9
2904,-118.37,34.19,19,2890,821,2203,705,2.6696,185.1
2905,-118.39,34.19,41,2000,485,1439,461,3.0491,192
2906,-118.39,34.19,23,1875,710,2555,657,2.0968,162.5
2907,-118.39,34.2,19,2012,732,3483,731,2.2234,181.3
2908,-118.37,34.19,41,2924,867,2751,836,2.1,171.6
2909,-118.38,34.2,32,993,285,1044,248,2.4306,187.5
2910,-118.4,34.2,13,4859,1293,3351,1200,3.6875,211.9
2911,-118.4,34.19,37,934,231,587,230,3.625,181.3
2912,-118.4,34.2,30,2392,655,1987,609,2.8424,226.4
2913,-118.4,34.19,35,2180,599,1483,574,3.0395,191.3
2914,-118.41,34.2,32,2734,654,2209,610,3.5164,217.2
2915,-118.42,34.2,24,3148,908,2850,839,1.9549,221.5
2916,-118.42,34.2,27,3201,970,3403,948,2.2377,231.7
2917,-118.43,34.2,28,3386,815,2240,737,3.0221,290.1
2918,-118.42,34.19,33,3353,790,2318,775,2.2589,269.7
2919,-118.42,34.19,33,3285,830,2281,786,2.6165,230.8
2920,-118.42,34.18,27,3760,880,2022,812,3.1551,225.6
2921,-118.42,34.18,31,2887,646,1626,637,3.6745,335.5
2922,-118.42,34.18,30,1323,353,856,333,3.3594,202.2
2923,-118.43,34.18,33,2717,662,1546,597,3.9099,267.5
2924,-118.43,34.18,31,2417,510,1102,507,3.8906,282.2
2925,-118.41,34.18,43,1840,356,966,323,4.7171,237.9
2926,-118.41,34.18,30,2008,513,1052,496,3.0119,262.2
2927,-118.41,34.19,37,1993,425,939,400,2.8021,224.6
2928,-118.4,34.18,32,3724,899,1912,791,3.5711,312.7
2929,-118.4,34.17,27,3588,911,1891,871,3.4013,286
2930,-118.39,34.19,25,3794,989,2454,876,2.9982,204.2
2931,-118.39,34.17,26,3345,818,1599,773,3.3516,241.5
2932,-118.39,34.19,36,904,191,627,191,2.4167,192.9
2933,-118.4,34.16,45,1176,250,471,228,2.3333,364.7
2934,-118.4,34.16,35,1354,284,501,262,3.8056,384.7
2935,-118.4,34.16,34,2638,580,1150,551,4.2989,364.7
2936,-118.41,34.17,35,2027,428,879,402,4.692,330.9
2937,-118.38,34.18,40,2079,568,1396,526,3.0061,190.8
2938,-118.38,34.18,27,4834,1527,3847,1432,2.1449,165.3
2939,-118.38,34.18,24,1983,651,2251,574,2.4792,200
2940,-118.38,34.17,33,1588,454,739,392,2.8208,238.5
2941,-118.37,34.18,42,1140,300,643,252,3.3958,178.4
2942,-118.38,34.18,44,901,179,473,179,3.3125,186.4
2943,-118.38,34.19,30,977,264,736,258,1.9866,177.4
2944,-118.37,34.18,35,2949,794,2106,746,2.9228,177.3
2945,-118.38,34.18,32,3553,1060,3129,1010,2.5603,174.2
2946,-118.36,34.18,31,1109,354,1119,334,2.3056,200
2947,-118.36,34.17,31,1939,505,1584,466,2.5234,199.5
2948,-118.41,34.18,35,2785,663,1631,614,3.9038,276.1
2949,-118.41,34.17,27,3277,648,1382,615,3.875,366.1
2950,-118.43,34.17,32,3202,696,1573,621,3.4449,292.9
2951,-118.43,34.17,35,2922,507,1130,485,5.451,341.8
2952,-118.43,34.16,34,2459,489,1139,463,4.0347,353.6
2953,-118.42,34.15,27,2795,602,1073,535,5.1496,365
2954,-118.42,34.16,28,4664,1040,1963,961,3.9028,367.9
2955,-118.41,34.16,14,577,150,372,130,4.1875,275
2956,-118.42,34.16,25,2769,566,1201,545,3.6641,386.1
2957,-118.4,34.17,24,4443,1283,2421,1180,2.2652,269.2
2958,-118.4,34.17,24,6347,1548,2945,1492,3.3545,221.5
2959,-118.39,34.17,28,2790,748,1351,697,3.2052,283.6
2960,-118.39,34.17,26,6429,1611,2806,1491,3.1929,265.2
2961,-118.39,34.16,37,1388,286,547,258,5.1584,444.7
2962,-118.38,34.17,30,2016,622,1359,557,2.7708,192.3
2963,-118.38,34.16,46,2609,593,1055,585,3.3177,309.4
2964,-118.38,34.16,31,2197,501,944,474,3.7312,319.4
2965,-118.36,34.17,44,2295,560,1543,528,2.3851,194.1
2966,-118.37,34.17,15,3327,1011,2683,857,2.3784,185.4
2967,-118.37,34.17,10,1431,473,1438,429,2.2756,221.4
2968,-118.37,34.17,6,854,350,542,321,0.8198,325
2969,-118.37,34.16,6,6526,2007,3298,1790,2.7231,250
2970,-118.37,34.16,10,2606,748,1373,680,3.6128,225
2971,-118.37,34.16,25,2450,618,1054,578,3.6375,262.5
2972,-118.37,34.16,40,1973,382,774,352,4.4122,282.3
2973,-118.36,34.16,43,2850,709,1510,670,2.4835,274.3
2974,-118.36,34.16,32,2455,556,989,493,4.0764,325
2975,-118.37,34.16,17,4150,1148,1808,1041,3.5051,232.4
2976,-118.37,34.16,11,2901,871,1659,789,3.1106,209.4
2977,-118.36,34.16,42,2304,442,862,429,4.3542,417.9
2978,-118.43,34.2,20,4090,1271,2824,1053,2.773,140.5
2979,-118.43,34.21,26,2867,671,1955,640,4.125,226.5
2980,-118.44,34.2,28,1732,435,1198,417,2.9219,241.3
2981,-118.44,34.21,20,5756,1477,4031,1369,3.2448,221.2
2982,-118.45,34.21,30,2331,733,2172,707,2.1888,195.6
2983,-118.45,34.2,19,3666,1150,2657,1090,2.9688,202.1
2984,-118.46,34.2,13,2926,816,1867,802,3.5255,202.7
2985,-118.46,34.21,7,2081,657,1456,535,3.5,186.9
2986,-118.47,34.21,34,2512,603,1805,584,2.9735,220
2987,-118.47,34.2,20,3939,1143,2475,1002,2.9025,229.1
2988,-118.48,34.21,25,2879,723,2077,649,3.3864,197.4
2989,-118.48,34.2,26,2027,559,1545,513,2.8974,189.9
2990,-118.48,34.22,22,3430,1214,3618,1092,2.1974,93.8
2991,-118.49,34.21,25,1131,449,746,420,1.3565,225
2992,-118.49,34.19,23,2087,571,1809,553,3.1667,202
2993,-118.49,34.2,35,1109,206,515,202,5.2118,215.8
2994,-118.5,34.2,34,1617,344,938,305,3.915,217.7
2995,-118.48,34.2,12,3831,1083,2258,967,2.4375,255.4
2996,-118.48,34.2,23,2850,864,2249,777,2.6957,191.7
2997,-118.48,34.19,20,5699,1594,3809,1381,2.8646,221.1
2998,-118.48,34.19,36,2058,423,1132,423,3.8833,210.4
2999,-118.47,34.2,25,4590,1477,2723,1195,2.7118,281.7
3000,-118.47,34.19,33,3879,943,2113,843,3.892,292.9
3001,-118.45,34.2,18,2729,800,2099,742,2.5842,230.8
3002,-118.46,34.2,22,4855,1350,2519,1258,3.0893,205.6
3003,-118.45,34.19,37,1073,254,739,253,2.4667,192.2
3004,-118.46,34.19,20,5992,1820,4826,1632,2.7237,233.5
3005,-118.43,34.2,29,3051,694,1942,679,3.1118,238.1
3006,-118.44,34.2,36,2698,623,1544,554,2.7375,234.9
3007,-118.44,34.2,17,2934,950,2517,889,2.936,232.5
3008,-118.43,34.19,27,3440,739,1827,712,4.125,245.5
3009,-118.44,34.19,19,3487,959,2278,835,2.6709,215.5
3010,-118.44,34.19,29,1599,459,1143,438,2.4583,199.1
3011,-118.44,34.19,11,2891,951,2166,768,2.891,178.1
3012,-118.44,34.18,17,1546,592,2423,556,2.1977,154.2
3013,-118.45,34.19,11,2479,900,2466,855,2.2264,181.3
3014,-118.45,34.18,22,2516,826,3350,713,2.0192,158.3
3015,-118.46,34.18,27,2582,719,2038,718,3.0877,174.2
3016,-118.47,34.19,41,1104,196,495,196,5.0929,225
3017,-118.45,34.18,39,1810,388,839,380,3.7171,228.8
3018,-118.45,34.18,34,1843,442,861,417,3.6875,246.4
3019,-118.46,34.18,35,1819,465,1336,419,3.4583,253.2
3020,-118.44,34.18,35,972,270,550,256,2.2461,215
3021,-118.44,34.17,25,4966,1134,1941,958,3.8081,286.7
3022,-118.45,34.18,33,2077,486,1021,450,3.6019,225
3023,-118.43,34.18,25,3830,1105,2328,1017,2.6238,210
3024,-118.44,34.18,33,2127,414,1056,391,4.375,286.1
3025,-118.44,34.17,29,2685,642,1085,599,3.2763,279.4
3026,-118.44,34.16,35,3080,642,1362,623,4.1218,328.5
3027,-118.44,34.16,33,1616,322,580,311,4.0391,337.5
3028,-118.45,34.16,22,4982,1358,2237,1220,3.7105,272.6
3029,-118.45,34.17,21,2152,527,996,470,3.2386,277.3
3030,-118.45,34.17,33,3100,687,1388,658,4.3333,261.3
3031,-118.46,34.17,24,2814,675,1463,620,4.1875,309.3
3032,-118.46,34.17,22,6707,1737,2620,1610,3.1478,273.7
3033,-118.45,34.16,33,2544,500,1035,492,4.475,314.8
3034,-118.46,34.16,28,2795,622,1173,545,4.4423,280.4
3035,-118.46,34.16,26,2548,647,1098,540,4.3839,299.1
3036,-118.54,34.21,22,6064,1826,4876,1697,2.875,227.1
3037,-118.54,34.21,32,2593,566,1596,547,3.9886,199.2
3038,-118.54,34.19,33,2205,453,1242,419,4.1319,203.7
3039,-118.51,34.22,36,2794,523,1334,472,4.3462,222.1
3040,-118.5,34.21,36,1656,310,817,308,5.5675,215.9
3041,-118.51,34.21,36,2396,421,1064,398,4.7,223.6
3042,-118.51,34.22,36,1493,285,766,272,4.8646,213.2
3043,-118.52,34.22,35,1620,272,1052,248,5.5209,203.3
3044,-118.52,34.21,34,1663,299,762,282,5.1265,211
3045,-118.53,34.21,18,3124,796,1855,725,2.9389,213.2
3046,-118.55,34.21,35,2592,490,1427,434,5.0623,246.4
3047,-118.56,34.22,35,1843,329,1041,317,4.4271,205.1
3048,-118.55,34.21,33,3910,838,2097,810,3.8247,208.7
3049,-118.56,34.21,13,8327,1849,4126,1773,3.7313,189.8
3050,-118.52,34.2,35,2891,594,1757,581,4.3571,199.8
3051,-118.53,34.2,33,3270,818,2118,763,3.225,205.3
3052,-118.5,34.21,35,1668,332,807,311,4.5125,200.3
3053,-118.51,34.2,37,2066,434,1031,414,4.0924,188.4
3054,-118.52,34.21,36,1328,287,823,273,4.5648,193.7
3055,-118.51,34.2,33,2327,479,1166,472,4.2344,262.5
3056,-118.51,34.2,34,2871,581,1350,535,3.7049,227.5
3057,-118.51,34.19,38,2182,409,1141,379,4.2865,221.1
3058,-118.5,34.2,18,4249,933,2047,909,4.1304,229.1
3059,-118.5,34.19,35,2720,490,1158,445,5.0796,228.3
3060,-118.5,34.19,26,2156,509,1142,470,4,224.7
3061,-118.52,34.2,19,4315,1304,2490,1222,2.6437,195
3062,-118.53,34.2,26,2221,662,1998,603,2.8701,191.1
3063,-118.55,34.2,21,2549,651,1624,628,3.6905,179.8
3064,-118.55,34.19,18,5862,1322,3161,1280,3.1106,170.6
3065,-118.55,34.2,31,1963,420,1494,415,3.5313,211.8
3066,-118.52,34.19,42,881,170,464,163,2.9511,203.9
3067,-118.52,34.19,37,1892,347,1039,343,4.8295,212.1
3068,-118.53,34.19,32,2618,692,1961,633,2.625,192.3
3069,-118.53,34.18,26,4175,885,2118,778,4.2083,240.3
3070,-118.56,34.2,36,1544,308,891,286,4.175,190.9
3071,-118.56,34.2,35,2273,410,1431,403,4.0789,196.7
3072,-118.56,34.19,35,782,144,425,140,5.4548,201.4
3073,-118.56,34.19,34,1237,242,671,221,3.9615,183.6
3074,-118.56,34.19,34,2579,561,1237,517,4.433,235.1
3075,-118.54,34.19,22,3380,790,2199,737,2.5739,239.2
3076,-118.54,34.18,25,1938,457,1280,425,3.9632,240.3
3077,-118.55,34.19,31,1856,370,990,360,4.3654,223.8
3078,-118.58,34.21,24,2642,696,1649,633,3.0187,217.7
3079,-118.59,34.21,26,2335,669,1986,645,2.9974,178.8
3080,-118.59,34.2,18,847,185,733,178,5.2149,201.9
3081,-118.58,34.2,37,1389,252,826,249,5.015,220.9
3082,-118.57,34.22,27,2795,606,1702,586,3.7798,258.4
3083,-118.57,34.21,23,4891,793,2447,765,5.8798,270.5
3084,-118.57,34.22,17,3262,753,1879,708,4.1359,255.2
3085,-118.58,34.21,13,6227,1317,3739,1226,4.0313,299.3
3086,-118.58,34.21,27,2209,353,1034,344,4.7125,250.9
3087,-118.59,34.21,34,1943,320,895,305,5.0462,227.7
3088,-118.59,34.21,34,2389,521,1560,514,4.8333,225.4
3089,-118.6,34.21,21,9512,2560,7282,2387,2.8039,227.5
3090,-118.62,34.21,26,3234,517,1597,513,6.1074,258.6
3091,-118.62,34.22,34,2633,471,1313,428,4.0909,232.9
3092,-118.61,34.21,33,2609,431,1208,406,5.4527,227.1
3093,-118.62,34.2,23,3098,542,1486,492,5.7613,235.8
3094,-118.63,34.21,31,3952,647,1762,588,5.5709,244.8
3095,-118.64,34.22,16,4312,574,1902,574,8.4438,390
3096,-118.65,34.2,23,7480,1084,3037,1058,6.9223,338.4
3097,-118.62,34.2,32,3233,553,1678,545,5.0025,234.9
3098,-118.63,34.2,19,7411,1045,2814,950,6.7785,336.1
3099,-118.59,34.21,17,2737,868,2924,785,2.5797,183.5
3100,-118.59,34.2,21,1789,679,2300,677,2.754,179.8
3101,-118.6,34.2,10,2869,941,2162,829,3.2297,150
3102,-118.6,34.21,19,2581,857,2004,784,2.6159,182.3
3103,-118.56,34.2,35,1770,362,1083,355,5.0483,221
3104,-118.57,34.2,18,7157,1869,4642,1699,3.1818,208
3105,-118.58,34.2,21,2979,744,1824,692,3.5,223.7
3106,-118.56,34.19,36,2600,441,1246,426,4.1111,215.6
3107,-118.57,34.2,36,2559,469,1358,445,4.5568,201.5
3108,-118.58,34.2,35,1558,267,793,249,5.1463,220.2
3109,-118.58,34.2,35,1323,228,756,216,4.233,221.3
3110,-118.56,34.19,34,2185,372,986,347,4.8125,266.7
3111,-118.58,34.19,35,2329,399,966,336,3.8839,224.9
3112,-118.58,34.19,27,4286,1071,2863,1033,3.3125,222.8
3113,-118.58,34.19,15,3061,1079,2173,1078,2.85,187.5
3114,-118.62,34.2,29,2421,402,1120,388,5.0309,244.8
3115,-118.62,34.18,25,3124,468,1241,439,6.4044,333.1
3116,-118.61,34.2,29,1673,284,794,270,5.5191,245.8
3117,-118.61,34.19,28,3824,749,1790,701,4.1154,246.4
3118,-118.61,34.19,34,703,127,369,127,4.3125,210.1
3119,-118.6,34.19,16,14912,4183,5105,3302,2.8312,213.9
3120,-118.63,34.19,32,3568,591,1741,563,5.1529,259.6
3121,-118.63,34.18,32,1646,242,697,233,6.6689,433
3122,-118.64,34.19,33,3017,494,1423,470,5.6163,248.4
3123,-118.64,34.18,33,3808,623,1784,615,5.1641,263.4
3124,-118.64,34.19,28,3274,571,1424,521,4.4167,247.3
3125,-118.65,34.18,27,1793,339,1016,326,4.925,240.3
3126,-118.65,34.19,27,2772,511,1346,497,5.2016,243
3127,-118.63,34.17,33,4769,787,2019,743,5.5798,338.2
3128,-118.64,34.17,26,6767,903,2574,883,7.7846,409
3129,-118.57,34.18,36,2981,441,1243,413,6.5304,439.8
3130,-118.59,34.18,7,11853,2691,4404,2447,4.2009,271.3
3131,-118.61,34.17,19,5944,1345,2372,1250,3.8819,328.9
3132,-118.62,34.17,32,1491,355,756,296,3.0404,262.8
3133,-118.62,34.17,34,3268,538,1463,519,6.8482,308.3
3134,-118.63,34.18,33,5252,760,2041,730,6.7977,389.7
3135,-118.65,34.18,26,4607,656,1769,643,7.4918,367.6
3136,-118.66,34.18,25,6612,857,2519,843,8.3912,419
3137,-118.61,34.17,31,1689,362,705,360,4,278.5
3138,-118.61,34.15,32,4491,815,1696,749,4.9102,319.1
3139,-118.61,34.16,29,4364,647,1550,624,6.8107,367.4
3140,-118.63,34.16,33,2896,455,1116,411,6.0192,347.7
3141,-118.62,34.15,26,5661,791,2493,780,7.9814,409.9
3142,-118.57,34.17,31,1950,383,870,357,3.1875,500.001
3143,-118.58,34.17,18,6476,1082,2413,958,5.6327,500.001
3144,-118.59,34.17,36,1887,359,761,329,5.4847,296
3145,-118.6,34.16,37,3441,584,1283,544,4.1656,313.1
3146,-118.6,34.16,32,3999,667,1628,631,6.0794,338.5
3147,-118.57,34.15,22,5791,706,2059,673,10.9201,500.001
3148,-118.58,34.15,21,3856,547,1422,535,8.4196,450.7
3149,-118.59,34.15,29,2023,330,747,304,6.7694,369.7
3150,-118.6,34.15,28,4570,744,1693,695,6.14,361.9
3151,-118.59,34.14,19,1303,155,450,145,10.5511,483.1
3152,-118.51,34.18,37,1893,365,911,324,4.8036,295.3
3153,-118.51,34.17,31,3252,834,1411,760,3.1885,219
3154,-118.52,34.18,43,1700,380,930,349,3.675,213.1
3155,-118.52,34.18,46,2082,438,1047,393,3.6534,216
3156,-118.52,34.18,42,1611,410,879,386,3.1923,221.8
3157,-118.53,34.17,18,6430,1412,2897,1348,3.855,243.8
3158,-118.54,34.17,11,1080,174,386,160,6.1274,315.9
3159,-118.55,34.18,32,3011,529,1287,525,5.0605,311
3160,-118.56,34.18,39,1819,291,770,278,5.4088,457.3
3161,-118.54,34.18,17,7214,1994,4100,1823,3.0943,174.5
3162,-118.53,34.18,16,7194,1976,3687,1894,3.1887,189.3
3163,-118.54,34.17,34,2458,433,1034,373,5.6738,443.6
3164,-118.54,34.17,25,3352,891,1815,860,2.8528,425
3165,-118.55,34.17,36,2127,297,761,274,7.8392,500.001
3166,-118.56,34.17,35,2987,391,1244,387,7.1322,500.001
3167,-118.52,34.17,20,17377,4457,7450,4204,3.2154,259.6
3168,-118.52,34.16,39,2693,478,1219,435,5.17,335.4
3169,-118.53,34.16,32,3554,762,1623,750,3.6141,290.6
3170,-118.51,34.16,23,11154,1995,4076,1809,5.4609,500.001
3171,-118.48,34.16,32,2108,309,769,274,8.7172,500.001
3172,-118.49,34.16,37,3333,488,1171,485,6.4958,500.001
3173,-118.5,34.16,34,3547,523,1187,500,7.139,424
3174,-118.5,34.15,33,3104,387,1111,376,13.4196,500.001
3175,-118.49,34.14,28,3539,441,1190,421,10.6796,500.001
3176,-118.49,34.13,24,4394,535,1443,528,11.2979,500.001
3177,-118.51,34.14,28,6748,904,2431,876,12.8879,500.001
3178,-118.53,34.14,28,6920,906,2515,860,9.2189,500.001
3179,-118.54,34.15,26,10111,1295,3599,1257,10.2292,500.001
3180,-118.56,34.14,23,9657,1189,3585,1162,10.4399,500.001
3181,-118.43,34.15,28,6270,1706,2549,1497,3.2241,295.8
3182,-118.43,34.15,26,2900,667,1090,590,3.7125,447.4
3183,-118.44,34.15,29,5474,1457,2352,1326,3.415,382.5
3184,-118.44,34.15,44,1778,251,641,251,10.0549,500.001
3185,-118.44,34.15,15,4420,1076,1669,1016,4.6375,359.1
3186,-118.44,34.15,37,1335,286,539,279,3.2813,301.7
3187,-118.45,34.16,22,7828,2038,3303,1922,3.6171,318.3
3188,-118.45,34.15,20,3876,799,1334,753,4.5656,478.4
3189,-118.46,34.16,38,1495,300,598,280,3.4698,265.4
3190,-118.46,34.16,16,4590,1200,2195,1139,3.8273,334.9
3191,-118.47,34.15,7,6306,1473,2381,1299,4.642,457.3
3192,-118.47,34.16,30,3823,740,1449,612,4.6,392.5
3193,-118.47,34.15,43,804,117,267,110,8.2269,500.001
3194,-118.48,34.15,31,2536,429,990,424,5.4591,495.5
3195,-118.48,34.16,30,3507,536,1427,525,6.7082,500.001
3196,-118.48,34.14,31,9320,1143,2980,1109,10.3599,500.001
3197,-118.46,34.14,34,5264,771,1738,753,8.8115,500.001
3198,-118.47,34.14,36,2873,420,850,379,8.153,500.001
3199,-118.47,34.14,34,3646,610,1390,607,7.629,500.001
3200,-118.43,34.14,44,1693,239,498,216,10.9237,500.001
3201,-118.43,34.13,37,4400,695,1521,666,8.2954,500.001
3202,-118.45,34.14,33,1741,274,588,267,7.9625,490.8
3203,-118.35,34.15,52,1680,238,493,211,9.042,500.001
3204,-118.36,34.15,41,3545,698,1221,651,4.3,500.001
3205,-118.36,34.15,34,3659,921,1338,835,3.6202,366.1
3206,-118.37,34.15,23,4604,1319,2391,1227,3.1373,263.1
3207,-118.37,34.15,29,2630,617,1071,573,3.3669,376.1
3208,-118.38,34.16,42,2358,546,1065,523,3.1289,320.6
3209,-118.38,34.15,36,2933,619,1115,579,4.3036,365.9
3210,-118.39,34.15,29,3110,650,1212,642,4.2031,394.4
3211,-118.39,34.16,20,4084,1062,1637,987,3.2388,256.3
3212,-118.4,34.15,31,3881,909,1535,846,3.0398,369.1
3213,-118.42,34.15,48,680,131,268,126,4.615,371.4
3214,-118.42,34.15,18,1880,420,681,333,4.3214,372.3
3215,-118.42,34.15,31,1861,430,736,360,5.2853,355.9
3216,-118.42,34.16,17,277,70,119,59,4.0208,341.7
3217,-118.42,34.16,46,54,9,20,6,0.536,375
3218,-118.4,34.15,41,2394,500,837,417,4.3889,380.4
3219,-118.4,34.15,44,2515,510,967,484,5.0754,374.5
3220,-118.41,34.15,24,3891,866,1568,830,4.1656,364.7
3221,-118.41,34.15,46,1628,259,500,258,6.083,424
3222,-118.37,34.14,8,4382,1560,2138,1411,3.5714,197.9
3223,-118.37,34.14,21,4670,1161,1914,1094,3.7986,367.7
3224,-118.38,34.14,42,1253,225,492,224,7.7112,386.7
3225,-118.39,34.14,19,5076,1034,2021,960,5.5683,309.2
3226,-118.39,34.15,36,2696,713,905,659,3.1146,373.5
3227,-118.35,34.13,39,1610,278,511,278,4.3333,385.9
3228,-118.34,34.12,41,3257,679,1237,638,4.2415,409.6
3229,-118.36,34.13,36,6871,1180,2216,1130,8.0499,495.6
3230,-118.37,34.14,23,1883,512,774,478,3.5096,396.4
3231,-118.37,34.13,28,4287,627,1498,615,8.5677,500.001
3232,-118.39,34.14,34,4624,781,1572,719,6.5533,500.001
3233,-118.4,34.13,32,8262,1156,2712,1125,10.5575,500.001
3234,-118.4,34.14,52,1695,281,595,264,6.0678,399.3
3235,-118.4,34.14,45,417,89,187,88,5.1377,360.7
3236,-118.41,34.14,33,778,143,258,130,5.738,497.6
3237,-118.42,34.14,27,3990,892,1417,800,4.0439,500.001
3238,-118.42,34.13,38,3830,518,1292,516,12.7823,500.001
3239,-118.22,34.14,52,2298,406,1203,387,5.5291,274.6
3240,-118.22,34.14,52,1388,271,735,239,3.7404,247.7
3241,-118.2,34.14,52,3800,646,1842,620,5.5524,293.9
3242,-118.19,34.14,46,2387,488,1181,456,3.6058,257.9
3243,-118.19,34.14,38,1826,300,793,297,5.2962,291.5
3244,-118.22,34.14,50,3657,708,1725,644,5.5456,258.1
3245,-118.2,34.14,52,2090,466,1219,390,4.0909,204.2
3246,-118.21,34.14,44,1681,407,1105,387,3.2222,186.5
3247,-118.21,34.14,25,1908,628,1412,588,2.2267,189.8
3248,-118.2,34.14,51,1941,378,1012,371,3.9375,217
3249,-118.19,34.14,47,2525,523,1514,498,4.3359,209.2
3250,-118.19,34.13,52,2012,458,1314,434,3.925,180.4
3251,-118.2,34.13,52,2035,459,2589,438,3.5349,193.6
3252,-118.21,34.13,52,2465,611,1433,570,3.25,214.2
3253,-118.22,34.13,47,1585,420,949,366,2.7098,173.8
3254,-118.22,34.13,52,791,174,501,162,3.3542,178.1
3255,-118.18,34.13,52,2228,475,1311,452,3.5341,182.1
3256,-118.18,34.12,52,1081,311,904,283,1.9219,165.1
3257,-118.18,34.12,45,2397,488,1569,471,4.21,167.9
3258,-118.17,34.12,35,2568,672,1696,605,2.9154,169.2
3259,-118.18,34.12,29,2640,737,1795,655,2.369,173.4
3260,-118.19,34.13,50,1309,302,883,293,3.1287,198
3261,-118.19,34.12,41,2591,682,2366,583,2.3071,146.4
3262,-118.19,34.12,44,1219,324,1036,282,4.0417,170.6
3263,-118.19,34.12,36,2833,720,2148,709,2.7012,172.1
3264,-118.2,34.13,30,3369,824,2032,795,4.0052,196.4
3265,-118.2,34.13,50,2929,588,1931,574,3.3438,173.6
3266,-118.2,34.12,52,1580,426,1462,406,3.3326,167.6
3267,-118.2,34.12,41,1908,503,1557,453,2.9194,162
3268,-118.21,34.12,52,1590,360,1127,321,3.4625,173.9
3269,-118.21,34.12,41,1904,514,1666,498,3.6845,175.8
3270,-118.21,34.12,52,1301,389,1189,361,2.5139,190
3271,-118.2,34.11,46,3659,1068,4153,993,2.5211,162.9
3272,-118.2,34.11,52,1901,525,1856,480,3,156.4
3273,-118.19,34.12,46,3387,820,2833,813,2.987,176.9
3274,-118.19,34.11,40,1266,348,1032,315,2.1667,150
3275,-118.19,34.12,35,2524,749,2487,679,2.4932,167.7
3276,-118.18,34.11,33,1523,391,753,298,2.6591,183.8
3277,-118.18,34.11,44,1346,398,1204,344,2.3984,152.2
3278,-118.19,34.11,26,1638,457,1155,437,3.4227,143.8
3279,-118.19,34.1,42,1577,379,1317,378,3.2121,153.9
3280,-118.2,34.11,36,1441,534,1809,500,2.1793,185.7
3281,-118.2,34.11,37,2040,611,1698,545,1.9355,166.3
3282,-118.2,34.1,30,3643,1197,4336,1163,2.07,154.5
3283,-118.21,34.1,47,5077,1271,3348,1106,3.0377,186.8
3284,-118.22,34.1,35,4003,788,2785,764,4.1213,252.1
3285,-118.23,34.1,38,1051,249,799,229,2.712,143.8
3286,-118.23,34.1,46,2483,587,2121,553,2.2788,152.9
3287,-118.21,34.09,34,1660,412,1678,382,2.7708,148.2
3288,-118.22,34.1,33,1903,386,1187,340,4.0469,196.6
3289,-118.22,34.09,42,1706,488,1941,447,2.5213,149.7
3290,-118.22,34.09,36,1427,415,1835,410,2.48,138.9
3291,-118.22,34.09,45,1072,275,996,243,2.8194,165
3292,-118.23,34.09,41,438,201,690,161,2.0476,181.3
3293,-118.23,34.13,48,737,166,462,131,3.5893,212.5
3294,-118.22,34.13,40,2749,580,1375,511,4.825,205.8
3295,-118.23,34.13,34,609,149,407,145,4.5766,185.8
3296,-118.23,34.13,37,1799,426,1088,417,2.975,244.5
3297,-118.22,34.12,28,3306,1025,2670,942,3.0919,185.4
3298,-118.21,34.12,35,1937,439,1523,412,3.5638,170.5
3299,-118.23,34.12,28,1546,465,974,408,2.2843,183.8
3300,-118.24,34.12,41,1213,301,801,300,3.1806,204.2
3301,-118.23,34.12,32,2094,491,1413,479,4.5089,221.1
3302,-118.23,34.11,31,1021,191,495,191,5.5051,223.5
3303,-118.23,34.11,35,4148,971,3220,892,3.3389,187.1
3304,-118.25,34.12,11,1281,418,1584,330,2.8889,153.1
3305,-118.24,34.12,29,2904,892,3320,765,2.6111,168.8
3306,-118.24,34.11,50,2141,451,1777,426,2.7679,178.8
3307,-118.24,34.11,39,1148,348,1161,333,2.2167,176.7
3308,-118.23,34.11,33,2612,646,2496,606,3.133,156
3309,-118.26,34.12,45,2839,698,1768,653,3.1306,214
3310,-118.26,34.11,47,2183,510,1445,503,3.6667,210.9
3311,-118.25,34.11,43,2230,583,1667,543,2.8667,217.8
3312,-118.25,34.11,43,2222,635,1817,606,2.7466,208.9
3313,-118.25,34.11,39,1415,369,1467,351,3.015,156.3
3314,-118.24,34.1,42,1525,456,1688,432,3.1691,141.3
3315,-118.25,34.11,52,125,42,99,40,3.4375,170
3316,-118.25,34.1,42,598,147,312,144,2.625,164.3
3317,-118.25,34.1,42,4198,956,1935,878,3.7184,277.3
3318,-118.26,34.11,52,1740,402,749,335,3.5673,270.7
3319,-118.27,34.14,29,3768,1211,2320,1030,2.7685,204.5
3320,-118.27,34.11,36,1832,539,934,486,3.0521,276.6
3321,-118.27,34.11,39,3825,916,1378,746,4.4094,352.6
3322,-118.28,34.11,38,4453,1156,1830,1099,3.6181,495.6
3323,-118.26,34.12,52,2290,520,1278,485,3.8393,238.2
3324,-118.27,34.12,50,2037,440,1089,417,3.575,230.6
3325,-118.29,34.11,40,2681,737,1144,669,3.0461,264.3
3326,-118.29,34.1,39,2196,582,1165,538,2.9417,254.2
3327,-118.29,34.1,43,1711,443,1190,429,3.5172,265.5
3328,-118.29,34.11,24,3696,1125,1685,1031,2.3789,266.7
3329,-118.29,34.11,48,1448,295,681,287,3.2333,436.4
3330,-118.3,34.11,52,3136,675,1213,606,3.5806,391.9
3331,-118.3,34.1,37,5305,1980,3895,1874,2.0672,283.3
3332,-118.3,34.11,25,1590,218,568,206,8.4389,500.001
3333,-118.3,34.11,52,1954,245,645,237,6.9391,500.001
3334,-118.31,34.11,52,1875,303,735,293,5.8659,433.3
3335,-118.31,34.12,39,3895,561,1271,536,8.0073,500.001
3336,-118.31,34.13,40,2822,443,907,414,7.2692,498.7
3337,-118.32,34.12,52,3410,800,1218,783,4.15,393.5
3338,-118.32,34.11,42,2462,543,857,482,4.0833,434.4
3339,-118.32,34.11,33,5135,1450,2404,1292,3.2462,435.7
3340,-118.32,34.11,48,4472,1579,2796,1397,2.3974,410.7
3341,-118.33,34.11,38,3495,1100,1939,994,2.2148,438.3
3342,-118.33,34.11,48,1601,464,784,461,3.0642,342.9
3343,-118.32,34.13,34,1856,273,540,264,4.0833,500.001
3344,-118.33,34.12,23,1894,416,769,392,6.0352,500.001
3345,-118.34,34.13,45,2375,417,751,410,6.6739,500.001
3346,-118.32,34.14,23,4574,1423,1624,995,4.0965,500.001
3347,-118.34,34.11,40,5485,1242,2034,1133,3.6974,500.001
3348,-118.35,34.1,26,3977,1050,1720,935,3.358,364.5
3349,-118.36,34.1,52,1295,281,578,273,2.976,405.1
3350,-118.36,34.1,52,1096,247,423,230,3.0179,500.001
3351,-118.35,34.1,18,7432,2793,3596,2270,2.8036,225
3352,-118.35,34.1,16,2930,1038,1648,980,2.6458,372.2
3353,-118.35,34.1,20,2745,782,1161,739,3.9044,436.4
3354,-118.35,34.1,18,4109,1301,2103,1116,2.325,250
3355,-118.35,34.1,24,5477,1803,2863,1755,1.845,237.5
3356,-118.34,34.11,51,937,348,527,333,4.3571,468.8
3357,-118.34,34.1,29,3193,1452,2039,1265,1.8209,500.001
3358,-118.34,34.1,24,1996,791,1215,672,1.5429,325
3359,-118.34,34.1,28,2223,752,1271,684,2.5434,232.1
3360,-118.33,34.1,30,5293,2446,4123,2127,1.51,187.5
3361,-118.33,34.1,43,2732,1646,3049,1429,1.3157,333.3
3362,-118.31,34.1,40,4984,2158,4828,2028,1.6903,350
3363,-118.32,34.1,28,1759,716,1463,620,1.7306,450
3364,-118.3,34.1,35,7517,2961,5899,2769,1.9354,340
3365,-118.3,34.1,25,3926,1715,4865,1612,1.6112,262.5
3366,-118.31,34.1,36,2288,1033,3030,890,1.5328,250
3367,-118.31,34.1,33,766,347,918,305,1.705,350
3368,-118.33,34.1,48,1116,524,1610,483,1.625,237.5
3369,-118.33,34.1,45,1913,696,1552,611,2.0888,237.5
3370,-118.32,34.1,43,1615,734,1460,644,1.4005,193.8
3371,-118.32,34.09,34,2473,1171,2655,1083,1.6331,162.5
3372,-118.33,34.09,30,1679,682,1445,579,2.1403,200
3373,-118.33,34.1,29,732,288,691,278,2.1866,250
3374,-118.31,34.1,34,399,141,482,134,1.625,67.5
3375,-118.31,34.09,34,2065,839,2626,775,1.8214,211.1
3376,-118.31,34.09,28,720,267,891,265,1.8977,100
3377,-118.31,34.09,37,773,314,835,312,1.8576,193.8
3378,-118.32,34.09,32,563,191,626,185,2.0341,250
3379,-118.32,34.1,36,1655,690,1957,633,1.7325,221.9
3380,-118.32,34.09,34,1478,675,1976,653,2.0557,225
3381,-118.32,34.1,31,622,229,597,227,1.5284,200
3382,-118.32,34.1,30,2193,965,2197,836,1.8277,137.5
3383,-118.3,34.1,29,3403,1367,3432,1174,1.7083,166.7
3384,-118.31,34.09,36,787,420,1506,360,1.2412,216.7
3385,-118.3,34.1,38,2067,914,2717,853,1.7641,250
3386,-118.3,34.1,36,2284,899,1964,839,1.9297,203.3
3387,-118.29,34.09,34,2716,1114,2991,1021,1.7514,187.5
3388,-118.3,34.09,36,2332,993,3155,927,2.2612,230.4
3389,-118.29,34.1,39,631,298,744,274,2.7054,162.5
3390,-118.29,34.09,29,2240,792,2254,739,2.3317,172.5
3391,-118.28,34.09,38,790,275,664,194,3.0357,175
3392,-118.29,34.09,43,1583,658,1941,614,1.9835,225
3393,-118.29,34.09,28,1562,648,1974,597,1.9766,112.5
3394,-118.29,34.09,35,2198,998,3441,912,2.0467,158.3
3395,-118.29,34.09,35,2624,1116,3548,1008,2.0132,198.4
3396,-118.29,34.09,39,336,173,586,151,1.8056,262.5
3397,-118.3,34.09,29,3245,1190,3906,1102,2.1927,253.3
3398,-118.3,34.09,32,2202,674,2178,635,2.0307,226.7
3399,-118.31,34.09,36,2517,842,2446,689,2.1524,187.5
3400,-118.31,34.09,30,3165,1263,3678,1141,2,240.6
3401,-118.31,34.09,42,1951,846,2500,813,1.5195,218.2
3402,-118.32,34.09,44,2666,830,2297,726,1.676,208.8
3403,-118.32,34.09,28,2173,819,2548,763,1.879,218.8
3404,-118.33,34.09,36,654,186,416,138,3.6953,200
3405,-118.33,34.09,36,561,180,340,127,1.4375,165
3406,-118.33,34.09,40,2004,687,1514,542,1.9911,220
3407,-118.34,34.09,5,2665,954,1733,766,2.3568,204.7
3408,-118.34,34.09,14,3032,999,1691,841,2.2,210
3409,-118.34,34.08,50,3457,854,1584,841,3.1078,346.7
3410,-118.34,34.09,52,1731,502,849,466,3.2946,321.6
3411,-118.34,34.08,52,1430,186,547,178,10.3661,500.001
3412,-118.35,34.09,47,1800,546,921,478,2.8021,280.6
3413,-118.35,34.08,52,2088,388,908,375,3.8141,342
3414,-118.35,34.09,42,2210,643,1228,605,2.5982,315.8
3415,-118.36,34.08,52,1965,480,794,451,3.2824,304.8
3416,-118.32,34.08,52,1164,257,575,251,3.125,380.4
3417,-118.33,34.08,52,1777,454,671,439,3.5083,500.001
3418,-118.33,34.08,50,2989,832,1345,775,3.2426,442.9
3419,-118.31,34.08,30,1390,457,1460,423,2.2422,254.5
3420,-118.31,34.08,31,2275,823,2189,720,1.7542,287.5
3421,-118.32,34.08,46,2038,534,1250,525,2.4196,358.1
3422,-118.31,34.08,23,1443,521,1264,450,2.7543,220
3423,-118.32,34.08,52,1137,304,754,297,3.37,330.3
3424,-118.32,34.08,52,2370,473,1053,434,4.1429,380.3
3425,-118.3,34.08,34,2501,1047,3326,970,1.8771,247.5
3426,-118.3,34.08,36,1276,503,1502,450,2.1766,205.6
3427,-118.31,34.08,26,1609,534,1868,497,2.7038,227.1
3428,-118.29,34.08,34,479,182,557,170,1.525,210
3429,-118.29,34.08,23,1864,937,2795,858,1.8495,212.5
3430,-118.3,34.08,34,1562,651,1774,559,1.5685,225
3431,-118.3,34.08,32,2880,1063,3646,1028,2.3846,258.3
3432,-118.29,34.08,25,2459,823,2635,763,2.4,173.9
3433,-118.37,34.12,34,2821,399,843,391,11.615,500.001
3434,-118.35,34.11,33,7478,1678,2701,1500,4.1717,500.001
3435,-118.36,34.11,35,3946,695,1361,620,6.5195,500.001
3436,-118.38,34.11,38,2601,523,870,474,7.1134,416.7
3437,-118.37,34.11,42,5518,979,1863,957,8.5842,500.001
3438,-118.36,34.1,36,2963,838,1129,745,2.5588,500.001
3439,-118.37,34.1,37,407,67,100,47,15.0001,500.001
3440,-118.38,34.1,39,3798,586,975,525,9.3092,500.001
3441,-118.39,34.1,30,6310,957,1776,880,8.944,500.001
3442,-118.39,34.09,41,730,126,230,125,4.3214,500.001
3443,-118.36,34.09,38,2158,582,1061,577,2.9643,355.3
3444,-118.36,34.08,40,3110,764,1557,763,1.9937,367.1
3445,-118.37,34.08,52,2946,695,1258,650,3.9783,374.1
3446,-118.37,34.08,22,3008,938,1224,816,3.2149,300
3447,-118.37,34.09,31,2697,706,1059,689,2.8942,500.001
3448,-118.36,34.08,45,2195,483,1265,455,3.3864,397.9
3449,-118.37,34.08,52,1466,254,600,253,5.7524,393.6
3450,-118.37,34.08,52,1234,223,543,213,6.0338,423.7
3451,-118.26,34.1,48,2566,571,1421,563,3.6579,318.6
3452,-118.26,34.1,52,1310,263,689,208,4.0721,350
3453,-118.27,34.1,51,3149,519,1082,510,6.4459,421.6
3454,-118.27,34.1,41,3729,740,1364,707,5.7778,412.7
3455,-118.27,34.11,41,4138,1130,1859,1030,2.978,306.8
3456,-118.28,34.11,52,2036,348,775,332,5.4122,397.5
3457,-118.28,34.11,52,1803,437,787,388,4.5781,360.5
3458,-118.28,34.1,44,2728,585,1227,567,4.0602,324
3459,-118.28,34.1,49,1767,467,1066,438,3.0958,210.9
3460,-118.28,34.1,48,805,246,633,235,2.3421,200
3461,-118.28,34.1,49,2843,880,2004,796,2.7875,217.3
3462,-118.27,34.09,48,1527,295,589,286,4.1667,344.8
3463,-118.27,34.09,52,3225,763,1559,710,3.9674,268.8
3464,-118.28,34.09,52,2273,663,1480,597,2.3333,196.5
3465,-118.27,34.09,52,2327,555,1048,491,3.7847,252.3
3466,-118.26,34.09,51,1532,366,669,333,3.6434,278.8
3467,-118.26,34.09,36,3503,833,2652,788,3.8448,241.4
3468,-118.27,34.09,52,1079,222,439,201,4.625,230.8
3469,-118.27,34.09,44,3646,912,1783,861,2.9709,225
3470,-118.26,34.08,52,984,276,994,260,2.3816,166.7
3471,-118.27,34.08,35,1147,365,1016,296,2.3913,198.8
3472,-118.26,34.07,36,2306,813,2823,765,2.0214,170.5
3473,-118.27,34.07,27,1190,518,1795,422,1.7016,160
3474,-118.27,34.08,38,2265,801,2899,792,2.5521,157.5
3475,-118.27,34.08,46,3007,854,2587,814,2.7179,184.3
3476,-118.28,34.08,42,997,374,982,372,2.9423,200
3477,-118.28,34.08,52,2465,773,2328,746,2.6178,203.1
3478,-118.27,34.08,43,962,253,658,244,3.2386,185
3479,-118.27,34.07,38,1270,556,1692,450,1.87,170.8
3480,-118.28,34.08,42,1618,522,1454,440,3.1607,182
3481,-118.28,34.08,39,3162,896,1934,818,2.875,213.5
3482,-118.28,34.08,40,1630,543,1568,510,2.7366,169.1
3483,-118.28,34.09,49,3828,1197,2862,1009,2.4677,219.2
3484,-118.23,34.07,40,506,119,397,114,3.1944,143.8
3485,-118.24,34.08,52,137,26,65,24,4.025,137.5
3486,-118.23,34.09,47,859,239,913,234,2.6442,136.1
3487,-118.23,34.09,49,1638,456,1500,430,2.6923,150
3488,-118.23,34.09,45,1747,484,1680,441,2.6051,155.5
3489,-118.25,34.09,52,2050,429,957,418,3.5603,210
3490,-118.25,34.09,52,104,20,32,17,3.75,241.7
3491,-118.25,34.08,44,1425,438,1121,374,2.1108,200
3492,-118.25,34.08,47,2133,689,2104,662,2.6136,169.2
3493,-118.25,34.09,43,1903,635,1919,613,2.6336,174.3
3494,-118.25,34.09,52,1866,470,1211,417,2.935,189.4
3495,-118.26,34.08,45,2174,627,1992,557,2.5428,167.8
3496,-118.25,34.09,52,3142,765,1728,682,3.1864,189.8
3497,-118.26,34.08,45,2225,827,2699,792,1.9209,179.2
3498,-118.26,34.07,46,2341,703,2371,648,2.4038,181.7
3499,-118.26,34.07,52,830,200,701,189,2.7625,232.1
3500,-118.25,34.07,47,2059,618,2033,544,1.9028,217.9
3501,-118.25,34.07,43,764,322,1275,306,2,175
3502,-118.25,34.07,18,4297,1420,4332,1286,2.2545,192.5
3503,-118.25,34.07,16,719,225,801,218,2.3942,133.3
3504,-118.22,34.09,40,1081,282,970,263,1.875,150
3505,-118.22,34.08,34,1709,562,2105,503,1.9704,152.1
3506,-118.19,34.08,38,1241,298,1055,263,2.3409,115.5
3507,-118.2,34.07,21,1353,380,1688,367,1.9937,139.6
3508,-118.2,34.07,34,1765,551,2203,500,2.2708,159.6
3509,-118.21,34.08,39,986,361,1347,299,2.2907,133.9
3510,-118.21,34.08,26,2574,807,3163,802,1.9495,173.2
3511,-118.2,34.09,39,1594,430,1668,378,2.5343,138.2
3512,-118.2,34.08,41,1807,429,1699,424,2.2222,126
3513,-118.19,34.1,39,2054,423,1205,403,4.239,213
3514,-118.21,34.08,52,3672,808,3062,764,2.6806,153
3515,-118.21,34.09,39,1287,353,1171,345,1.6118,138.5
3516,-118.21,34.09,39,1561,445,1780,391,2.4632,144.2
3517,-118.22,34.07,36,839,250,1079,245,1.7463,158.3
3518,-118.21,34.07,31,1077,300,1198,274,2.1333,160.2
3519,-118.21,34.07,47,1346,383,1452,371,1.7292,191.7
3520,-118.21,34.07,31,1453,404,1486,389,2.3859,153.1
3521,-118.21,34.06,29,1478,413,1580,394,1.8781,147.5
3522,-118.16,34.09,36,3334,920,2881,800,2.1696,170.8
3523,-118.18,34.09,40,2744,708,2747,674,2.6226,148.8
3524,-118.18,34.09,44,1688,426,1605,384,3.3785,184.9
3525,-118.18,34.1,10,1907,398,921,369,4.875,200.4
3526,-118.18,34.1,10,1940,445,763,412,4.975,166.7
3527,-118.18,34.1,7,2529,689,1215,577,4.7853,153.1
3528,-118.18,34.1,8,1116,267,435,235,4.9231,230.9
3529,-118.18,34.08,35,2226,602,2230,549,2.9167,129.3
3530,-118.19,34.08,35,1554,381,1487,374,1.9038,139.5
3531,-118.19,34.07,38,2965,665,2128,650,3.0241,166.3
3532,-118.19,34.06,44,1734,364,1133,351,2.5132,163.1
3533,-118.16,34.09,33,1515,415,1345,346,2.375,175
3534,-118.17,34.09,36,3066,797,3097,780,2.5523,156.5
3535,-118.17,34.09,33,2907,797,3212,793,2.2348,146.6
3536,-118.18,34.08,31,1318,311,1164,289,2.9939,135.5
3537,-118.18,34.08,33,1369,408,1475,377,2.3281,151.9
3538,-118.16,34.08,43,1523,378,1338,352,3.2031,144.6
3539,-118.17,34.08,39,787,181,731,179,3.2279,158.5
3540,-118.17,34.08,33,851,231,936,228,3.375,147.5
3541,-118.18,34.07,28,2616,630,2218,621,2.6842,156
3542,-118.17,34.07,19,2150,544,1510,467,3.4952,150
3543,-118.19,34.06,47,2324,658,3020,594,1.1868,93.8
3544,-118.2,34.05,8,762,204,728,174,2.4886,137.5
3545,-118.2,34.05,36,2672,675,2883,674,2.0885,142.8
3546,-118.19,34.05,37,349,79,276,64,3.2125,125
3547,-118.2,34.06,46,321,101,401,86,2.1029,109.4
3548,-118.21,34.06,30,511,153,1152,149,2.3611,156.8
3549,-118.22,34.05,36,1243,470,1668,444,1.0714,137.5
3550,-118.22,34.06,34,1083,364,1132,338,2.2344,153.1
3551,-118.22,34.05,34,1113,313,928,290,3.1654,155
3552,-118.22,34.05,41,1422,478,1640,434,1.6122,157.1
3553,-118.21,34.05,26,745,258,694,236,1.3846,129.2
3554,-118.21,34.05,28,1079,306,1358,285,2.52,131.9
3555,-118.21,34.05,28,950,357,1485,345,1.9271,136.4
3556,-118.2,34.05,43,1165,317,1279,303,1.9615,141.7
3557,-118.2,34.05,40,1146,323,1354,321,1.9205,121.9
3558,-118.2,34.05,40,1082,318,1085,273,1.7054,117.2
3559,-118.2,34.05,42,1703,586,2490,581,2.02,147.2
3560,-118.19,34.05,43,977,266,1084,259,2.7708,127.9
3561,-118.19,34.05,41,1098,264,1178,245,2.1058,124.3
3562,-118.2,34.05,50,1407,401,1526,385,2.29,121.8
3563,-118.19,34.04,40,1095,305,1322,281,1.9688,150
3564,-118.19,34.03,50,1183,246,851,231,3.2639,142.6
3565,-118.2,34.04,52,1249,307,1223,297,2.07,136.3
3566,-118.2,34.04,47,1894,408,1629,379,3.7619,127.6
3567,-118.2,34.03,52,1754,452,1849,445,2.3716,122.8
3568,-118.2,34.04,44,1399,386,1419,373,1.8224,143.8
3569,-118.2,34.04,36,1625,490,2003,478,2.181,147.2
3570,-118.2,34.04,44,1582,544,1998,515,1.6888,125
3571,-118.2,34.04,18,796,227,547,218,1.0333,135.4
3572,-118.21,34.04,47,1325,393,1557,352,2.8,148.4
3573,-118.21,34.05,28,1841,809,3199,727,1.6319,151.6
3574,-118.22,34.05,43,1153,411,1667,409,1.9402,139.3
3575,-118.21,34.05,47,722,235,930,226,2.5455,114.3
3576,-118.22,34.04,43,2343,803,2468,707,1.5163,115
3577,-118.21,34.04,43,1502,477,1844,477,1.9405,152.5
3578,-118.21,34.04,47,1306,391,1499,346,2.2788,139.6
3579,-118.21,34.03,45,1860,472,1893,456,2.6573,141.8
3580,-118.21,34.03,44,1550,407,1718,403,2.5268,141.1
3581,-118.21,34.03,52,497,132,547,121,2.2083,146.3
3582,-118.2,34.03,41,1292,334,1150,322,1.925,135.2
3583,-118.2,34.02,49,1098,317,1411,301,2.75,146
3584,-118.2,34.03,52,774,209,813,203,2.3472,135.2
3585,-118.2,34.03,37,1583,392,1776,377,2.7266,140.8
3586,-118.21,34.02,45,792,203,872,188,2.6875,129.7
3587,-118.19,34.02,44,2702,770,3260,721,2.3575,144.8
3588,-118.2,34.02,26,36,9,35,9,1.625,175
3589,-118.2,34.02,42,498,120,548,119,3.7543,126.6
3590,-118.21,34.02,52,22,7,55,7,7.5752,67.5
3591,-118.21,34.02,43,1811,513,2123,487,1.3615,133.3
3592,-118.23,34.05,52,346,270,346,251,2.5313,225
3593,-118.24,34.05,13,1703,697,1823,669,0.8288,181.3
3594,-118.24,34.04,52,116,107,171,92,1.0769,112.5
3595,-118.24,34.06,33,390,199,435,193,1.1979,350
3596,-118.24,34.06,8,1204,552,1074,517,1.0227,87.5
3597,-118.24,34.06,19,2870,1021,3325,978,1.7395,162.5
3598,-118.25,34.05,52,2806,1944,2232,1605,0.6775,350
3599,-118.25,34.05,8,3105,1256,1086,997,0.8131,275
3600,-118.25,34.06,12,4011,1438,1673,1088,5.3081,287.5
3601,-118.26,34.05,52,58,52,41,27,4.0972,500.001
3602,-118.26,34.04,6,1529,566,1051,473,2.462,162.5
3603,-118.25,34.06,52,174,66,249,57,1.7763,312.5
3604,-118.26,34.06,15,326,123,490,105,1.4886,175
3605,-118.26,34.06,40,637,273,1150,263,1.8625,131.3
3606,-118.26,34.07,52,1802,613,2382,587,1.8438,185.9
3607,-118.26,34.07,40,680,273,995,249,2.2607,165.6
3608,-118.26,34.07,30,929,238,763,214,2.5227,187.5
3609,-118.26,34.06,42,2541,1282,3974,1189,1.5854,87.5
3610,-118.27,34.07,42,1175,428,1593,407,2.3438,213.3
3611,-118.27,34.06,30,1771,788,2188,764,1.5885,154.2
3612,-118.27,34.07,34,786,341,1239,320,2.3438,152.1
3613,-118.27,34.06,33,1416,686,2013,614,1.9818,208.3
3614,-118.27,34.07,33,1177,468,1533,430,2.3981,183.3
3615,-118.28,34.07,41,1072,331,1111,314,1.9233,207.1
3616,-118.28,34.07,24,3247,1281,2642,1182,2.4632,216.7
3617,-118.28,34.07,14,1924,926,2226,792,2.2552,265.9
3618,-118.28,34.07,32,1777,536,1684,489,2.3636,190
3619,-118.28,34.07,25,7522,3179,7221,2902,2.0173,177.5
3620,-118.28,34.06,14,1787,853,2251,763,1.1642,400
3621,-118.28,34.06,17,2518,1196,3051,1000,1.7199,175
3622,-118.27,34.06,17,2124,1168,3915,1137,1.1346,137.5
3623,-118.27,34.06,25,1714,1176,3723,1036,1.3241,112.5
3624,-118.27,34.06,45,564,353,1172,319,1.494,187.5
3625,-118.27,34.06,26,513,338,1204,321,1.4904,275
3626,-118.26,34.06,33,1950,1047,3707,1012,1.7238,110
3627,-118.27,34.05,52,1292,864,2081,724,0.9563,275
3628,-118.28,34.06,52,1261,616,2309,581,1.6184,225
3629,-118.28,34.06,52,936,454,990,354,1.1122,187.5
3630,-118.28,34.06,42,2472,1368,3795,1179,1.2254,162.5
3631,-118.27,34.05,25,1316,836,2796,784,1.7866,325
3632,-118.27,34.05,26,1164,674,1685,541,1.5727,225
3633,-118.28,34.05,28,1306,637,2079,598,1.4615,275
3634,-118.28,34.05,31,1525,730,2510,652,1.6355,162.5
3635,-118.28,34.05,41,1788,774,2931,702,1.4413,158.9
3636,-118.28,34.05,44,968,384,1805,375,1.4801,212.5
3637,-118.27,34.05,47,661,359,1406,307,1.3169,112.5
3638,-118.27,34.04,13,1784,730,2158,682,1.7038,118.1
3639,-118.27,34.05,24,323,214,751,189,1.8304,225
3640,-118.33,34.06,52,1841,240,693,218,15.0001,500.001
3641,-118.33,34.07,52,1482,171,531,161,15.0001,500.001
3642,-118.34,34.06,52,2089,309,883,281,7.4574,500.001
3643,-118.34,34.06,52,1311,310,707,290,3.4812,432.8
3644,-118.29,34.07,19,3013,1118,2465,1008,2.5386,290.6
3645,-118.29,34.06,9,1554,815,1704,761,2.0185,141.7
3646,-118.29,34.07,22,492,269,634,261,1.6406,300
3647,-118.29,34.07,26,2302,1124,2660,1004,2.3567,253.1
3648,-118.29,34.08,43,3056,1345,3920,1304,1.925,300
3649,-118.3,34.07,31,1489,664,1793,556,2.4348,230.6
3650,-118.3,34.07,46,5677,2610,7443,2406,1.8238,237.5
3651,-118.3,34.07,26,2107,757,2660,740,2.3375,282.3
3652,-118.3,34.07,36,2657,738,2274,723,3.425,281.7
3653,-118.31,34.07,28,2362,949,2759,894,2.2364,305.6
3654,-118.31,34.08,49,2549,630,1539,594,2.6218,350.9
3655,-118.31,34.07,40,2657,794,2149,749,2.2653,445
3656,-118.32,34.07,52,2980,366,967,359,11.2185,500.001
3657,-118.31,34.06,36,369,147,145,136,0.8804,450
3658,-118.32,34.06,52,983,246,578,204,5.7393,500.001
3659,-118.32,34.07,25,2740,707,1420,664,3.5909,404.5
3660,-118.31,34.07,26,5062,2055,4533,1822,2.3105,166.7
3661,-118.31,34.06,30,3110,1269,2535,1218,1.6987,412.5
3662,-118.3,34.07,18,3759,1621,3296,1462,2.2708,175
3663,-118.31,34.07,20,3264,1248,2919,1191,2.3674,500.001
3664,-118.3,34.06,20,1782,896,1749,823,2.2094,75
3665,-118.31,34.06,34,2470,1197,2326,1055,1.9038,325
3666,-118.29,34.07,24,4021,1707,3727,1529,1.7365,112.5
3667,-118.3,34.07,28,5221,2530,5840,2374,1.8829,300
3668,-118.3,34.06,43,1366,740,942,672,1.6953,150
3669,-118.29,34.06,42,3894,2293,6846,2156,1.5553,70
3670,-118.29,34.06,27,2456,1111,4137,1104,1.5954,187.5
3671,-118.29,34.06,46,1759,1012,2716,877,2.1637,350
3672,-118.3,34.06,47,1390,872,2860,827,1.468,137.5
3673,-118.29,34.06,23,2040,778,2235,697,1.9309,233.3
3674,-118.3,34.06,33,2437,1283,3906,1084,2.0332,270
3675,-118.3,34.06,21,3960,1490,3468,1335,1.8214,475
3676,-118.3,34.06,23,2512,1203,3720,1118,1.7896,322.2
3677,-118.31,34.06,24,1336,453,1268,426,2.8202,500.001
3678,-118.31,34.06,47,3038,1533,4225,1472,1.6725,187.5
3679,-118.31,34.06,34,1848,667,1351,589,2.0547,410
3680,-118.31,34.06,52,2124,756,1920,756,2.1435,328.9
3681,-118.31,34.06,31,2827,1084,3107,993,2.0278,360
3682,-118.31,34.06,14,1559,646,1639,567,1.9949,380
3683,-118.32,34.05,42,3292,713,2224,674,3.5517,291.5
3684,-118.32,34.06,43,2808,584,1654,569,4.125,436.8
3685,-118.32,34.06,36,3239,722,1383,612,4.5918,337
3686,-118.33,34.05,48,2405,527,1868,502,3.375,257.8
3687,-118.33,34.05,45,1707,519,1446,466,2.1736,171.3
3688,-118.32,34.05,50,1389,364,976,302,1.5882,327.3
3689,-118.32,34.05,42,3343,1183,3480,1146,1.9923,250
3690,-118.31,34.05,35,1692,423,1578,406,2.5313,305.8
3691,-118.3,34.05,44,1612,650,2028,593,1.9152,115.6
3692,-118.3,34.05,42,1476,610,1605,545,1.721,214.3
3693,-118.31,34.05,42,443,223,582,223,2.2937,350
3694,-118.3,34.05,31,1744,720,2034,633,2.2684,193.8
3695,-118.29,34.05,30,1417,589,1615,540,1.3867,193.8
3696,-118.29,34.05,34,1102,448,1325,439,1.5972,168.8
3697,-118.3,34.05,36,1723,569,1664,501,1.9323,161.1
3698,-118.29,34.05,18,3585,1661,5229,1534,1.847,250
3699,-118.29,34.05,11,677,370,1143,341,2.3864,350
3700,-118.29,34.05,31,2818,1252,4126,1200,2.053,229.2
3701,-118.35,34.08,52,1801,313,714,293,4.6838,479
3702,-118.35,34.07,52,2315,356,894,345,4.1328,500.001
3703,-118.34,34.07,52,2066,319,981,297,5.8632,450
3704,-118.34,34.07,52,1621,284,588,272,6.2223,500.001
3705,-118.34,34.07,52,3421,598,1203,564,4.1618,500.001
3706,-118.34,34.08,52,2756,542,971,510,5.5871,500.001
3707,-118.35,34.08,52,2877,721,1186,704,3.2645,175
3708,-118.36,34.08,52,2373,601,1135,576,3.1765,225
3709,-118.36,34.08,52,1902,488,848,478,2.9621,175
3710,-118.35,34.07,48,890,255,434,232,3.6111,450
3711,-118.35,34.07,45,7803,2154,3359,2041,3.3594,287.5
3712,-118.35,34.07,46,1651,410,512,397,4.0179,350
3713,-118.35,34.07,45,3312,880,1157,809,3.5719,500.001
3714,-118.36,34.07,40,1821,447,777,441,2.3375,355.2
3715,-118.36,34.07,48,1740,360,748,357,4.7019,411.1
3716,-118.37,34.07,50,2519,537,1117,516,4.3667,405.6
3717,-118.36,34.07,52,2046,451,944,435,3.4265,456.9
3718,-118.37,34.07,52,2203,437,899,384,4.25,486.9
3719,-118.37,34.07,52,2195,435,884,432,5.24,486.4
3720,-118.37,34.07,44,2703,663,1045,619,3.201,287.5
3721,-118.38,34.08,25,4625,1307,1739,1191,3.3989,485
3722,-118.38,34.07,16,4814,1381,1897,1209,3.3725,375
3723,-118.38,34.07,21,3653,956,1510,890,3.5573,500.001
3724,-118.34,34.07,52,3175,1057,1594,997,3.1766,225
3725,-118.35,34.06,52,3446,1360,1768,1245,2.4722,500.001
3726,-118.34,34.05,52,2530,458,1122,449,3.9167,321.6
3727,-118.34,34.06,52,2069,417,826,377,3.5481,396
3728,-118.34,34.06,52,1482,336,768,300,3.7167,327.3
3729,-118.35,34.06,52,2837,602,1164,551,3.2411,250
3730,-118.35,34.06,52,1368,322,617,303,5.3819,440.9
3731,-118.35,34.05,33,2880,836,1416,736,2.6781,328.8
3732,-118.36,34.06,39,2810,670,1109,624,3.25,355
3733,-118.36,34.06,52,2130,455,921,395,2.9605,500.001
3734,-118.37,34.06,52,843,160,333,151,4.5192,446
3735,-118.37,34.06,52,1608,289,630,252,5.5596,500.001
3736,-118.38,34.06,28,2522,616,991,574,3.1475,362.5
3737,-118.38,34.06,29,3946,1008,1676,876,2.7824,450
3738,-118.38,34.06,31,4345,1158,1987,1070,2.8233,310
3739,-118.38,34.06,25,2558,661,1183,636,3.5556,500
3740,-118.37,34.05,35,2457,552,1159,523,3.0862,345.3
3741,-118.37,34.04,52,1197,231,671,219,3.825,278.5
3742,-118.37,34.05,48,1266,234,539,222,4.005,275
3743,-118.37,34.05,41,2369,544,1252,522,2.9883,296.1
3744,-118.37,34.06,52,2239,423,832,411,5.0858,470
3745,-118.37,34.05,52,2346,437,1121,400,4.0583,444.3
3746,-118.37,34.06,52,2402,506,878,464,4.0217,500.001
3747,-118.36,34.05,48,1825,404,728,363,3.3824,322.6
3748,-118.36,34.05,47,1424,300,632,278,4.0625,295.2
3749,-118.36,34.05,48,1835,380,956,370,3.2813,243.6
3750,-118.36,34.05,50,3518,812,1724,758,3.0833,338.1
3751,-118.38,34.05,52,2053,480,900,417,3.0707,417.9
3752,-118.39,34.05,47,1621,314,724,311,5.7509,474.1
3753,-118.38,34.05,52,1004,231,590,226,4.2404,351
3754,-118.38,34.05,40,2352,598,1133,563,3.238,287.5
3755,-118.38,34.05,35,3517,879,1632,784,3.0956,500.001
3756,-118.35,34.05,47,2815,679,1533,594,2.5806,234.1
3757,-118.35,34.05,44,1856,493,1374,469,2.0984,158
3758,-118.36,34.05,42,1372,275,674,271,2.8793,202.1
3759,-118.36,34.05,45,2283,509,1093,475,2.5658,252
3760,-118.35,34.05,46,2149,451,905,443,2.8841,290.8
3761,-118.34,34.05,50,2009,419,1130,402,3.1944,213.5
3762,-118.34,34.05,39,975,292,723,285,2.2725,140.6
3763,-118.35,34.05,52,1971,414,1065,409,3.6435,195.8
3764,-118.34,34.05,52,2194,504,997,438,2.6654,259.4
3765,-118.32,34.04,39,2965,812,2638,794,2.532,172.7
3766,-118.32,34.04,39,1294,330,1140,313,2.2554,165
3767,-118.32,34.04,48,1184,328,953,311,2.3526,156.3
3768,-118.33,34.04,31,1090,251,955,239,2.913,192.5
3769,-118.33,34.05,46,3015,795,2300,725,2.0706,268.5
3770,-118.33,34.04,52,2545,401,1004,372,3.6373,420
3771,-118.34,34.05,41,2099,472,1369,465,2.7409,167.1
3772,-118.34,34.04,35,2345,607,2042,565,2.5955,139.7
3773,-118.34,34.04,40,2064,662,2140,617,2.2254,127.1
3774,-118.34,34.04,37,1466,529,1835,500,1.7014,123.2
3775,-118.35,34.04,36,1956,601,1672,546,1.8685,150.7
3776,-118.35,34.04,45,1579,357,713,335,2.1711,179.2
3777,-118.36,34.04,48,1769,429,993,405,2.3214,139.4
3778,-118.36,34.04,45,1767,417,1052,379,3.5161,157
3779,-118.35,34.04,38,1626,375,1019,372,2.3687,146.8
3780,-118.36,34.03,43,1690,379,1017,359,2.1078,133.5
3781,-118.37,34.03,37,1236,309,966,292,3.0694,122.2
3782,-118.36,34.04,34,3239,806,2331,765,2.0538,125.8
3783,-118.35,34.04,41,1617,423,1110,375,2.4635,169.4
3784,-118.35,34.03,44,865,208,537,183,1.9,110.9
3785,-118.34,34.04,42,1681,360,987,337,2.6,171.4
3786,-118.34,34.04,42,2010,494,1203,427,1.9408,134.6
3787,-118.35,34.03,35,1438,333,794,306,1.975,138.1
3788,-118.33,34.04,33,1806,444,1161,393,2.5927,161.5
3789,-118.33,34.03,33,2314,624,1714,582,1.7377,183.9
3790,-118.33,34.04,48,2437,443,1400,426,2.628,251.1
3791,-118.32,34.04,47,1989,532,1430,519,1.8333,151.1
3792,-118.32,34.04,42,1766,404,1117,367,2.0259,168.8
3793,-118.32,34.04,44,1008,223,544,223,2.8654,176.8
3794,-118.32,34.03,35,3189,935,2221,801,2.1046,114
3795,-118.33,34.03,39,2840,826,1911,688,1.9018,137.5
3796,-118.32,34.03,47,1082,198,455,193,3.0132,223.2
3797,-118.32,34.03,50,1845,349,1109,335,2.8971,127.8
3798,-118.32,34.03,47,1734,453,1272,438,3.1731,121.5
3799,-118.32,34.02,52,2511,587,1660,546,2.6098,127.1
3800,-118.32,34.02,51,2010,460,1355,433,2.0304,133.4
3801,-118.32,34.02,47,1648,346,1120,338,2.0042,114.2
3802,-118.33,34.02,45,1667,399,928,375,1.8783,118.2
3803,-118.33,34.02,46,1528,391,933,366,2.1979,125.7
3804,-118.33,34.03,46,2312,625,1552,603,1.6429,125
3805,-118.34,34.02,48,1614,320,684,318,4.2218,181
3806,-118.35,34.03,49,2334,530,1334,447,1.89,124
3807,-118.35,34.03,43,2122,524,1510,436,2.2273,123.3
3808,-118.35,34.03,42,2043,512,1634,501,1.9928,125.4
3809,-118.36,34.03,36,1083,342,1023,295,2.1324,143.8
3810,-118.36,34.03,40,2323,661,1847,614,1.8316,113.5
3811,-118.36,34.03,38,1400,376,1139,315,2.2368,120
3812,-118.36,34.03,35,1819,499,1666,482,1.6452,125.9
3813,-118.36,34.03,38,2365,638,2259,607,2.0879,120.7
3814,-118.34,34.03,46,2437,502,1151,477,2.4444,134.1
3815,-118.34,34.02,50,1172,261,685,260,3.1442,130.3
3816,-118.34,34.03,49,1295,276,765,265,3.4306,130.2
3817,-118.34,34.03,47,1927,561,1349,508,1.3444,125
3818,-118.36,34.02,43,1356,333,796,329,1.7159,189.7
3819,-118.37,34.02,44,1944,458,981,377,2.6154,193.2
3820,-118.28,34.05,35,1627,838,3013,791,1.5565,152.5
3821,-118.28,34.04,39,1155,433,1857,424,2.1696,153.4
3822,-118.29,34.04,41,659,291,1224,290,2.0817,132.5
3823,-118.29,34.05,40,907,349,1426,323,1.8571,143.8
3824,-118.29,34.04,48,1353,488,1945,487,2.4359,123.7
3825,-118.3,34.04,50,1757,522,2080,488,1.7225,180
3826,-118.3,34.05,51,1005,314,1227,306,2.4297,162.5
3827,-118.3,34.05,39,993,506,1765,464,1.2786,121.9
3828,-118.31,34.05,38,1864,515,1768,439,1.9336,190.6
3829,-118.31,34.05,35,2007,571,1513,554,2.1162,229.2
3830,-118.31,34.05,26,1809,640,2543,640,2.3536,500
3831,-118.31,34.04,33,2691,726,2390,681,2.4048,208.3
3832,-118.31,34.04,29,2038,578,2070,570,2.0658,214.6
3833,-118.31,34.03,29,2438,867,2114,753,0.8351,150
3834,-118.32,34.03,31,2206,501,1194,435,1.9531,227.8
3835,-118.3,34.04,24,2092,585,1757,538,1.7109,175
3836,-118.3,34.04,37,1470,399,1579,390,2.006,150
3837,-118.31,34.04,37,2338,686,2376,630,1.767,170.3
3838,-118.29,34.04,44,1941,579,2049,535,2.0405,143
3839,-118.3,34.03,41,1653,426,1868,393,1.78,162.5
3840,-118.3,34.04,35,1090,345,1605,330,2.1518,152.8
3841,-118.29,34.04,31,700,299,1272,298,2.1542,128.1
3842,-118.29,34.03,42,1680,557,2099,526,1.9167,136.4
3843,-118.28,34.03,45,943,289,953,238,2.0673,151.6
3844,-118.29,34.03,42,907,378,822,288,1.2875,179.2
3845,-118.29,34.03,29,3544,1384,3323,1213,1.0219,258.3
3846,-118.29,34.03,22,3313,1235,2381,1063,0.7473,168.8
3847,-118.29,34.03,27,1084,287,1085,279,2.135,119.6
3848,-118.31,34.03,46,2173,510,1343,476,2.025,135.5
3849,-118.31,34.03,52,1902,406,1233,385,2.8295,132.2
3850,-118.31,34.02,44,1555,324,931,265,1.4712,105.8
3851,-118.31,34.02,45,1423,278,822,276,2.4519,98.1
3852,-118.31,34.02,52,1832,441,1186,420,1.2434,98.4
3853,-118.3,34.03,47,2241,559,1775,504,2.1571,147.9
3854,-118.3,34.03,40,1695,374,1138,357,2.7125,150
3855,-118.31,34.03,47,1315,247,785,245,1.23,138.4
3856,-118.3,34.03,37,2781,766,2586,729,1.8564,187.5
3857,-118.31,34.03,34,2041,517,1479,495,2.1173,156.6
3858,-118.31,34.02,23,1703,397,1333,361,1.3187,127.1
3859,-118.31,34.02,46,1976,469,1409,431,2.2981,112.1
3860,-118.3,34.02,49,2120,483,1522,416,1.85,116.8
3861,-118.29,34.02,21,1641,491,1526,453,2.087,141.3
3862,-118.3,34.02,34,3184,772,2474,705,1.631,137.5
3863,-118.3,34.02,31,1933,478,1522,423,1.5781,119.3
3864,-118.27,34.03,51,1280,422,1560,381,1.7115,125
3865,-118.28,34.04,19,460,241,890,229,1.6089,162.5
3866,-118.28,34.04,24,1283,545,1932,516,1.2969,160.2
3867,-118.28,34.04,25,1582,780,2390,719,1.4167,200
3868,-118.28,34.04,20,1193,454,1880,453,2.1806,180
3869,-118.28,34.05,44,1273,474,1754,460,1.6037,275
3870,-118.28,34.03,41,1933,791,3121,719,1.8539,147.5
3871,-118.28,34.03,40,2118,796,2195,658,1.7976,164.6
3872,-118.28,34.04,48,1521,513,1772,458,2.2232,162.5
3873,-118.27,34.02,39,2004,633,3050,621,1.875,127.3
3874,-118.28,34.02,52,281,103,470,96,1.9375,38.8
3875,-118.27,34.02,40,561,284,662,205,0.9234,187.5
3876,-118.28,34.03,26,2107,809,2821,572,0.844,350
3877,-118.28,34.03,25,1407,550,1193,472,1.2989,225
3878,-118.25,34.02,50,180,89,356,76,2.1944,158.3
3879,-118.24,34.03,52,142,47,137,45,1.8333,312.5
3880,-118.26,34.03,49,299,90,287,68,1.2096,100
3881,-118.25,34.03,52,1274,418,1655,368,2.1905,124
3882,-118.25,34.02,32,1375,448,1698,432,1.6302,130.7
3883,-118.26,34.02,38,1091,349,1786,340,2.131,136.5
3884,-118.26,34.02,40,1259,362,1499,327,1.8382,126.4
3885,-118.26,34.02,37,1551,501,2173,474,2.1667,117.7
3886,-118.26,34.02,48,1465,440,1859,400,1.3134,96.2
3887,-118.26,34.02,46,1249,357,1607,331,2.0703,114.8
3888,-118.26,34.02,41,848,323,1428,313,1.5603,109.6
3889,-118.26,34.02,39,698,232,1046,228,2.2356,119.5
3890,-118.25,34.02,35,1368,486,2239,461,1.913,114.3
3891,-118.25,34.02,33,1676,525,2564,515,2.1957,100.8
3892,-118.25,34.01,28,481,136,596,128,1.2396,90.3
3893,-118.25,34.02,32,1311,410,1792,396,2.3304,119.9
3894,-118.24,34.02,48,542,150,571,114,1.8485,90.6
3895,-118.24,34.01,43,1456,444,2098,433,1.8929,99.2
3896,-118.25,34.01,31,1301,403,1952,377,2.1466,100.8
3897,-118.24,34.01,30,405,86,376,68,1.7813,127.5
3898,-118.25,34.01,45,782,270,1030,235,1.0898,93.4
3899,-118.25,34.01,36,879,262,1034,236,1.2857,99.3
3900,-118.25,34.01,43,1429,386,1412,354,1.3287,107.2
3901,-118.25,34.01,43,1575,475,1980,469,1.7425,100.5
3902,-118.25,34.01,30,962,291,1280,263,1.4464,110.2
3903,-118.26,34.01,38,697,208,749,206,1.4653,118.8
3904,-118.26,34.01,37,2451,668,2824,598,1.9074,99.6
3905,-118.27,34.01,42,990,289,1167,281,1.4524,126.8
3906,-118.26,34.01,46,879,253,1010,221,2.1776,118.3
3907,-118.27,34.02,21,1314,375,1505,366,2.319,97.2
3908,-118.27,34.01,35,1193,355,1784,341,1.8652,116.1
3909,-118.27,34.01,35,1672,556,2106,519,1.2206,129.2
3910,-118.27,34.01,47,921,264,881,221,1.4327,114.1
3911,-118.27,34.01,43,1235,385,1745,372,2.0817,113.3
3912,-118.27,34,46,1748,428,1707,409,2.148,103.8
3913,-118.27,34,48,1869,461,1834,441,1.7052,107.4
3914,-118.27,34,47,780,237,888,215,1.75,95.8
3915,-118.26,34.01,43,2179,682,2624,609,1.8641,108.2
3916,-118.26,34,41,1733,492,1776,453,1.6221,104.2
3917,-118.25,34,36,1033,267,1112,229,1.7237,105.8
3918,-118.25,34,36,1176,309,1267,292,1.6382,105
3919,-118.25,34,32,1218,342,1292,304,1.5781,102.9
3920,-118.25,34,41,1768,475,1721,474,1.303,90.4
3921,-118.25,34,34,1905,552,2194,521,1.4792,95.8
3922,-118.24,34,43,863,206,788,187,0.9463,95
3923,-118.25,34,29,1419,363,1696,317,2.2813,101.3
3924,-118.24,34,38,1715,414,1714,389,1.7132,108.2
3925,-118.24,33.99,44,448,116,504,96,1.875,98.6
3926,-118.24,33.99,41,1425,372,1803,353,1.6731,88.2
3927,-118.25,33.99,42,2261,574,2496,527,1.5556,98.5
3928,-118.26,34,27,1611,479,1457,458,0.8941,91.9
3929,-118.26,34,37,2615,697,2484,630,1.9208,103.4
3930,-118.27,34,40,2099,599,2311,529,1.852,101.5
3931,-118.27,34,43,1638,434,1213,390,1.3403,110.8
3932,-118.27,34,43,1258,381,1276,358,1.8917,106.9
3933,-118.26,33.99,47,1865,465,1916,438,1.8242,95
3934,-118.26,33.99,36,2016,505,1807,464,1.6901,103.5
3935,-118.27,33.99,30,504,140,529,123,1.9531,100
3936,-118.27,33.99,35,932,294,1153,282,1.4886,100
3937,-118.27,33.99,38,1407,447,1783,402,1.8086,97.1
3938,-118.28,34.01,46,441,167,621,144,1.8824,162.5
3939,-118.28,34.02,46,1098,426,1510,374,2.1382,156.3
3940,-118.29,34.01,40,885,312,799,221,1.1667,143.8
3941,-118.3,34.01,48,4217,1095,3298,949,1.9152,122.3
3942,-118.3,34.02,27,2190,626,1768,528,1.2446,103.8
3943,-118.29,34.02,26,2001,582,2044,557,1.1563,118.8
3944,-118.3,34.02,42,2386,670,2327,661,1.6699,108
3945,-118.3,34.01,35,1147,290,818,281,1.7961,111.7
3946,-118.31,34.01,50,1463,354,912,293,1.7386,109.4
3947,-118.31,34.02,41,1046,216,727,201,1.6667,116.9
3948,-118.31,34.02,43,2255,533,1568,470,1.6955,115.2
3949,-118.31,34.01,39,2073,566,1246,547,2.0417,117.1
3950,-118.31,34.02,46,2217,489,1227,448,1.6851,108.8
3951,-118.31,34.01,48,2544,532,1357,498,2.5263,121
3952,-118.31,34.01,52,2547,475,1417,444,1.8214,123.2
3953,-118.29,34.01,42,814,223,511,188,2.3942,123.2
3954,-118.29,34.01,50,2238,673,2247,583,1.6505,125
3955,-118.3,34,52,1743,421,1206,384,1.6875,116
3956,-118.3,34.01,52,1908,428,1271,394,2.5885,136.2
3957,-118.3,34.01,52,1444,343,1154,334,2.0625,134.4
3958,-118.28,34.01,34,2305,775,2450,740,1.7143,132
3959,-118.28,34,46,1650,463,1992,458,2.3403,114.1
3960,-118.29,34,6,1487,468,1509,403,1.4639,112.5
3961,-118.29,34.01,30,1385,518,1730,472,1.0539,142.5
3962,-118.28,34.01,50,2601,794,3080,770,1.8656,122.9
3963,-118.28,34,43,713,245,880,237,1.2065,103.6
3964,-118.28,34.01,52,795,308,1118,275,1.2175,131.3
3965,-118.28,34.01,48,483,190,775,188,2.3309,126.6
3966,-118.28,34,38,3335,921,3612,887,2.125,118.8
3967,-118.28,34,42,1534,417,1295,380,2.0938,119.2
3968,-118.28,34,42,855,284,890,247,1.2778,112.5
3969,-118.28,34,44,2636,725,2182,651,1.432,124
3970,-118.28,34,48,1514,376,1353,344,2.1607,96.1
3971,-118.29,34,44,1753,387,1165,380,2.1354,105.8
3972,-118.29,34,41,1807,493,1731,471,1.2347,111.7
3973,-118.29,34,52,1319,295,898,271,2.7727,128.6
3974,-118.3,34,40,1131,281,859,230,1.1806,134.6
3975,-118.3,34,52,1420,355,1080,353,1.5179,116.1
3976,-118.29,34,52,2579,494,1558,458,2.0809,109.6
3977,-118.3,34,52,1686,377,982,356,2.0958,116.4
3978,-118.3,34,52,1296,246,853,238,3.05,111.6
3979,-118.31,34,52,1542,309,939,276,1.6892,129.1
3980,-118.3,34,52,1718,354,1026,312,2,128
3981,-118.31,34,52,2709,642,1751,613,2.1116,122.5
3982,-118.31,34,47,1551,362,1329,322,1.9792,116.4
3983,-118.31,33.99,48,2235,433,1363,433,1.6559,101.4
3984,-118.31,33.99,47,1525,359,982,333,2.0915,126.6
3985,-118.31,33.99,45,1489,339,791,316,2.2339,104.8
3986,-118.31,33.99,44,1703,358,789,249,1.7083,100
3987,-118.29,33.99,46,2608,636,1766,596,1.5846,114.8
3988,-118.3,33.99,47,2637,588,1903,521,1.8317,96.5
3989,-118.28,33.99,46,2577,703,2446,687,1.275,98.3
3990,-118.29,33.99,46,2198,530,2067,497,2.0542,103.4
3991,-118.28,33.99,52,1283,342,1363,329,2.5848,101.9
3992,-118.28,33.99,46,1211,321,1153,282,1.7849,99.3
3993,-118.32,34.01,52,3104,645,1498,581,2.6667,128
3994,-118.32,34.01,50,1842,377,817,341,3.1548,157.7
3995,-118.32,34.01,47,1745,371,1079,368,2.4022,123.4
3996,-118.32,34.01,44,4032,913,1622,848,2.4934,165.8
3997,-118.33,34.01,43,2227,564,956,472,2.0217,187.5
3998,-118.33,34.01,44,1762,463,786,445,1.9231,188.5
3999,-118.32,34,50,3250,693,2300,675,1.95,112.6
4000,-118.33,34,47,1671,388,895,317,2.2054,121.5
4001,-118.33,34,47,825,187,416,173,2.3333,133.3
4002,-118.33,34,24,873,320,529,308,0.9304,151.6
4003,-118.32,33.99,43,2028,479,1074,394,2.5909,98.7
4004,-118.33,33.99,44,1918,387,1041,364,2.8542,126.5
4005,-118.33,33.99,46,1582,315,777,286,3.2083,149.6
4006,-118.34,33.99,48,2009,335,919,297,4.8125,170.5
4007,-118.32,33.99,48,1260,284,791,280,2.1875,115.2
4008,-118.32,33.99,43,1257,232,735,232,3.7167,108.9
4009,-118.33,33.99,43,2224,550,1598,545,2.8274,122.5
4010,-118.34,33.99,46,1217,322,662,305,3.1731,140.3
4011,-118.32,33.98,40,1298,277,791,255,3.2344,104.3
4012,-118.32,33.98,47,1528,331,864,308,1.9732,101
4013,-118.32,33.98,46,1611,339,921,314,3.0833,103.3
4014,-118.33,33.98,28,3889,1199,3121,1046,1.8806,113.9
4015,-118.33,33.98,32,1784,489,1472,476,1.6477,108.9
4016,-118.33,33.98,38,3063,796,2153,721,1.8472,149.1
4017,-118.34,33.99,48,2225,433,1170,401,2.9643,140.4
4018,-118.35,33.99,47,2183,380,927,371,4.9531,180.1
4019,-118.35,33.98,47,2512,461,1082,426,3.8235,207.6
4020,-118.34,33.99,34,397,132,250,121,1.675,166.7
4021,-118.32,33.98,44,1448,314,861,310,2.2396,108.6
4022,-118.32,33.97,52,1778,320,795,279,3.5114,138.8
4023,-118.32,33.98,49,1412,333,901,328,1.7067,118.6
4024,-118.33,33.98,30,3112,931,2739,841,1.6531,118.5
4025,-118.33,33.97,44,2526,579,1423,573,2.5363,158.8
4026,-118.36,34.01,33,3140,466,1214,464,6.5044,350.4
4027,-118.37,34.02,33,2263,430,900,382,4.4028,246.8
4028,-118.38,34.02,31,1893,450,819,426,4.3077,140.6
4029,-118.34,34.01,35,1359,359,655,341,2.5568,312.5
4030,-118.34,34.01,37,4291,1102,1941,953,1.7945,106.3
4031,-118.34,34.01,38,2318,735,1407,702,1.6187,266.7
4032,-118.34,34.02,44,1527,246,608,245,4.0357,187.8
4033,-118.35,34.02,34,3978,1073,2725,1035,1.7622,167.9
4034,-118.35,34.02,34,5218,1576,3538,1371,1.5143,118.8
4035,-118.35,34.02,27,3358,1069,2415,956,1.4589,87.5
4036,-118.35,34,28,3085,621,1162,558,3.25,301
4037,-118.28,33.99,37,1971,513,1673,464,1.4625,103
4038,-118.29,33.98,41,1582,416,1422,370,1.0516,108.3
4039,-118.29,33.99,43,1902,398,1153,363,1.9375,112.9
4040,-118.3,33.99,44,1458,326,1159,283,1.1645,98.2
4041,-118.3,33.99,43,1534,384,1231,329,2.5437,94.5
4042,-118.3,33.98,44,1597,388,902,321,1.9556,93.3
4043,-118.3,33.99,45,1701,452,1484,427,1.84,91.4
4044,-118.31,33.98,52,1837,426,1062,343,2,96.5
4045,-118.31,33.98,52,1607,331,900,295,3.5982,96.6
4046,-118.31,33.98,50,1985,454,1090,410,1.825,106.6
4047,-118.31,33.98,52,1975,379,1043,371,2.3977,112.2
4048,-118.32,33.98,49,1993,446,1052,394,2.2138,119.8
4049,-118.29,33.98,44,2261,555,1348,455,1.9125,97.2
4050,-118.29,33.98,48,1124,231,783,223,3.4444,93.1
4051,-118.3,33.98,52,1371,315,986,277,2.9432,94
4052,-118.3,33.98,48,2010,445,1208,404,1.6611,95.8
4053,-118.3,33.98,48,1998,410,1176,382,3.0455,102.4
4054,-118.29,33.98,42,2833,768,2542,725,1.3479,100
4055,-118.29,33.98,46,1118,300,786,254,1.4042,110
4056,-118.28,33.98,39,1306,345,1332,331,1.9564,92.2
4057,-118.28,33.98,45,1720,416,1382,365,0.9337,92.3
4058,-118.28,33.98,19,883,313,726,277,0.9809,121.4
4059,-118.29,33.98,30,1162,318,1207,289,1.223,100
4060,-118.28,33.97,31,2017,566,2063,521,1.9219,107
4061,-118.28,33.97,35,2305,634,1978,568,1.375,100
4062,-118.29,33.97,43,2660,672,2133,588,1.7734,107.3
4063,-118.3,33.97,46,1425,317,1140,304,3.375,98.5
4064,-118.3,33.97,44,1521,289,1074,285,2.0673,99.8
4065,-118.3,33.97,42,944,200,567,190,2.6311,124.1
4066,-118.3,33.97,50,2270,451,1000,412,2.1221,119.4
4067,-118.31,33.97,52,1595,325,823,302,3.2188,124.2
4068,-118.31,33.97,47,2066,422,1156,380,2.7917,125.8
4069,-118.31,33.97,48,1541,314,819,312,3.0917,136.1
4070,-118.31,33.94,41,1353,286,751,250,2.7401,131.7
4071,-118.3,33.95,50,1843,326,892,314,3.1346,120
4072,-118.31,33.95,43,1823,358,1065,342,3.2708,131
4073,-118.31,33.95,44,1558,333,1095,316,4.0043,133.5
4074,-118.31,33.95,44,2490,430,1305,411,4.8295,149.6
4075,-118.31,33.96,43,2118,569,1266,500,1.747,121
4076,-118.31,33.96,43,2149,493,1316,462,1.528,131.8
4077,-118.31,33.96,48,2015,356,1020,338,4.0625,138.7
4078,-118.29,33.97,48,3139,587,1319,506,3.5208,134.2
4079,-118.29,33.96,36,1717,417,902,368,1.4868,113.2
4080,-118.3,33.96,43,2009,442,1095,439,2.8299,109.5
4081,-118.3,33.96,39,2802,618,1524,529,2.6518,136.3
4082,-118.28,33.96,34,2074,562,1913,514,1.6156,102.1
4083,-118.28,33.97,34,2771,802,2782,715,1.6652,99
4084,-118.29,33.96,31,4022,1208,3707,1007,1.3096,116.3
4085,-118.3,33.96,47,2112,417,1161,368,3.9722,117.4
4086,-118.31,33.96,52,2523,460,1167,413,3.0625,127.4
4087,-118.26,33.99,30,1702,443,1966,442,1.5521,97.5
4088,-118.27,33.98,30,1966,584,2028,535,1.625,101.5
4089,-118.28,33.99,38,1454,323,1098,297,1.5109,104
4090,-118.28,33.98,43,1240,312,1100,311,1.575,97.5
4091,-118.27,33.98,39,2062,588,1933,570,1.3801,97
4092,-118.27,33.98,44,1722,457,2177,401,2.125,92.5
4093,-118.26,33.98,43,762,206,854,188,1.2315,98.2
4094,-118.26,33.97,46,1295,351,1120,323,1.7121,98.2
4095,-118.26,33.97,44,1246,308,1031,295,1.9556,96.3
4096,-118.26,33.97,46,1521,352,1100,334,1.55,100.6
4097,-118.27,33.97,45,1546,371,1186,366,1.64,96.8
4098,-118.28,33.97,40,2180,642,2464,631,1.5521,90.1
4099,-118.27,33.97,39,2569,688,2601,630,2.0754,101.4
4100,-118.27,33.96,38,977,295,1073,292,1.0208,86.4
4101,-118.27,33.96,42,796,203,697,177,2.037,92.6
4102,-118.28,33.96,37,1812,500,1640,447,1.9348,99.1
4103,-118.26,33.97,47,1504,374,1168,358,1.4625,94.2
4104,-118.26,33.96,40,1475,347,1222,298,1.5303,95.3
4105,-118.27,33.97,34,1462,394,1310,351,1.1557,90.1
4106,-118.27,33.96,38,1126,270,999,265,0.5495,91.7
4107,-118.27,33.96,34,1040,276,1083,255,1.6467,90.9
4108,-118.27,33.95,39,1529,358,1154,357,1.2091,97.9
4109,-118.26,33.95,44,1513,369,1088,344,1.2969,94.4
4110,-118.26,33.96,39,1542,375,1256,361,1.7167,100
4111,-118.26,33.96,37,1625,383,1243,350,1.3971,89.8
4112,-118.28,33.96,42,1604,399,1581,387,1.7656,96.7
4113,-118.28,33.95,40,2044,538,2150,524,2.1437,94.8
4114,-118.28,33.96,42,1206,304,1167,250,1.615,101.3
4115,-118.28,33.96,39,882,221,697,189,1.8472,99.1
4116,-118.28,33.96,23,1983,611,2048,600,1.5313,91.4
4117,-118.29,33.95,35,1401,362,1357,327,2.0917,99.3
4118,-118.29,33.96,39,1340,409,1463,367,1.5294,111.4
4119,-118.29,33.95,40,2808,695,2357,627,1.9655,102.3
4120,-118.29,33.95,39,1701,428,1468,411,1.9702,93.2
4121,-118.28,33.94,43,1201,292,840,252,2.7917,105.6
4122,-118.27,33.95,35,2073,494,1753,490,1.5,93.6
4123,-118.27,33.94,30,1041,275,877,270,1.5268,91.6
4124,-118.28,33.94,38,637,204,679,162,1.5714,89.7
4125,-118.28,33.95,41,835,208,707,192,1.4103,86.2
4126,-118.27,33.95,34,987,248,902,221,2.3365,98
4127,-118.27,33.95,34,1261,315,1027,303,2.2946,88.8
4128,-118.27,33.95,29,1579,351,1056,322,2.3056,98.5
4129,-118.25,33.95,35,1405,326,1086,273,1.0375,89.8
4130,-118.26,33.95,44,1481,329,999,315,1.5147,94.6
4131,-118.26,33.94,44,1103,265,760,247,1.6887,99.6
4132,-118.26,33.94,41,1510,410,1408,389,1.65,94.2
4133,-118.27,33.94,38,1314,318,1080,285,1.5872,89.8
4134,-118.26,33.94,44,795,181,716,167,2,90.3
4135,-118.27,33.93,41,570,135,466,121,2.6458,91.3
4136,-118.27,33.94,37,973,221,842,178,1.6645,94.9
4137,-118.27,33.93,36,1467,369,1247,347,1.8191,92.7
4138,-118.26,33.93,36,1102,247,702,225,1.5256,95.4
4139,-118.26,33.93,42,1433,295,775,293,1.1326,104.8
4140,-118.25,33.93,42,657,147,526,132,2.5,110.2
4141,-118.27,33.92,36,1465,346,1147,324,1.7262,88.8
4142,-118.27,33.94,43,1309,344,1182,340,1.6625,88.7
4143,-118.27,33.94,30,1764,397,1406,362,1.449,93.1
4144,-118.27,33.94,39,2078,561,1901,504,1.1468,96.9
4145,-118.28,33.93,21,847,278,1283,277,1.4329,94.1
4146,-118.28,33.94,32,1381,375,1268,354,1.1051,94.2
4147,-118.28,33.94,9,456,130,438,114,0.8952,81.3
4148,-118.28,33.93,42,1898,460,1503,429,2.5179,97.4
4149,-118.29,33.93,43,2021,379,1051,352,3.3836,129.9
4150,-118.29,33.94,47,1782,338,1003,329,2.5398,105.7
4151,-118.28,33.93,41,936,257,913,226,2.0313,122.6
4152,-118.29,33.92,40,1935,461,1616,433,2.875,120.2
4153,-118.29,33.93,41,896,198,605,168,2.2778,128.1
4154,-118.27,33.93,38,2073,500,1657,470,1.2098,88.4
4155,-118.28,33.92,39,1274,282,975,277,1.5114,90.4
4156,-118.25,33.94,44,1463,312,940,312,2.3333,99.8
4157,-118.25,33.94,43,1113,378,1305,334,1.1434,91.3
4158,-118.25,33.94,43,793,235,736,231,0.8527,90.4
4159,-118.24,33.95,37,649,147,653,147,1.4792,97.5
4160,-118.24,33.95,36,2316,543,1938,507,1.25,97.4
4161,-118.24,33.95,21,1260,342,1167,310,0.9708,107.6
4162,-118.25,33.95,28,2136,575,1799,476,1.5427,95.7
4163,-118.24,33.95,37,441,125,390,98,1.6513,90.2
4164,-118.25,33.93,40,975,270,1068,270,0.9889,87.5
4165,-118.25,33.93,36,2452,734,2664,667,0.9298,100
4166,-118.25,33.93,42,819,233,899,228,1.1346,85.4
4167,-118.24,33.94,37,869,241,1040,233,2,84.2
4168,-118.24,33.94,34,796,180,673,144,2.0769,88.3
4169,-118.24,33.93,37,1027,258,824,248,1.5132,86.3
4170,-118.24,33.94,42,380,106,411,100,0.9705,90
4171,-118.24,33.94,39,1215,273,1211,265,1.7212,95.5
4172,-118.23,33.94,39,1141,258,1313,234,2.0187,90.1
4173,-118.23,33.94,35,1090,267,1339,263,2.1607,97.6
4174,-118.23,33.94,36,1110,307,1417,302,2.3333,92.1
4175,-118.24,33.94,30,940,211,1071,204,1.2679,92
4176,-118.23,33.93,36,501,123,487,118,1.3,87
4177,-118.24,33.93,32,1063,282,992,253,0.8984,88.7
4178,-118.39,34.12,29,6447,1012,2184,960,8.2816,500.001
4179,-118.4,34.11,32,5578,753,1567,697,15.0001,500.001
4180,-118.42,34.12,27,2089,303,654,270,12.3767,500.001
4181,-118.43,34.11,27,10806,1440,3511,1352,12.7296,500.001
4182,-118.43,34.09,27,1613,200,497,197,7.9835,500.001
4183,-118.45,34.12,20,10722,1617,3731,1511,9.7449,500.001
4184,-118.44,34.09,36,3129,392,862,334,15.0001,500.001
4185,-118.45,34.08,52,1500,176,384,145,7.1576,500.001
4186,-118.45,34.1,31,6675,842,2092,796,11.8442,500.001
4187,-118.46,34.08,35,3247,525,1065,484,7.8426,500.001
4188,-118.47,34.1,32,8041,1141,2768,1106,11.1978,500.001
4189,-118.49,34.11,27,6603,879,2336,868,13.2935,500.001
4190,-118.48,34.07,29,4767,777,1500,638,10.7937,500.001
4191,-118.48,34.07,37,4042,549,1318,542,12.8665,500.001
4192,-118.49,34.06,42,2861,360,829,310,15.0001,500.001
4193,-118.49,34.07,36,2929,366,1054,352,13.5728,500.001
4194,-118.51,34.11,29,9013,1117,2919,1061,13.947,500.001
4195,-118.5,34.05,39,1487,163,414,160,15,500.001
4196,-118.53,34.09,37,5477,833,1925,757,8.1888,500.001
4197,-118.52,34.05,45,1814,325,709,311,4.825,500.001
4198,-118.57,34.09,14,7970,1142,2926,1096,11.2866,500.001
4199,-118.54,34.05,33,6778,1092,2540,1052,8.565,500.001
4200,-118.56,34.03,34,2095,343,662,299,8.2934,500.001
4201,-118.56,34.06,24,2332,349,761,325,7.3031,500.001
4202,-118.55,34.03,35,9075,1858,3646,1724,6.0307,500.001
4203,-118.53,34.04,45,1711,264,735,261,9.1078,500.001
4204,-118.53,34.03,40,4350,763,1551,665,7.0318,500.001
4205,-118.55,33.99,39,2603,456,928,410,7.9096,500.001
4206,-118.51,34.04,38,4715,691,1660,637,10.1882,500.001
4207,-118.47,34.06,45,1271,190,419,171,7.6447,500.001
4208,-118.47,34.06,45,3030,433,916,399,9.4664,500.001
4209,-118.48,34.05,48,3623,528,1282,516,9.5221,500.001
4210,-118.47,34.06,26,6577,1789,2937,1652,4.801,500.001
4211,-118.46,34.06,20,5448,1532,2202,1442,4.2554,500.001
4212,-118.47,34.05,25,2689,719,1229,663,3.5909,500.001
4213,-118.46,34.05,25,4077,1151,1719,1017,3.7721,337.5
4214,-118.46,34.05,21,3639,1002,1489,983,4.6197,387.5
4215,-118.47,34.05,22,5215,1193,2048,1121,4.7009,500.001
4216,-118.47,34.05,27,4401,1033,1725,962,4.175,500.001
4217,-118.48,34.05,36,2143,434,751,396,6.7496,500.001
4218,-118.49,34.05,45,1346,214,415,209,7.0285,500.001
4219,-118.43,34.07,34,3203,483,949,439,10.3467,500.001
4220,-118.43,34.07,38,3251,656,1251,593,7.7382,500.001
4221,-118.44,34.07,26,3535,748,1322,666,7.1674,500.001
4222,-118.44,34.07,35,1973,332,1257,296,8.9565,500.001
4223,-118.44,34.06,28,3910,959,1763,867,5.5,500.001
4224,-118.44,34.07,21,730,263,965,224,2.0511,350
4225,-118.44,34.06,14,520,292,282,213,2.2857,500.001
4226,-118.45,34.07,13,4284,1452,3806,1252,1.3125,350
4227,-118.45,34.07,19,4845,1609,3751,1539,1.583,350
4228,-118.45,34.06,20,3367,1264,2667,1131,2.2444,500
4229,-118.46,34.07,43,2511,456,808,407,6.7703,500.001
4230,-118.46,34.07,42,2564,460,913,414,9.2225,500.001
4231,-118.44,34.06,9,5102,1695,2609,1450,3.2545,500.001
4232,-118.44,34.05,18,4780,1192,1886,1036,4.4674,500.001
4233,-118.44,34.05,32,1880,435,798,417,4.7109,500
4234,-118.44,34.05,15,5368,1312,2269,1232,5.7097,316.7
4235,-118.43,34.06,11,3184,641,911,463,7.2675,500.001
4236,-118.43,34.06,41,1463,267,601,267,5.3777,500.001
4237,-118.43,34.05,22,4251,1073,1581,881,5.2555,500.001
4238,-118.44,34.06,13,4833,1119,1649,807,6.2389,500.001
4239,-118.42,34.06,40,2933,565,1077,536,6.1527,500.001
4240,-118.43,34.06,31,1317,284,523,274,7.4219,500.001
4241,-118.43,34.06,38,2982,664,1122,572,4.1908,500.001
4242,-118.43,34.06,20,4600,1018,1675,932,5.1999,500.001
4243,-118.42,34.06,52,1881,334,640,321,6.871,500.001
4244,-118.42,34.05,38,4888,1126,1698,937,4.8304,500.001
4245,-118.43,34.05,24,3832,949,1613,893,3.9673,477.3
4246,-118.44,34.05,20,5943,1538,2492,1429,4.1141,305
4247,-118.44,34.05,22,3970,871,1588,791,4.8618,500.001
4248,-118.43,34.04,52,2425,435,962,412,5.8587,494.7
4249,-118.45,34.04,22,3319,1045,1848,940,3.6673,283.3
4250,-118.45,34.04,23,3771,1321,2031,1241,2.7679,277.5
4251,-118.46,34.05,25,6902,2138,3136,1844,2.6509,410
4252,-118.45,34.05,23,4099,1287,2103,1217,3.7549,275
4253,-118.46,34.04,19,3522,1036,1820,977,3.2663,337.5
4254,-118.47,34.04,21,5041,1491,2719,1420,3.5335,268.8
4255,-118.45,34.04,19,3330,1010,1837,915,3.0173,393.8
4256,-118.46,34.04,25,2142,718,1390,699,3.0069,325
4257,-118.46,34.04,25,2768,850,1558,784,3.6976,360
4258,-118.46,34.04,17,2729,897,1404,758,3.1235,420.8
4259,-118.46,34.04,31,2621,707,1632,673,3.287,348.1
4260,-118.45,34.04,21,2819,648,1435,593,3.9489,360.2
4261,-118.45,34.03,39,1657,402,931,363,3.7813,336.3
4262,-118.44,34.04,49,32,7,14,7,2.1875,225
4263,-118.44,34.04,31,2670,662,1535,631,3.0714,347.8
4264,-118.43,34.04,52,1782,308,735,307,5.2954,485.1
4265,-118.42,34.04,46,1508,276,639,273,4.925,409.8
4266,-118.43,34.04,42,2725,569,1115,516,4.5833,427.5
4267,-118.41,34.05,16,9728,2211,3026,1899,5.8758,500.001
4268,-118.42,34.05,33,2921,652,1124,608,5.0151,500.001
4269,-118.42,34.05,52,2533,402,981,386,7.8164,500.001
4270,-118.4,34.05,26,4473,923,1518,805,5.0762,500.001
4271,-118.4,34.03,36,1831,296,871,269,8.1484,500.001
4272,-118.41,34.03,33,1730,386,994,363,3.7277,500.001
4273,-118.39,34.05,35,2458,576,1047,554,4.0283,412.5
4274,-118.39,34.05,42,3105,559,1253,531,5.222,500.001
4275,-118.4,34.05,34,2113,459,859,432,3.6953,500.001
4276,-118.39,34.05,25,2814,701,1139,658,4.0153,460
4277,-118.41,34.04,52,1907,261,681,249,10.9805,500.001
4278,-118.41,34.04,52,2113,332,800,327,11.1768,500.001
4279,-118.41,34.03,36,3053,635,1234,577,5.1637,500.001
4280,-118.42,34.04,52,1358,272,574,267,5.6454,500.001
4281,-118.39,34.04,45,2089,312,834,305,7.3028,500.001
4282,-118.39,34.04,44,1873,286,635,283,5.5951,461.3
4283,-118.4,34.04,43,3863,537,1398,511,8.5938,500.001
4284,-118.38,34.04,35,2237,592,1794,543,2.2961,207.7
4285,-118.38,34.04,31,2846,727,2120,672,2.7226,254.2
4286,-118.38,34.04,45,767,130,254,118,6.2895,340.4
4287,-118.38,34.04,36,3005,771,2054,758,2.0437,309.1
4288,-118.38,34.04,39,2614,569,1665,553,3.4063,271.6
4289,-118.39,34.04,49,1230,279,669,269,3.9038,308.3
4290,-118.39,34.03,28,1722,536,1161,481,3.2228,232.5
4291,-118.39,34.03,25,3442,1050,1890,914,3.0574,319.4
4292,-118.4,34.03,24,1101,318,491,287,3.2222,319.4
4293,-118.4,34.03,43,1006,201,520,199,6.5669,372.8
4294,-118.41,34.03,26,4376,1394,2435,1250,2.8418,327.3
4295,-118.4,34.02,19,7297,2331,3870,2144,3.116,300
4296,-118.41,34.03,24,3711,1192,1764,1147,3.1642,366.7
4297,-118.41,34.02,24,2610,756,1322,692,3.5022,281.3
4298,-118.41,34.02,16,5825,1866,3390,1752,3.0965,320
4299,-118.39,34.03,19,1450,509,746,437,3.1415,55
4300,-118.4,34.03,13,6152,1978,3397,1845,3.4058,275
4301,-118.38,34.03,36,2101,569,1756,527,2.9344,222.1
4302,-118.39,34.03,39,1366,375,1237,370,3.7206,230.9
4303,-118.37,34.04,43,888,170,514,161,3.1827,202.8
4304,-118.37,34.04,42,1809,424,1094,382,2.767,143
4305,-118.38,34.03,43,912,255,705,246,2.6402,185.7
4306,-118.37,34.04,25,542,161,442,131,2.25,333.3
4307,-118.42,34.03,45,1262,223,637,221,5.0866,427.3
4308,-118.43,34.03,45,1740,311,788,306,5.2099,373.6
4309,-118.43,34.03,39,1733,429,855,387,3.2308,340.8
4310,-118.43,34.03,26,1706,516,894,435,3.1875,372.7
4311,-118.42,34.03,44,904,176,358,158,3.3542,344.2
4312,-118.44,34.03,25,2059,659,1349,588,3.2396,352.4
4313,-118.43,34.03,36,1552,388,867,352,3.6467,346.7
4314,-118.44,34.03,30,1039,303,606,274,3.125,343.8
4315,-118.45,34.03,41,1240,320,711,304,3.3482,318.1
4316,-118.45,34.03,41,2083,528,993,481,4.0231,353.9
4317,-118.44,34.03,41,1164,265,561,251,4.2411,350.9
4318,-118.44,34.01,43,1408,246,651,240,4.5795,400
4319,-118.45,34.01,37,1328,250,626,228,5.8666,440.1
4320,-118.45,34.01,40,1361,240,559,229,6.3516,354.3
4321,-118.45,34.01,36,2424,418,1123,417,6.4755,405.8
4322,-118.44,34.02,32,2242,490,921,461,4.0429,500.001
4323,-118.44,34.02,39,3278,632,1321,617,6.2917,465.7
4324,-118.43,34.02,38,2172,437,830,368,3.9091,500.001
4325,-118.43,34.02,42,1528,244,634,242,8.1631,500.001
4326,-118.43,34.02,41,2403,516,1001,514,4.3906,500.001
4327,-118.41,34.03,20,4374,1311,2165,1185,3.6019,463.6
4328,-118.42,34.02,21,3244,815,1423,781,3.6488,340.8
4329,-118.42,34.02,34,2243,444,973,413,4.9676,414.1
4330,-118.42,34.02,28,3167,737,1248,665,3.1941,394.7
4331,-118.42,34.02,22,3292,1134,1655,898,3.1746,348.8
4332,-118.42,34.02,26,2664,842,1745,789,3.4269,301.9
4333,-118.41,34.02,35,1728,442,1161,420,3.725,310
4334,-118.41,34.02,19,4702,1472,2636,1334,3.3955,225
4335,-118.42,34.01,33,2731,535,1280,510,4.7083,420.1
4336,-118.42,34.01,32,1300,356,703,311,3.5667,394
4337,-118.43,34.01,27,3133,1021,2242,1002,2.697,412.5
4338,-118.43,34.01,31,2526,528,1046,504,4.7009,500.001
4339,-118.44,34.01,42,2061,396,907,393,6.0804,420
4340,-118.44,34,44,1798,353,835,314,4.75,355.8
4341,-118.45,34,39,1909,359,867,345,4.7,334.7
4342,-118.44,34,40,1287,346,806,311,3.875,321.3
4343,-118.43,34,30,2148,597,1341,559,3.3995,324
4344,-118.44,34,22,5822,1707,3335,1585,3.1579,243.1
4345,-118.44,34,41,1562,377,874,368,4.1083,324.3
4346,-118.42,34.01,42,1594,369,952,362,3.099,335.4
4347,-118.42,34.01,29,1996,489,960,449,3.6611,344.2
4348,-118.42,34,31,1930,456,1002,410,3.9798,458.6
4349,-118.43,34,28,6128,1963,3586,1815,2.7058,310.9
4350,-118.46,34,39,4098,1100,2054,1053,2.918,345.6
4351,-118.46,34,36,1392,260,679,247,4.7344,346.9
4352,-118.47,34,38,1235,390,891,376,2.7143,287.5
4353,-118.47,34,41,2331,636,1839,537,2.288,263.5
4354,-118.46,34,39,614,174,538,159,2.3542,235.7
4355,-118.47,34,37,2586,765,1801,737,2.6042,305.8
4356,-118.47,33.99,31,1312,376,1178,330,2.0714,300
4357,-118.47,33.99,41,1146,310,833,270,2.5938,285
4358,-118.47,33.99,33,854,235,645,198,2.1471,239.3
4359,-118.51,33.98,40,1901,679,865,587,2.3417,425
4360,-118.48,33.99,46,2219,686,1107,590,2.5523,387.5
4361,-118.47,33.99,50,1568,501,764,478,3.015,414.3
4362,-118.47,33.99,52,1523,447,636,408,3.0682,412.5
4363,-118.47,33.99,52,2167,622,1095,570,2.8514,358.7
4364,-118.47,33.99,37,2155,721,1082,637,3.4071,267.5
4365,-118.47,33.99,24,1438,454,665,416,2.975,500.001
4366,-118.5,33.97,52,709,329,388,313,2.2643,350
4367,-118.45,33.99,52,1010,244,573,242,4.1861,363.2
4368,-118.46,33.99,52,1158,253,528,253,3.5234,334.7
4369,-118.46,33.99,44,1122,287,531,256,4.0598,335.9
4370,-118.46,34,44,941,230,493,206,3.6458,325.8
4371,-118.46,34,52,888,206,376,194,3.875,372
4372,-118.45,34,46,1777,362,896,334,4.45,348.3
4373,-118.45,34,43,1606,408,862,354,3.962,345.8
4374,-118.45,33.99,33,3125,785,1720,713,2.9722,325
4375,-118.45,33.99,52,1829,472,779,424,3.1607,339
4376,-118.46,33.99,41,885,285,562,268,3.1992,303.8
4377,-118.46,33.99,37,1828,460,1075,453,4.337,360.6
4378,-118.46,33.98,32,2388,591,1009,556,5.2121,466.7
4379,-118.46,33.99,35,1214,300,478,265,4.0156,500.001
4380,-118.46,33.98,27,2217,520,806,458,3.8935,500.001
4381,-118.5,33.97,29,2737,808,1157,696,5.128,500.001
4382,-118.45,33.99,45,1132,269,654,264,4.5673,343.1
4383,-118.45,33.99,26,1919,405,953,371,6.0672,420.8
4384,-118.46,33.98,19,2520,726,964,663,3.8068,500.001
4385,-118.46,33.97,19,1658,427,648,378,3.8698,500.001
4386,-118.46,33.97,18,9430,2473,3408,2003,6.1726,500.001
4387,-118.46,33.97,19,2461,521,777,447,10,500.001
4388,-118.48,33.96,16,895,181,237,149,12.0088,500.001
4389,-118.4,34,10,1526,339,705,268,5.8083,321.8
4390,-118.41,34,35,684,161,381,159,2.8393,272
4391,-118.41,34,30,3550,934,3738,880,3.191,271.2
4392,-118.42,34,14,3771,1180,2355,978,3.1603,287.5
4393,-118.43,33.99,35,2243,495,1135,465,4.3281,324
4394,-118.43,33.98,19,8324,1590,2927,1538,7.5426,351.7
4395,-118.43,33.99,45,1899,461,1260,415,2.6667,320
4396,-118.43,33.99,43,2483,548,1212,493,4.0189,302.9
4397,-118.42,33.99,23,5548,1245,2847,1229,4.4228,366.9
4398,-118.42,33.98,3,475,155,236,153,3.6667,450
4399,-118.43,33.99,42,2558,558,1328,541,4.875,301.3
4400,-118.44,33.99,43,1432,308,782,303,4.3333,303.9
4401,-118.41,33.99,39,3014,822,3212,777,1.1985,215
4402,-118.42,33.99,35,1724,419,1079,394,4.5521,263.8
4403,-118.41,33.99,36,1089,234,632,215,3.6538,276.1
4404,-118.4,33.99,39,1613,380,1113,356,2.825,276.7
4405,-118.41,33.98,33,3331,777,1695,735,3.9727,307.2
4406,-118.38,33.97,43,2715,458,1151,434,7.4897,362.6
4407,-118.39,33.97,44,1097,186,513,185,6.235,361.4
4408,-118.39,33.97,43,2700,510,1146,506,5.1333,345.9
4409,-118.39,33.97,46,2198,352,839,335,6.5778,350.8
4410,-118.39,33.96,45,1436,374,662,292,3.625,329.4
4411,-118.36,33.98,40,1113,234,584,231,3.0927,316
4412,-118.37,33.97,32,6699,1781,2725,1544,3.3889,285.7
4413,-118.41,33.97,37,1629,275,668,266,6.1333,387.2
4414,-118.41,33.97,44,2298,388,849,360,5.5941,363.5
4415,-118.41,33.96,44,1802,306,753,282,6.0286,356
4416,-118.41,33.97,44,2789,503,3732,474,4.6176,352.3
4417,-118.42,33.97,44,1462,240,562,237,4.9375,365.2
4418,-118.42,33.96,44,1282,216,494,209,5.618,365.9
4419,-118.43,33.96,38,1104,216,415,163,6.1985,422
4420,-118.44,33.96,33,2799,491,978,447,5.6435,500.001
4421,-118.43,33.96,20,1901,270,704,254,8.7819,500.001
4422,-118.43,33.97,16,70,7,17,4,7.7197,500.001
4423,-118.42,33.96,24,4393,966,1257,579,5.0714,356.1
4424,-118.43,33.96,16,14891,3984,6270,3595,5.1064,283.2
4425,-118.4,33.98,39,714,118,314,117,5.9856,432.1
4426,-118.4,33.98,36,2526,452,996,441,5.611,456.6
4427,-118.4,33.97,37,1364,248,494,242,4.6364,456.3
4428,-118.4,33.96,43,2416,454,1028,409,5.6732,330.7
4429,-118.37,33.97,41,1833,355,847,348,5.726,287.8
4430,-118.38,33.97,42,1859,337,813,326,6.019,294.5
4431,-118.38,33.96,44,2395,458,1287,450,4.6923,299
4432,-118.38,33.95,35,3259,967,2003,920,3.2708,400
4433,-118.38,33.95,29,1821,588,1397,523,2.5833,187.5
4434,-118.37,33.95,5,6955,2062,3591,1566,3.111,247.6
4435,-118.4,33.96,44,1138,228,497,228,4.1852,303.3
4436,-118.41,33.94,45,2038,394,1086,387,4.7375,289.6
4437,-118.45,33.96,24,3097,791,1075,639,5.723,500.001
4438,-118.45,33.96,36,2723,547,1090,519,6.3267,500.001
4439,-118.44,33.95,37,2076,332,771,327,6.2551,500.001
4440,-118.28,33.92,37,1761,409,1309,357,2.1875,175.9
4441,-118.29,33.91,41,2475,532,1416,470,3.8372,156.4
4442,-118.29,33.91,31,2025,618,2231,593,2.4741,151.2
4443,-118.29,33.92,23,2503,532,1735,505,2.7368,162.8
4444,-118.28,33.88,19,2758,675,2047,591,2.6618,179.7
4445,-118.29,33.88,27,2082,612,2009,548,2.9063,184.1
4446,-118.29,33.89,35,2810,614,1578,601,3.59,200.6
4447,-118.29,33.87,32,1700,340,864,317,4.381,238.7
4448,-118.29,33.85,10,1391,420,1378,377,1.9049,222.2
4449,-118.31,33.84,5,3559,869,2965,794,2.6491,216.7
4450,-118.3,33.84,36,1428,268,825,250,4.7222,239.6
4451,-118.3,33.83,31,2693,661,1598,618,3.1851,240.2
4452,-118.31,33.83,27,2880,802,2083,727,2.9619,223.4
4453,-118.3,33.82,35,1499,340,1141,326,2.6136,213.6
4454,-118.3,33.82,26,2080,560,2096,506,2.8106,184.4
4455,-118.3,33.82,25,2659,765,2629,726,2.6368,175.9
4456,-118.3,33.81,17,5544,1068,3008,1038,5.322,282.7
4457,-118.31,33.8,30,3096,757,2048,704,3.125,233.3
4458,-118.3,33.79,35,2793,686,2255,682,3.0057,235.3
4459,-118.3,33.79,9,2782,884,1790,748,2.9154,203.3
4460,-118.3,33.79,13,3569,924,2159,880,3.163,224.2
4461,-118.26,33.8,41,2004,481,1658,456,3.1779,171.1
4462,-118.26,33.79,30,1291,230,835,215,5.5,181.5
4463,-118.24,33.8,28,636,169,788,143,3.6161,131.3
4464,-118.23,33.8,26,239,135,165,112,1.3333,187.5
4465,-118.27,33.8,38,1446,327,980,319,3.35,177.7
4466,-118.27,33.79,36,2218,561,1789,527,3.1613,182.3
4467,-118.27,33.79,39,1513,365,1227,354,3.3929,184.6
4468,-118.28,33.79,28,1895,420,1422,389,4.3816,191.3
4469,-118.28,33.79,36,1989,458,1668,455,3.3009,168
4470,-118.28,33.78,20,2233,591,1915,558,3.2011,169.1
4471,-118.29,33.79,10,3708,1016,2855,948,2,165.4
4472,-118.29,33.79,16,1867,571,951,498,3.3427,154.2
4473,-118.3,33.79,21,1068,283,1180,274,2.5,157.5
4474,-118.3,33.8,8,1115,412,1472,396,3.1392,146.2
4475,-118.27,33.79,31,1535,369,1291,340,2.9375,174
4476,-118.26,33.78,27,1672,491,1723,462,2.0458,174.5
4477,-118.27,33.79,26,2109,651,2120,605,2.1447,158.7
4478,-118.25,33.79,38,1730,460,1724,424,2.7308,150.4
4479,-118.26,33.78,21,2188,706,2265,652,1.9923,164.7
4480,-118.26,33.79,42,1162,264,1044,241,3.5488,205.6
4481,-118.23,33.78,20,59,24,69,23,2.5588,350
4482,-118.26,33.78,35,1239,473,1524,387,2.0956,154.7
4483,-118.25,33.78,32,296,139,511,133,1.4444,182.1
4484,-118.24,33.78,24,574,173,784,162,2.25,152.3
4485,-118.26,33.78,36,2191,739,2931,692,2.1311,163.1
4486,-118.26,33.77,36,886,253,809,219,2.4545,164.2
4487,-118.27,33.77,26,2272,694,2567,595,1.9964,150.6
4488,-118.27,33.78,21,3354,1174,4426,1110,2.5262,167.3
4489,-118.28,33.78,37,1212,304,1076,293,3.2115,160.1
4490,-118.27,33.77,39,1731,485,2115,478,1.5369,141.3
4491,-118.27,33.76,46,22,11,32,7,3.125,112.5
4492,-118.3,33.77,18,3821,795,2831,769,2.9571,346.2
4493,-118.3,33.76,18,9659,1716,4336,1674,5.7764,290.5
4494,-118.28,33.77,47,307,69,374,65,2.9063,146.9
4495,-118.28,33.75,41,1305,381,1384,369,2.45,186.8
4496,-118.28,33.75,18,393,189,429,188,1.8393,187.5
4497,-118.28,33.74,40,1751,512,1939,503,1.5394,200
4498,-118.28,33.75,21,2442,719,1916,646,1.2276,208.3
4499,-118.28,33.74,16,855,271,486,250,0.7591,350
4500,-118.3,33.75,19,2356,440,1291,418,4.2308,416.1
4501,-118.3,33.76,6,6097,1270,2678,1226,5.1269,285.2
4502,-118.3,33.75,42,967,175,481,163,5.6611,265.6
4503,-118.3,33.75,48,1958,386,1098,380,4.625,273.4
4504,-118.31,33.74,36,2464,472,1111,457,4.5074,350
4505,-118.31,33.74,22,5042,974,2260,935,4.3472,351.2
4506,-118.29,33.75,27,1650,443,1359,386,2.5795,192.4
4507,-118.29,33.75,37,1319,292,766,285,2.7031,218.9
4508,-118.29,33.74,29,1503,411,1368,390,2.1473,195.3
4509,-118.29,33.74,52,1438,472,1018,399,2.2188,306.7
4510,-118.29,33.74,41,1382,361,905,344,2.75,238.3
4511,-118.29,33.74,30,2074,533,1311,531,2.0329,225.8
4512,-118.29,33.73,43,1854,519,1151,486,2.5759,225
4513,-118.29,33.73,21,2492,711,1699,672,2.1382,242.3
4514,-118.29,33.73,30,2835,711,1669,652,3.3616,268.5
4515,-118.3,33.73,42,1731,435,866,403,2.7451,255.4
4516,-118.3,33.74,23,3075,860,1584,806,2.9386,260.5
4517,-118.3,33.74,20,2625,673,1184,606,3.9167,285.2
4518,-118.3,33.73,47,2852,603,1130,560,4.194,293.9
4519,-118.28,33.74,44,1853,556,2090,539,1.8584,248.1
4520,-118.28,33.73,39,2602,802,2178,737,2.0469,234.5
4521,-118.28,33.73,52,2085,588,1767,516,2.1935,243.2
4522,-118.28,33.73,45,2137,559,1550,529,1.9167,227.2
4523,-118.29,33.73,30,3161,813,1865,771,2.7139,231.7
4524,-118.29,33.72,25,2469,584,1253,535,3.1932,257.5
4525,-118.3,33.72,28,2647,658,1459,595,3.4474,253.4
4526,-118.3,33.72,28,2510,583,1388,554,3.3397,267.8
4527,-118.3,33.73,40,2582,606,1304,588,3.5694,276.4
4528,-118.31,33.72,26,2711,508,1372,459,4.1451,326.7
4529,-118.32,33.73,25,1099,168,407,159,7.6886,500.001
4530,-118.33,33.72,25,6191,1081,2297,1023,6.4246,446.7
4531,-118.29,33.71,36,3135,746,1815,697,3.7596,300
4532,-118.31,33.67,42,1297,246,611,242,5.3074,401.9
4533,-118.3,33.72,35,2790,447,1167,441,6.2028,361.5
4534,-118.29,33.71,40,1644,471,780,416,3.1071,464.3
4535,-118.29,33.71,40,1933,475,902,412,4.25,332.8
4536,-118.29,33.71,31,2809,666,1316,633,4.5606,303.8
4537,-118.29,33.72,39,2651,590,1103,508,3.274,254.3
4538,-118.29,33.72,21,1568,452,801,422,3.5109,225
4539,-118.28,33.68,8,2842,522,1624,510,3.7282,287.5
4540,-118.23,34.24,31,3857,607,1695,572,7.642,396.4
4541,-118.23,34.23,34,2377,362,1055,362,6,367.1
4542,-118.24,34.24,31,3019,469,1349,462,7.1463,394.1
4543,-118.24,34.24,31,3812,595,1645,591,7.585,380.1
4544,-118.23,34.22,36,2288,439,1079,434,4.5486,361
4545,-118.24,34.23,43,1061,208,514,208,6.01,254.2
4546,-118.24,34.23,42,1541,280,753,264,5.1028,292.1
4547,-118.25,34.23,35,2839,592,1413,538,4.1667,271.2
4548,-118.25,34.25,34,3150,518,1392,480,4.9355,336.9
4549,-118.25,34.23,34,2421,475,1232,454,4.6852,296.2
4550,-118.26,34.24,35,1666,280,788,273,6.6277,344.4
4551,-118.26,34.24,35,2485,418,1226,406,5.7083,329.5
4552,-118.25,34.23,41,1979,496,1157,459,4.4083,217.7
4553,-118.25,34.22,30,2062,396,1089,375,5.5362,301.2
4554,-118.26,34.23,43,1428,325,836,302,4.5759,209.2
4555,-118.26,34.23,33,1805,303,838,301,5.4306,326.6
4556,-118.22,34.21,29,2174,418,1030,395,3.5707,341.7
4557,-118.23,34.21,36,2988,719,1357,657,3.5174,268
4558,-118.23,34.21,29,2584,608,1217,568,3.3287,273.4
4559,-118.23,34.21,32,1464,406,693,380,2.5463,200
4560,-118.23,34.21,38,1399,390,859,386,3.4148,234.8
4561,-118.24,34.22,41,2476,506,1271,485,3.4531,263.9
4562,-118.24,34.22,34,1722,406,926,371,4.1523,252
4563,-118.23,34.21,50,309,47,121,45,6.213,285
4564,-118.24,34.21,32,3817,886,1888,829,3.5777,245.6
4565,-118.24,34.22,36,2507,517,1232,470,5.529,241.3
4566,-118.27,34.22,34,8206,1186,3141,1150,7.2812,462.2
4567,-118.23,34.18,47,1853,345,757,310,3.6875,422
4568,-118.23,34.18,43,1708,280,768,276,6.207,457.4
4569,-118.23,34.18,45,2332,343,943,339,8.1132,446.6
4570,-118.26,34.18,32,14556,2077,5459,2017,8.1657,500.001
4571,-118.22,34.19,31,4704,920,1895,886,4.9297,400
4572,-118.21,34.18,14,2672,335,1113,318,12.1579,500.001
4573,-118.23,34.17,37,4524,1005,2099,937,3.5781,366.7
4574,-118.21,34.17,24,8590,1231,3401,1178,8.1325,472.7
4575,-118.19,34.16,49,1788,267,735,266,6.6009,375.7
4576,-118.2,34.16,31,5550,881,2465,862,6.8317,446.1
4577,-118.23,34.16,31,3105,582,1359,547,5.1718,429.1
4578,-118.23,34.15,26,1649,522,1332,483,3.1004,257.1
4579,-118.24,34.16,40,2549,591,1156,546,3.3333,374.3
4580,-118.24,34.16,52,2187,284,733,274,9.5823,406.2
4581,-118.24,34.16,52,1904,297,797,286,6.6603,380.4
4582,-118.25,34.16,52,2477,385,993,371,4.9135,368.1
4583,-118.25,34.17,52,1532,292,631,275,5.1242,372.9
4584,-118.25,34.16,24,5131,1436,2690,1371,2.5668,280
4585,-118.26,34.17,20,5949,1417,2593,1337,3.8576,318.6
4586,-118.26,34.16,17,2943,769,1312,656,3.1484,187.5
4587,-118.26,34.16,19,2919,857,1866,811,3.1733,206.3
4588,-118.26,34.16,20,3407,885,1883,870,3.7321,351.1
4589,-118.27,34.17,48,1560,280,825,269,5.5118,354.7
4590,-118.27,34.16,15,5036,1299,3164,1175,2.9148,238.7
4591,-118.27,34.16,45,1865,360,973,349,3.6587,321.2
4592,-118.27,34.18,52,3034,406,1158,399,6.2976,498.4
4593,-118.28,34.18,47,2243,339,911,319,7.4046,446.8
4594,-118.29,34.18,52,1602,265,667,251,5.049,323.5
4595,-118.28,34.18,50,2195,336,878,309,6.884,365.6
4596,-118.28,34.17,22,2664,651,1553,629,3.6354,256.3
4597,-118.29,34.17,17,3852,1066,2986,993,2.3482,255.4
4598,-118.29,34.18,10,4292,1075,2719,987,3.6974,286.6
4599,-118.29,34.16,31,1262,338,1019,332,3.7083,241.9
4600,-118.29,34.16,42,413,107,349,107,4.3438,189.8
4601,-118.29,34.17,12,2238,682,1882,611,2.9,208.3
4602,-118.3,34.17,17,4041,1169,3309,1117,2.6016,222.4
4603,-118.3,34.16,40,1875,460,869,438,3.2321,243.6
4604,-118.3,34.16,35,3213,874,2401,819,2.8342,256.8
4605,-118.27,34.16,47,1453,356,787,345,3.0114,255.5
4606,-118.27,34.15,22,2265,637,1684,561,2.6729,217.1
4607,-118.27,34.15,25,3018,806,2205,742,3.0199,220.2
4608,-118.27,34.15,14,1744,536,1494,531,3.2171,230.8
4609,-118.27,34.16,52,830,183,479,179,3.1397,253.7
4610,-118.28,34.16,49,1393,290,605,282,2.9491,257.4
4611,-118.26,34.16,18,1775,525,950,522,3.5417,177.1
4612,-118.26,34.15,14,2981,894,1941,863,3,178.6
4613,-118.26,34.15,6,3340,945,2315,846,2.8884,252.3
4614,-118.26,34.15,18,2481,756,1763,675,2.8088,247.5
4615,-118.24,34.16,52,850,162,493,160,6.9408,298.8
4616,-118.24,34.15,20,2734,658,1562,607,3.3906,284.1
4617,-118.24,34.15,45,1235,271,499,263,3.1435,282.6
4618,-118.25,34.15,15,3712,1005,1888,890,3.6875,209.6
4619,-118.25,34.16,14,3700,945,1681,905,3.9054,200
4620,-118.24,34.15,17,5282,1605,4116,1574,3.052,209.8
4621,-118.24,34.15,19,4852,1465,3171,1332,2.5924,192.9
4622,-118.25,34.15,31,1238,338,605,331,2.8478,228.1
4623,-118.25,34.15,32,1377,444,768,422,2.2621,187.5
4624,-118.25,34.15,20,3960,1027,1729,978,3.0441,193.8
4625,-118.23,34.14,33,2865,864,2061,790,2.6268,201.3
4626,-118.24,34.14,20,3196,994,2929,983,3.0206,219.5
4627,-118.24,34.14,27,2909,1021,2614,935,2.1444,229
4628,-118.23,34.15,19,2294,716,1686,680,3.0288,258.3
4629,-118.23,34.14,25,2864,844,1745,803,2.9167,224.3
4630,-118.24,34.14,28,1843,554,1402,512,2.462,254
4631,-118.24,34.14,36,1813,560,1501,544,1.9125,238
4632,-118.24,34.13,37,1644,395,959,383,3.3636,257.7
4633,-118.24,34.13,45,2170,401,1043,394,5.6921,269
4634,-118.24,34.15,7,2063,670,1892,643,1.7301,202.3
4635,-118.24,34.14,9,4877,1488,4486,1458,2.4421,222.1
4636,-118.25,34.14,30,1615,570,1245,544,1.8929,196.9
4637,-118.25,34.14,37,584,260,552,235,1.8235,275
4638,-118.25,34.15,13,1107,479,616,443,0.8185,187.5
4639,-118.26,34.14,29,3431,1222,4094,1205,2.2614,248.1
4640,-118.27,34.14,10,1060,332,1025,288,3.0074,175
4641,-118.26,34.14,6,1727,506,1200,439,4.1083,210.7
4642,-118.27,34.15,7,2837,776,2287,736,3.008,229
4643,-118.26,34.13,25,3208,1111,2843,1005,2.6673,218.1
4644,-118.26,34.13,37,1383,470,1185,451,2.5,207.1
4645,-118.26,34.13,37,196,74,194,68,1.2188,218.8
4646,-118.26,34.14,23,1336,396,1255,359,2.5388,205
4647,-118.25,34.14,13,3487,1131,3749,1072,2.1602,221.9
4648,-118.25,34.14,25,5980,1856,5217,1772,2.506,184.5
4649,-118.25,34.13,22,2340,773,2226,754,2.5417,217.5
4650,-118.24,34.13,45,1971,439,1245,430,4.0272,260.5
4651,-118.25,34.13,36,2946,1025,2542,912,2.2244,255.9
4652,-118.25,34.12,21,739,265,861,246,2.4856,181.3
4653,-118.31,34.22,27,7714,1132,3199,1100,7.1262,446.2
4654,-118.33,34.21,31,3190,489,1362,480,6.981,402.9
4655,-118.34,34.21,36,1834,316,864,309,4.7885,302.2
4656,-118.29,34.18,36,3120,620,1441,612,3.9041,320.4
4657,-118.3,34.19,14,3615,913,1924,852,3.5083,280.9
4658,-118.3,34.19,52,1704,277,746,262,4.7986,326.1
4659,-118.3,34.19,51,1502,243,586,231,4.375,332.4
4660,-118.31,34.19,27,4713,1169,2372,1077,3.7015,287.9
4661,-118.3,34.19,52,2962,468,1364,466,4.9042,343.5
4662,-118.32,34.2,36,2110,346,984,342,6.9909,345.3
4663,-118.32,34.2,36,759,136,372,135,4.9886,328.9
4664,-118.32,34.2,36,1978,337,834,311,3.9866,294.4
4665,-118.33,34.2,43,1325,254,613,248,3.6071,289
4666,-118.34,34.2,41,2860,682,1516,621,3.0431,262.9
4667,-118.34,34.19,41,1524,393,1176,375,2.875,192.4
4668,-118.36,34.2,14,1878,614,1874,559,2.5267,231.8
4669,-118.32,34.2,29,2209,444,952,403,4.375,341.2
4670,-118.32,34.19,37,1335,249,485,240,4.1731,352.1
4671,-118.32,34.19,37,1519,331,613,315,3.0179,272.5
4672,-118.33,34.2,23,7179,1985,4757,1924,3.1051,206.5
4673,-118.3,34.18,13,7174,1997,4293,1872,3.0973,251.9
4674,-118.3,34.17,37,350,115,342,111,3.0687,200
4675,-118.3,34.18,5,5492,1549,2997,1405,3.3205,172.1
4676,-118.31,34.18,11,3112,890,1700,851,3.1587,181.3
4677,-118.31,34.19,13,3801,1116,1986,1078,2.0875,222.7
4678,-118.32,34.18,49,192,41,83,38,3.0179,118.8
4679,-118.32,34.18,44,1594,389,832,340,3.4,212.1
4680,-118.32,34.17,39,1995,564,1202,544,3.5875,250
4681,-118.33,34.17,48,2584,483,1118,459,4.2396,245.1
4682,-118.33,34.19,46,2115,463,1133,439,3.7344,222
4683,-118.33,34.18,45,2570,517,1256,510,4.6898,226
4684,-118.33,34.19,45,1505,347,799,319,3.138,217
4685,-118.33,34.18,49,1969,377,977,367,3.8462,231.3
4686,-118.33,34.18,48,2122,385,926,362,5.6975,231.4
4687,-118.34,34.19,47,1721,343,834,334,4.1923,231.2
4688,-118.34,34.18,45,3046,633,1448,599,3.24,226.9
4689,-118.34,34.18,46,1393,301,714,295,2.8125,229.9
4690,-118.36,34.19,46,1676,322,846,295,5.1814,209.5
4691,-118.35,34.18,46,2711,491,1277,490,4.282,224.7
4692,-118.35,34.18,46,1840,379,866,360,3.3056,230.4
4693,-118.35,34.17,44,2572,613,1280,570,3.5583,232
4694,-118.36,34.17,46,1268,240,661,239,4.0742,229.1
4695,-118.34,34.18,45,1328,290,720,289,3.875,226.9
4696,-118.34,34.18,45,3566,701,1601,653,3.8668,232
4697,-118.34,34.17,49,3033,580,1284,561,4.1161,232.5
4698,-118.35,34.16,42,2267,478,1083,458,3.2015,250
4699,-118.35,34.16,45,1390,281,538,270,4.2212,293.8
4700,-118.33,34.17,44,1934,375,750,365,2.473,251.8
4701,-118.33,34.16,37,2381,575,1235,499,3.7941,247.8
4702,-118.34,34.17,46,1718,344,756,343,3.2125,247
4703,-118.34,34.16,44,1717,391,848,353,3.6111,254.5
4704,-118.34,34.16,46,1396,294,608,246,3.692,244.5
4705,-118.33,34.15,39,493,168,259,138,2.3667,17.5
4706,-118.33,34.15,44,1321,303,471,301,4.2679,331.8
4707,-118.34,34.15,40,3068,756,1190,695,3.5637,497.4
4708,-118.34,34.15,16,1586,377,625,344,4.0893,450
4709,-118.34,34.16,25,6082,1763,2616,1644,3.6486,246.9
4710,-118.32,34.17,45,3448,690,1562,643,4.0648,258.8
4711,-118.31,34.16,38,2347,665,1317,547,3.2112,349.3
4712,-118.33,34.16,23,1359,428,770,380,3.4016,234.6
4713,-118.32,34.16,46,2345,453,1031,427,4.3173,278.3
4714,-118.3,34.17,16,1353,398,1211,357,3.1551,205
4715,-118.31,34.16,37,2144,446,860,435,3.9464,315
4716,-118.31,34.17,12,3188,931,2118,850,3.1823,218.3
4717,-118.31,34.17,24,2910,917,2522,873,2.4074,219.4
4718,-118.43,34.3,33,2443,498,1601,484,4.0223,146
4719,-118.43,34.29,39,1769,410,1499,390,3.1212,153.5
4720,-118.42,34.29,34,1489,326,1389,313,3.4821,160.3
4721,-118.44,34.29,35,2606,447,1555,404,4.6864,193.8
4722,-118.43,34.29,38,1237,298,1073,293,3.6726,154.6
4723,-118.43,34.28,27,862,280,1243,267,2.3724,154.2
4724,-118.44,34.29,32,1260,382,1434,342,2.0286,122.9
4725,-118.44,34.29,30,1632,401,1357,401,3.1588,160.1
4726,-118.45,34.29,30,762,228,840,226,2.3375,154.2
4727,-118.44,34.28,32,527,146,582,143,1.7708,138.8
4728,-118.44,34.28,37,944,244,1107,235,1.9688,144.1
4729,-118.44,34.28,47,843,194,800,180,3.3687,151.7
4730,-118.44,34.28,38,1156,305,1359,289,2.5147,137.1
4731,-118.45,34.28,36,2602,638,2780,620,2.7155,149.8
4732,-117.71,34.15,17,17715,2370,7665,2312,7.9068,349.1
4733,-117.73,34.12,26,1279,163,412,157,6.1731,293.8
4734,-117.76,34.13,8,16759,2274,7249,2156,7.4837,358.7
4735,-117.8,34.15,14,7876,1253,3699,1162,5.5423,248.7
4736,-117.8,34.11,25,5039,821,2654,802,4.7969,211.7
4737,-117.8,34.1,17,5153,1164,2949,1083,3.5603,174.6
4738,-117.8,34.1,13,2996,495,1187,464,6.2456,161.7
4739,-117.79,34.11,18,3814,721,1881,692,4.4722,215.6
4740,-117.83,34.14,26,8254,1153,3460,1131,6.5253,349.9
4741,-117.83,34.15,20,2421,306,1023,298,8.0683,451.5
4742,-117.82,34.13,27,3770,573,1606,562,6.1321,309.7
4743,-117.84,34.13,26,3773,694,2103,688,4.6937,198
4744,-117.87,34.15,24,5745,735,2061,679,8.2827,451.4
4745,-117.93,34.15,14,9610,2005,4723,1907,4.0393,156.8
4746,-117.9,34.15,21,2056,461,1332,429,3.3942,212.8
4747,-117.9,34.14,29,2240,457,1187,407,3.8365,184.2
4748,-117.91,34.14,42,2225,485,1544,464,2.2442,166.7
4749,-117.89,34.14,15,4644,967,2855,867,3.3654,222.1
4750,-117.88,34.14,23,2308,322,1001,317,7.5112,355.5
4751,-117.88,34.14,32,1764,365,924,329,3.875,186.7
4752,-117.85,34.14,35,2899,429,1251,429,6.1049,297.2
4753,-117.85,34.14,35,1582,248,654,221,4.9091,275
4754,-117.86,34.14,33,2344,363,1098,359,6.2089,283.4
4755,-117.87,34.15,37,2655,415,1056,401,5.4224,269.5
4756,-117.86,34.14,36,3097,667,1484,634,3.1905,235.3
4757,-117.87,34.14,30,2495,586,1139,559,2.9375,209.2
4758,-117.85,34.13,31,1959,318,1021,303,4.3145,233
4759,-117.85,34.12,30,4367,1033,2524,954,3.0448,192.1
4760,-117.86,34.13,33,2383,428,1269,421,4.636,245.5
4761,-117.86,34.13,40,1304,280,607,256,2.588,209.5
4762,-117.87,34.13,32,1741,373,872,333,3.4219,194.5
4763,-117.87,34.13,29,1677,413,873,400,3.12,194.3
4764,-117.84,34.12,25,3465,566,1722,536,4.8304,228.9
4765,-117.84,34.11,17,3499,621,1911,621,4.8894,191.7
4766,-117.84,34.12,34,2026,345,1142,332,4.392,187.6
4767,-117.85,34.11,25,9255,1659,4944,1627,4.5708,223
4768,-117.81,34.08,13,18448,2474,7775,2397,7.7876,348.9
4769,-117.81,34.12,23,7063,1176,3100,1112,4.8229,192.6
4770,-117.81,34.11,21,3481,808,1866,746,3.6201,150.4
4771,-117.81,34.1,19,1935,399,1126,389,3.8929,144.6
4772,-117.83,34.1,18,11026,1978,5407,1923,4.075,231.1
4773,-117.76,34.1,28,4086,871,1973,853,2.621,202.2
4774,-117.78,34.09,32,2643,516,1862,478,3.7177,177.2
4775,-117.79,34.1,26,1664,344,1024,339,3.5192,190.5
4776,-117.76,34.12,16,9020,1509,3575,1486,4.2415,275.7
4777,-117.77,34.12,15,4260,770,2007,695,4.4609,230
4778,-117.76,34.11,22,4935,954,2874,938,3.9825,180.5
4779,-117.77,34.1,50,2388,494,1241,459,2.8818,167.2
4780,-117.77,34.11,28,1998,414,1124,389,3.75,180.9
4781,-117.78,34.11,23,7079,1381,3205,1327,3.0735,212.3
4782,-117.74,34.11,28,3494,566,1391,522,5.3637,214.7
4783,-117.74,34.1,26,2723,604,1847,498,2.6779,136
4784,-117.75,34.1,21,8069,2174,4369,2036,3.2756,156.8
4785,-117.71,34.12,20,11250,1893,4952,1859,5.6785,239.5
4786,-117.73,34.12,26,6459,894,2487,885,6.2089,261.8
4787,-117.72,34.1,32,3241,895,1592,810,2.4952,181.8
4788,-117.72,34.1,46,2477,458,1034,455,5.5,289.7
4789,-117.73,34.1,37,3457,544,1344,530,5.8891,226
4790,-117.71,34.08,26,2744,494,1411,465,4.2639,154.2
4791,-117.72,34.09,36,1473,328,785,299,3.2566,151.8
4792,-117.72,34.09,33,4979,934,2575,874,3.7958,152.5
4793,-117.73,34.09,30,2345,496,1897,454,2.4375,112.1
4794,-117.73,34.08,33,1350,265,1251,257,2.9063,115.2
4795,-117.74,34.09,30,3199,591,2192,563,3.4871,136.4
4796,-117.75,34.08,33,2824,523,1797,493,3.6359,135.1
4797,-117.75,34.09,36,3094,556,1672,545,4.2143,146.9
4798,-117.77,34.08,27,5929,932,2817,828,6.0434,214.8
4799,-117.77,34.07,36,2922,652,2392,629,2.8661,124
4800,-117.77,34.07,29,2976,662,2452,633,3.0638,113.6
4801,-117.75,34.07,52,1548,348,1131,343,2.63,127.3
4802,-117.76,34.07,51,1538,394,1173,388,2.3156,109.8
4803,-117.76,34.07,48,1157,247,677,218,2.8594,127.2
4804,-117.76,34.06,33,1831,486,1625,472,1.9937,103.6
4805,-117.76,34.06,47,508,108,384,86,1.9583,92.6
4806,-117.77,34.06,27,2178,629,2379,591,1.9766,108
4807,-117.78,34.07,18,3610,772,2899,765,3.9784,113.5
4808,-117.78,34.06,25,1712,491,1807,478,2.2258,114.8
4809,-117.79,34.07,33,1694,333,1689,301,3.7583,116.3
4810,-117.79,34.07,34,975,192,870,183,3.7933,116.1
4811,-117.78,34.05,39,2933,590,1886,550,3.9224,131.3
4812,-117.8,34.05,5,4536,1178,2485,909,4.1118,125.9
4813,-117.82,34.05,21,4031,923,2558,834,3.1641,117.3
4814,-117.76,34.06,30,1700,504,1719,459,2.227,91.9
4815,-117.76,34.05,36,2910,819,3055,782,1.9029,98
4816,-117.75,34.05,35,1293,339,1494,312,1.6645,93.3
4817,-117.76,34.05,36,3839,1004,4711,942,2.3859,116.2
4818,-117.74,34.08,35,1613,298,911,293,3.4398,134.3
4819,-117.74,34.07,42,2504,553,1550,509,3.0294,135.7
4820,-117.74,34.06,48,2438,599,1508,548,2.8983,129.2
4821,-117.75,34.07,52,1279,213,444,204,5.2269,161
4822,-117.75,34.07,52,2550,586,1246,576,1.6006,146.2
4823,-117.72,34.07,33,4100,740,2580,730,3.7321,134.2
4824,-117.73,34.08,28,5173,1069,3502,954,3.8438,130.8
4825,-117.72,34.06,32,2209,654,1718,569,1.9643,113.2
4826,-117.73,34.06,51,498,115,368,112,1.4063,98.8
4827,-117.73,34.07,33,1921,489,1430,467,2.3406,122.6
4828,-117.73,34.05,36,975,243,809,233,2.8929,118.1
4829,-117.73,34.05,28,2758,771,2877,694,2.0734,113.3
4830,-117.74,34.05,30,1185,317,1466,302,2.625,94.3
4831,-117.74,34.05,29,2452,700,3029,665,2.1354,110.7
4832,-117.74,34.05,27,852,237,1024,221,2.1141,110.9
4833,-117.75,34.05,46,1480,358,1511,348,1.9718,110.6
4834,-117.73,34.04,26,3827,814,3367,810,3.15,129.7
4835,-117.73,34.03,42,1967,378,1459,348,3.0375,118.1
4836,-117.74,34.02,33,2318,464,1904,451,3.7454,116.4
4837,-117.74,34.03,27,3623,809,3712,754,3.4609,123.3
4838,-117.75,34.04,22,2948,636,2600,602,3.125,113.6
4839,-117.76,34.04,34,1914,364,1564,328,2.8347,115.8
4840,-117.76,34.04,36,2242,448,2052,447,3.4464,113
4841,-117.85,34,26,2712,402,1389,377,5.6513,227.9
4842,-117.86,33.99,10,17820,2812,8686,2666,6.3875,310.7
4843,-117.8,34.03,25,4240,643,1885,637,6.2384,247.6
4844,-117.78,34.03,8,32054,5290,15507,5050,6.0191,253.9
4845,-117.83,34.01,16,9446,1650,4911,1534,5.0111,212.9
4846,-117.8,34.02,23,3351,591,1535,522,5.0869,230.6
4847,-117.81,34.01,12,9197,1642,4332,1554,4.9589,282.1
4848,-117.79,34.02,5,18690,2862,9427,2777,6.4266,315.6
4849,-117.84,34,26,797,117,383,114,6.8758,253.8
4850,-117.83,33.99,14,17527,2751,8380,2676,6.2734,267
4851,-117.83,33.97,11,21533,3078,9671,2890,7.0329,368.3
4852,-117.87,34.04,7,27700,4179,15037,4072,6.6288,339.7
4853,-117.86,34.01,16,4632,761,3038,727,5.1762,264.4
4854,-117.87,34.02,16,3552,575,2120,573,6.4333,271.5
4855,-117.84,34.04,4,9959,1544,4904,1429,6.9754,402.5
4856,-117.85,34.06,24,3128,497,1406,472,7.5286,462.7
4857,-117.85,34.07,32,761,101,295,95,11.1077,500.001
4858,-117.86,34.08,31,2524,349,1003,343,7.5196,380.9
4859,-117.87,34.07,21,4723,882,2210,768,3.8167,258.7
4860,-117.85,34.1,22,5179,944,2315,884,4.51,189.9
4861,-117.87,34.1,25,2208,477,1084,424,3.775,191.7
4862,-117.87,34.09,31,1484,327,927,317,3.6484,189.6
4863,-117.88,34.1,32,3357,621,1696,604,4.2685,216.6
4864,-117.87,34.08,33,3630,800,2257,796,3.2469,206.9
4865,-117.88,34.09,29,3416,790,2223,728,3.5109,186
4866,-117.86,34.1,23,2535,490,1327,466,3.5977,180.6
4867,-117.86,34.1,29,1185,197,588,196,5.0832,196.9
4868,-117.87,34.1,15,6409,1363,3359,1267,3.875,173.3
4869,-117.84,34.1,17,7836,1624,4419,1526,3.8465,180.7
4870,-117.87,34.12,33,2059,361,1073,339,4.2454,183.8
4871,-117.88,34.12,33,1485,274,1006,258,5.1708,158.5
4872,-117.88,34.12,34,912,165,522,150,4.0417,178
4873,-117.87,34.12,34,1004,220,772,217,3.8571,174.5
4874,-117.87,34.11,23,4066,819,2105,737,4.6556,199.6
4875,-117.88,34.11,18,2923,670,1751,656,3.2383,157
4876,-117.89,34.12,35,1447,272,1224,268,3.9934,141.9
4877,-117.89,34.12,35,1566,321,1396,317,4.05,141.3
4878,-117.89,34.11,27,2434,535,1623,498,3.6875,140.2
4879,-117.9,34.11,37,1286,255,1047,249,4.2019,140.1
4880,-117.88,34.13,25,2559,654,1674,623,2.8547,155.6
4881,-117.89,34.13,34,2159,386,1443,385,4.1995,147.4
4882,-117.9,34.13,25,3076,856,2868,752,2.6619,117.6
4883,-117.9,34.13,32,1640,391,1312,358,2.6292,136.1
4884,-117.9,34.13,5,1126,316,819,311,1.5,139.8
4885,-117.9,34.12,33,1788,456,1787,361,2.6629,124.1
4886,-117.91,34.13,34,1540,328,1037,317,2.2132,138.5
4887,-117.92,34.13,42,1762,398,1526,365,2.8643,132.6
4888,-117.91,34.12,33,1391,309,1038,298,4.1944,149.5
4889,-117.92,34.12,32,2552,576,2161,548,2.9459,144.4
4890,-117.9,34.11,23,4776,1316,4797,1187,2.1667,142.6
4891,-117.92,34.11,24,2838,695,2151,645,3.2202,126.2
4892,-117.94,34.1,31,1239,254,929,244,3.3625,153.4
4893,-117.97,34.11,18,123,28,121,26,3.0417,137.5
4894,-117.99,34.07,31,1507,369,1548,347,3.4327,147.2
4895,-117.98,34.07,15,3543,888,3131,823,3.0184,139.4
4896,-117.99,34.06,32,2491,616,2660,595,2.564,145.8
4897,-118,34.07,34,1696,456,1609,426,2.25,138.5
4898,-117.99,34.08,35,1032,207,954,191,2.8906,134.8
4899,-117.97,34.08,8,2027,480,1781,447,3.0806,142.4
4900,-117.96,34.07,32,2910,709,2583,670,3.7736,158.4
4901,-117.97,34.07,20,2063,496,1573,468,3.2,157.1
4902,-117.97,34.07,22,1438,364,1325,335,2.7802,162.5
4903,-117.98,34.08,17,3640,830,3537,807,3.4784,152.2
4904,-117.98,34.1,22,5661,1209,5389,1178,3.7727,159.7
4905,-117.98,34.09,31,3073,617,2640,594,3.5,161.3
4906,-117.95,34.11,29,1986,448,2013,432,3.1034,140.8
4907,-117.96,34.1,35,4036,904,3878,846,3.2957,141.6
4908,-117.97,34.1,26,1399,277,1285,276,4,160.1
4909,-117.96,34.09,30,2686,613,2477,573,3.4427,160.8
4910,-117.96,34.09,6,1954,534,1584,496,3.1621,131
4911,-117.96,34.1,30,2775,657,2847,642,3.2266,141.8
4912,-117.95,34.09,21,2215,484,1792,419,2.8375,166.5
4913,-117.95,34.08,34,2278,476,1728,448,3.125,154.1
4914,-117.96,34.08,39,1076,338,1242,332,2.2679,151.8
4915,-117.96,34.08,33,4151,850,3563,848,3.1912,159.9
4916,-117.94,34.09,21,2707,675,1742,626,2.1062,176.7
4917,-117.94,34.08,32,2704,514,1669,497,4.4653,195.4
4918,-117.94,34.08,34,1970,476,1269,406,4.064,201.2
4919,-117.95,34.07,37,1987,399,1279,378,4.1172,176.5
4920,-117.93,34.09,34,2192,431,1376,428,3.9861,163.9
4921,-117.93,34.07,34,1409,305,819,273,3.3977,188.8
4922,-117.93,34.08,36,1371,246,806,241,4.5078,187.1
4923,-117.93,34.08,35,689,128,379,128,3.9583,206
4924,-117.93,34.08,36,1597,285,901,272,4.3947,197
4925,-117.91,34.08,33,2325,452,1170,445,3.6625,217.1
4926,-117.91,34.08,35,1443,266,861,262,3.5795,186.9
4927,-117.92,34.08,36,1479,251,741,245,4.2986,189.6
4928,-117.92,34.08,35,1860,323,1011,305,3.5536,207
4929,-117.91,34.1,28,3694,722,1999,718,3.2813,181.1
4930,-117.91,34.09,20,4327,1037,2296,963,3.0441,185.4
4931,-117.92,34.1,33,1921,397,1492,393,4.375,150.5
4932,-117.9,34.1,31,3007,653,1766,616,3.7083,166
4933,-117.92,34.1,35,2994,603,1933,561,4.0052,160.7
4934,-117.89,34.1,27,3341,728,1762,679,2.9437,180.4
4935,-117.9,34.09,34,1562,272,825,266,4.125,220.8
4936,-117.89,34.09,37,1055,280,538,206,2.4167,181.3
4937,-117.89,34.09,35,1205,330,583,319,2.3971,188.9
4938,-117.89,34.09,37,1813,394,1100,375,3.4453,176.7
4939,-117.88,34.08,30,6132,1538,3147,1449,2.7763,187.8
4940,-117.89,34.08,25,2115,489,1107,477,3.1949,207.4
4941,-117.89,34.07,32,2374,450,1580,427,3.8837,200.3
4942,-117.9,34.08,32,5482,1251,3426,1117,3.2943,204.4
4943,-117.88,34.06,23,6689,1124,3081,1047,5.9254,491.2
4944,-117.9,34.06,33,1701,290,831,275,5.4469,274.7
4945,-117.9,34.06,33,1330,209,578,192,5.6406,266.2
4946,-117.9,34.07,35,1646,294,1056,280,3.055,172
4947,-117.89,34.07,35,834,137,392,123,4.5179,218.8
4948,-117.9,34.06,34,2956,469,1488,464,5.3664,268.3
4949,-117.9,34.07,36,1009,164,466,149,5.8519,249.4
4950,-117.91,34.07,36,1390,270,887,266,5.0897,189
4951,-117.91,34.07,33,2938,561,1519,549,4.5594,204.2
4952,-117.92,34.06,34,2819,609,1718,558,3.5547,197.6
4953,-117.92,34.07,36,1057,207,658,207,4.7708,191.7
4954,-117.91,34.06,29,3250,521,1382,513,5.112,218.3
4955,-117.91,34.05,35,3189,527,1727,500,5.0758,211.1
4956,-117.93,34.06,37,1505,262,798,259,5.4635,202.1
4957,-117.93,34.05,32,3055,623,1902,565,4.2926,190.7
4958,-117.92,34.07,38,175,22,129,20,9.7066,182.5
4959,-117.93,34.06,28,3342,688,2210,647,3.4596,202.8
4960,-117.94,34.06,32,3418,662,2003,622,4.0333,210.2
4961,-117.94,34.07,25,1814,404,1187,363,3.3523,170.8
4962,-117.95,34.06,32,2252,415,1370,411,4.6312,184.8
4963,-117.96,34.07,35,2819,529,1508,485,4.6118,191.7
4964,-117.96,34.06,34,2226,381,1464,365,4.4102,183.2
4965,-117.96,34.06,31,2017,462,1462,457,2.067,167.3
4966,-117.97,34.06,34,3580,684,2786,636,4.0469,166.8
4967,-117.97,34.06,31,2516,526,2194,497,3.2413,155.5
4968,-117.98,34.06,36,2391,407,1967,398,4.0274,160.7
4969,-117.98,34.05,35,2342,426,2176,416,3.7454,156.9
4970,-117.99,34.05,35,1792,317,1441,306,3.7917,151.1
4971,-117.97,34.05,33,2028,422,1727,371,2.8438,157.6
4972,-117.97,34.05,34,2050,495,1832,465,2.8333,155.7
4973,-117.98,34.05,33,1560,315,1467,313,4.1429,159.8
4974,-117.98,34.04,34,2547,537,2108,498,3.4722,154.6
4975,-117.97,34.04,28,1686,417,1355,388,2.5192,157.3
4976,-117.96,34.03,35,2093,407,1755,403,3.4115,150.4
4977,-117.96,34.03,35,1623,331,1462,312,3.9803,152.6
4978,-117.95,34.03,33,1453,326,1609,319,3.7578,155.8
4979,-117.95,34.05,35,1309,276,1113,253,4.375,156.5
4980,-117.96,34.04,35,1141,212,924,212,3.1591,148.3
4981,-117.96,34.04,33,1458,268,1115,257,4.7955,158.1
4982,-117.96,34.05,32,1993,388,1385,380,3.7258,181.9
4983,-117.94,34.05,34,1729,324,1341,324,3.7708,163.5
4984,-117.94,34.04,36,1431,354,1367,334,3.5592,160.2
4985,-117.94,34.04,34,1403,274,977,257,3.8409,163
4986,-117.94,34.05,34,1519,304,1262,300,3.3409,161.2
4987,-117.95,34.05,31,2349,539,2028,521,3.494,154.5
4988,-117.95,34.04,27,2610,846,2296,750,2.274,150.8
4989,-117.94,34.03,35,1499,289,1112,268,3.83,149
4990,-117.94,34.03,35,1375,249,1015,239,4.0521,151.8
4991,-117.95,34.03,33,1782,394,1517,376,3.3389,157.9
4992,-117.94,34.02,27,5026,955,3899,930,3.871,162.9
4993,-117.95,34.02,19,1129,258,900,228,3.875,135.6
4994,-117.95,34.02,22,1919,411,1203,363,4.2578,144.1
4995,-117.92,34.03,35,1341,233,898,216,4.1118,157.3
4996,-117.92,34.03,32,1819,375,1728,375,3.975,162.4
4997,-117.93,34.03,30,2246,446,1837,431,4.7917,164.5
4998,-117.93,34.04,23,6361,1168,4580,1109,4.9342,181
4999,-117.9,34.04,15,11989,2185,6652,2081,4.5554,278.3
5000,-117.9,34.05,33,629,76,253,75,7.6286,330.4
5001,-117.91,34.04,15,8749,1761,5278,1691,4.6324,168.8
5002,-117.88,34.01,16,6756,1332,4429,1299,4.7589,178.2
5003,-117.89,34.01,23,4535,955,3881,930,3.6275,154.1
5004,-117.9,34.01,27,1702,381,2091,352,3.7917,131.1
5005,-117.91,34.02,17,5973,1384,4349,1229,3.2799,199.3
5006,-117.91,34.02,22,6269,1279,5587,1251,3.8201,136.2
5007,-117.92,34.01,35,3055,634,3738,615,3.375,127.2
5008,-117.98,34.04,29,1468,310,1390,276,3.75,190.6
5009,-117.96,34.02,33,349,124,460,83,2.375,133.3
5010,-117.9,33.99,18,8076,1789,5325,1707,3.443,171.9
5011,-117.88,34,32,265,51,170,50,3.9375,187.5
5012,-117.89,33.99,22,3272,618,1784,591,4.0324,211.3
5013,-117.99,34.04,30,4468,959,4027,938,3.185,168.3
5014,-118.02,34.04,27,5640,1001,3538,978,5.065,215.4
5015,-118,34.03,25,6909,1154,3912,1121,5.257,226.1
5016,-117.98,34.02,33,3512,632,1971,598,4.4653,193.2
5017,-117.98,34.01,27,2643,418,1344,381,5.7057,262.1
5018,-118.02,34.02,21,5992,986,2647,969,5.2405,302.4
5019,-117.97,34.01,33,3530,700,2959,679,3.7459,152.9
5020,-117.97,34.01,33,2006,381,1410,346,3.7083,165.5
5021,-117.97,34,28,1983,375,1407,367,3.8319,179
5022,-117.97,33.99,22,5284,982,2613,932,4.7332,289.9
5023,-117.98,33.98,27,2275,346,1039,333,6.2217,333.5
5024,-117.99,33.98,18,8399,1144,3727,1107,6.9695,360.4
5025,-117.95,34,34,2376,468,1858,449,4.1328,176.3
5026,-117.96,34,33,5462,952,3527,914,4.4038,186.7
5027,-117.96,34,34,2777,540,1954,522,4.5163,183.8
5028,-117.92,33.98,10,16414,2919,8907,2714,6.1552,362.5
5029,-117.95,33.98,15,16042,2602,7732,2552,5.6716,330.4
5030,-117.94,33.99,18,6100,1018,3112,982,4.9932,284
5031,-117.95,33.99,15,3978,692,2418,665,5.0142,269.9
5032,-117.95,33.99,25,1075,138,451,132,6.8492,332.2
5033,-117.96,33.99,25,1348,210,660,200,5.2852,297.6
5034,-117.97,33.99,23,3335,570,1560,555,5.7268,300.3
5035,-117.96,33.98,25,1259,184,599,170,5.7407,302.2
5036,-117.88,33.96,16,19059,3079,10988,3061,5.5469,265.2
5037,-117.89,33.98,5,3088,711,1415,641,2.5125,184.5
5038,-117.9,33.98,20,9893,2283,7228,2159,3.253,186.7
5039,-117.9,33.97,23,7353,1255,4014,1124,5.4155,213.2
5040,-117.75,34.06,52,1171,318,1126,276,1.9762,105.8
5041,-117.74,34.06,4,1391,506,727,369,1.4722,137.5
5042,-117.75,34.05,27,437,108,469,97,1.7206,107.5
5043,-117.75,34.06,44,477,135,502,117,2.0156,112.5
5044,-117.94,34.15,33,859,144,421,138,4.4821,220.1
5045,-117.95,34.16,17,7116,1089,3538,1083,6.2654,273.8
5046,-117.94,34.14,33,1620,283,868,275,5.411,219.4
5047,-117.95,34.14,33,1943,440,1526,353,3.038,137.5
5048,-117.96,34.14,27,2221,542,1328,523,2.5275,151.7
5049,-117.96,34.14,33,1994,405,993,403,3.766,163.9
5050,-117.96,34.14,9,907,207,619,194,3.9464,179.6
5051,-117.97,34.14,15,3595,964,1839,877,2.6014,150.3
5052,-117.97,34.14,33,1328,348,903,329,3.1094,136
5053,-117.98,34.14,24,1596,388,1329,352,3.0417,148
5054,-117.97,34.13,33,2038,473,1546,469,3.4777,144.5
5055,-117.98,34.13,37,1447,309,1279,290,4.0083,142.9
5056,-117.98,34.13,29,2110,460,1890,448,3.6806,130.5
5057,-117.97,34.15,33,2474,472,1268,437,6.4576,500.001
5058,-117.97,34.17,35,5005,848,2112,813,4.9968,295
5059,-117.99,34.16,40,3838,696,1851,674,4.2407,262
5060,-118,34.16,52,1354,227,531,206,4.8059,270.6
5061,-118,34.15,48,3436,673,1540,648,4.275,256.8
5062,-118.01,34.15,52,2234,472,986,439,3.9125,265.5
5063,-118.02,34.15,44,2419,437,1045,432,3.875,280.8
5064,-118.02,34.17,32,3868,548,1558,528,9.4667,500.001
5065,-118.03,34.15,43,1694,283,674,267,4.1797,486.8
5066,-118.02,34.15,44,2267,426,980,372,3.6,307.4
5067,-118.06,34.17,38,2726,398,1059,380,7.2419,410.4
5068,-118.05,34.17,45,2535,455,1036,437,5.0482,388.9
5069,-118.04,34.17,52,1885,401,764,373,4.0385,265.7
5070,-118.04,34.18,37,3134,532,1220,508,5.2865,455.4
5071,-118.04,34.16,38,1594,249,633,247,5.9582,350.7
5072,-118.05,34.16,36,3908,732,1688,725,4.5625,376.8
5073,-118.05,34.16,41,3320,713,1236,659,3.5694,278.6
5074,-118.06,34.16,46,1467,298,816,267,3.6705,286.5
5075,-118.06,34.16,34,2297,419,909,412,4.8214,362.5
5076,-118.07,34.16,35,3585,671,1401,623,4.125,330
5077,-118.03,34.16,39,2731,366,1034,338,9.8098,500.001
5078,-118.05,34.15,32,5131,665,1877,622,8.2004,500.001
5079,-118.06,34.15,37,1980,226,697,226,15.0001,500.001
5080,-118.06,34.13,40,4307,918,1769,845,3.6341,391.5
5081,-118.06,34.14,42,2461,379,1179,360,7.0315,437.3
5082,-118.03,34.14,44,1446,250,721,243,4.7308,352.2
5083,-118.04,34.13,22,3359,643,1227,588,4.645,276.2
5084,-118.04,34.15,34,1523,311,676,295,3.3621,377.2
5085,-118.04,34.13,35,249,31,268,29,15.0001,500.001
5086,-118.05,34.13,23,3264,729,1475,668,3.735,218.3
5087,-118.06,34.13,28,12139,2873,5359,2731,3.292,227.3
5088,-118.02,34.14,34,1077,257,478,199,2.6316,252.8
5089,-118.02,34.13,32,3308,718,1803,667,3.9464,273.6
5090,-118.03,34.14,31,4353,1117,2338,1037,3.0727,242.6
5091,-118.01,34.13,36,1332,217,648,203,4.7159,365.9
5092,-118.02,34.13,33,2874,458,1239,431,5.2329,430.9
5093,-118.02,34.13,34,1966,319,980,297,7.7307,429
5094,-118.03,34.13,33,2352,373,995,359,4.9583,445.7
5095,-118.02,34.12,37,2250,360,989,329,6.1536,366
5096,-118.02,34.11,35,2454,458,1110,435,3.8029,414.8
5097,-118.02,34.12,36,1471,246,751,230,5.4555,395.1
5098,-118.02,34.12,38,1778,288,870,281,6.5784,408.5
5099,-118.03,34.11,34,2837,460,1344,458,6.5722,437.4
5100,-118.01,34.14,20,3350,831,1816,744,2.8352,161.7
5101,-118.01,34.14,23,3425,754,2202,729,3.52,187.3
5102,-118.02,34.14,31,6854,1578,4131,1524,3.5878,222.8
5103,-117.99,34.15,44,2492,611,1951,596,3.1304,185.6
5104,-118,34.15,43,2583,633,1544,617,2.5417,178.3
5105,-118.01,34.15,32,6597,1579,3689,1459,3.2377,184.1
5106,-117.98,34.14,27,6341,1289,2899,1192,3.6336,235.2
5107,-117.99,34.14,30,2346,567,1988,474,2.5625,153
5108,-118,34.13,24,2584,520,1869,503,3.2841,167
5109,-118,34.14,31,1298,431,1131,425,1.0548,178.1
5110,-118,34.14,39,1302,303,800,291,3.2723,166.9
5111,-118,34.13,35,1005,224,742,221,3.5481,158.1
5112,-117.99,34.13,37,1568,371,1618,350,2.9605,129.4
5113,-117.99,34.12,37,1527,331,1504,324,3.2857,130.1
5114,-118,34.12,42,870,170,546,164,4.625,173.8
5115,-118.01,34.13,38,3374,671,1906,640,4.0729,212.3
5116,-118.01,34.12,43,1185,207,657,198,4.5491,214.8
5117,-118.01,34.11,32,1978,536,826,470,2.5114,212.2
5118,-118.01,34.11,43,1858,345,1054,329,3.5625,211.6
5119,-118.02,34.11,39,1504,280,718,261,4.625,219
5120,-118.03,34.1,38,2301,416,1079,398,4.4236,233.6
5121,-118.03,34.1,30,2773,634,1376,540,2.7857,201.7
5122,-118.03,34.1,31,2647,539,1473,520,3.94,223.9
5123,-118.03,34.1,32,2668,609,1512,541,2.9422,233.1
5124,-118.03,34.11,38,2076,361,988,332,5.9175,416.9
5125,-118.04,34.11,37,1275,177,598,174,7.1885,500.001
5126,-118.05,34.11,42,3677,627,1779,622,5.1509,426.5
5127,-118.04,34.13,39,2485,382,1072,342,6.0878,430.2
5128,-118.04,34.12,39,2522,380,1113,357,5.2249,445.2
5129,-118.04,34.12,30,2170,318,984,309,5.6916,500.001
5130,-118.05,34.12,20,5218,959,2302,850,3.55,476.7
5131,-118.06,34.12,25,3891,848,1848,759,3.6639,248.1
5132,-118.05,34.11,48,1410,304,677,274,3.2596,272.4
5133,-118.06,34.11,36,2178,485,914,412,2.7656,239.5
5134,-118.06,34.11,39,2603,547,1196,487,3.0854,248.7
5135,-118.04,34.1,39,2302,412,1590,406,4.8017,273.8
5136,-118.05,34.1,36,1606,318,889,294,4.7931,272.6
5137,-118.06,34.1,38,3229,636,1599,609,3.8646,257.1
5138,-118.06,34.1,42,1576,313,697,282,4.3523,283.6
5139,-118.06,34.1,43,1833,355,786,334,3.5761,256.7
5140,-118.04,34.1,38,2317,451,1155,426,4.1488,235.3
5141,-118.05,34.1,30,2143,427,1107,416,4.2321,252.2
5142,-118.05,34.1,42,2065,404,1313,402,4.0179,274.3
5143,-118.06,34.09,38,2036,388,1096,371,4.0625,262.5
5144,-118.06,34.1,38,1960,330,874,308,4.8594,265.9
5145,-118.06,34.09,36,1239,238,717,237,3.244,258.1
5146,-118.06,34.09,40,1975,389,1116,378,4.2898,251.6
5147,-118.07,34.09,40,1745,370,1293,357,2.5474,198.1
5148,-118.08,34.09,33,2557,578,1715,530,2.9196,208.8
5149,-118.08,34.09,34,1823,457,1485,401,3.7222,207.2
5150,-118.04,34.08,35,1148,258,975,253,4.037,173.3
5151,-118.05,34.09,23,602,135,409,123,3.5268,146.4
5152,-118.02,34.09,24,2080,514,1976,478,2.6917,170
5153,-118.03,34.09,29,1219,338,1152,323,2.8029,180.9
5154,-118.03,34.08,32,1780,484,1732,454,2.4464,169.6
5155,-118,34.1,34,2249,460,1544,441,3.4005,176.3
5156,-118.01,34.09,29,3402,747,2331,690,3.6094,179.2
5157,-118.01,34.1,35,2120,412,1375,405,3.4609,166.3
5158,-118,34.08,29,2003,401,1520,364,3.994,195.3
5159,-118.01,34.08,30,2281,522,1969,500,3.6531,166.3
5160,-118.02,34.08,28,2769,631,2452,581,2.6071,175.9
5161,-118.01,34.08,35,1852,358,1414,347,4.275,173.6
5162,-118,34.08,23,1627,318,1279,289,4.6467,185.1
5163,-118.02,34.08,31,2402,632,2830,603,2.3333,164.2
5164,-118.03,34.08,42,1597,373,1311,352,2.9688,162.8
5165,-118.05,34.08,25,4909,1422,4983,1293,2.7254,143.5
5166,-118.06,34.08,37,778,205,850,198,2.5119,180.5
5167,-118.06,34.08,34,1197,260,942,245,3.4202,189.1
5168,-118.06,34.08,42,1988,402,1239,402,3.2569,201.5
5169,-118.07,34.08,38,2462,553,1843,538,3.2312,211.9
5170,-118.07,34.07,19,1554,393,1427,370,3.125,207.1
5171,-118.07,34.08,37,1210,252,733,243,2.806,214.6
5172,-118.05,34.07,32,4492,1075,4119,1035,3.2373,183.1
5173,-118.03,34.07,37,1091,269,905,242,3.1042,152
5174,-118.03,34.06,36,1018,305,1307,292,2.1453,162.1
5175,-118.04,34.07,39,1382,315,1090,308,3.8125,174
5176,-118.04,34.07,39,2451,649,2536,648,2.3098,173.1
5177,-118.01,34.07,22,6311,1572,6666,1456,2.9334,182.6
5178,-118.01,34.07,24,5684,1485,6626,1481,2.2559,166.8
5179,-118.02,34.07,21,3245,959,3528,887,2.3236,156.3
5180,-118.03,34.06,31,1513,389,1396,364,2.4706,170.6
5181,-118.03,34.06,24,2343,834,3537,824,2.1094,135.2
5182,-118.03,34.06,27,2510,783,3481,726,2.4875,157.8
5183,-118.04,34.06,31,957,295,1300,287,2.1383,153.4
5184,-118.04,34.06,30,2019,551,2481,484,3.1875,154.2
5185,-118.04,34.06,39,1258,245,988,228,3.2132,176.1
5186,-118.06,34.06,28,2127,625,3160,620,2.5763,173.9
5187,-118.06,34.06,28,1778,605,2184,574,1.9189,165.9
5188,-118.07,34.07,31,1370,284,1062,277,3.5156,199.3
5189,-118.08,34.07,32,4089,975,3775,955,3.29,205.5
5190,-118.07,34.06,34,2873,718,2758,699,2.5985,168.6
5191,-118.04,34.05,32,1252,273,1337,263,2.6579,156.8
5192,-118.05,34.05,36,1084,202,920,199,3.7279,162.2
5193,-118.06,34.04,28,1516,363,1011,344,2.6288,160.3
5194,-118.03,34.06,24,2469,731,3818,712,2.5445,151.4
5195,-118.04,34.05,34,1058,230,1043,229,3.0536,137.5
5196,-118.04,34.04,35,1734,363,1527,344,3,160.6
5197,-118.05,34.04,33,1348,260,1098,257,4.2917,161.2
5198,-118.02,34.06,26,2929,970,3792,817,2.2577,173.8
5199,-118.02,34.05,34,1610,513,2050,508,2.5562,156.3
5200,-118.03,34.05,36,1345,331,1511,309,3.5129,142.3
5201,-118.02,34.05,33,2464,627,2932,568,3.0625,165.8
5202,-118.02,34.04,28,6175,1449,5041,1408,2.8821,158.1
5203,-118.07,34.17,34,4062,597,1525,566,7.8588,454.8
5204,-118.11,34.2,36,4915,725,1897,700,6.827,359.4
5205,-118.13,34.2,46,2676,427,1022,395,6.4288,295.5
5206,-118.13,34.19,48,2539,425,930,364,4.7269,303.9
5207,-118.13,34.21,36,1449,235,621,210,6.1824,274.1
5208,-118.13,34.2,46,1271,236,573,210,4.9312,240.2
5209,-118.13,34.19,43,1621,365,1015,329,2.92,242.2
5210,-118.14,34.19,45,3595,619,1686,607,4.73,201
5211,-118.15,34.21,34,2765,515,1422,438,5.4727,238.9
5212,-118.15,34.19,47,1717,314,868,295,3.6094,160.7
5213,-118.16,34.19,40,1840,358,1218,347,4.25,177.9
5214,-118.16,34.2,43,1810,343,988,307,3.8203,176
5215,-118.18,34.22,40,1983,298,853,271,5.9845,241.7
5216,-118.19,34.22,32,10626,1504,4353,1482,9.8413,500.001
5217,-118.21,34.22,37,2260,322,941,303,8.3695,500.001
5218,-118.18,34.2,44,1473,250,668,239,8.72,415.9
5219,-118.19,34.21,41,1602,228,680,225,6.553,500.001
5220,-118.2,34.21,40,1477,228,609,224,7.8375,500.001
5221,-118.2,34.21,42,1493,237,665,224,6.7571,443.9
5222,-118.21,34.21,41,1676,263,757,255,4.7734,450.8
5223,-118.22,34.23,34,3296,483,1268,478,8.4802,500.001
5224,-118.21,34.22,39,3008,386,1240,370,9.2463,500.001
5225,-118.22,34.22,39,2686,417,1094,402,7.0059,500.001
5226,-118.23,34.22,37,1376,237,618,226,5.9771,431.8
5227,-118.21,34.2,35,3646,552,1409,534,6.3794,500.001
5228,-118.2,34.2,44,2890,438,1219,429,6.987,500.001
5229,-118.18,34.19,48,1371,164,528,155,15.0001,500.001
5230,-118.19,34.19,34,2061,260,825,254,15.0001,500.001
5231,-118.2,34.19,38,2176,266,798,243,15.0001,500.001
5232,-118.18,34.17,43,4269,591,1467,582,9.0702,500.001
5233,-118.18,34.16,34,5012,746,1699,715,9.4987,500.001
5234,-118.15,34.18,46,2230,488,1985,456,2.2328,142.1
5235,-118.15,34.17,46,2553,558,1740,492,2.0278,127.5
5236,-118.16,34.18,48,568,145,559,135,2.4135,135.7
5237,-118.16,34.17,52,1193,228,703,221,3.1741,163.8
5238,-118.15,34.18,42,1521,320,1118,311,3.3125,154.9
5239,-118.16,34.19,42,2076,462,1641,436,2.2326,149.2
5240,-118.16,34.19,44,2195,449,1377,417,3.5887,153.5
5241,-118.17,34.19,45,1790,316,1035,312,4.0985,173.1
5242,-118.13,34.19,42,2203,412,1012,377,4.0714,234
5243,-118.14,34.18,47,3457,622,1700,579,3.5164,226.5
5244,-118.15,34.19,38,1750,411,1398,409,2.3967,163.1
5245,-118.11,34.18,52,3571,510,1434,490,5.9009,376
5246,-118.12,34.18,44,2357,342,891,337,6.3467,352.7
5247,-118.13,34.18,52,3094,519,1309,488,6.4223,310.9
5248,-118.1,34.17,48,1111,229,421,202,3.2813,268.1
5249,-118.11,34.17,50,3374,598,1484,569,4.99,261.6
5250,-118.11,34.17,46,2837,592,1453,549,3.1115,234.6
5251,-118.12,34.18,47,2344,513,1537,481,3.4777,230.6
5252,-118.12,34.17,37,2705,676,1551,608,2.2692,225
5253,-118.12,34.17,52,1835,330,777,317,3.7159,315.4
5254,-118.13,34.17,52,1784,368,966,345,3.6094,261.5
5255,-118.14,34.17,42,2757,713,2112,653,2.7148,166.8
5256,-118.14,34.18,50,1493,326,1000,323,3.3068,154.4
5257,-118.15,34.18,45,2612,664,3117,584,2.3029,148.8
5258,-118.15,34.16,38,2471,529,1661,441,2.2765,146.6
5259,-118.16,34.16,44,1284,278,925,261,1.7321,178.4
5260,-118.16,34.17,46,1508,261,674,255,3.5909,155.4
5261,-118.16,34.16,43,1276,226,545,209,4.1518,230.7
5262,-118.16,34.15,19,1721,290,571,278,6.6031,500.001
5263,-118.14,34.16,39,2776,840,2546,773,2.575,153.5
5264,-118.14,34.15,52,407,160,227,148,1.5156,187.5
5265,-118.15,34.15,52,275,123,273,111,1.1667,500.001
5266,-118.15,34.16,52,1925,597,2258,594,1.6921,162.5
5267,-118.15,34.15,49,806,199,698,172,2.3654,137.5
5268,-118.14,34.17,34,2384,604,2073,540,2.3062,158
5269,-118.15,34.16,20,2410,632,2135,578,1.6887,148.6
5270,-118.14,34.16,36,2973,807,2846,784,2.6217,156.3
5271,-118.14,34.17,52,2687,600,1716,544,2.7201,205.7
5272,-118.13,34.16,36,2162,658,1337,590,2.2095,176.7
5273,-118.13,34.15,24,1125,341,579,321,2.8125,141.7
5274,-118.14,34.15,41,1256,407,855,383,1.9923,500.001
5275,-118.14,34.15,17,1896,674,971,652,0.8438,175
5276,-118.14,34.16,38,1843,565,1449,524,2.2174,215.4
5277,-118.12,34.16,30,1762,416,940,398,2.8631,188.6
5278,-118.13,34.16,33,2682,716,2050,692,2.4817,169.5
5279,-118.13,34.15,18,1665,477,1095,390,2.6038,155.6
5280,-118.12,34.15,19,557,216,673,212,2.1763,168.8
5281,-118.12,34.15,22,1671,480,1005,443,3.0119,171.4
5282,-118.13,34.15,9,2099,625,1252,554,3.1875,173.1
5283,-118.13,34.15,28,1119,334,739,323,2.5903,125
5284,-118.12,34.17,52,2948,542,1363,495,4.7098,287.9
5285,-118.13,34.16,52,1596,314,1024,292,3.6719,227.9
5286,-118.13,34.16,52,1787,427,1107,410,2.5664,215
5287,-118.09,34.17,36,2875,552,1131,458,4.3083,269.3
5288,-118.1,34.16,44,2795,496,1235,469,4.2386,283.7
5289,-118.12,34.17,52,2166,483,1308,467,3.0417,222.6
5290,-118.11,34.16,52,3158,459,1229,444,5.4223,325.6
5291,-118.11,34.15,40,1950,509,1038,438,2.6172,196.1
5292,-118.12,34.15,35,1760,447,984,384,3.4167,198.2
5293,-118.12,34.16,52,2218,437,1211,422,5.0237,241.9
5294,-118.1,34.16,46,2863,513,1412,498,5.3272,330.2
5295,-118.1,34.15,32,978,227,543,211,3.0096,199
5296,-118.1,34.15,14,1442,369,782,343,2.7431,177.5
5297,-118.08,34.16,42,3490,665,1713,620,4.5461,242.4
5298,-118.09,34.15,46,271,74,150,55,2.2321,237.5
5299,-118.09,34.15,52,670,141,268,110,3.5568,205
5300,-118.09,34.16,45,2199,358,942,353,5.0393,321.1
5301,-118.07,34.16,35,2459,438,970,437,4.2143,369.4
5302,-118.07,34.15,45,1095,237,672,234,3.4087,209.2
5303,-118.07,34.14,42,3200,685,1668,628,3.375,260.4
5304,-118.08,34.15,28,238,58,142,31,0.4999,500.001
5305,-118.08,34.14,45,2923,604,1903,560,3.1729,218.7
5306,-118.08,34.14,52,1282,189,431,187,6.1159,470.8
5307,-118.08,34.13,46,1238,147,377,145,8.4546,500.001
5308,-118.08,34.14,42,2690,589,1149,535,3.88,281.1
5309,-118.09,34.14,40,3092,549,1457,536,5.3377,373.8
5310,-118.09,34.15,45,1345,356,749,327,2.8007,210.9
5311,-118.1,34.14,45,3066,659,1287,625,3.5804,324.4
5312,-118.11,34.14,52,2401,332,810,308,6.0948,358.7
5313,-118.1,34.14,26,6262,1645,3001,1505,3.6572,213.2
5314,-118.12,34.14,52,2337,352,981,328,5.8692,490.4
5315,-118.12,34.14,25,3420,977,1718,947,3.1033,217.9
5316,-118.13,34.13,39,2099,397,1500,380,4.8304,493.2
5317,-118.13,34.14,23,5465,1494,2511,1359,3.4531,210.9
5318,-118.13,34.14,29,3559,1034,1658,965,3.2643,163.9
5319,-118.14,34.14,24,10239,2823,4210,2565,3.6997,225
5320,-118.14,34.14,17,3404,1011,1694,949,2.9511,282.3
5321,-118.15,34.14,27,1499,426,755,414,3.875,258.3
5322,-118.15,34.14,45,543,191,454,181,2.3,55
5323,-118.15,34.14,52,403,117,361,105,1.625,187.5
5324,-118.16,34.14,27,1551,254,816,233,8.2435,500.001
5325,-118.16,34.14,41,3039,482,973,446,7.4817,500.001
5326,-118.18,34.13,39,2902,460,1007,420,6.1953,363
5327,-118.18,34.14,38,3039,487,1131,465,7.7116,360.9
5328,-118.15,34.13,30,2763,520,1143,465,4.7298,500.001
5329,-118.15,34.13,50,2443,494,947,451,4.7344,314.7
5330,-118.16,34.13,36,4003,647,1337,631,7.723,500.001
5331,-118.13,34.13,52,2826,381,924,365,7.9976,500.001
5332,-118.13,34.12,46,3156,430,1109,423,10.7397,500.001
5333,-118.14,34.13,16,3569,821,1505,783,4.9167,251.1
5334,-118.14,34.13,49,4438,803,1650,741,5.1072,479.7
5335,-118.15,34.13,34,824,224,430,213,3.6389,215
5336,-118.12,34.13,52,2935,341,975,327,11.706,500.001
5337,-118.11,34.12,48,2476,313,900,303,10.6767,500.001
5338,-118.11,34.12,52,2954,371,1152,347,11.5609,500.001
5339,-118.12,34.12,52,2907,317,956,279,15.0001,500.001
5340,-118.13,34.11,52,2568,345,1102,345,9.1373,500.001
5341,-118.14,34.11,52,2742,422,1153,414,8.1124,500.001
5342,-118.1,34.13,44,1917,265,754,257,12.4237,500.001
5343,-118.09,34.12,45,2966,415,1231,409,7.8347,500.001
5344,-118.1,34.12,49,3783,579,1601,539,6.3013,500.001
5345,-118.1,34.12,50,1835,231,636,211,11.6471,500.001
5346,-118.1,34.13,47,2234,276,749,260,15.0001,500.001
5347,-118.07,34.13,27,3787,913,1992,853,3.301,251.2
5348,-118.08,34.13,28,4465,985,2273,949,3.5671,228.5
5349,-118.07,34.12,30,2201,559,1194,531,4.1136,279.9
5350,-118.07,34.12,43,1554,287,802,277,4.2312,272.6
5351,-118.08,34.12,34,2921,641,1541,562,3.6827,264.1
5352,-118.08,34.12,27,1685,341,757,317,4.2434,270.5
5353,-118.07,34.11,41,2869,563,1627,533,5.0736,270.7
5354,-118.07,34.11,47,832,194,419,156,3.1576,225
5355,-118.08,34.11,42,2628,525,1494,523,3.9464,257.2
5356,-118.08,34.1,32,2830,645,1500,527,3.0819,214.6
5357,-118.09,34.11,36,2966,527,1231,482,4.6442,316.8
5358,-118.1,34.1,52,1788,313,792,294,3.75,280
5359,-118.1,34.11,49,3367,523,1317,495,6.706,351.4
5360,-118.11,34.11,50,2131,294,753,284,6.7099,352.2
5361,-118.12,34.11,48,2124,319,785,319,5.2131,359.6
5362,-118.12,34.1,49,2057,430,1103,414,4.0556,282.6
5363,-118.13,34.1,19,2742,756,1396,703,2.5663,197.5
5364,-118.13,34.09,21,3862,1186,2773,1102,2.7816,188.2
5365,-118.13,34.1,26,3050,825,2153,772,3.1103,214.1
5366,-118.14,34.09,20,3447,1007,2622,934,2.918,208.7
5367,-118.13,34.1,24,4670,1185,2478,1107,3.1975,252.4
5368,-118.14,34.1,52,4061,861,2290,790,2.8919,258.4
5369,-118.14,34.11,52,3367,545,1427,535,5.2292,444.5
5370,-118.15,34.1,52,4325,823,1927,795,3.9485,419.1
5371,-118.15,34.11,52,2375,369,930,351,7.4111,469.1
5372,-118.15,34.11,52,1746,330,704,306,3.7895,364.8
5373,-118.15,34.11,52,1000,192,363,158,4.2981,352.8
5374,-118.15,34.12,36,6119,1513,2719,1402,3.8427,319.7
5375,-118.15,34.12,52,1518,344,725,296,3.4018,204.5
5376,-118.16,34.12,38,2231,489,940,484,5.4165,435.1
5377,-118.17,34.12,37,2246,481,995,459,4.2944,354.7
5378,-118.15,34.11,39,2618,582,1314,532,3.5875,309.3
5379,-118.15,34.1,39,3856,867,1847,830,3.4559,364.9
5380,-118.16,34.11,31,5715,1154,2639,1079,4.1661,364.4
5381,-118.16,34.11,48,1091,236,632,234,3.7235,263.6
5382,-118.17,34.11,26,4971,996,2370,932,4.9676,381.4
5383,-118.14,34.1,27,4073,1013,2411,933,3.108,231
5384,-118.15,34.09,27,1935,460,1456,382,2.8062,192.8
5385,-118.15,34.09,52,2203,430,1238,403,4.4306,225.8
5386,-118.16,34.09,52,1722,448,1122,425,3.1204,224
5387,-118.15,34.08,48,3697,816,2446,787,3.3988,199.2
5388,-118.14,34.09,28,4164,1127,2934,1014,2.7483,218.8
5389,-118.14,34.08,24,3988,1098,2909,1034,2.7036,170
5390,-118.14,34.08,30,1433,397,1110,346,2.3464,191.7
5391,-118.12,34.09,25,4870,1371,3518,1296,3.2307,188.4
5392,-118.13,34.09,42,700,212,662,210,3.0078,191.7
5393,-118.13,34.09,42,2562,781,1936,687,2.2214,219
5394,-118.13,34.08,40,1931,449,1367,446,2.575,228.4
5395,-118.09,34.1,27,6010,1532,3620,1445,2.7436,201.7
5396,-118.1,34.1,41,1379,315,1249,309,2.6553,183.1
5397,-118.1,34.09,44,2352,484,1517,463,4.2833,258
5398,-118.1,34.1,29,1937,448,1352,433,3.81,234.6
5399,-118.11,34.1,20,3090,802,2109,738,3.3801,192.5
5400,-118.1,34.1,34,2578,645,1628,617,2.34,210.9
5401,-118.07,34.1,34,2253,522,1262,511,3.4375,259.8
5402,-118.07,34.09,33,2178,445,1153,400,3.6083,212
5403,-118.07,34.1,32,4275,1061,2812,1012,3.3512,214.1
5404,-118.08,34.1,36,2679,548,1605,533,3.5313,213.2
5405,-118.09,34.1,40,1904,393,1183,364,3.6696,210.4
5406,-118.08,34.08,38,1889,407,1330,396,3.9219,205.2
5407,-118.08,34.08,43,1716,402,1343,386,2.9688,211.4
5408,-118.09,34.08,34,1513,384,986,336,2.6901,235.6
5409,-118.09,34.08,33,1430,344,1165,328,3.0357,206
5410,-118.09,34.08,42,1003,236,769,231,3.1607,218.3
5411,-118.1,34.09,42,1460,289,829,273,4.875,227.3
5412,-118.1,34.08,37,2894,659,1977,636,2.543,208.1
5413,-118.1,34.08,24,4510,1296,3985,1240,2.6884,204.6
5414,-118.1,34.09,46,2822,525,1434,520,3.8906,238.3
5415,-118.11,34.08,42,3172,644,1829,642,3.3966,243.2
5416,-118.11,34.08,30,2350,472,945,467,3.3421,201
5417,-118.11,34.08,45,1106,226,779,205,4.5446,244.8
5418,-118.11,34.07,46,1130,229,698,209,5.2719,244.4
5419,-118.12,34.09,25,3603,1003,2719,913,2.6981,208
5420,-118.12,34.08,52,1437,290,980,282,5.3032,245.7
5421,-118.12,34.08,49,1782,374,1010,367,3.1583,268.2
5422,-118.13,34.08,34,3848,991,2814,972,2.6716,227.1
5423,-118.13,34.08,35,2517,662,1883,607,2.5787,223
5424,-118.12,34.08,36,2433,585,1565,563,3.2344,234.9
5425,-118.13,34.07,32,1880,428,1404,424,3.085,220.5
5426,-118.12,34.07,45,1770,423,1410,389,3.0592,212.5
5427,-118.12,34.07,43,1050,252,820,244,2.025,215.6
5428,-118.12,34.06,23,1190,347,965,327,2.2261,211.8
5429,-118.13,34.06,17,1714,572,1590,568,1.1875,183.9
5430,-118.13,34.07,20,2130,654,1870,578,2.3664,192.2
5431,-118.12,34.06,17,5137,1614,4945,1535,2.4599,181.6
5432,-118.11,34.07,19,3215,907,3072,870,2.3393,202.3
5433,-118.11,34.06,18,2609,721,2221,703,2.3224,192.3
5434,-118.14,34.06,39,2390,444,1246,422,3.7857,245.7
5435,-118.14,34.06,37,1339,258,706,238,4.7569,253.8
5436,-118.15,34.07,52,1983,344,887,331,3.2875,234.4
5437,-118.15,34.07,44,1626,383,1063,334,2.4348,220.7
5438,-118.16,34.07,42,3836,777,2118,754,3.6364,254.6
5439,-118.15,34.07,40,1072,204,940,200,3.125,242.7
5440,-118.15,34.06,28,3855,922,2517,874,3.505,204.3
5441,-118.16,34.06,25,4284,741,2163,701,6.1509,315.1
5442,-118.14,34.05,25,5478,1136,3062,1096,3.4118,341.1
5443,-118.15,34.05,31,3362,799,1939,754,3.5089,305.8
5444,-118.13,34.06,30,1692,398,1130,365,2.8672,198.5
5445,-118.14,34.06,27,5257,1082,3496,1036,3.3906,237.2
5446,-118.13,34.05,35,3229,616,1879,595,3.9531,268.4
5447,-118.14,34.05,39,1880,367,954,349,3.875,236.4
5448,-118.12,34.06,35,1729,438,1308,412,2.5321,197.2
5449,-118.12,34.06,25,1137,293,800,281,2.4286,233.3
5450,-118.12,34.06,25,1526,388,1304,378,3.1892,214.7
5451,-118.11,34.06,16,2416,565,1750,514,2.8229,163.7
5452,-118.11,34.06,14,2628,668,2208,574,2.9764,160.3
5453,-118.09,34.07,45,593,133,481,128,2.5938,199.3
5454,-118.1,34.08,21,1349,352,1188,330,2.5,182.1
5455,-118.1,34.07,29,1179,313,1255,308,2.5964,176.8
5456,-118.11,34.07,39,1270,299,1073,278,3.3088,186.6
5457,-118.1,34.07,36,1240,349,1383,338,2.4931,170.3
5458,-118.1,34.07,36,3661,956,3816,931,2.5104,185
5459,-118.09,34.07,26,794,182,709,170,3.175,170.8
5460,-118.1,34.07,33,3437,1081,3817,1042,2.25,203.7
5461,-118.09,34.06,30,1980,552,2264,511,2.6094,179.4
5462,-118.09,34.06,38,3230,840,3485,827,2.629,171.6
5463,-118.08,34.04,20,5841,1146,3273,1131,4.7222,185.1
5464,-118.09,34.06,31,1146,289,1163,258,2.2083,185.6
5465,-118.1,34.06,31,2852,740,3100,725,2.9524,178.8
5466,-118.1,34.06,36,1463,369,1492,366,3.25,179.2
5467,-118.11,34.06,30,1547,436,1700,410,2.5488,187.5
5468,-118.1,34.05,31,3559,734,2975,715,3.756,183.3
5469,-118.1,34.05,26,1495,328,1296,304,2.913,152.3
5470,-118.09,34.04,18,5580,1369,3842,1276,3.6512,168.5
5471,-118.11,34.05,23,3436,565,1729,529,5.9941,266.7
5472,-118.12,34.04,35,1038,209,598,190,5.9214,254.9
5473,-118.13,34.04,40,1444,312,881,303,3.1083,220.5
5474,-118.14,34.03,38,1447,293,1042,284,4.1375,211.5
5475,-118.14,34.04,43,1949,464,1216,457,3.3214,209.3
5476,-118.14,34.04,40,1966,391,1120,362,3.7109,198.8
5477,-118.14,34.04,37,1129,212,509,202,2.6146,243.2
5478,-118.11,34.03,36,1493,316,989,293,3.5272,213.7
5479,-118.13,34.04,42,2205,451,1392,423,4.3646,211.4
5480,-118.12,34.04,35,1064,203,608,201,4.0938,246.9
5481,-117.93,33.95,31,3600,468,1382,435,7.4597,500.001
5482,-117.95,33.95,29,4943,674,1913,641,6.8189,379.3
5483,-117.95,33.97,33,1113,145,424,137,8.3474,500.001
5484,-117.97,33.96,30,4873,667,1995,638,7.2472,441.9
5485,-117.98,33.95,35,4055,652,1758,639,6.1898,282.4
5486,-117.98,33.94,36,4297,717,2038,700,5.2851,258.8
5487,-118.01,33.95,35,1755,322,774,290,5.0861,296.7
5488,-118,33.96,37,2414,323,878,305,9.1541,453.8
5489,-117.99,33.97,18,4078,484,1490,482,10.8034,500.001
5490,-118.05,34.02,31,40,8,25,7,2.125,375
5491,-118.03,34.01,10,6531,1036,2975,1018,6.2319,403.7
5492,-118.06,34.01,34,1962,396,1488,332,3.9091,155.1
5493,-118.07,34.01,38,2245,444,1540,419,3.7986,171
5494,-118.07,34.01,36,1391,283,1025,275,3.2375,176.8
5495,-118.08,34.01,32,1973,401,1322,386,3.4861,158.1
5496,-118.07,34,42,1392,351,1471,348,2.63,143.8
5497,-118.08,34,35,1188,342,1373,332,2.9107,150.9
5498,-118.08,34.01,34,1914,549,2122,529,2.5969,150.2
5499,-118.08,34.02,14,3789,810,2551,793,2.9321,144.2
5500,-118.08,34.01,33,1091,233,890,226,2.7679,176.4
5501,-118.09,34.01,36,1465,363,1538,342,3.5469,150.6
5502,-118.09,34.01,31,1108,238,1151,229,4.3333,149.5
5503,-118.09,34,36,1722,353,1174,335,3.045,160.6
5504,-118.1,33.99,36,1529,290,1271,287,3.6875,175.2
5505,-118.1,33.99,35,1326,272,933,267,3.4306,162.5
5506,-118.1,33.99,31,965,217,599,206,2.7202,190.3
5507,-118.08,33.98,36,1492,282,1041,270,4.0677,165.8
5508,-118.09,33.99,35,2787,639,1923,614,3.5757,177.9
5509,-118.08,33.99,37,1419,310,1125,296,2.5,162
5510,-118.08,33.99,36,2024,590,2028,573,2.8152,163.9
5511,-118.07,33.99,35,1625,302,1134,288,4.5595,164.9
5512,-118.07,33.99,41,1204,252,1002,248,3.0577,163.3
5513,-118.06,33.98,40,1723,370,1221,370,3.3562,169.2
5514,-118.06,33.98,42,1342,243,615,208,5.4381,186.9
5515,-118.06,33.98,50,1146,238,579,213,2.9583,172.6
5516,-118.06,33.98,38,1862,319,975,305,4.7266,177.6
5517,-118.06,34,34,5002,917,2597,893,3.9243,219.8
5518,-118.07,34,37,2976,636,2117,598,4.1058,167.3
5519,-118.04,33.99,36,3531,754,1613,697,3.2359,198.6
5520,-118.05,33.99,38,1619,379,886,357,3.7328,182.4
5521,-118.06,33.99,38,862,178,484,176,4.375,186.2
5522,-118.06,33.99,47,1588,309,827,292,3.7833,166.1
5523,-118.06,33.99,46,1203,219,637,211,3.3611,174.4
5524,-118.06,33.99,45,1471,255,670,250,4.5478,188
5525,-118.04,33.98,50,1951,458,1362,454,3,163.2
5526,-118.05,33.98,41,1406,428,1174,390,2.0147,137.5
5527,-118.05,33.98,41,1694,413,1222,387,2.8311,155.3
5528,-118.04,34,30,5308,854,2114,838,5.1985,279.2
5529,-118.03,33.99,52,2792,461,1177,439,3.4312,243.8
5530,-118.03,33.98,46,1974,465,880,441,2.7578,236.8
5531,-118.04,33.98,43,2446,764,1699,692,2.625,163.3
5532,-118.04,33.98,28,1617,507,1158,486,1.9688,165.6
5533,-118.04,33.98,25,3040,831,1580,735,2.3182,182.1
5534,-118.04,33.99,47,2530,565,1262,509,3.6475,197.1
5535,-118.02,33.98,23,1995,306,707,293,8.6677,332.7
5536,-118.03,33.97,32,2468,552,1190,479,3.8275,238.5
5537,-118,33.97,30,6540,991,3124,953,6.0663,372.6
5538,-118.02,33.96,36,2002,361,913,311,4.5446,244.7
5539,-118.03,33.97,36,1601,290,715,284,4.8152,232.4
5540,-118.03,33.97,39,1996,389,1029,387,4.65,224.3
5541,-118.03,33.97,39,2126,434,1103,433,3.2852,196.2
5542,-118.03,33.97,36,2149,527,1359,481,2.824,167.9
5543,-118.04,33.97,29,2376,700,1968,680,2.6082,162.5
5544,-118.04,33.97,25,2945,914,2313,832,2.5686,177.5
5545,-118.03,33.97,22,2185,623,1644,606,2.593,192
5546,-118.02,33.95,38,2139,426,1138,412,4.2917,168.9
5547,-118.02,33.95,36,1681,329,964,311,4.108,181.2
5548,-118.03,33.96,37,1180,256,614,242,3.117,164.6
5549,-118.03,33.95,34,1882,428,1034,375,3.6509,173.2
5550,-118.04,33.95,36,2722,515,1390,486,3.8214,178.5
5551,-118.04,33.96,37,1948,395,1163,379,3.225,154
5552,-118.04,33.96,42,1430,338,1269,321,3.3214,148.8
5553,-118.05,33.96,37,2622,652,2778,644,2.9714,160.3
5554,-118.04,33.97,34,1759,431,1282,391,3.0491,158.2
5555,-118.05,33.97,36,2854,688,2816,673,3.6,154
5556,-118.07,33.98,32,3304,714,2032,690,3.2093,167.8
5557,-118.07,33.97,36,1887,370,1006,329,3.1554,170.7
5558,-118.07,33.97,32,3400,826,3017,793,2.4607,155.6
5559,-118.07,33.96,30,928,230,913,214,2.6991,147.1
5560,-118.07,33.97,36,1265,273,1052,253,4.8929,156.2
5561,-118.08,33.97,35,825,155,590,144,4.6333,161.2
5562,-118.09,33.97,39,1473,297,1108,294,4.1389,166
5563,-118.09,33.97,35,2664,541,2033,491,3.7326,164.3
5564,-118.1,33.97,35,2426,529,2010,514,2.9922,163.5
5565,-118.1,33.98,34,1357,310,1042,287,3.4083,156.7
5566,-118.1,33.98,33,1927,482,1623,479,3.5268,152
5567,-118.11,33.97,33,2125,500,1672,476,3.6397,166.6
5568,-118.1,33.96,38,1657,335,1195,309,4.1711,160.1
5569,-118.1,33.96,36,1184,240,946,232,4.0357,162.5
5570,-118.1,33.97,20,1878,548,1461,516,2.9821,142.5
5571,-118.1,33.96,40,1743,328,981,291,3.6667,173.1
5572,-118.08,33.96,35,2104,399,1659,387,4.0096,165
5573,-118.08,33.96,34,1431,310,1162,288,4.369,165.4
5574,-118.09,33.96,20,1911,472,1407,465,2.7647,163
5575,-118.09,33.94,33,1976,404,1379,395,3.8542,175.4
5576,-118.08,33.94,21,3933,949,2219,820,2.4926,171.4
5577,-118.04,33.94,31,3808,670,2430,660,4.625,173.9
5578,-118.04,33.95,36,1976,368,1236,355,4.615,174
5579,-118.05,33.95,33,1954,390,1600,376,3.6125,170.8
5580,-118.04,33.93,36,1045,239,1165,230,3.1979,161.8
5581,-118.05,33.93,31,894,203,883,190,3.6771,141.5
5582,-118.05,33.93,35,2107,480,2241,443,3.1513,150
5583,-118.05,33.92,33,1999,470,2170,466,3.2371,154.7
5584,-118.03,33.93,22,3382,800,2688,784,3.875,164.7
5585,-118.02,33.92,35,2075,424,1312,396,3.7969,164.8
5586,-118.03,33.92,30,1414,332,1307,315,3,158.3
5587,-118.03,33.92,35,2108,405,1243,394,3.6731,167
5588,-118.04,33.93,35,1805,387,1505,366,4.1667,151.9
5589,-118.04,33.92,34,1995,417,1573,407,3.4907,153.5
5590,-118.04,33.93,36,1726,332,1293,310,4.3849,144.1
5591,-118.03,33.93,35,2470,416,1386,411,5.2736,179.5
5592,-118.03,33.94,37,1699,302,889,271,4.3542,179.8
5593,-118.03,33.94,30,2572,521,1564,501,3.4861,177.2
5594,-118.03,33.94,34,1748,386,917,378,3.4792,169
5595,-118.01,33.95,36,1579,290,816,276,4.4318,181.1
5596,-118.02,33.95,36,1705,299,871,296,4.6184,179.8
5597,-118.02,33.95,36,1632,295,797,283,4.2292,179.5
5598,-118.02,33.94,33,2382,404,1339,389,5.3016,192.2
5599,-118.02,33.94,23,4815,1081,3232,1016,3.488,191.8
5600,-118.02,33.95,35,2085,400,1112,391,3.4886,173.9
5601,-117.98,33.94,32,2562,491,1222,446,4.0985,226.2
5602,-117.98,33.93,27,3142,509,1520,503,6.2924,232.5
5603,-117.99,33.94,30,2395,565,1214,521,3.7045,212.3
5604,-118,33.94,36,2911,534,1395,486,5.1738,203.7
5605,-118.01,33.94,36,1921,329,969,327,4.9191,188.7
5606,-118.01,33.93,31,3395,742,1886,737,4.4118,174.4
5607,-118.02,33.93,33,4711,988,2984,931,3.6028,184.7
5608,-117.99,33.93,36,1287,233,779,229,4.8523,175.8
5609,-118.01,33.93,34,2424,468,1293,444,3.275,189.9
5610,-118,33.93,35,802,153,445,150,5.0077,185
5611,-118,33.94,37,903,158,444,158,3.75,174.4
5612,-118.01,33.92,34,4039,694,2269,663,5.2305,205.1
5613,-118.01,33.92,35,1606,289,829,273,5.273,187.6
5614,-118,33.91,19,5166,770,2374,753,5.979,285.2
5615,-118,33.93,24,4534,967,2547,895,3.9575,215.4
5616,-117.98,33.92,27,3700,568,1793,552,5.3668,219.8
5617,-117.99,33.92,27,5805,1152,3106,1144,4.061,222.7
5618,-117.98,33.91,16,10621,1782,3836,1480,5.0923,257.2
5619,-117.99,33.9,33,2161,383,1235,383,5.6454,202.8
5620,-117.99,33.9,30,1677,372,1021,332,3.5859,199.7
5621,-118,33.89,35,1065,176,574,171,5.0384,200.8
5622,-118,33.9,35,1942,332,1127,325,4.5144,206.3
5623,-118.01,33.9,26,2968,674,1655,628,4.6094,201
5624,-118.01,33.89,33,2046,327,1018,320,4.2292,212.8
5625,-118,33.89,35,1011,183,578,171,3.9861,188.7
5626,-118.02,33.9,34,2678,511,1540,497,4.4954,202.9
5627,-118.02,33.89,36,1375,242,670,221,5.0839,198.2
5628,-118.02,33.92,34,2169,418,1169,406,3.2222,218.7
5629,-118.01,33.91,32,2722,571,2541,462,4.2305,221.4
5630,-118.01,33.9,36,1382,257,685,255,5.125,211.7
5631,-118.02,33.9,34,1636,358,977,357,3.5938,209.9
5632,-118.03,33.9,35,1434,279,744,252,3.7308,202.4
5633,-118.02,33.91,34,2518,429,1309,421,4.7861,210.7
5634,-118.03,33.91,32,4040,832,2526,798,3.2143,160.1
5635,-118.03,33.91,35,2323,406,1741,398,4.2437,164.1
5636,-118.03,33.9,36,1143,193,826,188,5.3184,171.1
5637,-118.09,34.02,33,4853,1105,2855,1006,3.2622,208.6
5638,-118.11,34.02,17,9559,1911,5279,1844,5.1515,318.9
5639,-118.12,34.02,25,2655,558,1466,525,3.0529,265.8
5640,-118.1,34.01,29,2077,564,2087,543,2.66,189.2
5641,-118.1,34.01,23,1724,576,1336,542,1.3365,183.3
5642,-118.1,34.01,42,1436,298,1005,298,3.4297,195.8
5643,-118.11,34.01,43,1539,386,1122,377,2.4605,196
5644,-118.12,34.02,36,1595,383,1105,359,2.4286,205.6
5645,-118.12,34.02,32,1789,528,1429,517,1.8906,224.5
5646,-118.13,34.02,38,1243,310,788,286,2.5852,185.1
5647,-118.13,34.02,40,2988,690,2144,667,2.3359,189.3
5648,-118.13,34.02,43,396,91,261,73,2.9044,172.9
5649,-118.14,34.02,45,1307,283,967,254,2.75,178.3
5650,-118.14,34.03,45,1569,359,1203,359,2.4612,180.5
5651,-118.15,34.02,43,2172,605,2386,597,2.8239,150.6
5652,-118.15,34.03,43,2006,472,1687,463,1.7991,158.8
5653,-118.16,34.03,41,1377,293,1142,272,3.1724,141.6
5654,-118.15,34.03,42,1481,411,1206,394,2.6806,189.3
5655,-118.16,34.04,45,332,70,302,60,3.1895,156.3
5656,-118.16,34.04,22,2991,791,2486,754,1.5078,181.9
5657,-118.16,34.04,11,852,215,806,202,1.3971,134.4
5658,-118.17,34.03,31,1014,252,1064,247,2.4167,125.5
5659,-118.17,34.04,38,385,102,402,95,1.625,129.7
5660,-118.17,34.04,46,705,167,655,149,3.5938,141.1
5661,-118.17,34.06,44,1856,461,1853,452,2.5033,131.9
5662,-118.18,34.06,33,278,71,266,56,0.8941,98.2
5663,-118.19,34.06,37,1715,456,2052,440,2.3125,116.1
5664,-118.18,34.06,45,934,228,893,192,2.53,140.3
5665,-118.18,34.05,52,1070,231,925,220,1.825,133
5666,-118.19,34.05,42,1291,345,1535,332,1.9083,119.2
5667,-118.19,34.05,35,1296,307,1423,276,2.7432,135.2
5668,-118.19,34.05,47,1273,264,1193,260,2.4375,122.9
5669,-118.18,34.05,38,3272,731,3299,726,2.8295,126.5
5670,-118.18,34.05,41,616,196,814,180,3.3333,115.1
5671,-118.18,34.04,44,1079,275,1249,249,3.0417,141.7
5672,-118.19,34.04,34,1011,274,1164,262,2.8542,146.9
5673,-118.19,34.04,39,1074,323,1613,308,2.3015,131.7
5674,-118.19,34.05,29,855,199,785,169,2.6964,122.2
5675,-118.17,34.04,44,691,155,613,142,1.9667,133.9
5676,-118.17,34.04,39,563,138,682,137,2.75,150
5677,-118.18,34.03,39,609,145,690,134,2.9167,145.8
5678,-118.17,34.04,43,908,232,1005,224,1.75,134
5679,-118.17,34.04,45,911,238,1005,229,2.8167,114
5680,-118.17,34.05,39,962,229,999,221,3.375,126
5681,-118.17,34.05,45,733,178,715,165,2.5962,124.1
5682,-118.18,34.03,26,859,255,835,232,1.1929,143.8
5683,-118.19,34.03,27,1346,340,1177,295,1.7995,153.4
5684,-118.19,34.04,43,1682,422,1706,409,2.1029,153.3
5685,-118.18,34.03,37,2115,580,2842,572,2.239,121.3
5686,-118.19,34.03,42,2250,629,2588,609,1.9719,134.2
5687,-118.18,34.03,40,2631,698,2920,677,2.0764,145.6
5688,-118.19,34.02,45,1535,432,1820,419,1.7801,142.8
5689,-118.18,34.02,37,2631,734,3228,701,2.15,132.2
5690,-118.19,34.02,40,474,124,546,121,2.3438,137.5
5691,-118.19,34.02,34,1478,369,1735,348,1.8875,136.7
5692,-118.18,34.02,33,832,226,987,220,3.0972,125
5693,-118.18,34.02,43,887,219,965,217,2.625,133.9
5694,-118.18,34.01,42,1845,497,2191,492,2.3462,127.3
5695,-118.17,34.03,41,2099,530,2325,528,2.1979,140.8
5696,-118.17,34.03,43,1636,506,1855,502,2.2902,152.4
5697,-118.17,34.03,42,882,292,1248,281,2.761,120
5698,-118.18,34.03,44,1629,420,1893,387,2.2991,137.5
5699,-118.17,34.02,41,676,216,851,199,2.3077,140.6
5700,-118.17,34.02,34,760,219,968,202,1.7813,145
5701,-118.16,34.03,45,894,231,925,222,2.6042,145
5702,-118.16,34.03,40,2201,636,2682,595,2.359,143.4
5703,-118.16,34.02,41,1256,391,1511,381,1.7981,166
5704,-118.17,34.02,42,946,272,1191,261,2.45,132
5705,-118.16,34.02,34,1474,511,1962,501,1.8715,139.6
5706,-118.15,34.02,42,2729,725,3004,722,2.3438,154.3
5707,-118.15,34.02,37,2344,631,2195,610,2.7022,151.9
5708,-118.16,34.02,42,814,216,773,208,2.5313,156.9
5709,-118.16,34.01,37,690,261,952,255,1.6354,158.9
5710,-118.16,34.02,44,1218,374,1175,342,1.9688,173.9
5711,-118.14,34.02,44,1715,460,1740,423,2.7019,153.3
5712,-118.14,34.02,40,1912,502,2077,500,2.6,180.6
5713,-118.14,34.01,42,1007,277,1060,268,3.0179,153.7
5714,-118.14,34.02,42,1384,458,1825,455,1.4178,145.5
5715,-118.14,34.01,46,1746,447,1296,392,2.3929,156.8
5716,-118.14,34.01,42,1973,510,1841,502,2.5326,156.5
5717,-118.13,34.01,45,1179,268,736,252,2.7083,161.8
5718,-118.13,34.01,40,2412,629,2119,600,2.075,151.1
5719,-118.11,34.01,41,815,252,775,231,2.2847,190
5720,-118.12,34,31,3281,768,2385,733,2.7308,173.8
5721,-118.12,34.01,40,1417,338,1068,331,2.4259,164.6
5722,-118.12,34.01,33,1956,478,1472,464,1.9867,166.3
5723,-118.1,34,32,2122,591,1929,539,2.7311,169.3
5724,-118.11,34,24,2403,590,2103,547,2.7292,193.8
5725,-118.11,34,38,2573,484,1568,459,3.0208,193.7
5726,-118.11,34.01,22,1141,332,1189,321,2.2042,162.5
5727,-118.12,33.99,27,2316,559,2012,544,2.8155,176.8
5728,-118.12,33.99,26,2296,534,1777,507,2.5395,191
5729,-118.12,33.99,24,1705,479,2037,459,2.4219,137.5
5730,-118.15,33.98,17,3361,925,3264,914,2.2813,145.6
5731,-118.15,34,32,3218,739,2368,730,3.1406,175.3
5732,-118.16,34,37,1341,336,1233,306,3.6583,150.5
5733,-118.17,34.01,30,1228,358,1603,323,3.0225,130.8
5734,-118.16,34.01,36,931,246,732,235,1.7679,142.8
5735,-118.17,34.01,36,1657,425,1689,418,2.7799,149.3
5736,-118.23,34,35,167,60,267,55,1.5227,350
5737,-118.23,33.99,37,378,176,714,156,2.1912,112.5
5738,-118.22,33.99,24,1402,482,1976,466,2.6964,163.2
5739,-118.22,33.99,4,1849,577,1529,418,2.7708,186.3
5740,-118.22,33.98,27,1095,340,1300,318,2.6548,123.2
5741,-118.22,33.98,15,1011,274,899,219,2.7045,190.6
5742,-118.23,33.98,25,986,310,1439,251,2.39,183.3
5743,-118.23,33.99,5,706,203,839,199,4.5208,165
5744,-118.23,33.98,30,2562,959,3909,955,1.9929,150.6
5745,-118.24,33.99,28,312,89,498,87,2.4107,96.4
5746,-118.24,33.98,30,861,250,1062,231,1.75,115.4
5747,-118.24,33.99,33,885,294,1270,282,2.1615,118.8
5748,-118.25,33.99,41,2215,544,2054,480,1.5272,100.3
5749,-118.25,33.98,47,617,162,754,144,2.2969,116.7
5750,-118.25,33.98,44,1087,335,1441,310,1.6667,112.5
5751,-118.25,33.98,40,1867,633,2223,609,1.7207,105.1
5752,-118.25,33.98,37,1045,361,1666,337,1.7929,97.2
5753,-118.25,33.98,39,1553,461,2271,437,1.7378,121.9
5754,-118.24,33.98,37,1196,364,1622,327,2.125,108.9
5755,-118.22,33.98,30,1971,645,2650,605,2.0357,169.9
5756,-118.22,33.98,32,2643,737,2784,711,2.5352,184.4
5757,-118.22,33.98,36,1514,453,1496,448,2.1044,148.2
5758,-118.22,33.98,18,1781,765,1913,702,1.2059,255
5759,-118.22,33.98,34,2225,753,2980,736,1.6685,128.8
5760,-118.2,33.98,38,867,243,950,235,1.8929,163.1
5761,-118.21,33.97,35,1863,537,2274,510,2.1005,171.3
5762,-118.21,33.98,39,1315,306,1257,298,3.2788,169
5763,-118.21,33.98,35,1705,562,2212,539,2.325,161.5
5764,-118.2,33.99,35,1705,523,2252,508,2.3421,154.2
5765,-118.2,33.99,33,1134,375,1615,354,2.1468,141.7
5766,-118.19,33.99,38,1212,272,1129,263,2.6673,142.3
5767,-118.19,33.99,40,1547,434,1930,427,3.3869,157.3
5768,-118.19,33.98,40,973,272,1257,258,2.8214,158
5769,-118.19,33.99,42,1429,436,1537,389,3.0114,157.5
5770,-118.19,33.99,37,2073,614,2544,598,2.9054,156.3
5771,-118.19,33.99,35,1172,436,1741,408,2.4596,154.7
5772,-118.19,33.98,34,1022,286,1058,275,2.6042,156.7
5773,-118.19,33.99,36,1273,379,1398,353,2.4516,147.8
5774,-118.2,33.98,43,1091,320,1418,316,2.1522,159.4
5775,-118.19,33.98,33,151,83,380,83,1.4224,189.6
5776,-118.19,33.97,30,1790,556,1827,520,1.7562,181.3
5777,-118.19,33.98,36,4179,1266,4582,1196,2.0087,172.1
5778,-118.2,33.98,32,1403,399,1506,375,2,172.7
5779,-118.2,33.97,30,1911,562,2055,534,2.3917,154.6
5780,-118.18,33.99,38,1010,315,1157,301,1.6341,161.8
5781,-118.18,33.98,24,1880,642,2646,605,2.1836,162
5782,-118.18,33.98,30,1735,573,2237,545,2.3444,156.1
5783,-118.18,33.99,35,1230,407,1512,364,2.152,170.8
5784,-118.17,33.97,31,3388,1059,3558,957,2.4049,159
5785,-118.17,33.97,33,2410,641,2106,593,2.2422,168.2
5786,-118.17,33.98,36,627,177,834,175,2.9844,163.6
5787,-118.18,33.98,36,903,266,1068,251,3.0398,165.4
5788,-118.18,33.97,30,2887,866,2806,830,2.2122,169.4
5789,-118.18,33.97,34,3214,899,3086,808,2.0057,189.4
5790,-118.18,33.98,40,1698,431,1280,405,2.625,206.3
5791,-118.15,33.98,37,1184,290,1320,276,2.3,165.6
5792,-118.15,33.97,32,1174,373,1758,361,2.4263,158.1
5793,-118.15,33.97,33,1903,469,1882,435,2.4071,170.5
5794,-118.16,33.97,23,1516,457,1977,435,2.3068,157.8
5795,-118.14,33.97,29,1846,530,2576,528,2.63,156
5796,-118.14,33.96,38,590,139,620,132,2.1731,143.8
5797,-118.15,33.97,32,927,250,970,248,2.1591,181.5
5798,-118.14,33.97,31,2064,612,2461,573,2.0524,160.8
5799,-118.14,33.97,36,1407,385,1763,350,2.6364,150
5800,-118.16,33.97,39,1444,447,1890,416,2.1181,176.6
5801,-118.16,33.97,31,1363,428,1897,364,2.3929,191.1
5802,-118.15,33.96,33,1201,340,1482,334,2.4821,150
5803,-118.17,33.96,25,2249,681,2621,628,2.3,164.2
5804,-118.16,33.96,24,1635,507,2480,481,2.4432,187.5
5805,-118.17,33.96,25,3297,1066,5027,1041,2.2817,164.2
5806,-118.17,33.96,29,2913,787,3803,740,2.5556,146.5
5807,-118.18,33.96,20,427,118,402,105,1.4167,137.5
5808,-118.18,33.97,26,6895,1877,8551,1808,2.3175,154.5
5809,-118.19,33.97,27,2911,972,3559,945,1.9485,146.3
5810,-118.2,33.97,28,2474,702,2830,694,2.754,166.2
5811,-118.2,33.97,43,825,212,820,184,1.8897,174.3
5812,-118.2,33.96,44,3114,779,2959,776,3.1875,171.7
5813,-118.21,33.96,38,2090,519,1871,504,2.4688,169
5814,-118.21,33.97,43,1751,400,1558,379,3.0313,166.1
5815,-118.21,33.97,52,4220,908,3731,892,3.1901,167.6
5816,-118.22,33.97,43,381,67,259,60,3.0313,166.1
5817,-118.23,33.97,44,2748,715,2962,703,2.6951,169.3
5818,-118.23,33.96,44,3186,876,3913,842,3.0143,148.2
5819,-118.22,33.97,47,1688,386,1663,381,4.0609,171.3
5820,-118.22,33.97,47,1058,295,1097,274,2.881,183.3
5821,-118.23,33.97,47,932,295,1226,264,1.6065,111.4
5822,-118.24,33.97,38,1657,467,2033,443,2.1429,118.5
5823,-118.24,33.97,43,1357,349,1657,331,2.0819,111.8
5824,-118.24,33.97,41,1182,346,1644,346,2.1473,115.1
5825,-118.25,33.97,32,879,257,1057,230,1.6776,114.8
5826,-118.25,33.97,36,1026,294,1316,268,1.7708,102.6
5827,-118.25,33.97,39,1346,380,1520,356,1.1635,108.7
5828,-118.25,33.97,43,1735,535,2288,524,1.9119,98.8
5829,-118.24,33.97,37,1212,314,1403,279,2.5536,117.2
5830,-118.24,33.96,30,859,221,912,191,1.9041,105.1
5831,-118.24,33.96,34,1724,432,1876,416,2.1078,100.6
5832,-118.25,33.96,48,1052,234,793,216,1.6585,92.9
5833,-118.25,33.96,42,1326,295,918,258,2.3864,98.8
5834,-118.25,33.96,43,2015,419,1543,399,1.8672,98.1
5835,-118.25,33.95,48,1766,424,1655,420,0.9751,95.5
5836,-118.25,33.95,41,1576,339,1252,302,1.9798,98.1
5837,-118.24,33.96,34,946,254,1101,239,1.7396,105.9
5838,-118.24,33.96,37,1602,388,1553,342,2.0655,93.4
5839,-118.23,33.95,42,705,173,739,140,0.9166,99
5840,-118.21,33.96,39,2050,529,1959,485,2.1389,168.9
5841,-118.21,33.96,39,2265,628,2323,599,2.1522,155.3
5842,-118.22,33.96,42,1380,331,1290,288,2.8,161.8
5843,-118.21,33.95,38,1889,565,2087,559,1.7778,154
5844,-118.23,33.96,42,1977,570,2406,557,2.5913,151.6
5845,-118.23,33.95,43,1683,520,2190,494,2.2391,152.8
5846,-118.22,33.94,38,788,224,1155,208,3.3542,153.8
5847,-118.22,33.94,41,928,249,1108,236,3.4323,144.6
5848,-118.2,33.96,44,2144,477,1760,452,2.3221,161.6
5849,-118.2,33.96,43,1233,306,1190,282,2.8371,161.3
5850,-118.2,33.96,41,1512,400,1690,367,3.055,167
5851,-118.2,33.96,37,2127,533,2021,480,2.9773,164.6
5852,-118.21,33.95,32,1116,328,1265,302,2.295,155.2
5853,-118.21,33.95,35,2134,650,2248,587,2.2988,153.4
5854,-118.2,33.94,45,1818,408,1705,373,4.0441,157.5
5855,-118.21,33.94,40,2227,594,2244,580,2.4459,143.8
5856,-118.19,33.95,44,1436,271,850,269,3.2768,179.1
5857,-118.19,33.94,45,1403,315,1111,311,3.3846,168.1
5858,-118.19,33.95,42,1651,463,1559,436,2.3882,148.1
5859,-118.2,33.94,45,1570,328,1321,300,3.7361,171.8
5860,-118.2,33.94,43,1934,511,1895,493,2.5029,159.7
5861,-118.19,33.96,40,979,296,934,292,2.6354,151.8
5862,-118.19,33.95,42,2309,685,2609,673,2.7206,162.1
5863,-118.16,33.93,35,757,151,474,132,3.7361,179.8
5864,-118.18,33.94,44,1337,245,968,240,3.4688,183.6
5865,-118.18,33.95,39,2121,579,1991,528,2.9094,152.2
5866,-118.18,33.94,43,2724,612,2340,570,2.7,165
5867,-118.17,33.94,17,1145,209,499,202,4.6389,165.5
5868,-118.17,33.95,23,1991,584,1380,535,1.9107,181.9
5869,-118.17,33.92,36,2447,503,1532,498,4.3667,171.8
5870,-118.17,33.92,43,2099,398,1276,387,3.1528,166.8
5871,-118.16,33.92,44,1368,277,899,271,3.5938,161.3
5872,-118.16,33.91,41,1806,408,1146,374,2.9643,162.2
5873,-118.18,33.92,32,2035,519,2282,480,3.2734,136.4
5874,-118.19,33.92,36,1356,314,1469,300,2.0785,139.8
5875,-118.18,33.93,31,1516,400,1820,398,2.1641,122.9
5876,-118.18,33.93,35,952,271,949,261,2.4297,147.2
5877,-118.19,33.93,42,1829,391,1614,377,3.1912,146.4
5878,-118.19,33.93,44,1613,345,1227,342,3.1667,145.7
5879,-118.19,33.92,43,2339,487,1732,449,3.0987,139.4
5880,-118.2,33.93,38,1626,307,1280,295,3.5313,146.5
5881,-118.2,33.93,36,2210,634,2341,553,2.1715,131.1
5882,-118.21,33.93,33,2739,801,3423,741,2.2847,132.7
5883,-118.2,33.93,36,1191,345,1193,295,2.5185,138.8
5884,-118.21,33.93,39,354,73,184,58,2.7679,108.9
5885,-118.22,33.93,39,1921,483,2286,470,3.0167,130
5886,-118.22,33.94,40,930,258,1203,244,2.5938,115.4
5887,-118.23,33.93,23,545,131,610,126,1.4861,95.1
5888,-118.23,33.93,30,1147,260,1219,210,2.0658,93.2
5889,-118.21,33.92,35,1669,445,1870,412,3.0417,117.3
5890,-118.21,33.92,28,2949,1003,4551,930,1.9026,131.9
5891,-118.23,33.93,35,1149,277,909,214,1.7411,96.7
5892,-118.23,33.92,32,2698,640,1953,613,1.2222,107.2
5893,-118.24,33.92,42,328,100,605,87,2.4464,97.4
5894,-118.24,33.92,44,1079,210,601,182,2.2411,106.4
5895,-118.25,33.93,27,581,135,647,131,3.2917,83.1
5896,-118.25,33.93,42,763,191,754,174,2.0486,101.8
5897,-118.25,33.92,44,1737,363,1184,343,2.5363,95.9
5898,-118.25,33.92,44,1137,235,747,225,2,92.6
5899,-118.26,33.92,42,3320,682,2105,632,1.9809,104.6
5900,-118.27,33.92,34,1178,260,1166,244,1.9185,93.3
5901,-118.27,33.92,35,1818,374,1444,372,2.745,106.8
5902,-118.28,33.92,37,742,151,729,144,3.055,105.4
5903,-118.27,33.91,37,3018,547,1720,512,2.7269,124.1
5904,-118.27,33.91,32,2238,471,1292,467,1.1705,110.6
5905,-118.27,33.89,32,1969,397,1349,370,4.4659,138.1
5906,-118.27,33.87,21,6108,1130,3244,1113,4.2768,181.4
5907,-118.25,33.9,42,1386,320,1163,319,2.4271,89.5
5908,-118.26,33.9,38,1566,318,981,318,4.0234,111.9
5909,-118.26,33.9,22,894,232,754,222,2.0096,110.7
5910,-118.25,33.92,36,949,164,502,163,4.1042,124.4
5911,-118.25,33.9,36,1135,231,614,227,2.5521,113.1
5912,-118.26,33.91,39,935,210,711,193,2.4375,101.9
5913,-118.26,33.91,33,954,241,655,218,2.5882,92.8
5914,-118.26,33.91,39,967,256,903,256,1.9038,93.1
5915,-118.24,33.91,40,972,240,761,225,1.4688,88.2
5916,-118.24,33.91,36,1446,316,1286,314,2.7083,103.6
5917,-118.24,33.91,37,1607,377,1526,375,1.7158,94.3
5918,-118.24,33.92,40,1772,369,1122,324,3.2768,96.1
5919,-118.23,33.92,32,1735,430,1699,386,1.1793,103.8
5920,-118.23,33.91,34,661,146,742,143,2.1734,88.2
5921,-118.23,33.91,33,677,182,984,174,2.5893,88.9
5922,-118.23,33.91,34,789,200,1041,191,3.119,90.3
5923,-118.23,33.91,27,1694,393,1890,373,3.0341,89.1
5924,-118.23,33.91,34,1060,276,1215,250,2.0804,84.7
5925,-118.23,33.92,24,1555,406,1665,361,1.6437,98.8
5926,-118.22,33.92,23,926,409,1856,408,2.1366,100
5927,-118.21,33.91,24,1545,391,1807,388,2.6429,105.3
5928,-118.21,33.91,26,2422,632,2601,583,1.7824,110.2
5929,-118.22,33.91,28,1847,500,2263,473,1.5161,103.2
5930,-118.2,33.9,26,1000,275,1178,263,2.12,105
5931,-118.21,33.9,35,2420,579,2010,540,2.0817,104.6
5932,-118.22,33.9,35,1649,424,1786,388,1.4091,105.6
5933,-118.22,33.9,30,1007,260,1112,238,1.7262,115.6
5934,-118.2,33.92,45,1283,253,1025,248,3.2798,141.2
5935,-118.2,33.92,39,1050,217,895,207,3.1538,155.6
5936,-118.21,33.91,37,1073,265,1197,250,2.7109,133
5937,-118.21,33.92,41,1722,363,1432,326,3.2976,151.2
5938,-118.21,33.92,36,602,150,645,145,3.1964,115.4
5939,-118.18,33.91,36,1138,238,878,224,2.0625,134.4
5940,-118.19,33.91,33,915,225,826,212,2.7708,117.4
5941,-118.19,33.91,35,2695,748,2935,706,2.0134,132.4
5942,-118.2,33.9,33,1435,322,1298,299,2.7813,105.1
5943,-118.2,33.91,36,2283,499,1836,462,2.8793,118.1
5944,-118.19,33.9,32,2762,652,2677,632,2.5719,105.6
5945,-118.19,33.9,36,2326,543,2073,494,1.9952,112.9
5946,-118.19,33.89,32,1696,438,1639,376,2.0357,107.3
5947,-118.2,33.89,37,2394,568,2499,551,2.5321,105.1
5948,-118.2,33.9,34,1552,444,2093,413,2.2125,103.2
5949,-118.19,33.89,38,4018,986,3702,927,2.9293,113.6
5950,-118.2,33.89,40,2538,564,2170,541,2.7212,107.9
5951,-118.21,33.89,39,1565,364,1389,360,2.7443,113.9
5952,-118.21,33.89,42,1739,370,1104,297,2.2125,120.7
5953,-118.21,33.88,29,1976,444,1254,371,2.1782,126.8
5954,-118.22,33.89,26,266,75,252,59,2.1211,138.1
5955,-118.22,33.89,41,990,228,776,207,2.125,120.2
5956,-118.22,33.89,37,797,190,485,166,2.7434,95.2
5957,-118.22,33.89,36,873,240,1086,217,2.25,126.6
5958,-118.23,33.89,16,5003,1180,4145,1159,2.1389,133.4
5959,-118.24,33.89,34,1479,332,1166,322,2.6165,100.9
5960,-118.22,33.9,40,1802,496,2096,468,2.3542,97.9
5961,-118.23,33.9,31,2143,522,2276,519,1.8095,100.8
5962,-118.23,33.9,34,2462,553,2334,502,1.641,96.8
5963,-118.23,33.9,45,1285,238,840,211,3.4107,112.5
5964,-118.24,33.9,38,2055,442,1518,425,2.3382,103
5965,-118.24,33.9,35,1079,247,1055,243,2.375,93.6
5966,-118.24,33.9,39,642,129,475,123,1.2083,92.6
5967,-118.25,33.9,37,2119,442,1372,406,1.9605,106.2
5968,-118.24,33.9,40,1308,272,901,257,2.8269,98
5969,-118.25,33.9,38,1201,223,733,206,3.3804,105.8
5970,-118.25,33.89,41,1476,286,1086,278,2.4632,111.7
5971,-118.25,33.89,34,1367,288,1183,286,2.6812,104.1
5972,-118.26,33.89,36,2230,417,1395,381,2.8493,109.6
5973,-118.24,33.88,37,1843,366,1207,351,2.4821,111
5974,-118.25,33.89,37,1042,213,699,196,2.9643,103.2
5975,-118.25,33.89,36,1527,309,1154,279,3.3095,105.5
5976,-118.26,33.88,40,519,102,330,95,3.0972,108.5
5977,-118.22,33.88,37,1149,280,1016,250,2.125,101.9
5978,-118.22,33.88,35,998,313,1335,311,1.6574,102.5
5979,-118.23,33.89,35,1255,344,1782,343,2.1949,95.1
5980,-118.23,33.88,35,842,201,763,189,2.6719,109.8
5981,-118.23,33.88,41,1941,367,1204,323,3.0417,113.7
5982,-118.23,33.89,36,2598,514,1872,514,3.1667,117.7
5983,-118.24,33.83,22,7368,1367,4721,1342,4.8438,213.1
5984,-118.25,33.84,19,1731,420,1032,364,3.8125,208.1
5985,-118.25,33.87,18,6812,1263,3704,1216,4.25,169.2
5986,-118.25,33.86,26,3022,476,1852,452,6.0531,186.4
5987,-118.26,33.85,24,9071,1335,4558,1327,5.542,197.5
5988,-118.27,33.86,33,1685,333,1484,318,4.3527,167
5989,-118.27,33.86,29,2587,489,2115,475,3.7466,168.6
5990,-118.28,33.85,27,489,98,403,97,5.144,180.8
5991,-118.28,33.83,18,5923,1409,3887,1322,3.4712,194.4
5992,-118.29,33.84,33,896,208,843,200,3.5,183
5993,-118.29,33.84,34,2617,558,1396,515,5.061,218
5994,-118.29,33.84,23,3626,799,2321,731,4.7393,237.9
5995,-118.29,33.83,24,4092,893,2819,893,4.1378,216.5
5996,-118.28,33.82,26,4586,1042,3680,1027,4.174,205.1
5997,-118.29,33.81,19,7023,1538,3993,1412,5.0532,218.2
5998,-118.29,33.8,21,9944,1623,4185,1582,4.526,329.4
5999,-118.28,33.82,30,3615,760,2813,752,5.3849,217.7
6000,-118.28,33.81,29,2755,508,2046,488,5.2034,212.4
6001,-118.27,33.82,36,1593,334,1427,320,4.4015,166.9
6002,-118.27,33.82,33,1596,337,1650,329,4.3687,173.5
6003,-118.27,33.82,37,943,218,803,216,5.2287,191.1
6004,-118.27,33.81,10,1881,571,1769,553,3.9286,114
6005,-118.27,33.81,38,1607,337,1130,334,4.4821,190.7
6006,-118.27,33.82,39,1357,249,763,229,4.25,200.3
6007,-118.27,33.8,28,4698,902,3287,881,4.8508,215.9
6008,-118.27,33.84,24,6303,1277,3728,1252,3.9227,208.6
6009,-118.28,33.83,28,880,168,717,142,4.5469,175.7
6010,-118.27,33.83,34,1124,245,717,242,3.1667,186.9
6011,-118.26,33.83,24,3059,729,2064,629,3.5518,184.6
6012,-118.27,33.82,28,1642,434,1575,420,4.1292,201.9
6013,-118.26,33.82,28,5091,1074,4753,1033,3.6477,117.4
6014,-118.26,33.83,28,4112,861,3211,841,4.4539,192.2
6015,-118.21,33.84,28,822,205,627,192,3.4583,166.3
6016,-118.22,33.84,35,1131,273,1007,269,4.0219,168.3
6017,-118.22,33.84,38,1928,429,1358,399,4.0687,160.3
6018,-118.22,33.83,44,1792,404,1115,358,3.9091,174.4
6019,-118.21,33.83,38,793,193,601,187,2.8837,176.1
6020,-118.07,33.93,5,906,187,1453,158,4.125,171.9
6021,-118.08,33.93,39,1478,324,1127,320,3.525,158
6022,-118.08,33.92,38,1335,282,1011,269,3.6908,157.5
6023,-118.07,33.92,36,1560,320,1348,314,3.622,174
6024,-118.08,33.93,33,2263,511,1626,457,3.5556,172.8
6025,-118.08,33.93,34,1558,375,1179,337,3.2188,165.1
6026,-118.09,33.92,33,879,181,547,169,5.3146,168.6
6027,-118.09,33.92,31,1983,419,1157,390,3.5455,168.3
6028,-118.09,33.93,37,1950,356,1183,338,4.1449,175.3
6029,-118.11,33.92,32,1016,190,729,177,4.3,151.3
6030,-118.1,33.94,33,639,129,460,118,3.1607,189
6031,-118.1,33.93,35,1622,302,845,284,4.5769,186.1
6032,-118.1,33.95,34,3635,781,2171,720,3.7308,196.9
6033,-118.1,33.95,27,1666,365,995,354,4.5694,204.3
6034,-118.1,33.94,34,1947,284,841,277,6.1814,453.6
6035,-118.11,33.95,34,1723,279,617,252,6.7501,400
6036,-118.12,33.97,33,3099,839,2025,750,3.183,191.1
6037,-118.11,33.96,29,2784,582,1278,550,4.3882,261.6
6038,-118.12,33.95,35,1604,280,802,280,5.752,291
6039,-118.13,33.97,36,1759,295,837,267,4.6992,251.9
6040,-118.13,33.96,36,1933,341,958,335,4.4732,266
6041,-118.14,33.96,34,2744,541,1333,503,4.0536,277.2
6042,-118.13,33.96,35,1500,250,706,250,4.5625,253.5
6043,-118.13,33.97,34,1736,297,823,292,5.4042,241.6
6044,-118.14,33.95,44,1812,338,822,314,6.7744,294.1
6045,-118.14,33.95,42,1413,228,630,219,6.8564,300
6046,-118.14,33.95,37,1462,243,600,236,5.2015,302
6047,-118.14,33.95,36,1942,355,891,348,3.6635,282.1
6048,-118.15,33.96,33,2418,485,1397,477,3.1083,285.5
6049,-118.15,33.95,31,1053,230,686,211,4,263.2
6050,-118.12,33.95,36,2752,459,1211,452,5.0526,269.8
6051,-118.12,33.94,33,2394,576,1166,548,2.7317,264.7
6052,-118.13,33.95,24,6662,1852,3792,1735,3.1104,230
6053,-118.11,33.93,35,2670,493,1196,488,3.8427,283.5
6054,-118.11,33.94,37,1434,262,786,256,4.4375,244.9
6055,-118.12,33.94,31,2210,519,1047,472,3.3292,271.3
6056,-118.12,33.94,33,2206,393,973,364,4.675,283
6057,-118.11,33.93,17,1205,347,736,342,3.2011,162.5
6058,-118.12,33.92,27,6336,1628,4673,1505,2.5893,183.7
6059,-118.12,33.93,27,580,143,466,133,3.0909,187.5
6060,-118.13,33.92,28,3069,864,1932,835,2.4925,177.2
6061,-118.13,33.93,38,2040,458,1775,445,3.5227,202.4
6062,-118.14,33.92,31,3731,853,2313,801,3.2237,218.2
6063,-118.14,33.93,31,3205,727,1647,664,3.3681,223.9
6064,-118.15,33.93,30,3096,628,1676,587,4.6583,207.3
6065,-118.13,33.93,34,2122,517,1578,488,3.1496,191.9
6066,-118.14,33.94,31,2841,774,1612,708,2.9205,196.6
6067,-118.15,33.95,35,2753,702,1592,614,2.7875,209
6068,-118.16,33.94,25,3341,789,1685,751,3.6936,238.3
6069,-118.15,33.93,25,1948,433,1128,429,3.7614,255.9
6070,-118.16,33.94,25,5675,1224,3317,1119,3.9352,232.9
6071,-118.15,33.93,42,1839,346,1034,339,4.9808,212.3
6072,-118.14,33.92,35,2378,559,1799,546,3.9327,190.5
6073,-118.15,33.92,36,1890,400,1232,386,4.375,184.2
6074,-118.15,33.92,28,1038,252,912,245,2.5875,161.2
6075,-118.15,33.92,30,915,234,646,211,2.5208,182.8
6076,-118.11,33.91,19,3056,759,1561,740,3.1369,196.9
6077,-118.12,33.91,35,1518,279,857,251,3.6917,197.5
6078,-118.14,33.91,36,1096,204,569,201,4.475,182.3
6079,-118.14,33.91,34,2011,472,1087,423,3.0465,187.8
6080,-118.1,33.91,40,513,100,399,99,4.875,167.6
6081,-118.1,33.91,36,1080,201,719,201,4.2679,175.8
6082,-118.1,33.91,36,726,145,490,130,3.6389,167.6
6083,-118.1,33.9,35,1151,248,809,246,4.7813,160
6084,-118.11,33.91,29,889,166,597,163,4.9609,186.7
6085,-118.11,33.91,22,1981,472,1231,457,4.0878,153.7
6086,-118.1,33.91,29,505,113,411,113,2.6397,164.4
6087,-118.09,33.91,14,2369,604,1546,464,3.7969,159.4
6088,-118.09,33.91,34,1582,343,1356,324,3.4211,141.1
6089,-118.09,33.91,36,1442,271,990,268,4.0517,162.2
6090,-118.1,33.91,35,1592,335,1238,320,4.9732,165
6091,-118.08,33.91,30,1366,460,920,410,0.9946,159.9
6092,-118.1,33.91,35,1653,325,1072,301,3.2708,159.7
6093,-118.08,33.91,30,3259,942,2744,895,2.8608,165.6
6094,-118.07,33.91,29,2387,570,1978,548,3.1957,159.2
6095,-118.08,33.91,18,1573,396,1200,365,2.895,146.9
6096,-118.06,33.91,21,2863,701,1489,621,3.2031,180.7
6097,-118.07,33.91,35,2228,463,1558,427,4.023,157.7
6098,-118.05,33.9,41,550,129,642,125,1.875,119.9
6099,-118.06,33.9,37,1161,254,882,236,4.4167,158
6100,-118.07,33.89,17,2223,544,2008,512,3.0777,160.8
6101,-118.07,33.89,35,1145,274,1651,265,3.125,120.3
6102,-118.08,33.89,28,1035,275,1545,269,3.0357,123.4
6103,-118.08,33.89,35,1071,290,1412,274,3.1917,114.9
6104,-118.08,33.89,37,1152,259,981,225,3.2857,153.6
6105,-118.07,33.9,39,2502,546,1849,518,3.8846,164.1
6106,-118.07,33.9,45,1776,353,1180,337,4.6406,169.2
6107,-118.08,33.9,44,1167,237,733,237,4.2083,168.3
6108,-118.08,33.9,42,1768,372,1155,368,3.558,161.1
6109,-118.09,33.9,37,1147,258,742,242,4.0461,153.5
6110,-118.09,33.9,33,3326,720,2533,689,3.1441,176.3
6111,-118.09,33.89,42,1150,215,708,204,3.6875,171.5
6112,-118.09,33.89,27,3399,882,2465,811,3.099,166.6
6113,-118.1,33.89,36,769,142,498,137,4.7159,182.1
6114,-118.1,33.89,35,994,203,602,185,3.5865,178
6115,-118.11,33.9,35,2604,495,1465,470,4.4896,184.6
6116,-118.11,33.9,26,4173,893,2471,863,3.5052,196
6117,-118.11,33.88,35,1623,304,868,272,3.5893,276
6118,-118.11,33.89,34,2508,594,1549,545,3.2069,236.5
6119,-118.11,33.9,35,1323,269,1084,240,5.0753,178
6120,-118.11,33.9,36,1347,278,748,278,5.1423,183.1
6121,-118.11,33.91,36,1088,231,617,211,3.8824,193.1
6122,-118.12,33.91,36,1432,265,749,261,3.5772,207.4
6123,-118.13,33.9,38,1475,269,827,265,4.7663,191.6
6124,-118.13,33.91,36,1967,316,910,306,4.4948,190.6
6125,-118.14,33.9,26,2145,471,1150,429,3.5972,225.8
6126,-118.14,33.91,34,1766,410,974,404,3.0703,180.8
6127,-118.14,33.91,32,1981,472,1371,431,3.1204,204.2
6128,-118.15,33.91,35,1590,350,1299,335,4.0313,163.2
6129,-118.15,33.9,20,2850,737,1855,662,2.809,144.6
6130,-118.16,33.9,28,2410,616,2399,594,2.7339,156.7
6131,-118.16,33.91,28,2922,739,3013,673,2.9531,127.1
6132,-118.15,33.91,25,2053,578,1721,507,2.3456,146.1
6133,-118.16,33.91,6,3445,847,2467,712,3.1507,144
6134,-118.17,33.9,12,3653,993,3215,854,2.8681,114.2
6135,-118.18,33.9,25,1709,442,1177,410,2.4333,155
6136,-118.18,33.9,32,778,227,933,209,2.7292,143.8
6137,-118.18,33.9,31,2536,603,2625,576,3.0909,150.9
6138,-118.16,33.89,38,483,113,389,108,2.1859,143.8
6139,-118.16,33.89,6,1655,536,1201,487,1.7344,145.8
6140,-118.17,33.89,52,63,12,47,8,7.2423,350
6141,-118.17,33.89,11,3605,880,3637,873,2.6328,160.7
6142,-118.18,33.89,25,5896,1464,4149,1362,2.6742,131.9
6143,-118.15,33.89,30,4426,995,4196,921,3.274,148.3
6144,-118.15,33.88,24,4232,1092,2688,1035,2.52,146
6145,-118.16,33.89,46,940,219,599,214,3.2813,190.9
6146,-118.16,33.88,30,1694,398,1181,383,2.9779,169.5
6147,-118.13,33.9,36,1814,350,886,347,3.4868,208.4
6148,-118.13,33.89,33,3668,867,2368,845,2.8906,204.9
6149,-118.14,33.89,33,2867,786,1774,705,2.9292,183.4
6150,-118.13,33.9,36,1477,305,788,291,3.625,195.8
6151,-118.13,33.9,35,1458,261,686,236,3.9038,202.7
6152,-118.12,33.9,35,3478,730,1885,673,2.9375,206.5
6153,-118.12,33.89,22,6876,1960,5162,1879,2.9293,170.8
6154,-118.12,33.89,29,2666,848,2030,781,2.5432,180.9
6155,-118.12,33.9,38,1222,282,756,256,4.125,173.9
6156,-118.12,33.88,25,1768,559,983,488,2.6184,243.8
6157,-118.12,33.88,40,2344,571,1305,544,3.1923,191.9
6158,-118.13,33.88,32,3088,1024,1981,956,2.2027,192.7
6159,-118.13,33.89,29,2823,737,1723,678,2.7121,165.5
6160,-118.14,33.89,39,1744,339,1048,330,4.5735,195.5
6161,-118.14,33.88,30,2596,580,1662,539,4.0507,179.5
6162,-118.14,33.89,33,1250,276,866,268,4.1708,175
6163,-118.14,33.88,41,1531,343,1119,341,4.3646,161.4
6164,-118.14,33.88,24,3305,982,2085,881,2.6641,168.2
6165,-118.15,33.87,29,2690,659,1747,617,3.3713,198.2
6166,-118.11,33.88,19,3203,708,1761,667,4.0911,239.7
6167,-118.12,33.87,21,3764,1081,1919,977,2.5057,156.3
6168,-118.12,33.88,36,1083,218,557,210,3.0795,218.4
6169,-118.13,33.87,20,3638,868,2326,822,3.3304,194.6
6170,-118.14,33.87,21,6618,1773,4396,1649,3.0989,171.4
6171,-118.04,33.87,17,2358,396,1387,364,6.299,285.8
6172,-118.06,33.88,17,7187,1073,3844,1068,6.5901,337.4
6173,-118.05,33.87,18,4928,773,2952,754,5.8855,313.8
6174,-118.07,33.88,16,4934,825,2668,810,5.748,284.2
6175,-118.07,33.88,17,2407,539,1422,524,4.2619,139.7
6176,-118.07,33.87,18,3405,556,1945,509,5.7652,299.1
6177,-118.08,33.85,19,4261,678,2621,661,6.2427,288.7
6178,-118.07,33.85,16,3771,606,2196,564,7.0113,319.7
6179,-118.06,33.86,16,5603,938,3045,893,5.0778,293.7
6180,-118.05,33.86,16,2851,626,1985,603,5.4089,265.6
6181,-118.03,33.87,16,2306,393,1368,387,5.93,277.6
6182,-118.04,33.87,18,4626,822,2794,763,5.6917,275.1
6183,-118.06,33.85,16,4851,726,2527,704,6.0142,437.4
6184,-118.1,33.86,21,3052,624,1588,568,4.3397,268.1
6185,-118.09,33.85,19,8120,1371,5026,1345,6.3093,286.5
6186,-118.08,33.88,27,3065,736,1840,719,3.6417,208.1
6187,-118.09,33.88,27,3119,635,1887,567,3.8654,195.3
6188,-118.07,33.89,32,1819,386,1679,360,3.5562,146
6189,-118.08,33.89,33,2131,435,2045,426,4,145.7
6190,-118.08,33.88,30,1901,519,2685,496,3.2639,120.1
6191,-118.07,33.87,28,2399,436,1613,429,3.6339,220.1
6192,-118.09,33.87,31,3498,728,2098,697,3.9837,246
6193,-118.07,33.86,31,2943,518,1703,472,3.7091,225.9
6194,-118.07,33.86,28,1789,352,1347,330,3.425,189.7
6195,-118.08,33.86,29,3260,783,1969,737,3.5268,215.5
6196,-118.08,33.84,31,2377,600,2042,593,3.625,170.4
6197,-118.08,33.84,31,2906,578,1806,553,4.8448,194.6
6198,-118.09,33.84,23,4412,910,2380,825,4.54,213.1
6199,-118.08,33.84,28,4216,948,2997,896,3.7961,162.7
6200,-118.08,33.84,25,3696,953,2827,860,3.3438,153.3
6201,-118.06,33.84,26,6960,1454,4367,1437,4.7953,210.9
6202,-118.06,33.84,20,5643,1231,3841,1195,4.0542,168.4
6203,-118.07,33.82,27,3481,576,1660,560,5.7965,228.2
6204,-118.08,33.82,26,4259,588,1644,581,6.2519,345.7
6205,-118.08,33.83,30,2188,556,2727,525,2.7759,136.8
6206,-118.08,33.82,30,2636,652,3412,649,2.8095,118.3
6207,-118.07,33.83,17,4822,1168,3868,1117,2.5978,142.9
6208,-118.11,33.86,33,2389,410,1229,393,5.3889,234.9
6209,-118.12,33.86,44,2663,511,1277,462,4.3194,199.5
6210,-118.12,33.87,43,1633,355,837,350,3.0405,188
6211,-118.13,33.87,45,1606,300,735,295,4.6765,198.4
6212,-118.13,33.86,45,1320,256,645,256,4.4,209.5
6213,-118.14,33.86,44,1436,257,745,233,4.625,213.4
6214,-118.14,33.86,44,1276,234,538,213,4.8667,218.3
6215,-118.15,33.86,36,1578,312,827,311,4.8942,194.1
6216,-118.15,33.86,34,2403,413,1385,386,4.4934,213.8
6217,-118.16,33.88,33,2180,522,1634,467,3.0114,167
6218,-118.16,33.88,18,2287,662,1804,537,1.9903,170.3
6219,-118.17,33.88,29,815,206,590,183,3.0052,166.7
6220,-118.17,33.88,42,1645,371,1161,351,3.0893,162.7
6221,-118.18,33.88,47,882,185,536,174,4.625,163
6222,-118.18,33.88,44,1308,267,783,237,4.7361,167.7
6223,-118.18,33.88,42,2326,503,1832,501,3.1713,161
6224,-118.19,33.87,27,4701,1359,2571,1216,2.5417,184.1
6225,-118.19,33.87,35,1769,436,1166,386,2.875,178.3
6226,-118.19,33.86,42,1999,431,1060,399,3.7031,167.1
6227,-118.19,33.86,38,2009,524,1449,451,2.7045,155.4
6228,-118.19,33.86,35,1133,296,774,271,2.2381,137.5
6229,-118.19,33.86,36,2013,546,1659,522,3.1215,153.6
6230,-118.2,33.86,27,2732,867,1690,794,2.6465,160.2
6231,-118.19,33.87,42,1213,269,628,229,3.6987,152.1
6232,-118.2,33.88,40,1699,346,1188,329,4.2083,147.3
6233,-118.2,33.88,40,2945,725,2858,690,3.2368,136.9
6234,-118.21,33.88,31,1332,417,1405,363,2.0125,143
6235,-118.21,33.88,32,1507,379,1082,350,3.225,138.2
6236,-118.2,33.87,36,1554,273,974,264,4.2135,161.4
6237,-118.17,33.87,40,2462,587,1821,536,3.5646,162.6
6238,-118.17,33.86,44,1701,396,1091,384,3.025,162.3
6239,-118.17,33.87,49,1937,445,1339,440,3.0319,162.8
6240,-118.17,33.87,48,2258,509,1395,492,3.765,164.8
6241,-118.17,33.87,45,2110,494,1404,454,2.9803,165.9
6242,-118.18,33.87,44,2137,461,1126,439,3.4408,172.9
6243,-118.18,33.87,38,2664,626,1627,604,3.7527,161.9
6244,-118.16,33.86,26,6607,1663,4066,1558,2.5068,156.3
6245,-118.17,33.86,10,1664,508,1369,493,2.9886,175
6246,-118.17,33.85,39,2247,526,1670,525,3.07,173
6247,-118.18,33.85,38,3596,862,2416,832,3.6897,169.8
6248,-118.18,33.86,43,2752,645,1674,614,3.6719,161.3
6249,-118.18,33.86,39,2925,732,1702,642,2.375,160.8
6250,-118.17,33.86,40,1301,342,954,336,2.3804,158
6251,-118.15,33.85,30,4071,1067,2144,970,2.7268,218.1
6252,-118.15,33.85,36,1435,249,606,234,4.1439,212.6
6253,-118.15,33.86,32,2630,559,1069,491,2.4659,209
6254,-118.16,33.85,36,1979,339,952,339,4.0815,216.2
6255,-118.13,33.86,37,2259,425,1183,413,5.1805,201.6
6256,-118.13,33.85,36,2110,416,1128,403,4.6019,208.4
6257,-118.14,33.86,36,1774,348,934,333,4.8571,203.3
6258,-118.14,33.86,36,1703,325,845,308,5.0106,210.8
6259,-118.1,33.85,28,2825,470,1352,469,5.2639,242
6260,-118.1,33.85,36,956,159,416,157,4.6429,223.7
6261,-118.11,33.85,36,887,163,482,157,4.125,219.5
6262,-118.11,33.85,36,2418,389,1138,387,4.8393,216.3
6263,-118.11,33.86,36,2750,487,1386,458,4.9904,221.7
6264,-118.12,33.86,34,2116,427,972,396,4.8516,213.6
6265,-118.12,33.85,37,2386,409,1101,399,4.6908,218.2
6266,-118.1,33.84,35,1790,269,924,263,5.296,226.2
6267,-118.1,33.83,37,2059,349,825,334,4.0603,225.2
6268,-118.1,33.84,36,1557,270,697,251,4.5417,219.6
6269,-118.1,33.84,36,690,109,316,104,3.7813,209.1
6270,-118.11,33.84,37,1588,272,692,245,4.8594,220.3
6271,-118.11,33.84,36,1756,297,798,287,5.5581,218.3
6272,-118.12,33.84,37,2143,382,1047,377,4.4423,216
6273,-118.11,33.83,36,1784,303,964,299,4.2703,220.9
6274,-118.12,33.83,44,1712,314,691,293,4.3594,221.3
6275,-118.12,33.84,37,1242,221,565,213,4.1094,215.8
6276,-118.13,33.84,35,3008,674,1584,671,3.5465,213.2
6277,-118.13,33.84,46,2439,429,944,374,4.2841,312.4
6278,-118.14,33.84,43,2107,439,876,429,3.2024,339.4
6279,-118.13,33.84,48,1895,294,881,293,6.3364,307.4
6280,-118.14,33.84,45,1908,361,890,342,4.575,336
6281,-118.14,33.84,44,3043,619,1316,607,4.4286,254.9
6282,-118.14,33.84,36,3002,484,1322,471,4.933,228.9
6283,-118.15,33.84,29,2448,354,894,349,7.6526,481.3
6284,-118.15,33.84,37,1508,252,635,241,3.75,221.3
6285,-118.16,33.84,36,2444,432,1199,424,4.1538,218.8
6286,-118.16,33.84,36,1348,234,643,221,3.6447,211
6287,-118.16,33.84,36,2831,573,1462,569,3.8646,214.6
6288,-118.16,33.84,36,2220,367,1002,351,5.0719,219.5
6289,-118.17,33.85,37,3714,708,1956,694,4.2218,200.5
6290,-118.17,33.84,29,4716,1372,2515,1272,2.726,208.7
6291,-118.17,33.84,45,1853,328,945,320,5.0787,219.2
6292,-118.17,33.83,45,2019,363,880,339,4.1023,217.3
6293,-118.18,33.85,40,2597,582,1285,559,3.975,213.8
6294,-118.18,33.84,35,1415,294,591,291,2.9798,315.6
6295,-118.19,33.84,44,2731,577,1396,555,4.1771,219.1
6296,-118.19,33.84,24,1228,320,537,273,2.25,192
6297,-118.18,33.85,30,2548,717,2086,700,0.7007,134.4
6298,-118.18,33.85,44,1890,465,1378,430,3.8819,143.2
6299,-118.19,33.85,30,3533,1061,2678,1033,2.2417,151.9
6300,-118.19,33.85,45,1167,302,773,287,3.2798,150.3
6301,-118.2,33.85,33,2557,731,2286,700,2.3041,149.1
6302,-118.2,33.85,46,1854,462,1360,429,2.4844,158.2
6303,-118.2,33.84,35,3405,779,1953,671,2.7813,159.2
6304,-118.2,33.83,35,3737,613,1305,583,7.2096,490.3
6305,-118.19,33.83,42,1773,360,815,299,4.9,406.3
6306,-118.17,33.83,45,1808,315,800,302,4.8693,277.7
6307,-118.18,33.83,44,1497,277,542,274,5.0052,321.8
6308,-118.18,33.83,39,3622,745,1330,648,3.3125,425.5
6309,-118.18,33.84,43,2561,544,1063,537,3.835,418.6
6310,-118.17,33.82,50,3587,693,1513,651,5.5106,252.2
6311,-118.17,33.82,52,2539,497,1152,488,4.1354,268.2
6312,-118.18,33.83,52,2569,484,1030,451,4.1301,268.4
6313,-118.18,33.82,52,2618,472,943,440,3.7895,254
6314,-118.19,33.83,30,2246,552,1032,548,3.5871,347.1
6315,-118.19,33.82,19,2953,895,1914,855,3.5521,290
6316,-118.2,33.82,21,2251,452,913,420,4.6042,272.2
6317,-118.2,33.82,43,1758,347,954,312,5.2606,198.9
6318,-118.19,33.81,21,1835,427,1038,384,4.4559,198.5
6319,-118.2,33.81,43,3013,574,1525,529,4.95,194
6320,-118.2,33.82,34,2807,768,2217,744,2.4286,204.8
6321,-118.19,33.81,23,954,390,804,373,2.5833,181.3
6322,-118.2,33.81,46,1388,254,742,241,4.6458,212.1
6323,-118.2,33.81,47,2347,437,1219,420,5.3096,209.9
6324,-118.21,33.82,34,1719,398,1444,372,2.8438,139.3
6325,-118.21,33.81,40,1815,428,1807,413,3.0882,160.7
6326,-118.22,33.82,30,1680,469,1779,429,3.6086,146.3
6327,-118.21,33.82,45,455,92,394,89,4.9562,165.7
6328,-118.21,33.82,43,1005,199,723,191,4.3424,162.5
6329,-118.22,33.82,17,5357,1332,3030,1266,1.9311,138.1
6330,-118.21,33.81,45,1693,337,1255,333,3.6923,159.7
6331,-118.21,33.81,45,1816,398,1524,388,3.8586,157.9
6332,-118.22,33.81,38,1486,359,1345,326,3.3988,147.8
6333,-118.21,33.8,45,1160,274,1095,269,2.7308,139
6334,-118.21,33.8,41,1251,279,1053,278,3.2778,150.8
6335,-118.22,33.8,36,1285,347,1291,337,3.7708,157.1
6336,-118.22,33.8,33,1984,477,1764,440,3.875,165.1
6337,-118.22,33.79,28,3008,629,2537,596,2.3,137.5
6338,-118.21,33.79,39,1598,458,1691,399,2.3605,141.8
6339,-118.21,33.79,32,2020,613,2557,562,2.1397,145.3
6340,-118.19,33.8,38,2010,595,1535,525,1.9848,160.4
6341,-118.19,33.79,29,3497,1096,2994,919,1.8109,137.5
6342,-118.2,33.79,47,767,195,569,195,2.9514,185.2
6343,-118.2,33.79,48,2105,592,1807,539,2.7183,190.4
6344,-118.2,33.79,47,2549,626,1388,606,3.0135,192.7
6345,-118.2,33.8,52,1786,445,1090,430,2.8988,194.9
6346,-118.19,33.8,41,2125,591,1604,555,2.9943,190.6
6347,-118.2,33.8,42,4577,1146,2749,1094,2.5012,197.5
6348,-118.2,33.8,45,2456,495,1300,450,3.9792,210.2
6349,-118.18,33.8,42,2301,621,2114,561,2.0579,132.7
6350,-118.19,33.8,36,2326,729,2635,657,2.1985,141.8
6351,-118.18,33.79,42,1571,435,1631,417,1.6384,128
6352,-118.19,33.79,41,2114,612,2357,529,1.7938,142.6
6353,-118.19,33.79,43,1823,600,2339,560,1.6792,130.6
6354,-118.18,33.8,30,2734,758,2951,691,1.7689,117.6
6355,-118.17,33.79,36,948,303,1042,301,1.55,100
6356,-118.18,33.82,43,2210,469,1042,418,3.5,216.7
6357,-118.18,33.81,27,471,132,315,96,1.75,154.2
6358,-118.16,33.8,9,3564,835,1530,807,5.1806,175
6359,-118.16,33.79,25,5463,1265,3010,1179,3.233,199.1
6360,-118.17,33.8,26,1589,380,883,366,3.5313,187.5
6361,-118.18,33.8,15,2407,589,1591,506,3.0513,148.1
6362,-118.12,33.83,45,1734,331,797,293,4.8917,222.8
6363,-118.12,33.82,42,1493,277,671,267,3.2794,224.5
6364,-118.13,33.82,44,1785,307,779,291,4.3056,228.6
6365,-118.13,33.83,45,3087,574,1474,567,5.5196,227.6
6366,-118.11,33.83,36,1462,233,664,220,5.1171,225.3
6367,-118.11,33.82,36,1999,390,887,379,3.8162,221.9
6368,-118.11,33.83,37,1249,202,517,189,4.4196,223.1
6369,-118.11,33.83,36,1820,313,899,295,4.918,225.2
6370,-118.09,33.83,36,2734,448,1308,441,5.9265,227.3
6371,-118.1,33.82,36,1930,354,915,328,5.2713,244.4
6372,-118.08,33.81,20,6295,937,2292,874,7.6084,402.5
6373,-118.1,33.81,36,1111,184,444,177,3.7031,245.3
6374,-118.1,33.82,36,1946,346,871,336,5.2155,254.8
6375,-118.11,33.82,37,1756,345,836,335,4.375,218.2
6376,-118.12,33.81,36,2565,458,1155,443,4.6087,224.6
6377,-118.13,33.81,37,1013,199,493,183,4.7845,231.4
6378,-118.13,33.82,37,1530,290,711,283,5.1795,225.4
6379,-118.13,33.82,36,665,114,273,112,3.7321,223.7
6380,-118.13,33.81,36,1749,322,855,319,4.6473,227.1
6381,-118.13,33.8,36,1026,182,505,176,4.3438,233.6
6382,-118.13,33.8,36,1496,271,743,265,4.4312,226
6383,-118.13,33.8,41,1509,325,821,314,4.0893,223
6384,-118.15,33.8,44,1886,399,1167,372,3.1042,219.8
6385,-118.12,33.81,36,1774,299,784,298,5.0447,249.2
6386,-118.12,33.8,35,1835,435,774,418,2.7092,256.3
6387,-118.11,33.8,36,1837,319,810,305,4.3897,235
6388,-118.11,33.79,36,1993,354,884,337,5.587,244.9
6389,-118.11,33.79,36,2223,370,1039,370,5.7942,257
6390,-118.11,33.8,36,1680,291,744,280,4.66,244.8
6391,-118.11,33.8,35,1034,180,444,177,5.4602,231.6
6392,-118.11,33.81,37,1694,280,776,271,6.2187,257.9
6393,-118.1,33.81,36,1962,325,786,315,5.62,239.6
6394,-118.1,33.8,37,1814,329,850,328,5.0574,240.8
6395,-118.09,33.79,36,4210,657,1911,631,5.8491,247.3
6396,-118.1,33.79,36,3359,596,1522,565,5.1805,249.4
6397,-118.11,33.78,16,3985,567,1327,564,7.9767,500.001
6398,-118.13,33.78,31,3039,739,1199,697,3.7232,500.001
6399,-118.12,33.79,41,1762,314,738,300,4.1687,240.7
6400,-118.13,33.79,44,2153,375,947,364,5.0072,236.2
6401,-118.13,33.79,45,2317,448,1057,428,4.375,234.8
6402,-118.13,33.79,20,6678,1797,3625,1599,3.7716,242.9
6403,-118.15,33.79,5,3700,993,1657,848,3.7826,196.3
6404,-118.14,33.79,23,2573,688,1478,604,3.4833,209.4
6405,-118.14,33.79,44,2388,619,1461,592,3.1711,215.4
6406,-118.15,33.79,25,4013,1097,2297,969,3.0453,185.9
6407,-118.15,33.78,17,1584,435,904,406,2.0875,181.3
6408,-118.16,33.78,14,1709,558,1939,520,1.9808,139.1
6409,-118.16,33.79,25,3742,1180,3916,1063,2.4,153.7
6410,-118.16,33.79,26,3061,844,2135,769,2.875,164
6411,-118.17,33.79,32,2171,672,3002,648,2.375,139.7
6412,-118.18,33.78,36,1697,550,1379,434,1.2746,129.7
6413,-118.18,33.79,27,1580,510,1896,448,2.0186,130
6414,-118.17,33.79,28,1219,408,1816,348,1.7589,118.3
6415,-118.18,33.79,20,1255,360,1201,318,1.2206,162.5
6416,-118.19,33.79,37,1834,551,1967,476,2.137,126.6
6417,-118.19,33.79,30,3107,994,3543,850,1.9387,141.7
6418,-118.19,33.78,24,225,72,439,71,2.8533,137.5
6419,-118.2,33.79,25,2851,968,3744,906,2.0675,116.7
6420,-118.19,33.78,21,2741,1029,2924,969,1.3274,218.8
6421,-118.19,33.78,35,1511,593,914,539,0.9318,187.5
6422,-118.2,33.78,46,1889,651,1545,587,1.7064,175
6423,-118.2,33.78,48,1766,497,1908,466,1.9872,168.8
6424,-118.2,33.78,52,2662,893,3018,763,2.3305,162.5
6425,-118.19,33.77,35,1574,603,820,514,1.2321,137.5
6426,-118.2,33.77,40,2034,899,1257,797,1.2864,131.3
6427,-118.2,33.77,24,2404,819,1566,753,1.5076,145.8
6428,-118.2,33.77,22,1118,437,1190,399,1.9797,143.8
6429,-118.2,33.77,52,1375,457,1089,317,2.2344,200
6430,-118.2,33.77,41,1158,396,1209,336,2.7813,129.2
6431,-118.2,33.77,42,517,233,995,212,2.225,106.3
6432,-118.18,33.77,45,1434,627,735,518,1.5,162.5
6433,-118.19,33.76,25,1442,392,632,385,4.6629,162.5
6434,-118.19,33.77,52,1562,616,692,512,1.4048,200
6435,-118.18,33.77,39,1645,547,1339,499,1.5536,155
6436,-118.18,33.77,36,1833,688,1128,620,1.1483,112.5
6437,-118.19,33.77,21,2103,727,1064,603,1.6178,137.5
6438,-118.19,33.77,31,1711,691,1092,568,1.0714,150
6439,-118.18,33.78,20,1852,556,1712,556,1.4565,152.5
6440,-118.18,33.78,17,1419,436,1300,360,2.0769,100
6441,-118.18,33.78,52,1180,381,1046,332,1.5603,162.5
6442,-118.19,33.78,31,1648,484,898,457,1.5844,162.5
6443,-118.19,33.78,8,992,393,694,331,2.5544,162.5
6444,-118.19,33.78,29,1013,392,1083,316,1.8438,162.5
6445,-118.19,33.78,42,1021,300,533,187,1.8036,175
6446,-118.17,33.78,29,2920,962,3580,772,1.7393,140.2
6447,-118.17,33.78,23,3768,1261,3940,1098,1.9647,186.2
6448,-118.18,33.78,26,3042,1253,4812,1141,1.7701,146.2
6449,-118.17,33.78,44,2364,746,3184,672,1.918,147.5
6450,-118.17,33.77,36,2933,881,2077,838,2.2538,181.3
6451,-118.17,33.77,45,2508,797,1340,720,2.6786,191.1
6452,-118.17,33.77,38,2239,721,984,684,2.346,165.6
6453,-118.17,33.77,39,2953,878,1379,785,2.1378,180.4
6454,-118.17,33.77,12,4409,1401,3068,1262,2.2808,154.7
6455,-118.18,33.77,29,1776,606,1391,488,1.1295,137.5
6456,-118.18,33.77,30,1418,439,720,417,2.6371,159.4
6457,-118.18,33.74,30,5915,1750,2136,1503,4.0968,310
6458,-118.17,33.77,45,2151,643,1047,579,3.1149,218.8
6459,-118.17,33.77,45,2143,697,1004,594,3.0153,220
6460,-118.18,33.77,37,2653,754,1087,698,2.3523,325
6461,-118.18,33.77,41,2048,601,852,533,2.5726,193.8
6462,-118.18,33.77,49,2297,759,1105,629,1.8388,175
6463,-118.16,33.77,49,3382,787,1314,756,3.8125,382.1
6464,-118.17,33.74,36,2006,453,807,426,3.7838,500.001
6465,-118.16,33.77,30,4439,1105,1749,1011,3.8984,306.3
6466,-118.15,33.77,39,2428,634,1312,612,2.7212,266.3
6467,-118.16,33.77,30,2800,757,1292,742,2.7614,272.2
6468,-118.16,33.77,38,3235,769,1284,752,2.9384,304.1
6469,-118.16,33.77,29,3078,786,1460,736,2.875,232.5
6470,-118.17,33.77,25,4405,1262,2178,1090,3.0503,225
6471,-118.16,33.78,15,4798,1374,3087,1212,2.127,163.3
6472,-118.16,33.78,39,4075,1085,2470,1025,2.3317,222.5
6473,-118.16,33.78,52,3248,853,1819,815,3.1739,222.9
6474,-118.16,33.78,29,3684,1301,3891,1143,1.6955,179.7
6475,-118.15,33.78,13,3056,861,1600,824,3.3003,207.8
6476,-118.15,33.78,12,4436,1133,2176,1002,3.5812,198.6
6477,-118.15,33.78,35,2768,752,1277,651,3.6193,250
6478,-118.14,33.78,42,1898,488,940,483,3.4107,233.3
6479,-118.13,33.78,45,1016,172,361,163,7.5,434.5
6480,-118.14,33.77,49,2792,690,1301,648,3.2917,307.4
6481,-118.14,33.77,51,2812,621,1171,566,3.875,342.9
6482,-118.15,33.77,52,2204,498,899,445,4.1765,393.9
6483,-118.15,33.77,41,3448,896,1621,838,4.5,339.8
6484,-118.15,33.77,27,3043,787,1398,747,3.5528,271.1
6485,-118.14,33.76,37,3242,698,1080,629,3.901,432.5
6486,-118.16,33.72,29,2743,708,1059,651,3.625,500
6487,-118.15,33.76,36,2916,785,1183,749,3.5985,500.001
6488,-118.15,33.77,36,4366,1211,1912,1172,3.5292,361.8
6489,-118.13,33.76,44,1543,463,652,406,4.25,439.3
6490,-118.14,33.75,39,1995,634,867,567,4.0795,400
6491,-118.14,33.76,52,2677,642,1144,624,4.3889,378
6492,-118.14,33.76,50,2960,761,1179,718,3.5214,398.1
6493,-118.14,33.76,44,1633,536,741,513,3.385,408.3
6494,-118.14,33.77,52,2208,409,791,408,5.8408,500
6495,-118.14,33.76,50,914,167,322,165,4.7361,418.8
6496,-118.13,33.76,46,2834,673,1175,670,4.7875,363.8
6497,-118.13,33.76,44,2532,621,961,550,3.9352,406.9
6498,-118.12,33.76,43,3070,668,1240,646,3.7813,461.5
6499,-118.12,33.75,47,3330,569,1220,557,7.3672,500.001
6500,-118.12,33.75,41,2072,491,742,414,3.9934,500.001
6501,-118.14,33.71,36,2484,525,792,446,5.1815,500.001
6502,-118.1,33.76,15,4690,1002,1879,974,5.6051,267.4
6503,-118.11,33.77,15,9103,1847,3333,1712,5.1508,367.3
6504,-118.12,33.77,20,4534,954,1941,892,6.0362,463.5
6505,-118.12,33.77,10,7264,1137,2528,1057,10.2233,500.001
6506,-118.13,33.77,52,3697,691,1436,671,4.6852,395.2
6507,-118.13,33.77,37,4365,926,1661,868,5.3046,360.7
6508,-118.32,33.35,27,1675,521,744,331,2.1579,450
6509,-118.33,33.34,52,2359,591,1100,431,2.8333,414.7
6510,-118.32,33.33,52,2127,512,733,288,3.3906,300
6511,-118.32,33.34,52,996,264,341,160,2.7361,450
6512,-118.48,33.43,29,716,214,422,173,2.6042,287.5
6513,-118.29,33.96,32,3508,917,2794,839,1.554,100
6514,-118.3,33.95,36,1786,418,1367,393,1.5078,99.6
6515,-118.29,33.95,31,2839,792,2390,729,2,109.8
6516,-118.3,33.95,41,2057,550,1805,506,1.2455,100.8
6517,-118.3,33.95,27,1774,444,1622,402,2.2031,96.9
6518,-118.3,33.95,35,1182,305,977,283,1.5898,94
6519,-118.29,33.94,38,2407,630,1774,562,1.5615,108.6
6520,-118.3,33.94,36,3504,862,2521,836,2.5679,114.9
6521,-118.3,33.94,36,2041,531,1390,464,2.0114,99.3
6522,-118.29,33.94,32,2701,708,1880,590,1.6716,123.8
6523,-118.29,33.93,32,1815,488,1715,475,1.7244,111.2
6524,-118.3,33.93,35,1300,356,1216,326,1.2,99.2
6525,-118.3,33.93,36,2196,633,2017,583,1.3962,124.3
6526,-118.3,33.93,40,2434,477,1646,453,3.2024,128
6527,-118.31,33.94,44,1854,367,976,335,3.6583,126.7
6528,-118.31,33.94,40,1917,438,1021,383,2.2448,175
6529,-118.31,33.94,40,1323,243,684,229,3.2206,145.8
6530,-118.31,33.94,40,1550,278,798,270,3.775,153.8
6531,-118.31,33.93,42,1173,201,602,186,5.5787,142
6532,-118.32,33.94,37,2740,504,1468,479,4.5368,168.8
6533,-118.32,33.93,37,2379,462,1327,445,4.25,172.1
6534,-118.33,33.93,37,1831,356,925,338,4.4091,148.4
6535,-118.34,33.93,35,1213,284,742,253,4.0625,159.9
6536,-118.32,33.94,37,1487,296,863,291,3.1563,186.2
6537,-118.32,33.94,38,1067,170,499,169,4.6389,183.8
6538,-118.32,33.94,36,1722,280,830,261,4.0536,189
6539,-118.33,33.94,31,3757,1102,3288,964,1.9309,137.5
6540,-118.33,33.96,24,6513,1290,2636,1271,4.2099,189.8
6541,-118.32,33.95,44,2131,360,1040,330,5.0912,169.8
6542,-118.34,33.95,33,1923,459,1412,361,5.4359,194.1
6543,-118.32,33.97,52,1590,302,844,295,2.7139,164.9
6544,-118.32,33.96,47,1885,361,954,357,3.8512,171.3
6545,-118.32,33.96,47,1297,292,704,264,3.3214,166.5
6546,-118.34,33.97,45,2230,364,949,344,5.5,188.2
6547,-118.33,33.96,42,1686,361,737,319,2.3,189.2
6548,-118.33,33.96,42,2084,517,1062,451,2.0057,198.2
6549,-118.35,33.97,33,1495,474,1272,447,2.0694,143.5
6550,-118.35,33.97,25,1864,616,1710,575,2.2303,159.4
6551,-118.35,33.97,26,1725,431,1130,404,3.2708,128.1
6552,-118.35,33.97,26,3832,1074,2340,904,2.6734,143.4
6553,-118.35,33.98,33,1884,477,1518,449,3.1194,152.8
6554,-118.35,33.98,42,3081,680,1785,609,3.745,170.8
6555,-118.34,33.98,47,2649,684,2374,607,2.3882,137.7
6556,-118.34,33.98,45,1298,294,1064,268,3.7067,136.6
6557,-118.35,33.96,21,2714,881,1549,853,1.2094,157.5
6558,-118.35,33.96,26,2773,681,1560,631,3.1354,164.3
6559,-118.35,33.95,28,4770,1328,3201,1196,2.681,147.7
6560,-118.34,33.95,25,3762,1281,4015,1178,2.1587,143.8
6561,-118.35,33.95,30,2661,765,2324,724,3.0519,137.5
6562,-118.35,33.95,42,1779,431,1507,380,2.8892,159.8
6563,-118.36,33.95,42,1116,303,1082,299,3.7237,170.8
6564,-118.36,33.96,25,1849,518,1498,451,2.8378,170
6565,-118.36,33.96,26,3543,1055,2742,951,2.5504,151.3
6566,-118.36,33.95,26,3231,1089,3193,1020,2.6535,177.2
6567,-118.36,33.98,46,1425,283,782,273,5.057,246.3
6568,-118.36,33.98,39,813,185,344,154,3.5833,218.8
6569,-118.37,33.97,26,6672,1729,3333,1557,2.9646,179.8
6570,-118.37,33.97,21,3616,1060,2515,945,2.7464,153.1
6571,-118.36,33.98,29,2861,816,1715,775,2.7712,160.9
6572,-118.36,33.97,19,4651,1281,2917,1121,2.6823,142.5
6573,-118.36,33.96,17,3431,934,2365,810,3.0393,129.2
6574,-118.37,33.96,26,138,23,100,20,4.875,175
6575,-118.36,33.95,42,2532,627,2038,591,2.875,177.5
6576,-118.37,33.95,32,1067,286,1053,277,2.8438,181.7
6577,-118.37,33.95,52,836,175,747,166,4.125,174
6578,-118.36,33.94,39,1390,410,1666,371,3.3056,156.8
6579,-118.36,33.94,38,2169,688,3036,639,2.3125,148.5
6580,-118.37,33.94,29,2265,813,3425,781,2.3675,149.4
6581,-118.36,33.93,30,1132,347,1433,341,2.68,170
6582,-118.36,33.93,40,1625,500,2036,476,2.6298,156.5
6583,-118.36,33.94,33,939,284,1309,250,3.4063,152.3
6584,-118.34,33.93,36,1528,486,1824,470,2.2679,153.9
6585,-118.35,33.93,35,1050,252,918,236,1.7344,146.9
6586,-118.35,33.93,34,617,189,810,180,1.9766,162.5
6587,-118.35,33.93,33,2040,576,2649,561,2.3375,170.6
6588,-118.35,33.94,35,1451,435,1888,420,2.8462,149.1
6589,-118.35,33.94,38,1794,508,2188,454,2.6654,142.2
6590,-118.35,33.94,42,1028,278,1369,261,3.3125,144.6
6591,-118.34,33.94,37,3107,903,3456,734,2.182,147.5
6592,-118.34,33.94,36,2796,1041,4033,944,2.4886,160.7
6593,-118.33,33.93,37,4916,1134,3533,1035,3.2862,152.3
6594,-118.34,33.93,33,4294,1224,4512,1189,2.8304,143.7
6595,-118.34,33.93,32,1254,399,1281,386,2.2976,155.7
6596,-118.34,33.93,37,1638,407,1341,369,3.0677,167.7
6597,-118.35,33.93,26,3156,857,2394,787,3.01,191.9
6598,-118.35,33.93,31,2746,697,1973,598,3.5139,192.8
6599,-118.35,33.93,25,2260,692,1603,673,2.11,223.3
6600,-118.36,33.93,27,4445,1231,3340,1113,3.1656,204.5
6601,-118.35,33.92,24,2728,845,2023,773,2.75,239.7
6602,-118.35,33.92,29,736,232,584,231,3.6167,200
6603,-118.36,33.92,26,3695,1144,2308,1009,2.6667,229.3
6604,-118.36,33.92,19,2807,883,1546,815,2.6375,233.8
6605,-118.36,33.93,19,3103,918,2033,738,2.6961,212.5
6606,-118.37,33.92,44,938,181,502,171,4.4722,218.3
6607,-118.37,33.92,36,1075,197,509,197,4.9688,238.9
6608,-118.37,33.92,40,928,187,521,185,5.5255,242.7
6609,-118.37,33.92,39,1073,206,556,204,4.8611,245.6
6610,-118.37,33.93,46,1130,201,503,196,4.4861,246.3
6611,-118.36,33.93,44,520,116,392,106,3.0132,202.5
6612,-118.36,33.91,41,2048,439,1191,429,3.8,222.5
6613,-118.36,33.9,42,1935,388,1136,379,4.74,230
6614,-118.36,33.9,40,1271,276,725,234,5.0452,231.9
6615,-118.37,33.91,35,1742,283,812,282,5.6704,303.7
6616,-118.37,33.9,35,1651,269,707,252,5.6482,294.8
6617,-118.37,33.9,32,332,103,177,102,3.3409,256.3
6618,-118.35,33.91,19,1949,559,1282,498,2.7813,231.3
6619,-118.35,33.91,31,2583,663,1675,612,3.5234,265
6620,-118.35,33.91,26,2159,523,1331,520,3.87,264.5
6621,-118.35,33.91,25,1884,554,1337,549,2.8512,272.8
6622,-118.35,33.9,25,3309,902,2299,837,3.0417,237
6623,-118.35,33.91,29,2461,535,1236,482,4.8409,244
6624,-118.35,33.91,34,2055,448,1134,408,3.825,235.4
6625,-118.36,33.91,36,2064,474,1366,421,4.1,243.1
6626,-118.36,33.9,39,1166,222,640,206,3.5313,230.4
6627,-118.33,33.92,23,969,288,670,251,3.267,185.4
6628,-118.34,33.91,17,3724,1023,2536,971,3.2649,202.1
6629,-118.33,33.91,35,1092,302,962,297,3.5903,183.3
6630,-118.34,33.91,8,3937,1404,2691,1142,2.4741,185.7
6631,-118.34,33.92,6,1047,271,740,248,3.425,193.8
6632,-118.34,33.91,12,9975,3638,7429,3405,2.6689,192.3
6633,-118.33,33.91,8,10731,3335,7211,3028,2.455,192.7
6634,-118.31,33.91,31,1415,339,874,289,3.8173,177.9
6635,-118.32,33.91,33,1729,396,1073,344,4.2083,180.5
6636,-118.32,33.91,34,3041,677,1920,640,4.5304,181.3
6637,-118.32,33.9,35,3189,680,1882,651,3.6625,188
6638,-118.31,33.92,35,1307,246,672,219,4.8456,146.4
6639,-118.32,33.92,35,1281,219,710,184,4.8304,152.8
6640,-118.29,33.93,31,3894,1017,3590,962,2.0437,137.2
6641,-118.29,33.92,34,1799,362,1293,355,3.692,145.2
6642,-118.3,33.92,34,2053,382,1258,380,3.0139,154.7
6643,-118.3,33.93,29,2228,396,1140,352,3.7969,169.4
6644,-118.3,33.91,30,1842,476,1491,420,3.0147,155.1
6645,-118.31,33.9,28,1576,400,891,378,2.6312,171.3
6646,-118.29,33.91,28,1501,446,1028,418,2.3043,177.5
6647,-118.3,33.9,29,2617,668,1868,647,3.6,208.8
6648,-118.3,33.9,27,3267,762,2099,647,3.4,224.1
6649,-118.3,33.9,13,2455,661,1975,618,2.9559,173.6
6650,-118.3,33.9,19,2421,689,1726,660,3.287,181.4
6651,-118.3,33.89,30,2756,858,1806,787,3.0329,207.8
6652,-118.3,33.89,37,2132,565,1369,565,3.285,218.1
6653,-118.29,33.89,33,2138,567,1072,528,2.7428,208.9
6654,-118.29,33.89,32,2355,583,1605,571,4.2171,218.2
6655,-118.29,33.88,36,1751,438,1175,419,3.0739,218.6
6656,-118.29,33.88,21,4946,1231,3186,1167,3.3281,237
6657,-118.3,33.87,27,3144,722,1510,680,3.1597,214.7
6658,-118.3,33.88,29,850,229,563,204,3.7375,247.7
6659,-118.3,33.88,30,1348,333,885,322,3.2574,195.3
6660,-118.3,33.88,35,3227,749,1881,696,2.8445,242.1
6661,-118.31,33.88,32,2421,671,1491,587,3.5644,242.3
6662,-118.31,33.88,35,1939,412,1036,400,3.5556,238
6663,-118.31,33.88,21,1490,430,686,400,2.3812,237.5
6664,-118.31,33.9,30,2407,581,1724,531,3.4792,194.7
6665,-118.31,33.89,37,2278,508,1257,498,3.7639,220.6
6666,-118.31,33.89,35,2144,423,1192,417,4.1458,231.5
6667,-118.32,33.9,36,1520,300,831,291,4.0473,212.1
6668,-118.32,33.89,44,1300,252,695,249,5.1669,220.6
6669,-118.32,33.89,34,2675,560,1270,492,4.5053,242
6670,-118.33,33.9,21,6603,1984,5546,1745,2.6091,163.9
6671,-118.34,33.9,23,2395,498,1309,493,4.9779,224.6
6672,-118.33,33.89,39,1880,361,982,357,4.1953,226.9
6673,-118.33,33.89,42,1816,338,897,306,5.1874,230.8
6674,-118.35,33.9,13,2887,853,2197,800,2.8777,207.9
6675,-118.35,33.9,31,1547,344,956,287,3.4698,225
6676,-118.35,33.89,29,2940,708,2175,684,3.6486,229
6677,-118.35,33.89,34,1740,387,1249,375,4.1552,233.9
6678,-118.36,33.9,41,1355,349,655,329,2.9551,205
6679,-118.35,33.9,22,1127,287,697,241,3.3971,220.3
6680,-118.35,33.89,30,1143,299,776,273,4.2829,240
6681,-118.36,33.89,37,1719,426,1266,424,3.375,228
6682,-118.36,33.9,18,3380,922,2276,854,4.0727,214
6683,-118.36,33.89,27,2837,684,2141,648,3.1325,215
6684,-118.36,33.88,33,2408,534,1644,523,4.2454,236.8
6685,-118.36,33.88,28,1313,319,827,308,2.65,260.8
6686,-118.36,33.88,25,2845,710,1611,628,3.2049,267.4
6687,-118.36,33.88,22,1388,336,930,287,2.7981,275
6688,-118.36,33.88,26,1375,286,829,278,3.9844,230.7
6689,-118.35,33.89,25,1769,440,1371,414,3.0833,232.7
6690,-118.35,33.88,36,1583,411,1097,350,4.0737,238.2
6691,-118.34,33.88,42,725,183,493,172,3.2589,233.3
6692,-118.35,33.88,44,822,180,480,177,4.4,225.8
6693,-118.35,33.88,25,1459,362,1150,354,3.35,237.5
6694,-118.3,33.74,40,1896,416,950,383,2.425,255
6695,-118.4,33.92,32,2828,629,1313,534,4.5987,363.8
6696,-118.41,33.93,38,3328,625,1455,619,5.0596,363.9
6697,-118.41,33.92,32,2590,607,1132,555,4.2333,358
6698,-118.41,33.92,22,2340,584,1141,554,4.5729,337.5
6699,-118.41,33.93,22,2514,605,1225,568,4.1818,339.7
6700,-118.41,33.92,38,1437,272,590,250,5.2338,358
6701,-118.41,33.92,29,1436,401,674,343,3.6389,275
6702,-118.42,33.92,25,3521,852,1524,764,3.8086,361.3
6703,-118.42,33.92,41,1621,279,756,277,5.0594,346
6704,-118.42,33.93,28,4603,993,2191,943,4.5743,382.2
6705,-118.42,33.9,29,1929,523,686,455,5.5347,500.001
6706,-118.43,33.9,27,1536,377,553,326,5.4088,500.001
6707,-118.4,33.9,34,2674,435,1087,431,7.3151,492.2
6708,-118.4,33.9,37,2458,400,920,375,7.8924,500.001
6709,-118.41,33.9,39,2311,404,1044,380,8.468,472.1
6710,-118.44,33.88,35,2020,451,724,399,6.6494,500.001
6711,-118.42,33.9,37,1576,345,662,340,5.308,500.001
6712,-118.42,33.9,43,1394,321,552,296,5.9596,500.001
6713,-118.41,33.89,38,4166,828,1600,770,6.3861,500.001
6714,-118.41,33.89,34,2959,639,1143,593,6.348,500.001
6715,-118.41,33.89,31,702,161,236,144,5.0497,500.001
6716,-118.4,33.9,38,2868,466,1098,438,7.9059,477.1
6717,-118.4,33.89,36,2334,430,1033,407,6.6321,481.5
6718,-118.4,33.89,31,2926,492,1149,476,7.9611,500.001
6719,-118.4,33.89,36,2127,314,807,306,8.1596,500.001
6720,-118.39,33.9,7,4314,725,1699,718,8.2037,500.001
6721,-118.38,33.89,35,1778,330,732,312,6.5745,379.3
6722,-118.39,33.89,30,2532,464,1056,419,6.3434,460.4
6723,-118.39,33.89,38,1851,332,750,314,7.3356,422.7
6724,-118.37,33.88,21,966,172,417,158,5.5335,342.6
6725,-118.38,33.88,33,1313,244,561,217,5.2999,359.4
6726,-118.37,33.89,21,2696,548,1142,473,5.6091,356.8
6727,-118.36,33.88,31,2518,543,1107,508,4.7404,295.8
6728,-118.36,33.87,19,2512,575,1275,544,4.9375,293
6729,-118.37,33.87,19,757,148,361,141,6.02,304.2
6730,-118.37,33.88,27,1688,331,811,327,4.5357,334.2
6731,-118.38,33.87,27,2287,491,1101,466,4.675,316.9
6732,-118.38,33.88,27,3039,606,1421,564,5.5771,345.5
6733,-118.37,33.88,26,2620,530,1282,525,4.4828,340.7
6734,-118.36,33.87,17,1082,291,598,281,3.9868,281.9
6735,-118.36,33.87,22,2114,541,1300,538,3.4208,290
6736,-118.37,33.87,18,2516,485,1128,433,5.0114,338.6
6737,-118.37,33.87,13,2907,726,1573,694,3.5048,294
6738,-118.36,33.86,35,2126,434,1044,433,5.5456,297.4
6739,-118.36,33.86,37,1768,314,802,290,5.0784,295.9
6740,-118.36,33.86,34,1865,345,963,302,5.543,305.9
6741,-118.37,33.86,28,2685,581,1243,529,4.119,324
6742,-118.38,33.87,21,4151,1018,2054,925,4.9821,292.9
6743,-118.38,33.87,23,2387,418,1008,415,5.8518,337.9
6744,-118.39,33.87,19,3303,584,1329,569,7.521,340.4
6745,-118.38,33.86,12,4235,735,1798,683,6.4242,365.5
6746,-118.38,33.86,29,2787,475,1182,444,6.7613,352.7
6747,-118.38,33.86,24,3124,560,1312,542,6.3021,333.8
6748,-118.38,33.87,33,1993,371,918,361,6.9021,337.6
6749,-118.38,33.88,39,1489,282,743,270,4.8611,456.1
6750,-118.38,33.88,34,1830,315,822,307,5.0602,453.7
6751,-118.39,33.88,34,1973,367,843,345,6.077,472.7
6752,-118.39,33.88,33,2543,439,1098,416,5.9683,495.5
6753,-118.39,33.88,35,1267,216,521,191,6.0441,470
6754,-118.38,33.88,36,2501,443,1031,422,4.75,442.1
6755,-118.4,33.88,36,1543,214,474,187,9.3399,500.001
6756,-118.4,33.88,35,1753,296,615,275,7.5,500.001
6757,-118.41,33.88,34,540,107,213,104,6.3403,500.001
6758,-118.41,33.88,43,2492,449,1033,437,7.9614,500.001
6759,-118.41,33.88,40,925,254,371,227,5.2533,500.001
6760,-118.41,33.88,34,1471,308,498,264,7.0842,500.001
6761,-118.43,33.87,41,847,173,344,170,6.822,500.001
6762,-118.4,33.87,26,6712,1441,2803,1394,5.2276,434.5
6763,-118.39,33.87,34,2395,469,1087,438,5.9683,394.6
6764,-118.43,33.86,34,358,87,162,84,7.1264,500.001
6765,-118.4,33.88,42,1516,341,634,327,6.2356,472.7
6766,-118.4,33.87,38,2398,431,911,392,5.2319,500.001
6767,-118.4,33.87,45,2093,497,842,472,6.3231,500.001
6768,-118.4,33.87,34,3145,786,1352,727,5.0976,469.8
6769,-118.4,33.87,45,2181,505,965,471,5.3816,500.001
6770,-118.39,33.86,34,2361,442,915,437,5.687,392.4
6771,-118.39,33.86,24,2386,582,1152,568,4.8971,400.7
6772,-118.4,33.86,18,5152,1365,2286,1243,5.1677,380.8
6773,-118.4,33.85,29,2085,533,919,489,5.6017,430
6774,-118.4,33.86,41,2237,597,938,523,4.7105,500.001
6775,-118.42,33.85,43,1584,477,799,433,5.0322,435
6776,-118.38,33.85,28,4430,928,2131,885,4.9384,378.1
6777,-118.38,33.85,31,3533,729,1647,679,5.5843,384.6
6778,-118.39,33.85,24,4373,871,1830,824,5.7128,366.2
6779,-118.41,33.85,16,6123,1989,2853,1789,4.425,336.4
6780,-118.39,33.85,17,1610,379,670,341,4.3594,349
6781,-118.38,33.84,25,5775,1149,2637,1117,5.4968,379.8
6782,-118.38,33.83,40,3070,570,1264,506,5.1626,432.7
6783,-118.38,33.84,26,2869,567,1157,538,6.0382,355.3
6784,-118.39,33.84,16,2472,572,965,529,5.137,348.6
6785,-118.43,33.83,19,6206,1611,2455,1472,5.145,420.2
6786,-118.39,33.83,32,2075,539,954,519,5.637,500.001
6787,-118.39,33.82,30,3433,918,1526,828,4.5817,500.001
6788,-118.43,33.82,34,2112,614,946,574,4.6048,500.001
6789,-118.38,33.82,35,3053,623,1311,589,5.1589,439.2
6790,-118.38,33.82,38,1318,237,547,225,6.0308,416.7
6791,-118.38,33.83,35,2152,454,902,414,4.5179,427.2
6792,-118.31,33.88,33,2147,505,1371,498,2.4219,260.7
6793,-118.32,33.87,28,3763,762,1967,724,5.3244,271.9
6794,-118.32,33.88,35,1818,339,828,319,4.3036,282.1
6795,-118.32,33.88,34,1803,341,947,333,5.5538,280.3
6796,-118.32,33.88,37,1402,254,722,251,6.4781,269
6797,-118.33,33.88,30,1856,444,899,435,3.1505,270
6798,-118.33,33.88,36,1271,346,811,345,3.2417,283.3
6799,-118.33,33.87,44,724,133,373,133,3.9167,265.6
6800,-118.34,33.87,28,4605,1188,2558,1093,3.6988,266.6
6801,-118.34,33.88,31,3122,727,1885,715,3.8657,298.4
6802,-118.31,33.87,27,3348,695,1545,625,4.7543,296.3
6803,-118.31,33.86,29,2243,361,1051,352,6.6632,325.2
6804,-118.32,33.86,32,3485,678,1715,649,4.6563,291.7
6805,-118.34,33.87,34,1069,217,601,212,4.6406,255.9
6806,-118.33,33.87,36,2219,406,1219,403,4.2614,267.1
6807,-118.33,33.86,38,914,176,519,174,6.0335,255.4
6808,-118.33,33.86,36,854,160,473,150,6.3992,259.6
6809,-118.33,33.86,38,1059,218,561,205,4,248.6
6810,-118.34,33.87,28,2948,566,1445,524,5.3743,286.5
6811,-118.35,33.87,34,2823,500,1429,483,5.5,279.6
6812,-118.35,33.87,28,2319,579,1369,564,3.6169,257
6813,-118.35,33.86,28,2075,463,1216,446,3.9732,281.5
6814,-118.35,33.86,24,2139,481,971,418,4.3859,271.3
6815,-118.33,33.84,36,1364,251,668,245,5.3131,314.1
6816,-118.34,33.84,36,1407,231,676,231,5.269,331.9
6817,-118.34,33.83,34,1761,329,965,329,5.399,358.5
6818,-118.34,33.83,35,1818,353,853,321,5.8972,350.9
6819,-118.36,33.86,37,1249,218,583,214,5.7422,330.7
6820,-118.35,33.85,34,1770,291,916,289,5,354.2
6821,-118.35,33.85,35,1248,206,551,185,5.6426,348.2
6822,-118.36,33.85,36,1390,230,683,219,4.8906,334.4
6823,-118.36,33.85,34,1086,197,509,158,6.1133,349.3
6824,-118.35,33.84,22,13133,3680,7180,3522,3.5414,354.7
6825,-118.36,33.84,22,11016,3170,6664,2838,3.703,361.3
6826,-118.37,33.84,27,3245,605,1572,556,5.3773,379
6827,-118.35,33.83,36,1102,193,522,172,6.1187,342
6828,-118.36,33.83,36,1660,300,943,300,5.1984,353.6
6829,-118.36,33.84,35,1577,279,743,274,5.7654,343
6830,-118.36,33.83,35,1378,247,645,217,5.9143,343.4
6831,-118.37,33.84,32,1751,328,819,323,6.7105,339
6832,-118.33,33.83,5,13038,2679,5272,2523,5.5023,286.4
6833,-118.32,33.85,42,3146,770,1859,740,3.5073,234.8
6834,-118.31,33.84,52,1819,464,1068,424,3.625,270.7
6835,-118.32,33.83,51,2399,516,1160,514,3.8456,318.9
6836,-118.32,33.84,42,1486,420,897,377,1.6228,376.1
6837,-118.31,33.83,50,696,311,382,234,2.775,225
6838,-118.31,33.83,45,2929,755,1635,652,2.9375,273
6839,-118.31,33.82,35,3462,814,1902,700,3.402,279.9
6840,-118.31,33.82,26,2345,408,1195,377,5.4925,361.7
6841,-118.31,33.81,23,3942,748,1679,711,4.1169,362.6
6842,-118.31,33.81,30,1773,356,905,352,4.3056,336
6843,-118.32,33.82,25,2587,512,1219,509,4.4271,382.1
6844,-118.32,33.82,22,2508,402,1254,395,7.0935,379.5
6845,-118.32,33.81,28,2142,445,1140,422,4.8438,346.2
6846,-118.32,33.81,27,2113,380,1109,360,4.7062,357
6847,-118.34,33.8,25,4177,832,2123,789,5.0814,446.8
6848,-118.35,33.82,28,7591,1710,3420,1635,4.0708,328.9
6849,-118.36,33.82,36,1784,311,901,293,6.2247,339
6850,-118.37,33.82,39,2794,444,1319,441,5.878,387.8
6851,-118.37,33.82,36,2463,447,1125,424,6.0176,352.7
6852,-118.37,33.82,36,2416,394,1115,386,6.256,366.9
6853,-118.36,33.82,36,1083,187,522,187,5.7765,339.5
6854,-118.36,33.82,26,5166,1313,2738,1239,3.3565,360.8
6855,-118.36,33.82,28,67,15,49,11,6.1359,330
6856,-118.36,33.81,25,9042,2022,4458,1944,4.5592,378.8
6857,-118.37,33.81,36,2031,339,817,337,5.1271,458.3
6858,-118.38,33.81,33,2349,407,954,373,6.4956,483.6
6859,-118.38,33.81,20,1975,306,703,292,8.5491,410.3
6860,-118.44,33.81,33,3994,990,1647,931,5.0106,500.001
6861,-118.36,33.81,34,2211,502,1113,488,4.7026,356.8
6862,-118.37,33.81,33,5057,790,2021,748,6.8553,482.2
6863,-118.37,33.81,36,1283,209,563,209,6.9296,500.001
6864,-118.38,33.81,41,1889,301,802,278,6.015,488.5
6865,-118.38,33.81,39,2400,373,877,372,5.7361,500.001
6866,-118.34,33.8,34,1730,427,1008,393,3.9408,327.7
6867,-118.34,33.8,33,2194,469,987,397,5.0951,318.9
6868,-118.35,33.8,32,1434,296,672,285,4.875,311.7
6869,-118.35,33.8,19,6224,1105,3152,1076,5.9541,500.001
6870,-118.31,33.8,29,2795,572,1469,557,3.7167,308.9
6871,-118.32,33.8,29,3254,717,1593,680,4.0536,285.8
6872,-118.31,33.79,35,2290,563,1374,530,3.2472,254.7
6873,-118.31,33.8,31,4464,991,2420,947,4.0425,277.9
6874,-118.32,33.8,39,1415,298,729,278,3.1648,244.8
6875,-118.32,33.79,35,2924,658,1675,602,3.8287,279.9
6876,-118.32,33.8,29,4317,1037,2102,959,3.1275,286.4
6877,-118.31,33.79,38,1601,352,711,304,3.3958,250
6878,-118.31,33.78,30,4573,819,2411,819,3.5804,383.8
6879,-118.32,33.79,21,6638,1634,3240,1568,3.6797,271.1
6880,-118.34,33.78,25,11016,1626,4168,1584,8.1782,500.001
6881,-118.36,33.79,34,5166,704,2071,668,8.3609,500.001
6882,-118.37,33.79,36,1596,234,654,223,8.2064,500.001
6883,-118.36,33.8,38,2553,400,1042,393,6.9742,500.001
6884,-118.38,33.8,36,4421,702,1433,624,8.0838,500.001
6885,-118.39,33.79,30,4402,563,1582,551,10.898,500.001
6886,-118.4,33.78,24,4787,562,1653,548,12.9758,500.001
6887,-118.44,33.79,27,2141,260,635,240,11.6648,500.001
6888,-118.41,33.77,22,7554,991,2808,946,10.06,500.001
6889,-118.46,33.77,28,3065,406,1101,391,10.5536,500.001
6890,-118.42,33.78,36,2093,303,802,300,8.0957,500.001
6891,-118.38,33.77,21,11353,1537,4649,1504,9.821,500.001
6892,-118.38,33.77,17,10950,2207,4713,2043,6.3064,418.3
6893,-118.38,33.79,32,10445,1620,4474,1576,7.7042,500.001
6894,-118.42,33.75,22,17591,2604,6897,2492,8.2831,500.001
6895,-118.34,33.76,34,5586,674,1871,636,15.0001,500.001
6896,-118.35,33.74,25,8272,1132,3392,1132,10.0973,500.001
6897,-118.38,33.75,23,8277,1290,3176,1159,7.6986,500.001
6898,-118.39,33.71,18,1193,233,475,228,7.5594,500.001
6899,-118.41,33.75,4,311,51,128,46,9.8091,500.001
6900,-118.31,33.77,20,5776,956,2757,936,6.6447,416.8
6901,-118.31,33.75,36,2715,474,1303,457,4.6042,357.3
6902,-118.31,33.75,34,2338,393,1031,373,6.287,396.4
6903,-118.33,33.77,33,4244,595,1534,557,9.8214,500.001
6904,-118.32,33.75,33,2996,398,1048,387,9.267,500.001
6905,-118.35,34.09,35,1989,634,1108,593,1.6081,288.9
6906,-118.35,34.09,35,2234,689,1334,662,2.5444,236.1
6907,-118.36,34.09,34,2832,883,1594,843,1.7558,312.5
6908,-118.36,34.09,36,1616,465,773,429,2.6,313.6
6909,-118.36,34.09,33,3463,1170,1845,1134,2.0205,243.8
6910,-118.36,34.09,30,2353,728,1365,718,2.0702,283.3
6911,-118.36,34.1,37,7097,2010,2913,1939,2.875,300
6912,-118.36,34.09,28,1111,300,526,294,2.6136,383.3
6913,-118.37,34.09,38,1349,344,547,309,3.2159,383.3
6914,-118.37,34.09,38,4408,1295,1690,1229,3.0156,300
6915,-118.37,34.09,33,3180,865,1347,841,4.0651,500.001
6916,-118.37,34.09,31,6348,1827,2559,1755,3.2818,225
6917,-118.37,34.09,22,4247,1253,1766,1170,3.1517,341.7
6918,-118.37,34.09,24,630,172,257,147,5.5224,400
6919,-118.37,34.08,28,4376,1202,1847,1128,2.6713,312.5
6920,-118.38,34.08,52,1479,360,652,346,2.945,431.4
6921,-118.38,34.08,30,4524,1312,1910,1243,2.8889,335.3
6922,-118.39,34.08,52,1244,304,444,282,3.5114,430.8
6923,-118.38,34.08,48,1226,288,370,264,3.9375,450
6924,-118.38,34.09,24,8264,2437,3148,2274,3.5659,281.3
6925,-118.38,34.09,28,4001,1352,1799,1220,2.5784,272.9
6926,-118.39,34.09,27,4312,1214,1634,1097,3.6207,362.5
6927,-118.39,34.09,28,2347,608,785,548,4.4167,425
6928,-118.39,34.08,28,833,230,349,210,3.067,375
6929,-118.4,34.09,45,2686,283,857,259,15.0001,500.001
6930,-118.39,34.08,52,3759,464,1407,422,15.0001,500.001
6931,-118.4,34.08,52,3815,439,1266,413,15.0001,500.001
6932,-118.41,34.09,37,2716,302,809,291,15.0001,500.001
6933,-118.42,34.09,40,3552,392,1024,370,15.0001,500.001
6934,-118.42,34.08,48,2413,261,770,248,15.0001,500.001
6935,-118.41,34.07,52,3562,394,1163,361,15.0001,500.001
6936,-118.41,34.07,52,1202,142,408,138,15.0001,500.001
6937,-118.38,34.07,48,2799,596,1235,561,4.4896,500.001
6938,-118.39,34.07,33,5301,1281,2243,1159,4.2386,500.001
6939,-118.39,34.08,27,6605,1710,2665,1520,3.8088,500.001
6940,-118.4,34.07,22,2170,593,850,520,2.9107,500.001
6941,-118.37,34.06,36,1661,395,690,365,3.3438,500.001
6942,-118.38,34.06,50,1509,291,690,259,6.2344,500.001
6943,-118.39,34.06,52,1213,194,503,194,8.0095,500.001
6944,-118.38,34.06,52,1311,217,578,205,7.6771,500.001
6945,-118.39,34.06,43,1879,397,873,382,3.8158,500.001
6946,-118.39,34.06,37,2975,705,1291,654,5.3316,500.001
6947,-118.39,34.06,39,3299,831,1649,759,3.3295,500.001
6948,-118.4,34.06,37,3781,873,1725,838,4.1455,500.001
6949,-118.4,34.06,47,3652,967,1438,887,3.6964,500.001
6950,-118.4,34.06,52,1871,326,646,284,8.2961,500.001
6951,-118.4,34.06,52,2501,362,748,349,6.6343,500.001
6952,-118.41,34.06,43,2665,556,1015,506,4.1411,500.001
6953,-118.41,34.06,43,4994,1057,1830,969,5.5321,500.001
6954,-118.41,34.07,47,2979,626,1076,571,3.9904,500.001
6955,-118.49,34.05,52,2416,291,810,270,13.8556,500.001
6956,-118.49,34.04,50,2597,340,964,339,13.3036,500.001
6957,-118.49,34.04,48,2381,345,859,306,8.0257,500.001
6958,-118.5,34.04,52,2233,317,769,277,8.3839,500.001
6959,-118.49,34.04,31,4066,951,1532,868,4.8125,500.001
6960,-118.49,34.03,30,4061,927,1487,865,4.1827,435.1
6961,-118.5,34.03,52,1506,208,547,186,7.8705,500.001
6962,-118.5,34.03,52,1711,245,671,242,7.7572,500.001
6963,-118.5,34.03,44,2146,394,851,355,6.48,500.001
6964,-118.52,34.02,24,7418,1755,2713,1577,5.0867,500.001
6965,-118.49,34.03,31,4949,1293,1985,1244,4.252,436.7
6966,-118.5,34.03,32,6365,1784,2767,1698,3.6451,383.3
6967,-118.5,34.02,28,5109,1482,2313,1451,3.3266,483.3
6968,-118.5,34.02,24,2924,1013,1492,943,2.775,291.7
6969,-118.5,34.02,35,2914,934,1334,870,2.9934,350
6970,-118.52,34.01,25,2757,738,1014,633,3.1433,500.001
6971,-118.49,34.03,32,3851,900,1456,836,4.5208,442.1
6972,-118.49,34.03,31,3155,808,1208,745,3.6769,450
6973,-118.49,34.02,27,4725,1185,1945,1177,4.1365,470.8
6974,-118.48,34.03,32,1793,476,1143,448,2.8981,353.6
6975,-118.49,34.02,28,2545,752,1548,679,2.9125,475
6976,-118.49,34.02,29,2709,799,1238,793,3.1563,330
6977,-118.48,34.04,47,1956,277,724,277,8.9616,500.001
6978,-118.48,34.04,49,3780,741,1435,690,4.3158,500.001
6979,-118.48,34.04,40,1395,285,610,262,3.9659,500.001
6980,-118.48,34.04,36,2539,535,979,500,3.6667,500.001
6981,-118.47,34.04,32,2909,748,1310,706,4.516,350
6982,-118.47,34.03,32,3024,784,1323,740,3.3889,347.9
6983,-118.48,34.03,39,1530,401,1074,375,3.5076,381.8
6984,-118.47,34.03,29,3287,882,1523,823,3.7381,290.6
6985,-118.47,34.03,31,2642,681,1303,625,3.5987,340.5
6986,-118.48,34.03,19,902,284,414,272,1.3333,310
6987,-118.48,34.02,22,1249,483,1106,481,2.5261,375
6988,-118.48,34.02,29,1585,542,1019,487,2.7072,375
6989,-118.49,34.02,30,2075,687,1026,592,3.1635,366.7
6990,-118.46,34.03,27,1965,631,1042,596,2.75,327.3
6991,-118.46,34.02,29,2329,833,1953,800,2.6639,233.3
6992,-118.47,34.02,38,2163,651,1759,584,2.3382,297.5
6993,-118.47,34.02,35,3057,774,2223,732,2.0745,332.5
6994,-118.48,34.02,30,2027,609,1425,562,2.2917,330.8
6995,-118.48,34.02,25,1583,460,983,422,2.7019,293.8
6996,-118.49,34.02,28,1394,582,716,543,1.5132,450
6997,-118.49,34.01,28,651,252,333,174,1.9722,500.001
6998,-118.51,34,52,1241,502,679,459,2.3098,500.001
6999,-118.48,34.01,31,2851,804,1410,782,4.0893,381.5
7000,-118.48,34,41,2584,743,1058,668,3.2061,370
7001,-118.48,34.01,30,3078,954,1561,901,3.4852,425
7002,-118.49,34,32,3407,1071,1463,986,3.0369,500.001
7003,-118.48,34.01,31,1829,458,719,392,4.4,353.8
7004,-118.47,34,28,1259,302,668,280,4.2813,384.4
7005,-118.48,34,25,4149,1067,1749,1000,3.9722,450
7006,-118.48,34,29,1727,479,741,431,3.6121,500
7007,-118.48,34,52,1359,395,521,368,2.6736,500.001
7008,-118.5,33.99,22,3484,975,1268,952,3.2609,500.001
7009,-118.47,34.01,44,2175,475,1019,448,4.793,470.8
7010,-118.47,34.01,41,2704,557,1047,478,4.4211,462.9
7011,-118.48,34.01,40,2198,611,1023,567,3.755,398.3
7012,-118.46,34.01,48,1640,322,664,301,4,500.001
7013,-118.47,34.01,43,1160,304,393,250,2.9167,461.1
7014,-118.47,34.01,27,1782,471,837,422,3.7727,413
7015,-118.45,34.02,41,2956,700,1212,645,3.4583,421.9
7016,-118.46,34.02,45,3803,970,1690,871,3.0476,456.2
7017,-118.46,34.02,46,2571,502,1225,501,6.0436,473
7018,-118.46,34.02,39,3599,776,1569,763,5.2571,405.4
7019,-118.38,34.03,44,1913,441,1295,432,3.9537,266.4
7020,-118.38,34.02,45,2098,486,1343,481,3.9615,268.6
7021,-118.39,34.02,38,2447,636,1312,574,3.5909,279.4
7022,-118.39,34.02,45,1577,421,1042,375,3.4375,314.5
7023,-118.38,34.01,18,9528,2075,3922,1920,4.7612,304.1
7024,-118.39,34.02,38,2521,647,1091,597,4.1296,322.9
7025,-118.39,34.01,35,4424,918,2101,888,3.9688,355.1
7026,-118.4,34.02,40,593,137,371,132,4.6932,332.8
7027,-118.39,34,40,1565,269,826,268,5.2035,485.7
7028,-118.39,33.99,32,2612,418,1030,402,6.603,369.2
7029,-118.39,34,35,1465,386,1104,345,4.056,339.1
7030,-118.4,33.99,36,1280,240,704,217,5.9632,328.1
7031,-118.4,34,44,2122,385,1012,367,4.6687,344.3
7032,-118.41,34.01,44,2010,394,961,365,4.5982,333.5
7033,-118.41,34.01,26,2503,449,1218,426,5.3683,500.001
7034,-118.41,34.01,43,2000,529,1290,514,4.7031,302.5
7035,-118.41,34.01,33,3306,974,2475,924,2.8797,285.3
7036,-118.42,34.01,42,1700,438,997,436,2.9213,305
7037,-118.41,34,46,105,20,69,19,3.9643,275
7038,-118.42,34,33,1139,299,734,257,3.2708,325
7039,-118.43,34,37,1340,358,1008,340,3.7614,314.3
7040,-118.43,33.99,45,2092,451,1190,429,3.8021,323
7041,-118.44,33.99,44,305,72,156,70,5.9641,275
7042,-118.44,33.98,21,18132,5419,7431,4930,5.3359,500.001
7043,-118.38,33.99,21,11308,3039,5127,2839,4.6277,228.3
7044,-118.36,33.99,35,3702,648,1449,614,5.3194,313.7
7045,-118.37,33.99,36,3228,543,1305,520,5.1695,397
7046,-118.38,33.98,25,7105,1012,2519,1004,6.8112,500.001
7047,-118.36,33.99,43,2657,548,1145,524,4.1375,287.1
7048,-118.36,33.99,45,2005,368,909,364,4.6406,268.9
7049,-118.35,33.99,45,1764,401,679,334,3.2021,222.1
7050,-118.34,34,44,3183,513,1183,473,5.0407,314.9
7051,-118.34,34,49,2863,411,1108,406,5.8993,313.3
7052,-118.34,34,49,2465,372,1018,359,4,296.8
7053,-118.34,33.99,47,1107,199,437,178,3.7344,179.4
7054,-118.34,33.99,48,1172,205,497,190,3.825,183
7055,-118.6,34.13,20,14291,1934,5452,1875,9.1232,472
7056,-118.58,34.12,42,718,140,324,131,6.4018,500.001
7057,-118.59,34.11,35,2396,472,1054,457,6.4504,407
7058,-118.6,34.09,43,2228,438,960,395,7.6091,438.5
7059,-118.6,34.08,40,866,181,399,176,6.91,380
7060,-118.63,34.11,35,3795,690,1521,653,5.8735,448.1
7061,-118.67,34.16,17,16544,2206,6214,2118,9.1228,500.001
7062,-118.68,34.13,9,11251,1594,3029,1227,6.7273,500.001
7063,-118.76,34.13,10,4355,716,2030,674,6.5571,500.001
7064,-118.75,34.1,34,2255,402,857,317,4.5333,377.3
7065,-118.72,34.14,7,23866,4407,9873,4012,5.4032,318.5
7066,-118.78,34.16,9,30405,4093,12873,3931,8.0137,399.2
7067,-118.75,34.17,16,2950,387,1228,379,5.3749,346.1
7068,-118.84,34.11,12,7508,1058,2484,965,5.8788,500.001
7069,-118.82,34.14,22,11668,1730,4054,1671,6.9935,385.5
7070,-118.79,34.14,7,3003,504,1143,466,5.8548,500.001
7071,-118.74,34.05,19,3487,686,2782,584,7.9184,500.001
7072,-118.86,34.07,16,1409,244,970,172,8.0144,500.001
7073,-118.88,34.02,19,15990,2611,5175,2173,7.7848,500.001
7074,-118.85,34.04,21,3837,578,1509,509,8.4476,500.001
7075,-118.78,34.05,28,1343,215,487,199,6.83,500.001
7076,-118.58,34.06,25,4440,693,1560,636,8.8666,500.001
7077,-118.6,34.02,36,2043,467,606,326,8.4331,500.001
7078,-118.66,34.02,23,8798,1465,2750,1208,8.7364,500.001
7079,-117.76,34.71,15,2981,625,1694,540,2.9541,106.7
7080,-117.78,34.58,6,10263,1864,6163,1781,3.8803,120
7081,-117.96,34.71,32,3511,646,1733,510,3.46,123.9
7082,-118.09,34.74,34,1218,285,797,248,2.4348,104.8
7083,-118.06,34.71,14,2606,514,1228,512,2.5764,150
7084,-118.09,34.68,4,23386,4171,10493,3671,4.0211,144
7085,-118.11,34.68,6,7430,1184,3489,1115,5.3267,140.1
7086,-118.12,34.69,17,2479,390,1219,363,4.6417,125.7
7087,-118.12,34.68,12,5319,875,2439,779,4.6629,131.5
7088,-118.13,34.69,34,2156,397,1269,388,2.75,96.8
7089,-118.13,34.68,28,718,124,347,121,4.025,102.6
7090,-118.1,34.65,33,873,177,425,142,2.67,187.5
7091,-118.09,34.71,5,5807,1182,2602,1007,2.4012,159.4
7092,-118.1,34.7,5,10356,1647,4562,1427,4.9806,141.1
7093,-118.09,34.7,6,4558,804,1543,563,2.8548,138.5
7094,-118.1,34.71,16,3914,819,1524,795,2.415,137.5
7095,-118.12,34.71,26,4230,823,2789,793,2.5179,104
7096,-118.12,34.71,46,40,10,14,7,1.125,225
7097,-118.12,34.7,7,4915,885,2833,874,4.3229,130
7098,-118.13,34.7,34,1943,500,1078,446,1.1296,93.8
7099,-118.13,34.69,32,3670,765,1986,673,3.682,108.8
7100,-118.14,34.68,31,2666,662,1337,602,2.4432,101.1
7101,-118.14,34.69,35,2118,374,1108,360,3.4327,100.3
7102,-118.14,34.68,25,1703,342,775,309,4.5455,126.5
7103,-118.16,34.68,17,2994,832,1571,695,2.5902,85.4
7104,-118.16,34.68,9,4303,900,2240,861,3.7807,110.9
7105,-118.15,34.67,5,12317,2953,6291,2654,3.5732,146.9
7106,-118.14,34.65,20,1257,201,551,186,4.6591,247.2
7107,-118.14,34.72,15,2181,361,1057,300,4.625,118.1
7108,-118.16,34.71,27,6007,998,2680,882,4.1719,117.2
7109,-118.15,34.71,36,1338,250,709,250,3.5625,101.4
7110,-118.14,34.71,33,2347,461,1482,374,2.8194,93
7111,-118.15,34.71,35,1503,309,842,300,2.5278,97.7
7112,-118.14,34.7,36,1205,317,678,290,2.0182,98.4
7113,-118.14,34.7,12,1984,614,1071,574,1.2532,102.1
7114,-118.15,34.7,36,2696,454,1192,452,3.9615,116.3
7115,-118.16,34.7,33,2918,494,1365,478,4.8787,127.7
7116,-118.16,34.69,35,3114,583,1974,545,3.9028,126.8
7117,-118.14,34.69,34,1439,327,708,298,3.2699,100
7118,-118.14,34.69,48,1379,327,696,304,2.1167,94.9
7119,-118.28,34.76,19,3430,601,1817,571,4.7875,163.6
7120,-118.19,34.77,16,2035,370,704,330,2.1979,146.4
7121,-118.2,34.69,5,9076,1503,7694,1278,4.875,163.4
7122,-118.17,34.69,12,4881,803,2188,724,4.1667,171.9
7123,-118.17,34.68,13,5341,773,2288,724,6.6772,185.6
7124,-118.19,34.67,8,11275,1822,5731,1692,5.0285,167.9
7125,-118.17,34.67,5,8352,1555,3723,1389,4.5659,140.3
7126,-118.19,34.65,33,1781,326,913,314,3.9963,126.8
7127,-118.17,34.66,9,1561,253,731,233,5.7049,173.2
7128,-118.22,34.67,28,2357,408,1162,384,4.3636,179.7
7129,-118.23,34.66,25,2627,387,1059,338,3.6382,138.2
7130,-118.22,34.66,17,3810,662,1867,586,4.9,152.4
7131,-118.21,34.65,17,4001,814,2313,756,3.0441,140.1
7132,-118.23,34.65,17,1827,348,766,335,3.5673,136.3
7133,-118.27,34.68,19,552,129,314,106,3.2125,185.4
7134,-118.29,34.65,18,6893,1372,2837,1221,3.3173,218.4
7135,-118.38,34.58,18,1859,375,913,372,4.3456,148.9
7136,-118.61,34.73,25,3080,587,1558,510,5.0839,156.7
7137,-118.4,34.7,10,4122,814,2164,710,4.2941,151.6
7138,-117.92,34.63,34,81,26,53,14,1.4091,137.5
7139,-117.92,34.59,7,681,125,485,104,2.7396,125.6
7140,-117.93,34.57,5,5613,1060,3569,999,3.1946,132.7
7141,-117.9,34.53,8,3484,647,2169,619,3.9766,135.8
7142,-117.96,34.53,10,2907,559,1681,531,3.8594,141
7143,-117.98,34.53,13,2815,535,1492,491,4.0945,135.7
7144,-118.09,34.63,31,1537,416,1239,397,1.9722,99.2
7145,-118.02,34.62,38,248,55,261,53,2.1413,96.9
7146,-118.18,34.63,19,3562,606,1677,578,4.1573,228.1
7147,-118.17,34.61,7,2465,336,978,332,7.1381,292.2
7148,-118.16,34.6,2,11008,1549,4098,1367,6.4865,204.4
7149,-118.12,34.6,33,2189,497,1459,443,2.3958,94.5
7150,-118.15,34.59,33,2111,429,1067,397,3.7344,111.4
7151,-118.16,34.6,5,7294,1139,3123,930,4.9904,154.1
7152,-118.21,34.56,12,2472,408,1048,380,4.7097,262.1
7153,-118.22,34.63,4,14348,2145,5839,1806,5.3799,222.4
7154,-118.21,34.64,16,2573,427,1273,426,5.9508,181.1
7155,-118.12,34.58,13,2614,650,1949,537,2.0547,102.6
7156,-118.14,34.57,6,9882,1892,4892,1621,3.7636,167.6
7157,-118.12,34.56,5,6446,1154,3427,1104,3.9936,148.5
7158,-118.1,34.58,32,1489,306,774,267,3.275,103.5
7159,-118.1,34.58,29,2843,603,1517,573,2.6658,106.9
7160,-118.1,34.57,7,20377,4335,11973,3933,3.3086,138.1
7161,-118.09,34.57,4,9761,1683,4970,1535,4.5266,142.9
7162,-118.08,34.58,5,1113,186,631,168,4.1719,146.6
7163,-118.07,34.58,34,3416,601,1929,567,4.0147,107.4
7164,-118.08,34.58,12,3851,857,2169,811,3.0101,116.3
7165,-118.07,34.56,5,10264,1821,5871,1790,4.2329,145.5
7166,-118.08,34.56,14,5144,887,2846,824,4.5615,137.2
7167,-118.03,34.58,4,9849,1780,4546,1598,4.0729,154.3
7168,-118.02,34.57,4,10655,1706,5391,1529,5.083,151.3
7169,-118.01,34.55,2,2701,530,1368,430,4.071,137.4
7170,-118.08,34.55,5,16181,2971,8152,2651,4.5237,141.8
7171,-118.07,34.51,14,2798,459,1236,404,4.8667,239.9
7172,-118.37,34.43,11,17339,2866,8721,2803,5.9507,225.2
7173,-118.4,34.41,22,4443,560,1573,496,10.0285,500.001
7174,-118.35,34.52,14,3490,592,1710,580,5.9171,333.3
7175,-118.22,34.52,7,4524,735,2298,717,6.5538,311.6
7176,-118.26,34.5,6,5813,908,2275,790,4.7778,340.4
7177,-118.27,34.46,10,2184,405,1119,370,4.7437,294
7178,-118.13,34.44,10,2726,465,1773,459,4.8295,319.1
7179,-117.89,34.49,12,3449,598,1502,540,3.7043,150.8
7180,-117.96,34.48,32,1896,342,806,299,4.5769,159.4
7181,-117.79,34.45,18,2986,597,1355,472,3.2765,165
7182,-118.46,34.4,12,25957,4798,10475,4490,4.542,195.3
7183,-118.5,34.52,3,6577,1056,3032,1004,5.9263,251.8
7184,-118.5,34.46,17,10267,1683,4956,1483,5.5061,239.4
7185,-118.53,34.44,19,3013,507,1356,484,5.1163,233.2
7186,-118.53,34.44,19,1285,195,650,193,6.0398,217.8
7187,-118.52,34.46,5,15341,2527,7270,2320,6.1281,236.2
7188,-118.53,34.45,10,5509,969,3002,959,5.5981,220.1
7189,-118.51,34.43,15,8510,1258,3733,1233,6.1082,253.7
7190,-118.46,34.42,25,2988,525,1884,513,4.7007,169.5
7191,-118.44,34.5,5,1514,220,1355,215,8.1344,359
7192,-118.45,34.44,16,13406,2574,7030,2440,4.6861,187.9
7193,-118.49,34.43,15,8244,1409,4453,1357,5.4829,199.6
7194,-118.49,34.42,23,4166,756,2082,743,4.4107,213.4
7195,-118.48,34.42,21,1375,259,728,258,5.0166,229
7196,-118.47,34.42,17,913,228,530,201,3.038,238.5
7197,-118.47,34.42,25,3223,524,1763,508,5.2887,183
7198,-118.43,34.42,13,3600,580,1799,576,6.2971,218.3
7199,-118.43,34.43,5,21113,4386,9842,3886,4.2037,194.6
7200,-118.55,34.44,14,15348,2366,7087,2169,6.3277,237.7
7201,-118.56,34.42,2,966,270,233,169,1.9667,450
7202,-118.61,34.59,5,4028,896,2062,826,4.0579,167.1
7203,-118.7,34.53,5,14275,2474,7158,2311,5.4284,236.3
7204,-118.66,34.43,9,2356,469,1556,386,3.775,155
7205,-118.61,34.31,4,1949,458,868,398,5.0151,285.2
7206,-118.52,34.39,21,5477,1275,3384,1222,3.6625,228.1
7207,-118.53,34.38,18,2288,607,2305,597,3.227,136.1
7208,-118.52,34.4,5,7748,1557,4768,1393,5.305,311.2
7209,-118.53,34.37,8,3839,852,1342,593,3.9118,333.7
7210,-118.54,34.37,27,2051,301,917,287,7.6059,323.7
7211,-118.52,34.36,5,4222,712,2024,646,5.8703,500.001
7212,-118.55,34.37,21,7010,1063,3331,1038,6.776,278.1
7213,-118.56,34.37,23,3927,728,1984,707,4.8536,202.6
7214,-118.55,34.41,8,21086,3945,9936,3790,5.8602,265.1
7215,-118.55,34.38,24,6246,1028,2803,999,6.3002,282.9
7216,-118.56,34.41,4,17313,3224,6902,2707,5.6798,320.9
7217,-118.55,34.39,16,8726,1317,3789,1279,6.8419,323.3
7218,-118.61,34.38,2,5989,883,1787,613,6.6916,329.5
7219,-117.86,34.24,52,803,267,628,225,4.1932,14.999
7220,-118.12,34.23,52,433,69,147,53,3.9583,162.5
7221,-118.38,34.3,39,1622,355,903,314,4.1125,183
7222,-118.29,34.36,34,503,99,275,68,4.5491,375
7223,-119.53,37.34,26,4047,702,571,199,2.3482,179.5
7224,-119.51,37.32,14,362,78,88,39,3.5893,214.3
7225,-119.56,37.29,14,2391,451,798,308,3.0924,114.6
7226,-119.45,37.21,17,3538,726,1603,629,2.9449,95.6
7227,-119.59,37.39,19,3273,611,1164,481,3.5446,106.5
7228,-119.66,37.39,10,2106,410,1003,397,2.7813,124.1
7229,-119.68,37.35,13,2307,386,925,347,3.1326,119.8
7230,-119.72,37.38,16,2131,424,989,369,2.6071,103.7
7231,-119.65,37.32,11,2161,448,820,405,2.3565,122.3
7232,-119.64,37.31,15,2654,530,1267,489,2.8393,104.4
7233,-119.6,37.29,13,1722,325,712,269,2.625,137.5
7234,-119.62,37.33,7,3389,621,1268,474,3.0224,147.8
7235,-119.91,37.23,17,2171,389,1042,375,3.625,94.4
7236,-119.85,37.1,8,828,168,413,146,3.375,80.7
7237,-119.68,37.19,10,3113,589,1508,512,2.8167,96.1
7238,-119.77,37.19,8,5212,872,2383,857,4.1099,113.6
7239,-119.67,37.27,13,5087,981,2284,913,2.7413,123.1
7240,-120.31,37.11,38,1696,301,985,278,2.4054,112.5
7241,-120.35,37.04,37,1495,292,858,275,2.9306,46.3
7242,-120.25,37.04,21,1724,317,1006,290,3.2868,91.7
7243,-120.16,37.12,29,1995,392,1261,354,1.9073,79.2
7244,-120.25,37.11,20,2062,466,1285,456,1.5319,50.5
7245,-120.26,37.11,33,1097,254,627,253,1.2794,50.7
7246,-120.27,37.12,42,1142,236,597,210,1.7279,52.3
7247,-120.27,37.12,36,1219,258,639,245,1.9464,57
7248,-120.27,37.12,17,3328,628,1580,619,2.9861,81.5
7249,-120.26,37.13,33,1239,250,648,227,2.0278,58.8
7250,-120.43,36.99,16,1027,199,673,193,2.9688,63.8
7251,-120.29,36.88,34,1391,297,943,281,2.4219,83.9
7252,-120.04,36.93,11,3606,699,2074,644,2.6941,63.3
7253,-120.05,36.95,18,2287,534,1339,505,2.2527,65.2
7254,-120.21,36.98,21,1667,303,861,276,2.6012,92.2
7255,-120.11,36.96,17,3344,570,1624,536,3.8952,95.3
7256,-120.08,37.06,18,402,76,213,71,1.9063,95.8
7257,-120.09,37,11,3761,675,2374,673,3.4598,74.6
7258,-120.06,37.02,13,6301,1080,3840,1033,3.5258,84.9
7259,-119.94,37.04,14,1636,253,766,225,3.125,88.5
7260,-120.09,37.02,9,1608,297,1057,295,3.7143,81.6
7261,-119.95,36.96,18,1996,379,1327,356,2.6087,96
7262,-120.02,36.95,25,2115,482,1976,474,1.8431,53.9
7263,-119.88,36.93,12,3174,520,1590,488,4.5347,101.2
7264,-119.87,36.93,13,1429,209,702,205,4.3625,111.8
7265,-120.06,36.98,12,2710,575,1724,516,1.4712,60.4
7266,-120.05,36.98,16,3705,739,2463,697,2.5288,61.8
7267,-120.05,36.97,20,2029,427,983,401,1.8444,47.1
7268,-120.06,36.97,38,1542,364,1220,334,1.625,52.8
7269,-120.07,36.96,34,1457,239,557,226,3.6181,96.5
7270,-120.1,36.96,20,2100,317,910,274,4.8187,90.9
7271,-120.09,36.95,16,3222,511,1425,503,4.1544,119.4
7272,-120.08,36.95,41,1164,211,476,171,2.4196,70.7
7273,-120.07,36.97,27,968,240,587,231,1.6071,55
7274,-120.06,36.97,35,1859,428,1208,399,1.4044,61.7
7275,-120.05,36.96,37,1000,261,1092,233,1.4267,52.3
7276,-120.05,36.95,31,696,254,913,248,1.4,52.5
7277,-120.06,36.96,44,1288,295,723,287,1.6534,61.4
7278,-120.07,36.96,42,963,216,471,211,2.2898,66.1
7279,-120.07,36.96,32,1268,283,549,273,1.4511,65.2
7280,-120.04,36.97,20,2129,526,1845,522,1.8973,51.6
7281,-120.04,36.96,23,2126,506,2091,491,1.3713,51.8
7282,-120.04,36.95,36,1528,347,1334,304,1.3594,48.3
7283,-119.81,36.92,14,4795,710,2047,640,4.665,121.3
7284,-119.98,36.86,31,2366,482,1933,433,3.0234,65
7285,-120.13,36.87,32,2089,468,1765,427,2.234,61.7
7286,-122.49,38.1,43,1226,244,491,205,4.9286,307
7287,-122.59,38.13,20,1589,231,601,224,5.3755,290.9
7288,-122.57,38.11,24,2863,734,1583,682,3.1981,215.3
7289,-122.57,38.11,32,3521,748,1706,723,3.4705,228.6
7290,-122.58,38.12,13,5027,871,1912,770,4.9286,309.5
7291,-122.6,38.11,23,8642,1294,3594,1253,5.3962,301.5
7292,-122.61,38.09,18,6205,821,2311,756,6.9081,368.7
7293,-122.58,38.1,22,11872,2300,5600,2200,4.6463,276.3
7294,-122.58,38.08,27,10839,1637,4406,1623,5.615,285.6
7295,-122.55,38.07,5,1495,235,555,201,6.7232,345
7296,-122.56,38.09,17,9614,2123,4684,2060,4.1705,209.8
7297,-122.56,38.06,19,15622,2721,6109,2615,5.0965,295.3
7298,-122.41,38.07,20,4536,708,1812,701,6.0433,435.9
7299,-122.51,38.06,24,9493,1935,5162,1880,3.0742,118.8
7300,-122.53,38.01,16,1495,292,472,284,3.4432,67.5
7301,-122.44,38.03,13,4284,1042,2146,937,4.1289,179.2
7302,-122.45,38.01,36,4501,832,2196,800,4.3182,252.7
7303,-122.53,38.01,27,3121,531,1318,489,5.4781,310.9
7304,-122.49,38,26,48,8,19,8,7.7197,400
7305,-122.57,38.03,24,2330,322,911,320,6.5253,387.7
7306,-122.56,38.03,34,1887,290,815,283,6.5249,324.8
7307,-122.59,38.04,25,3412,455,1238,406,8.3646,397.3
7308,-122.57,38.02,33,9531,1487,3798,1409,5.6512,314
7309,-122.56,38.01,21,2144,400,840,398,4.6,239.5
7310,-122.54,38,28,3416,826,1694,800,3.18,277
7311,-122.55,38,18,3119,803,1395,722,3.9265,301.1
7312,-122.54,37.99,32,2236,348,818,330,7.3521,444
7313,-122.52,37.98,31,6555,1571,2962,1464,2.8903,324.2
7314,-122.54,37.98,52,1758,316,607,264,5.5083,371.9
7315,-122.55,37.98,31,3807,828,1581,795,3.293,337.5
7316,-122.51,37.99,32,4138,632,1541,626,5.5791,433.3
7317,-122.51,37.98,37,4801,699,1830,679,6.0762,487.8
7318,-122.51,37.97,37,4296,1089,2100,1025,3.2462,329.4
7319,-122.47,37.99,22,7274,1002,2468,957,7.494,439.2
7320,-122.46,37.98,10,1325,189,427,162,12.0933,500.001
7321,-122.49,37.98,34,1256,178,460,174,6.4271,451.7
7322,-122.53,37.97,52,1560,451,700,419,2.5125,270.8
7323,-122.53,37.97,44,3595,953,1831,910,2.6036,287.5
7324,-122.54,37.97,39,4193,762,1833,737,5.6263,352.1
7325,-122.52,37.97,33,563,194,265,169,2.75,231.3
7326,-122.51,37.96,39,3302,684,1574,653,3.6863,263.8
7327,-122.53,37.97,37,1340,322,621,314,3.5588,268.8
7328,-122.47,37.95,16,3769,839,1986,815,3.9712,187.5
7329,-122.5,37.97,25,6526,1902,5917,1812,2.7273,187.5
7330,-122.64,38.01,36,1336,258,678,249,5.5789,292
7331,-122.64,38.01,36,1199,232,551,229,3.7321,266.7
7332,-122.68,38.01,41,1865,392,825,369,4.2011,255.4
7333,-122.7,38.03,42,1410,308,624,292,4.1379,309.1
7334,-122.65,38.01,40,1428,280,708,255,5.0766,305.4
7335,-122.59,37.97,46,4036,856,1872,833,4.5625,275.2
7336,-122.61,37.99,40,7737,1488,3108,1349,4.4375,289.6
7337,-122.62,37.97,52,370,62,150,56,7.7006,316.7
7338,-122.59,37.99,36,4869,871,1899,827,4.1659,302
7339,-122.6,38,21,2198,462,1100,449,4.1098,246.6
7340,-122.59,38.01,35,8814,1307,3450,1258,6.1724,414.3
7341,-122.57,37.99,45,2404,425,926,400,4.9674,320.1
7342,-122.57,37.98,49,2860,552,1178,522,4.625,355
7343,-122.58,37.98,52,3675,649,1553,639,4.6905,316.3
7344,-122.58,37.98,52,1180,216,467,197,4.9615,292.2
7345,-122.56,37.97,52,1833,324,735,306,4.6944,398.9
7346,-122.57,37.97,47,5416,1115,2177,1027,3.5055,382.1
7347,-122.55,37.97,52,2232,291,731,253,7.1155,500.001
7348,-122.56,37.95,34,2677,411,933,410,6.1444,500.001
7349,-122.56,37.94,36,2023,242,653,241,10.6272,500.001
7350,-122.54,37.96,33,2534,495,996,449,4.3083,500.001
7351,-122.54,37.95,38,2310,400,971,386,5.697,435.7
7352,-122.52,37.95,33,4448,631,1675,628,7.8904,468.8
7353,-122.53,37.95,22,7446,1979,2980,1888,3.5838,271.3
7354,-122.53,37.93,42,2171,362,887,347,6.6125,393.2
7355,-122.54,37.93,43,2998,470,970,430,5.5385,431.8
7356,-122.54,37.94,26,3990,804,1550,792,5.1834,405.5
7357,-122.52,37.94,18,1804,284,600,241,5.9582,500.001
7358,-122.53,37.94,18,878,255,384,247,4.7344,200
7359,-122.51,37.92,32,2622,541,1022,464,3.7647,375
7360,-122.53,37.93,37,1722,352,648,337,4.125,310.3
7361,-122.52,37.92,47,793,163,334,151,5.8509,317.8
7362,-122.5,37.92,32,2639,415,1013,408,6.1632,349.2
7363,-122.5,37.92,30,2270,359,974,351,5.5926,300.9
7364,-122.49,37.92,26,2170,347,849,318,6.2953,386.2
7365,-122.51,37.91,2,647,136,203,118,6.641,310
7366,-122.48,37.93,16,2947,802,1385,743,3.6731,318
7367,-122.46,37.88,35,2492,409,812,373,8.8386,500.001
7368,-122.47,37.87,36,4471,618,1315,582,11.5706,500.001
7369,-122.45,37.91,27,2682,382,935,369,10.0791,500.001
7370,-122.5,37.91,31,7001,1282,2755,1267,5.4851,441.1
7371,-122.49,37.89,23,1650,403,541,336,6.0238,500.001
7372,-122.47,37.89,23,10774,1736,3895,1683,7.2905,500.001
7373,-122.45,37.9,30,3763,717,1292,632,8.4888,500.001
7374,-122.5,37.88,28,5448,1089,2100,1023,4.7475,474.6
7375,-122.51,37.89,27,2674,565,1233,547,3.4485,458.3
7376,-122.53,37.9,44,2846,551,1232,537,3.8839,327.2
7377,-122.54,37.9,48,2491,460,937,455,4.4375,370
7378,-122.52,37.91,30,4174,739,1818,705,5.5951,402.9
7379,-122.52,37.89,17,4363,1041,1640,989,3.9531,417.6
7380,-122.52,37.9,16,1704,402,689,348,4.4239,267.1
7381,-122.54,37.9,41,3170,622,1091,528,3.7813,389.2
7382,-122.55,37.9,34,1431,224,503,220,7.9606,453.4
7383,-122.55,37.91,48,1283,278,567,255,3.2794,460
7384,-122.53,37.88,25,4921,866,1913,834,6.8742,413.1
7385,-122.53,37.87,20,1814,282,658,253,7.9977,400
7386,-122.53,37.88,36,2688,485,1064,449,4.4583,308.6
7387,-122.56,37.9,36,1760,283,562,246,6.7546,402.4
7388,-122.54,37.89,33,4971,836,1907,795,6.1275,424.4
7389,-122.56,37.9,24,221,41,75,38,5.1292,362.5
7390,-122.51,37.87,21,3904,980,1949,919,2.862,258.4
7391,-122.47,37.85,19,1926,593,881,546,2.9145,140.4
7392,-122.5,37.87,17,4333,947,1650,919,6.3066,346.1
7393,-122.49,37.86,35,2729,538,969,528,6.7669,500.001
7394,-122.49,37.86,52,2175,510,809,503,4.5398,442
7395,-122.48,37.86,52,3914,752,1177,670,6.2113,500.001
7396,-122.48,37.85,42,6297,1307,2096,1205,6.4752,500.001
7397,-122.52,37.88,52,176,50,88,46,3.8068,275
7398,-122.62,37.85,30,833,164,358,143,6.8198,493.8
7399,-122.66,37.93,42,1505,324,553,277,4.1792,350
7400,-122.71,37.88,21,2845,552,599,250,4.3125,495.8
7401,-122.69,37.91,43,1730,326,629,279,4.3194,238.7
7402,-122.71,37.9,23,1250,257,437,188,3.115,242.6
7403,-122.86,38.1,44,2602,509,691,343,4.3125,261.5
7404,-122.84,38.07,31,1858,367,701,297,3.8269,270.7
7405,-122.93,38.02,28,1284,265,628,219,3.5469,200
7406,-122.68,38.07,26,1445,244,510,207,5.6305,430
7407,-122.9,38.28,52,1275,218,627,185,2.3482,163.5
7408,-122.96,38.26,20,1982,358,308,132,3.1429,240.9
7409,-122.81,38.08,19,1615,366,815,337,3.4609,238.8
7410,-122.8,38.18,36,2378,476,957,362,3.625,253.1
7411,-120.19,37.53,25,1470,341,706,283,1.7614,71.3
7412,-120.02,37.57,17,2116,425,909,319,2.7188,113.1
7413,-119.99,37.51,14,2878,617,1011,509,1.398,103.8
7414,-119.95,37.47,32,1312,315,600,265,1.5,91.5
7415,-119.98,37.43,12,2776,592,1236,489,2.5551,105
7416,-120.07,37.34,16,1667,372,762,283,1.75,87.5
7417,-120.31,37.64,11,2403,497,890,344,3,120.8
7418,-120.15,37.69,13,866,252,369,165,2.875,70.2
7419,-120.02,37.72,17,2806,600,990,410,2.3818,88.1
7420,-119.81,37.67,24,172,42,79,30,3.8333,93.8
7421,-119.82,37.57,13,1713,340,643,241,2.662,92.4
7422,-119.9,37.49,13,2230,443,920,361,3,112
7423,-119.84,37.48,17,2582,553,1087,423,2.5,104.2
7424,-119.8,37.5,15,989,184,406,151,3.1771,121.9
7425,-119.72,37.46,13,1999,375,750,308,2.875,96
7426,-119.85,37.39,14,2744,555,1153,474,2.753,111.1
7427,-119.55,37.75,30,2165,536,1500,414,3.5391,55.9
7428,-119.64,37.61,30,2857,661,291,135,2.6838,164.6
7429,-123.15,39.74,23,608,143,281,108,2.9306,70
7430,-123.24,39.81,25,1435,304,746,259,1.7788,57.9
7431,-123.23,39.77,25,2075,435,991,377,1.2281,60.3
7432,-123.47,39.8,18,2130,545,863,346,2.3571,79.2
7433,-123.71,39.88,42,1518,383,656,303,1.4952,69.8
7434,-123.84,39.83,19,1461,340,515,227,1.5278,145.8
7435,-123.58,39.66,15,1839,489,887,332,2.2429,100
7436,-123.5,39.67,22,2124,450,1122,446,2.1793,71.5
7437,-123.64,39.45,21,3359,677,1908,642,3.0433,140.7
7438,-123.79,39.5,24,1421,291,588,274,2.325,157.3
7439,-123.8,39.47,28,2492,507,1202,460,2.7857,150.3
7440,-123.73,39.44,32,790,151,380,142,2.7,165
7441,-123.84,39.46,47,1150,244,552,201,2.5192,110.4
7442,-123.8,39.46,35,1718,345,698,299,2.9243,131.6
7443,-123.79,39.44,49,2290,482,1201,479,3.5,113.3
7444,-123.8,39.44,33,2024,459,1019,422,1.9208,93.6
7445,-123.79,39.44,16,2017,423,1177,414,3.2171,116.2
7446,-123.85,39.42,11,1804,506,895,451,1.7574,150
7447,-123.34,39.5,15,2342,535,1064,433,1.8967,96.6
7448,-123.4,39.46,10,4086,831,2111,758,3.2156,104.4
7449,-123.32,39.42,22,2085,432,1133,402,2.3906,92.6
7450,-123.38,39.37,18,3946,813,1899,730,2.6424,124.6
7451,-123.35,39.42,18,1619,346,904,295,2.1625,77.2
7452,-123.36,39.41,46,1748,362,808,330,2.9183,76.9
7453,-123.35,39.4,27,1321,338,779,327,1.85,71.8
7454,-123.34,39.39,18,2821,628,1636,615,2.3333,84
7455,-123.1,39.36,19,1056,248,611,226,1.746,105
7456,-123.15,39.31,19,1026,205,424,152,2.8833,154.2
7457,-123.11,39.32,20,2745,504,1421,430,3.3431,137.5
7458,-123.18,39.26,25,3066,570,1558,535,3.788,134.2
7459,-123.22,39.28,16,5569,1106,3148,1088,3.1455,142.9
7460,-123.36,39.25,17,1087,254,522,202,2.5875,144.5
7461,-123.18,39.23,18,243,55,115,54,2.125,175
7462,-123.21,39.2,17,3145,693,1560,647,2.2926,149.3
7463,-123.19,39.21,22,1542,291,821,285,3.5917,118.8
7464,-123.2,39.23,26,786,168,494,161,2.3583,105.4
7465,-123.75,39.37,16,1377,296,830,279,3.25,151.4
7466,-123.85,39.39,23,4671,912,2095,857,3.184,140.5
7467,-123.81,39.34,17,1981,371,773,325,3.1563,277
7468,-123.7,39.32,18,1652,352,711,292,3.1071,213.2
7469,-123.81,39.31,23,2754,577,887,432,3.3654,225
7470,-123.73,39.17,20,4620,1042,1745,794,2.375,158.8
7471,-123.53,38.93,38,1706,355,506,211,2.5625,165.6
7472,-123.69,38.9,17,2206,478,1140,428,2.1985,95.3
7473,-123.59,38.8,17,5202,1037,1742,803,3.1201,176.1
7474,-123.54,39.17,18,2251,510,1032,369,2.2946,101
7475,-123.39,38.99,28,1416,294,812,258,3.4063,109.4
7476,-123.36,39.01,35,1551,321,857,288,2.7232,115.4
7477,-123.34,39.1,24,5372,1051,3002,992,3.0652,131.1
7478,-123.21,39.07,17,1890,342,877,312,3.7833,159.8
7479,-123.22,39.15,36,1166,216,504,203,3.5938,122.1
7480,-123.21,39.15,52,1370,258,617,228,2.55,112.9
7481,-123.21,39.13,27,1531,266,822,234,4.0469,127.4
7482,-123.2,39.16,14,1908,484,1195,467,1.7929,82.3
7483,-123.22,39.16,29,6121,1222,3595,1189,2.631,109.6
7484,-123.2,39.15,27,990,238,592,225,2.0074,96.2
7485,-123.19,39.15,16,2577,495,1232,488,2.6012,125.6
7486,-123.21,39.15,31,2685,675,1367,626,1.6571,108.9
7487,-123.2,39.13,26,1474,417,1065,401,1.375,84.4
7488,-123.21,39.14,15,2235,545,1376,516,1.9032,100
7489,-123.1,39.15,32,1143,208,454,188,3.8333,116.1
7490,-123.17,39.18,14,2240,327,1030,308,5.9585,214.9
7491,-123.17,39.15,30,1904,331,816,325,4.425,161.9
7492,-123.16,39.13,33,1320,303,1048,303,1.7813,94.7
7493,-123.16,39.1,31,418,82,327,81,2.775,120.8
7494,-123.15,38.94,22,2163,436,1048,358,2.7171,95.8
7495,-120.46,37.51,22,2704,497,1432,399,2.9,83.1
7496,-120.68,37.47,33,1028,226,658,197,2.3043,66.3
7497,-120.75,37.44,27,2295,424,1252,350,3.6182,123.2
7498,-120.79,37.43,17,2534,517,1764,502,2.8519,80.7
7499,-120.71,37.39,11,1479,341,1476,327,3.2721,73.8
7500,-120.74,37.33,30,2390,470,1409,428,2.1484,81.3
7501,-120.75,37.37,32,1656,317,1037,286,2.4964,88.8
7502,-120.73,37.38,37,653,176,827,176,1.9236,64.4
7503,-120.73,37.38,23,1451,292,1052,265,2.8698,72.9
7504,-120.71,37.38,14,1979,432,1756,382,2.6923,71.4
7505,-120.84,37.4,7,2773,530,1374,505,2.6214,103.8
7506,-120.86,37.4,17,3511,636,1904,617,3.1111,113.9
7507,-120.84,37.43,32,2892,521,1580,484,3.7784,164.5
7508,-120.88,37.37,24,1294,222,684,221,2.6908,103.1
7509,-120.89,37.33,27,2692,481,1518,447,2.0417,94.2
7510,-120.64,37.38,21,3157,637,2268,620,2.567,70.4
7511,-120.64,37.38,19,2256,449,1469,435,2.5129,84.6
7512,-120.65,37.33,25,1731,311,810,266,4.1058,107.6
7513,-120.59,37.39,16,4717,1119,3589,1017,2.1061,72.8
7514,-120.57,37.43,39,2235,412,1268,402,2.6758,74.6
7515,-120.6,37.37,10,3075,498,1368,487,4.6667,130.1
7516,-120.6,37.36,27,2521,484,1307,456,3.0911,86.9
7517,-120.62,37.35,18,874,203,572,190,1.6833,71
7518,-120.62,37.36,15,3455,729,2014,659,3.2656,83.5
7519,-120.59,37.36,11,3946,978,2814,953,2.0179,87.3
7520,-120.6,37.35,34,1722,316,904,315,2.4653,66.1
7521,-120.61,37.35,34,1900,401,1009,385,2.2222,75
7522,-120.62,37.35,20,1457,372,1000,346,1.4615,69.2
7523,-120.61,37.32,18,5009,826,2497,805,4.25,146.3
7524,-120.6,37.34,34,1830,431,1304,415,2.1182,68.9
7525,-120.61,37.36,16,638,147,380,132,1.9135,87.5
7526,-120.57,37.35,18,704,176,520,154,3.003,101.3
7527,-120.59,37.35,15,3249,613,1569,595,3.5393,88
7528,-120.58,37.36,33,3564,716,2603,696,2.2179,67.5
7529,-120.64,37.2,16,2236,438,1361,393,2.0066,125
7530,-120.55,37.32,21,1410,229,590,205,3.3194,141.4
7531,-120.49,37.26,28,2159,416,1283,378,1.8939,83
7532,-120.5,37.37,18,8606,1678,5303,1644,2.4012,79.7
7533,-120.41,37.16,21,1684,341,1052,312,2.0809,95.8
7534,-120.51,37.32,13,2109,477,1108,466,2.3099,89.6
7535,-120.49,37.32,10,1275,255,620,240,3.0263,118.3
7536,-120.5,37.32,13,1936,384,1158,367,2.75,83.2
7537,-120.49,37.32,13,3474,927,2149,821,1.9528,85.3
7538,-120.48,37.32,13,3641,897,1737,788,2.1418,130.6
7539,-120.5,37.34,16,1245,231,956,219,3.4559,108
7540,-120.48,37.34,8,6146,1017,2821,987,4.67,127.6
7541,-120.47,37.34,9,2934,511,1227,501,3.6742,117.2
7542,-120.45,37.32,21,1318,202,618,197,4.8214,117.8
7543,-120.46,37.33,4,786,116,368,109,6.3215,138.2
7544,-120.46,37.33,17,6111,1171,2950,1104,3.2852,98.8
7545,-120.45,37.31,20,4379,753,2055,716,3.7652,133.5
7546,-120.46,37.31,26,3170,572,1524,565,3.48,95.3
7547,-120.48,37.31,42,2361,512,1684,511,2.355,75.6
7548,-120.49,37.31,45,1834,421,1405,407,2.0521,72.4
7549,-120.48,37.3,49,2919,719,1956,679,1.5427,88.5
7550,-120.48,37.3,39,1015,356,875,313,1.5,67
7551,-120.49,37.3,50,985,309,621,250,1.3125,60.9
7552,-120.44,37.31,21,6911,1341,3967,1297,3.0515,95.2
7553,-120.46,37.31,35,2042,378,953,356,2.7344,87.8
7554,-120.47,37.3,40,3693,771,2102,742,2.1838,75
7555,-120.46,37.3,36,3346,739,2151,713,2.3095,68.3
7556,-120.51,37.29,20,4927,1042,4205,1009,1.7679,79.8
7557,-120.5,37.3,29,1572,456,1697,429,1.76,63.2
7558,-120.49,37.29,17,2414,594,2487,582,1.0955,62.7
7559,-120.48,37.29,17,2266,693,3200,664,1.5635,60.4
7560,-120.47,37.28,19,1548,319,1227,309,1.7756,73.3
7561,-120.49,37.28,11,1721,381,1708,373,1.9535,57.1
7562,-120.44,37.28,12,2855,598,1658,586,2.3929,81.1
7563,-120.44,37.29,18,1260,268,576,263,1.7222,101.5
7564,-120.46,37.29,30,2972,635,1940,590,2.3594,72.3
7565,-120.4,37.3,28,1401,292,967,257,1.5917,89.4
7566,-120.3,37.34,33,993,186,556,175,2.4286,103.6
7567,-120.32,37.29,38,576,130,478,112,2.3382,59.6
7568,-120.31,37.29,40,1542,341,1283,341,1.6929,55.9
7569,-120.31,37.29,36,969,206,732,175,1.5938,57.6
7570,-120.24,37.21,31,2447,465,1313,352,3.3929,93.8
7571,-120.35,37.31,17,605,159,416,83,2,87.5
7572,-121,37.26,45,1750,371,847,354,1.7062,77.4
7573,-121,37.25,21,1937,389,1002,373,2.6087,96.2
7574,-121.01,37.25,16,2216,458,1135,424,2.7316,97.5
7575,-121.06,37.18,30,2603,507,1491,473,3.0909,123.4
7576,-120.89,37.21,25,3301,678,994,306,3.2262,97.2
7577,-121.02,37.09,17,1118,270,560,244,2.0216,112.5
7578,-121.02,36.94,33,1541,313,880,272,2.5074,117.7
7579,-120.77,37.01,28,1689,378,1057,267,3.125,156.3
7580,-120.95,37.09,43,1116,222,801,207,2.875,97.2
7581,-120.85,37.08,3,3425,611,1588,459,4.1779,147.8
7582,-120.85,37.07,16,1795,362,1642,340,2.5363,86.3
7583,-120.84,37.07,24,1520,335,882,306,2.2019,100
7584,-120.84,37.06,14,1506,380,1096,352,1.1301,78.5
7585,-120.85,37.06,31,2609,645,1796,629,1.5479,82
7586,-120.87,37.05,29,4176,779,2092,741,2.595,104.2
7587,-120.85,37.05,32,2893,481,1198,466,3.1719,140.6
7588,-120.84,37.05,8,1944,283,814,276,5.3988,165.5
7589,-120.83,37.07,16,3736,761,1942,730,2.5598,120.2
7590,-120.82,37.05,15,1385,288,775,255,1.933,140.6
7591,-120.65,37.09,22,886,173,595,161,2.4398,150
7592,-120.65,36.98,26,1787,364,1548,362,1.7188,49.5
7593,-120.64,36.99,23,2363,449,1168,410,2.2794,75.7
7594,-120.62,36.99,32,2455,508,1344,492,1.9732,69.4
7595,-121.16,41.78,42,2918,576,1182,440,2.1434,44
7596,-121.18,41.31,22,2124,432,829,313,2.4519,57.5
7597,-120.87,41.54,21,1091,208,660,188,2.2321,34.6
7598,-120.51,41.35,16,2843,564,892,386,2.5074,69.1
7599,-120.48,41.82,20,1367,284,429,181,2.0227,47.5
7600,-120.08,41.79,34,1355,262,434,178,2.0903,56.1
7601,-120.12,41.4,33,2820,515,976,403,2.6062,52.6
7602,-120.55,41.61,22,9047,1831,4276,1622,2.0802,47.9
7603,-119.54,38.51,14,1250,272,721,234,2.35,95.7
7604,-119.44,38.53,20,1963,434,682,273,1.5817,97.8
7605,-119.3,38.26,19,3325,660,750,286,2.9509,114.8
7606,-118.98,38.03,15,991,277,419,170,3.5469,82.5
7607,-119.07,37.8,12,1736,352,330,123,3.5294,160.7
7608,-119.08,37.78,17,1631,335,285,128,2.7656,130
7609,-118.45,37.7,15,2199,453,899,347,2.35,107.8
7610,-118.74,37.58,20,3301,779,1085,448,3.7315,159.3
7611,-118.96,37.64,11,3934,697,901,345,4.2381,242.7
7612,-118.98,37.65,18,1795,416,483,208,4.5375,169.8
7613,-118.99,37.65,20,2474,625,338,141,5.01,195.5
7614,-118.98,37.64,17,3769,908,1160,453,3.05,188.9
7615,-118.97,37.64,13,1907,544,575,234,3.0685,162.5
7616,-118.97,37.64,14,2284,622,342,137,3.0921,87.5
7617,-118.97,37.64,14,1847,439,238,98,3.6042,137.5
7618,-118.99,37.63,10,7744,1573,483,224,3.2917,231.8
7619,-121.63,36.71,19,5015,1013,3251,940,3.9818,152.9
7620,-121.62,36.71,24,4195,706,2200,647,4.3451,177.8
7621,-121.62,36.74,30,1337,253,838,247,5.0374,165.4
7622,-121.64,36.7,32,4089,735,2927,713,4.1675,142.5
7623,-121.65,36.7,29,4964,1056,2773,1036,3.0827,148.1
7624,-121.66,36.71,27,4131,886,2002,815,3.2929,157.5
7625,-121.65,36.69,21,7884,2011,4907,1919,2.7367,160.3
7626,-121.64,36.68,16,6568,1603,6012,1565,2.3463,156.1
7627,-121.63,36.68,24,2591,739,3243,702,2.1766,108.5
7628,-121.61,36.68,37,3149,833,3456,788,2.8542,127.6
7629,-121.61,36.69,19,9899,2617,11272,2528,2.0244,118.5
7630,-121.61,36.67,39,3260,821,3130,793,2.5224,119.2
7631,-121.62,36.67,31,2697,690,2220,665,2.5329,135.2
7632,-121.63,36.67,34,2486,560,2443,557,2.5263,130.4
7633,-121.64,36.67,28,256,66,214,60,3.0197,137.5
7634,-121.63,36.65,44,309,121,315,80,1.6071,112.5
7635,-121.65,36.66,30,3745,767,1762,748,3.2355,214.2
7636,-121.65,36.66,42,4261,840,2013,801,3.5288,221
7637,-121.65,36.67,52,2351,459,1169,439,2.8924,169.6
7638,-121.65,36.67,28,1926,556,1717,535,1.9385,123.2
7639,-121.66,36.68,10,913,265,508,251,0.9914,147.5
7640,-121.66,36.67,40,2878,592,1444,564,3.1439,192.3
7641,-121.66,36.67,40,2497,520,1275,508,3.1071,193.1
7642,-121.67,36.66,19,9371,1980,4259,1882,3.6875,189.7
7643,-121.68,36.67,26,5745,1017,2780,996,5,202.3
7644,-121.67,36.68,38,5561,1292,3523,1253,2.8289,168.3
7645,-121.66,36.69,6,10613,2485,7249,2375,3.7912,168.9
7646,-121.79,36.85,28,1049,235,705,208,2.7321,150
7647,-121.77,36.87,37,424,65,266,64,3.3472,293.8
7648,-121.73,36.9,23,2392,721,3074,718,2.5195,136.9
7649,-121.71,36.9,16,1680,285,1103,275,4.6125,253.8
7650,-121.68,36.9,13,833,130,405,127,5.2729,322.9
7651,-121.66,36.89,15,2608,458,1531,457,5.5148,253.5
7652,-121.73,36.86,28,827,178,703,144,4.4271,175.7
7653,-121.71,36.88,19,2528,554,2332,492,3.7766,177
7654,-121.73,36.85,22,1304,278,887,227,3.6607,206.3
7655,-121.7,36.84,19,2511,465,1551,450,4.9107,231.9
7656,-121.74,36.79,16,3841,620,1799,611,4.3814,245.3
7657,-121.72,36.81,18,1984,379,1078,359,3.2969,229.9
7658,-121.69,36.81,18,2837,522,1454,458,4.5272,221
7659,-121.66,36.82,17,3921,654,1895,641,5.0092,238.7
7660,-121.76,36.75,21,1141,257,671,195,3.8424,155.7
7661,-121.7,36.77,21,2294,478,1306,430,3.0347,227.2
7662,-121.76,36.77,27,1608,503,2031,498,2.3384,121
7663,-121.75,36.77,25,1851,418,1678,390,3.2937,135.3
7664,-121.75,36.76,32,1740,399,1563,389,2.7694,132.4
7665,-121.64,36.74,30,2628,444,1372,432,4.1696,175
7666,-121.64,36.8,18,5915,1000,2975,975,4.5812,255.2
7667,-121.6,36.81,18,1575,230,751,219,5.2203,286.5
7668,-121.65,36.77,15,2191,358,1150,330,4.7969,227.5
7669,-121.68,36.72,12,19234,4492,12153,4372,3.2652,152.8
7670,-121.62,36.63,52,1437,298,836,257,3.6286,165.5
7671,-121.54,36.7,12,6758,1241,3918,1100,3.525,201.7
7672,-121.69,36.62,19,1907,323,681,270,6.0332,244.9
7673,-121.7,36.6,19,3562,530,1607,505,5.0162,283.1
7674,-121.67,36.58,11,5892,837,2327,812,6.1551,291.8
7675,-121.59,36.55,34,737,140,362,138,5.1788,270
7676,-121.69,36.52,15,4037,586,1596,557,8.0922,390.1
7677,-121.43,36.5,14,1835,468,1867,461,2.3879,129.8
7678,-121.44,36.51,31,1636,380,1468,339,3.2219,114.7
7679,-121.45,36.51,29,1045,311,1245,273,1.775,112.5
7680,-121.42,36.57,13,2685,621,2474,573,2.8775,134.1
7681,-121.48,36.49,28,1006,228,738,193,1.9722,210.7
7682,-121.74,36.49,33,2952,565,1264,517,4.4209,274.6
7683,-121.73,36.5,27,3184,520,1121,493,5.6383,377
7684,-121.7,36.48,19,2150,479,1052,428,3.5039,288.4
7685,-121.62,36.43,20,1335,290,717,243,4.7891,230.6
7686,-121.66,36.37,9,1580,287,465,208,6.1668,405.8
7687,-121.31,36.42,21,2740,615,2630,564,2.6629,102.7
7688,-121.32,36.43,22,2927,637,2546,618,2.7153,114.3
7689,-121.4,36.38,39,2288,529,1449,410,3.3289,190.6
7690,-121.23,36.33,23,2095,536,1858,457,3.0543,92.4
7691,-121.25,36.32,12,4776,1082,4601,1066,2.9184,100.5
7692,-121.26,36.32,30,146,41,164,40,2.3,206.3
7693,-121.24,36.33,13,1642,418,1534,388,3.1222,125.5
7694,-121.24,36.34,33,1691,308,792,262,2.6648,164.6
7695,-121.12,36.21,16,1720,473,1427,291,2.1107,76.2
7696,-121.13,36.21,30,1484,414,1200,351,1.7548,95.8
7697,-121.13,36.21,34,2504,550,1810,547,3.4821,113.7
7698,-121.13,36.2,16,1868,443,1323,436,2.9559,163.2
7699,-121.02,36.24,12,2198,507,1971,502,2.6801,100
7700,-121.2,36.14,12,3738,710,2337,664,3.9647,135
7701,-121.39,36.16,28,1057,249,288,130,3.0526,146.9
7702,-121.32,35.95,31,372,68,479,67,3.5547,200
7703,-121,35.94,16,3077,628,1479,536,3.3724,114.6
7704,-120.79,36.06,29,1916,386,1019,314,2.4881,87.5
7705,-120.51,35.91,39,768,162,264,118,5.3245,250
7706,-121.91,36.42,14,1078,261,382,171,3.7083,210
7707,-121.84,36.25,20,958,245,590,189,2.6094,362.5
7708,-121.62,36.14,25,726,274,411,214,3.2375,450
7709,-121.87,36.55,20,10053,1768,3083,1621,5.1506,387.5
7710,-121.77,36.53,18,2321,358,803,341,10.1854,426
7711,-121.84,36.52,18,3165,533,1312,434,6.5234,357.4
7712,-121.88,36.49,28,2830,458,898,370,5.8142,500.001
7713,-121.92,36.57,42,3944,738,1374,598,4.174,394.4
7714,-121.91,36.55,39,5468,834,1782,712,5.7248,398.8
7715,-121.92,36.54,33,5323,887,1670,740,3.9792,468
7716,-121.92,36.56,40,2124,449,643,341,5.5164,369.1
7717,-121.94,36.55,30,2722,584,628,384,3.4048,487.1
7718,-121.92,36.56,39,2144,538,749,419,2.7039,364
7719,-121.92,36.55,37,2190,419,490,300,3.7852,465.8
7720,-121.92,36.55,44,3494,635,693,415,3.6,452.8
7721,-121.92,36.55,52,2616,483,582,313,3.275,500.001
7722,-121.95,36.61,31,1736,250,497,170,6.3835,407.8
7723,-121.93,36.59,25,2201,353,622,295,5.0621,386.5
7724,-121.95,36.6,32,3152,504,793,426,7.1198,469.9
7725,-121.95,36.59,22,3553,530,1108,441,5.8505,417.1
7726,-121.94,36.58,23,4911,693,1480,606,6.777,500
7727,-121.94,36.57,28,3153,409,569,271,14.4113,500.001
7728,-121.93,36.6,33,3455,683,1704,663,4.0154,225.7
7729,-121.92,36.61,29,3735,808,1873,757,3.1543,253.8
7730,-121.93,36.62,34,2351,440,1063,428,3.725,278
7731,-121.92,36.61,27,3044,661,1229,618,3.1359,268
7732,-121.93,36.62,39,869,173,406,165,4.0313,253.8
7733,-121.92,36.62,52,974,190,403,181,4.3281,236.5
7734,-121.92,36.62,52,1001,191,425,184,3.7614,241.7
7735,-121.92,36.62,47,1811,401,948,375,3.0379,249.3
7736,-121.91,36.62,52,1431,300,657,293,3.2865,240.1
7737,-121.92,36.62,52,867,199,391,187,2.6713,234.6
7738,-121.92,36.62,52,1410,303,578,285,2.5625,235.4
7739,-121.92,36.62,52,728,161,313,142,3.4327,254.5
7740,-121.91,36.62,40,1292,271,504,230,2.475,258.3
7741,-121.91,36.62,30,724,167,325,155,3.3333,247.9
7742,-121.92,36.62,52,2584,599,790,444,2.5263,286.4
7743,-121.91,36.62,52,541,157,240,145,3.5865,290
7744,-121.91,36.62,52,1220,267,488,265,3.7454,243.8
7745,-121.91,36.63,42,817,194,391,193,2.1776,279.2
7746,-121.93,36.63,28,3983,852,1582,778,3.5147,313.9
7747,-121.93,36.63,33,1740,342,638,329,3.1912,319.8
7748,-121.92,36.63,40,1076,193,406,180,3.4943,311.1
7749,-121.93,36.63,41,1049,198,428,183,4.3571,287.5
7750,-121.92,36.63,36,877,175,349,168,3.4167,339.1
7751,-121.89,36.63,20,1834,554,971,514,3.0383,217.3
7752,-121.9,36.61,29,3412,827,1574,759,2.9309,217.1
7753,-121.91,36.61,30,2755,597,1519,554,3.2952,234.6
7754,-121.92,36.61,27,1619,352,831,344,4.3,226.4
7755,-121.9,36.6,39,1629,423,804,386,2.4663,236.5
7756,-121.9,36.6,33,2461,649,1234,601,2.8727,225
7757,-121.9,36.59,42,2689,510,1023,459,4.6182,301
7758,-121.91,36.59,31,2034,335,966,322,4.6964,291.3
7759,-121.91,36.6,35,2605,410,1110,406,5.5519,329.5
7760,-121.91,36.59,17,5039,833,1678,710,6.2323,339.1
7761,-121.89,36.6,40,626,164,337,150,2.7917,225
7762,-121.89,36.6,19,656,200,248,173,1.2656,500
7763,-121.88,36.6,30,1671,469,760,375,2.5164,178.1
7764,-121.88,36.59,30,1822,505,932,496,2.6894,179.5
7765,-121.89,36.59,18,2700,937,1042,744,3.1364,150
7766,-121.86,36.58,20,6332,991,2668,955,5.7578,347.7
7767,-121.81,36.57,13,3030,413,1027,363,6.9615,500.001
7768,-121.87,36.61,21,1616,400,688,384,4.2109,278.8
7769,-121.86,36.6,21,3634,1011,1985,917,2.9085,156.3
7770,-121.86,36.6,33,1409,307,633,290,3.5568,191.2
7771,-121.85,36.6,21,2381,701,1264,659,2.5372,218
7772,-121.84,36.59,34,3852,733,1661,696,4.3269,221.3
7773,-121.83,36.61,27,5665,1281,3612,1191,3.0542,142.1
7774,-121.84,36.61,26,2902,761,2258,719,2.5663,128.9
7775,-121.84,36.6,30,2958,691,1616,666,3.4643,191.8
7776,-121.84,36.61,21,2876,802,2487,795,2.2007,112.8
7777,-121.84,36.61,15,2190,586,1570,510,1.875,122.3
7778,-121.83,36.61,26,3723,789,2563,747,3.4531,133.1
7779,-121.83,36.61,27,2248,466,1644,453,3.2545,131.2
7780,-121.83,36.62,33,2938,576,1516,568,3.5,162.4
7781,-121.83,36.62,33,1771,398,1037,388,2.7708,161.8
7782,-121.85,36.6,41,3138,717,1890,642,2.4864,140.4
7783,-121.85,36.61,38,238,72,191,67,1.3897,125
7784,-121.86,36.63,37,338,109,231,100,2.5313,108.3
7785,-121.79,36.64,11,32627,6445,28566,6082,2.3087,118.8
7786,-121.8,36.68,18,8581,1957,6071,1889,3,162.2
7787,-121.79,36.68,22,6912,1513,3794,1455,3.0608,168.3
7788,-121.8,36.69,12,3877,914,2274,858,3.4239,194.8
7789,-121.77,36.71,18,6601,1395,3562,1299,3.512,174.8
7790,-122.29,38.3,52,144,54,89,48,1.0096,162.5
7791,-122.29,38.3,52,935,224,315,207,1.8287,146.9
7792,-122.3,38.3,52,1128,207,450,197,3.3542,154.6
7793,-122.29,38.3,52,1219,288,847,283,1.6691,183.3
7794,-122.29,38.29,52,3217,742,1670,671,2.4398,163.1
7795,-122.3,38.29,48,2278,477,1219,453,2.9643,154
7796,-122.3,38.29,40,1739,318,744,312,2.6518,156.1
7797,-122.29,38.28,38,2308,425,1272,406,3.6083,134.2
7798,-122.27,38.29,36,1446,306,678,295,2.8409,153
7799,-122.28,38.3,23,526,152,245,130,2.0134,142.5
7800,-122.28,38.29,19,531,112,139,80,1.9875,325
7801,-122.27,38.29,20,3870,795,2088,774,3.3021,152.7
7802,-122.27,38.28,37,1170,303,766,302,2.6618,136.2
7803,-122.26,38.31,33,4518,704,1776,669,5.2444,281.1
7804,-122.27,38.32,31,1267,319,545,297,1.9946,206.8
7805,-122.27,38.31,44,3030,589,1373,582,2.9054,155.2
7806,-122.28,38.32,12,4609,1005,2293,960,3.4543,194.5
7807,-122.29,38.32,23,4312,993,2317,934,2.7667,153.2
7808,-122.3,38.32,20,2063,486,1045,460,2.5035,153.2
7809,-122.29,38.31,25,4927,1005,2756,998,2.7325,162.9
7810,-122.29,38.31,45,3075,754,1635,723,2.2721,139.8
7811,-122.3,38.3,44,3690,809,1922,736,2.6346,139.8
7812,-122.31,38.34,19,4187,684,1827,605,4.5293,210.4
7813,-122.31,38.33,21,1922,344,1051,342,3.6042,183.3
7814,-122.3,38.33,15,4741,956,2043,856,4.1862,183.6
7815,-122.33,38.33,15,3193,468,1303,426,5.3017,202.6
7816,-122.32,38.32,22,2483,528,1478,492,4.0878,164.4
7817,-122.31,38.32,35,3997,762,2074,703,3.285,138.1
7818,-122.32,38.32,26,2710,498,1439,484,5,175.2
7819,-122.31,38.3,25,3883,740,1641,676,3.9,187.3
7820,-122.31,38.31,32,2577,458,1172,447,3.8796,175.5
7821,-122.31,38.3,45,3023,659,1789,657,3.6039,126
7822,-122.32,38.29,21,1607,356,834,352,2.3787,177.9
7823,-122.33,38.29,14,3541,499,1577,459,5.3351,269.9
7824,-122.3,38.29,20,1789,434,1113,398,2.4728,139.7
7825,-122.3,38.29,25,1701,427,1021,399,3.0404,142.1
7826,-122.3,38.28,31,1633,316,944,300,3.3977,158.7
7827,-122.3,38.27,4,1051,263,455,248,3.6389,130.2
7828,-122.3,38.25,18,3548,880,1476,699,3.7188,163.4
7829,-122.21,38.28,35,1273,210,555,181,4.4861,269.3
7830,-122.24,38.25,33,213,36,91,33,4.9167,187.5
7831,-122.29,38.19,13,7065,1259,3864,1221,4.7472,148.6
7832,-122.25,38.17,34,778,137,406,136,4.2955,121.3
7833,-122.25,38.16,17,4459,944,1812,888,2.9375,106.7
7834,-122.26,38.16,23,2840,491,1586,466,4.0337,130.4
7835,-122.39,38.37,33,1066,191,403,163,6.8,240.8
7836,-122.37,38.33,29,1868,291,764,284,4.825,195.1
7837,-122.35,38.3,18,3735,557,1504,521,5.6304,243.1
7838,-122.33,38.21,33,2017,370,949,342,4.625,228.6
7839,-122.4,38.34,33,1408,273,520,212,3.5781,242.5
7840,-122.33,38.38,28,1020,169,504,164,4.5694,287.5
7841,-122.4,38.41,20,4867,1015,1725,1015,2.5685,267.6
7842,-122.32,38.35,20,3494,549,1673,541,5.5718,185.2
7843,-122.36,38.41,18,1808,400,968,370,3.7067,175
7844,-122.36,38.4,16,2716,546,898,500,2.2536,201.2
7845,-122.18,38.35,24,407,68,175,61,6.0266,216.7
7846,-122.21,38.41,12,4270,654,1624,598,5.5266,331.3
7847,-122.29,38.4,28,2024,340,844,309,4.7833,361.1
7848,-122.33,38.39,36,831,122,272,109,6.3427,304.8
7849,-122.28,38.34,44,1066,190,416,174,3.6389,304
7850,-122.26,38.36,25,1821,344,349,179,6.9931,398.8
7851,-122.26,38.33,34,2048,316,780,267,5.815,339.2
7852,-122.23,38.33,31,3440,574,1538,537,5.5368,325.9
7853,-122.24,38.31,38,1938,301,823,285,6.1089,280.8
7854,-122.52,38.53,35,1227,236,548,207,4.875,336.7
7855,-122.48,38.48,29,2278,397,765,322,4.6379,348.2
7856,-122.4,38.46,33,2542,466,1099,420,4.635,248.5
7857,-122.47,38.51,18,2487,516,980,503,3.5506,187.5
7858,-122.47,38.51,25,928,195,413,184,3.4904,196.9
7859,-122.48,38.51,49,1977,393,741,339,3.1312,247.6
7860,-122.48,38.5,37,3049,508,1287,439,4.3125,276.5
7861,-122.47,38.5,23,2191,415,959,361,4.1993,214.5
7862,-122.45,38.51,18,1297,337,610,312,1.9441,184.4
7863,-122.4,38.53,24,1741,289,564,231,3.6118,248.4
7864,-122.44,38.57,26,2101,390,2171,360,3.6429,159.7
7865,-122.45,38.58,34,2517,483,1324,464,3.0938,189.4
7866,-122.47,38.6,20,1036,202,589,194,5.3698,303.3
7867,-122.48,38.54,37,1898,359,973,340,4.2096,256.6
7868,-122.46,38.53,32,1735,331,785,309,3.6641,275.8
7869,-122.27,38.68,18,742,142,343,119,3.1563,98.4
7870,-122.26,38.57,22,509,103,139,73,2.1979,152.8
7871,-122.27,38.53,22,678,137,336,103,4.4,142.5
7872,-122.18,38.49,15,1743,366,655,264,3.3393,146.9
7873,-122.52,38.67,35,1705,321,708,253,3.4539,300
7874,-122.59,38.56,43,2088,379,721,293,4.65,245
7875,-122.57,38.58,18,2083,506,926,487,1.9925,225
7876,-122.58,38.59,33,1239,262,539,246,3.5208,195.8
7877,-122.58,38.58,32,2723,637,1549,556,2.3942,183.1
7878,-122.59,38.58,18,3753,752,1454,668,3.7585,185.7
7879,-121.07,39.15,15,6828,1319,3002,1318,2.4726,143.4
7880,-121.07,39.09,17,1878,345,892,299,2.8864,143.1
7881,-121.1,39.08,13,1110,216,602,209,2.5887,144.4
7882,-121.11,39.09,16,1000,197,508,190,2.3062,138.8
7883,-121.12,39.03,17,838,161,388,142,3.6563,163.5
7884,-121.03,39.14,10,3138,524,1275,511,4.0775,164.5
7885,-121.07,39.13,8,4839,832,1977,762,4.0848,155.9
7886,-121.05,39.11,7,2767,423,1143,382,3.6333,170.2
7887,-121.04,39.08,8,2870,526,1307,451,3.463,201.7
7888,-121,39.09,7,439,84,246,80,3.0781,162.5
7889,-121.08,39.02,13,1839,275,752,270,4.2031,209.6
7890,-121.07,39.05,10,1813,311,827,287,3.6087,182.1
7891,-121.07,39.04,9,2374,372,884,333,4.5042,206.4
7892,-121.03,39.05,12,1875,307,806,283,3.9185,195.2
7893,-121.06,39.04,14,1651,279,633,261,4.2802,194.8
7894,-121.06,39.04,15,1999,287,585,246,5.5161,361.9
7895,-121.06,39.03,11,1887,303,775,283,3.8417,187.2
7896,-121.22,39.11,14,1405,269,660,228,3.0804,156.8
7897,-121.19,39.05,14,1131,193,520,178,3.9,180.4
7898,-121.14,39.1,13,1085,227,629,214,5.0389,171.5
7899,-121.12,39.2,9,1431,254,681,221,3.045,170.4
7900,-121.1,39.15,10,680,143,354,140,4.0333,161.5
7901,-121.08,39.18,19,2323,397,963,379,3.7426,162.7
7902,-121.18,39.26,14,811,161,352,121,3.5938,140.3
7903,-121.18,39.25,9,3415,562,1208,479,4.3646,185.9
7904,-121.2,39.25,5,906,144,376,141,4.3523,188.2
7905,-121.18,39.23,8,2112,360,782,344,3.7125,175
7906,-121.21,39.24,7,4194,673,1355,566,4.3702,226.1
7907,-121.2,39.23,9,2802,447,955,418,5.2359,213.3
7908,-121.18,39.19,16,1528,351,729,319,2.4688,138.8
7909,-121.16,39.18,14,1006,187,462,185,3.1042,152
7910,-121.25,39.17,9,999,189,411,176,2.125,151.8
7911,-121.15,39.23,13,3883,763,1816,682,2.8102,144.4
7912,-121.24,39.22,14,983,163,399,161,2.2917,145.1
7913,-121.23,39.27,11,1265,224,573,205,3.3603,162.5
7914,-121.07,39.23,39,2099,433,929,423,1.9886,113.8
7915,-121.04,39.24,48,1188,227,471,219,2.3125,125.7
7916,-121.06,39.23,10,2229,537,982,512,2.186,132.7
7917,-121.06,39.22,52,1749,422,837,391,2.325,109.7
7918,-121.09,39.23,35,2637,511,1181,480,2.7813,109.2
7919,-121.07,39.22,52,2432,495,928,435,2.425,121.1
7920,-121.08,39.22,30,2188,455,1033,437,2.1419,105.2
7921,-121.08,39.21,17,3033,590,1319,583,2.4811,111.8
7922,-121.09,39.22,25,2200,439,1045,419,2.6042,116.7
7923,-121.07,39.2,45,204,62,133,51,1,90.6
7924,-121.04,39.22,14,1889,471,853,399,2.25,112.5
7925,-121.03,39.21,28,2843,535,1310,525,3.2337,123.1
7926,-121.05,39.2,48,1759,389,716,350,2.3125,108.3
7927,-121.06,39.21,52,1452,309,637,299,2.2083,103.9
7928,-121.05,39.21,43,1264,273,611,260,2.535,117.1
7929,-120.94,39.22,12,1321,268,661,232,4.0062,153.8
7930,-120.83,39.27,14,3338,608,1373,562,3.67,160.1
7931,-121,39.23,15,2809,450,1267,408,4.0426,191.7
7932,-120.99,39.22,16,1497,275,737,243,2.8942,182.5
7933,-120.99,39.2,15,2993,562,1296,518,3.3009,156.8
7934,-120.93,39.17,13,2331,464,1110,419,3.6563,164.9
7935,-120.99,39.13,14,770,116,285,116,3.6434,155.4
7936,-120.99,39.18,23,2550,457,1016,405,3.6607,153
7937,-121,39.16,10,1170,225,537,194,3.2813,163.2
7938,-121.02,39.27,52,3720,707,1424,609,3.2,155
7939,-121.03,39.26,49,3739,759,1422,606,2.4283,143.1
7940,-121,39.26,14,810,151,302,138,3.1094,136.1
7941,-121.02,39.25,52,1549,275,604,249,2.2278,155.4
7942,-120.94,39.32,14,3120,595,1569,556,3.5385,157.4
7943,-121.06,39.25,17,3127,539,1390,520,3.9537,172.8
7944,-120.89,39.3,17,2282,431,974,371,3.5417,155.1
7945,-120.91,39.39,16,352,105,226,82,1.6094,79.5
7946,-121.03,39.37,15,1337,326,1172,306,2.6341,85
7947,-121.13,39.31,17,3442,705,1693,619,2.8102,128.9
7948,-120.74,39.39,18,453,117,152,77,1.3523,85.7
7949,-120.09,39.4,17,1076,283,171,64,2.125,83.9
7950,-120.17,39.33,18,1046,204,486,179,4.119,110.9
7951,-120.2,39.33,26,1988,379,905,321,3.7841,109.5
7952,-120.19,39.32,16,1536,298,646,208,2.3594,155.7
7953,-120.17,39.32,14,2421,489,1000,354,3.5652,119.8
7954,-120.17,39.33,10,614,141,195,95,0.9283,116.3
7955,-120.1,39.37,10,2325,410,1016,373,4.5208,117.3
7956,-120.1,39.33,9,2738,510,1193,412,4.3958,124.8
7957,-120.15,39.36,9,2254,400,694,243,5.6856,138.1
7958,-120.26,39.32,24,6012,1227,780,358,3.0043,122.1
7959,-120.35,39.34,29,1986,474,337,100,4.0278,95.8
7960,-120.27,39.35,11,2520,401,397,165,4.665,145.6
7961,-120.25,39.34,9,2739,555,294,110,3.1842,162.5
7962,-120.24,39.35,8,4195,725,291,115,3.4792,180.8
7963,-120.23,39.36,7,2045,358,245,92,4.0481,152.3
7964,-120.22,39.35,8,1872,281,203,71,4.5882,198.4
7965,-120.21,39.35,7,914,159,85,34,4.7917,187.5
7966,-120.19,39.35,7,2611,395,482,159,5.0622,174.1
7967,-117.95,33.94,28,2851,496,1287,496,5.0782,264.1
7968,-117.96,33.94,34,2228,399,1159,378,4.8906,228.9
7969,-117.97,33.94,36,1870,338,947,324,4.1205,217
7970,-117.97,33.93,31,1975,373,918,347,4.4107,202
7971,-117.97,33.93,33,1700,369,981,362,4.5461,194
7972,-117.96,33.93,29,2316,522,1275,501,3.776,192.6
7973,-117.96,33.94,31,2397,518,1407,476,2.6641,185.2
7974,-117.94,33.93,33,1770,370,1346,366,4.0833,162.5
7975,-117.94,33.93,34,1475,319,698,293,3.8194,186
7976,-117.95,33.93,25,3445,801,2400,750,3.4702,161.9
7977,-117.95,33.93,37,2633,630,1904,630,2.6123,161.3
7978,-117.96,33.93,15,2014,419,839,390,4.7446,175.4
7979,-117.96,33.92,18,3744,1027,1654,912,3.2158,215
7980,-117.95,33.92,18,2825,660,1590,643,3.6106,153.6
7981,-117.94,33.92,28,639,179,1062,169,3.0588,145.2
7982,-117.95,33.92,32,1661,312,1201,302,4,178.2
7983,-117.95,33.92,11,3127,706,1594,694,4.3426,141.3
7984,-117.95,33.92,13,2312,592,2038,559,3.1378,137
7985,-117.94,33.94,25,3250,546,1452,501,5.1084,303.8
7986,-117.94,33.94,26,1962,540,1236,520,2.2156,145
7987,-117.93,33.94,28,3664,719,1820,657,4.225,224.7
7988,-117.93,33.93,25,2431,534,1702,523,3.7933,184.4
7989,-117.93,33.92,34,2271,437,1393,433,4.2443,174.4
7990,-117.93,33.93,37,1128,273,931,234,2.8,137.5
7991,-117.93,33.93,33,1626,378,1062,356,2.1944,139.6
7992,-117.92,33.93,12,4415,890,1532,854,3.75,166.3
7993,-117.91,33.93,21,2578,363,1207,350,6.2452,291.7
7994,-117.91,33.94,15,5799,842,2314,787,6.3433,350.5
7995,-117.89,33.94,20,3349,685,1822,675,4.7216,227
7996,-117.9,33.93,12,4325,1191,1897,1080,3.3173,247.4
7997,-117.89,33.92,17,2936,555,1381,535,5.4617,190.3
7998,-117.91,33.92,21,380,91,398,70,4.7222,208.3
7999,-117.91,33.91,27,2181,501,1555,488,3.6106,196.4
8000,-117.91,33.91,34,1763,303,894,297,5.0096,221.7
8001,-117.91,33.91,32,1530,301,666,276,4.125,230.2
8002,-117.9,33.91,36,1376,257,687,221,3.5403,195.4
8003,-117.89,33.92,8,2120,544,1281,470,3.4954,159.5
8004,-117.89,33.92,14,1562,373,609,328,2.3935,125
8005,-117.9,33.9,19,2176,414,1002,402,4.9743,193.5
8006,-117.9,33.91,26,2885,476,1227,439,4.9524,226.6
8007,-117.92,33.92,19,2181,400,1272,337,5.1952,302.1
8008,-117.92,33.89,18,2895,487,1116,429,5.4716,400
8009,-117.92,33.9,13,1814,320,1010,313,6.3489,337.9
8010,-117.93,33.91,24,1698,297,676,273,5.2017,364.6
8011,-117.9,33.9,18,3821,576,1430,568,6.9399,349.6
8012,-117.92,33.89,12,1859,393,622,316,5.0258,161.8
8013,-117.97,33.91,19,8096,1318,3853,1313,6.0076,269.5
8014,-117.96,33.9,10,2423,356,1213,347,6.5635,346.9
8015,-117.98,33.9,6,1537,347,506,280,4.8264,146.8
8016,-117.96,33.89,24,1332,252,625,230,4.4375,334.1
8017,-117.94,33.91,18,8836,1527,3946,1451,5.6441,313
8018,-117.93,33.9,30,2629,331,956,319,9.9071,500.001
8019,-117.94,33.89,30,2577,404,1076,374,6.7528,459.6
8020,-117.94,33.88,35,2159,343,833,335,5.3738,365.1
8021,-117.98,33.87,25,2037,515,1435,496,3.3199,188.8
8022,-117.98,33.87,29,1310,332,937,294,3.8068,158.7
8023,-117.98,33.86,25,1025,266,726,183,3.875,137.5
8024,-117.97,33.87,28,1784,440,1255,433,3.7054,169.2
8025,-117.97,33.86,34,2138,490,1682,463,3.6006,161.7
8026,-117.97,33.86,12,1370,367,1022,296,3.6471,141.7
8027,-117.96,33.86,35,2146,430,1230,429,3.7813,184.9
8028,-117.96,33.86,35,2181,371,1249,358,4.2937,183.2
8029,-117.96,33.87,35,1972,367,1152,356,3.7222,187.5
8030,-117.95,33.86,35,2375,439,1343,424,4.53,193.5
8031,-117.95,33.86,35,2478,431,1333,427,5.2099,191.4
8032,-117.96,33.86,32,2366,505,1283,477,3.3516,190
8033,-117.94,33.88,46,1747,312,770,296,5.4217,256
8034,-117.95,33.87,35,1854,383,1115,381,4.4784,185.2
8035,-117.95,33.87,22,1432,335,746,296,2.0227,55
8036,-117.96,33.87,27,890,289,416,200,3.141,167.5
8037,-117.95,33.88,34,1939,355,817,314,3.6705,275
8038,-117.94,33.86,33,1013,312,706,266,2.1432,197.5
8039,-117.94,33.86,35,1235,227,875,220,4.6964,183.1
8040,-117.94,33.86,35,2127,417,1247,378,4.75,185.6
8041,-117.93,33.87,10,1277,488,730,417,1.4803,137.5
8042,-117.94,33.87,46,2066,450,1275,448,3.9375,187
8043,-117.94,33.88,35,1694,296,679,282,4.3333,239.3
8044,-117.92,33.87,36,1125,285,966,257,2.8438,162.5
8045,-117.93,33.87,52,950,229,429,185,2.315,182.1
8046,-117.93,33.88,45,1306,293,585,260,4.0812,241.7
8047,-117.92,33.88,52,1270,276,609,211,3.75,232.5
8048,-117.91,33.88,34,1851,291,784,290,5.2336,235.6
8049,-117.92,33.88,32,1683,273,719,263,5.3649,243.6
8050,-117.92,33.88,32,1632,244,575,235,5.3986,318.7
8051,-117.9,33.87,28,2315,538,1360,504,2.9861,218.6
8052,-117.91,33.87,29,1121,291,762,276,2.5,143.8
8053,-117.91,33.87,52,2031,506,1191,463,2.9076,177.3
8054,-117.88,33.89,18,1616,532,866,496,3.6435,119.1
8055,-117.89,33.88,15,1655,626,1549,582,1.9127,175
8056,-117.89,33.88,33,1582,256,771,240,5.3836,229.6
8057,-117.89,33.88,27,2091,336,1037,332,5.7519,243.4
8058,-117.89,33.87,25,1492,439,755,389,3.0893,188.2
8059,-117.88,33.87,35,1919,349,1302,345,5.6409,190.9
8060,-117.89,33.87,32,1569,422,835,386,3.0465,148.9
8061,-117.93,33.86,17,1627,398,1216,369,3.3438,186.6
8062,-117.93,33.86,35,931,181,516,174,5.5867,182.5
8063,-117.93,33.87,29,1221,371,1822,326,1.7935,162.5
8064,-117.89,33.86,28,1395,398,1220,362,3.3008,193.8
8065,-117.91,33.86,26,2296,570,1415,527,2.4732,165.8
8066,-117.92,33.86,26,745,161,247,151,3.6375,133.9
8067,-117.88,33.9,21,3180,434,1413,391,6.5945,277.3
8068,-117.88,33.89,19,3583,911,2300,871,3.0214,218.4
8069,-117.88,33.89,17,3218,923,1701,824,3.6946,265.5
8070,-117.87,33.89,25,1142,162,486,150,7.1472,270.1
8071,-117.86,33.91,16,2889,423,1227,401,6.4514,270.8
8072,-117.86,33.9,25,3205,409,1291,408,7.2478,299.2
8073,-117.86,33.89,22,4386,593,1915,592,6.6897,289.8
8074,-117.86,33.89,24,2002,253,820,241,6.9612,274.5
8075,-117.87,33.89,19,1674,243,786,234,6.4218,275
8076,-117.86,33.88,19,1621,328,871,322,3.7361,201.4
8077,-117.87,33.89,17,1441,530,769,456,2.425,171.7
8078,-117.87,33.89,22,2340,664,1382,546,3.343,184.6
8079,-117.87,33.88,28,3333,752,2026,722,3.5667,190.7
8080,-117.87,33.88,28,2612,602,1682,563,3.6417,204.3
8081,-117.87,33.85,33,45,11,34,10,5.2949,350
8082,-117.85,33.86,18,329,72,209,71,4.6806,187.5
8083,-117.85,33.89,22,4020,655,1486,635,5.9639,262.3
8084,-117.85,33.88,14,4753,681,2138,678,7.3658,288.5
8085,-117.85,33.87,15,5078,806,2569,759,5.6549,301.9
8086,-117.84,33.89,24,3935,625,1912,593,5.7951,226.9
8087,-117.85,33.89,24,3326,503,1616,494,5.7457,240.6
8088,-117.88,33.87,21,1519,388,1203,366,3.2083,145.3
8089,-117.87,33.86,19,2232,448,1149,417,3.1534,324.4
8090,-117.87,33.87,15,1898,476,1766,455,2.4929,158.5
8091,-117.87,33.87,16,1332,368,1534,295,3.0227,297.1
8092,-117.86,33.87,19,1591,279,891,237,5.6573,216
8093,-117.88,33.85,18,2705,713,2726,674,2.7759,200
8094,-117.87,33.86,28,2292,531,2197,509,3.4856,142.8
8095,-117.81,33.89,13,3252,583,1546,557,5.8243,297.9
8096,-117.82,33.89,24,2168,421,1050,397,4.6172,238.3
8097,-117.81,33.88,19,2968,503,1430,459,5.3339,371.7
8098,-117.82,33.89,21,3079,509,1431,480,4.0714,278.9
8099,-117.78,33.86,16,3471,708,1769,691,4.1064,246.1
8100,-117.76,33.87,16,3973,595,1971,575,6.4265,263.7
8101,-117.83,33.9,23,2446,360,1196,359,6.5755,272.8
8102,-117.84,33.9,24,1723,223,707,219,7.0352,299.6
8103,-117.83,33.89,25,1737,270,840,265,4.625,245.7
8104,-117.83,33.88,23,2365,355,1209,347,6.0132,259.4
8105,-117.83,33.88,18,2112,340,1048,315,6.9308,231.7
8106,-117.82,33.88,15,5392,895,2531,827,6.2185,280.3
8107,-117.83,33.87,5,6971,1449,3521,1423,5.2131,243.9
8108,-117.81,33.88,19,2265,283,904,279,9.2327,461.3
8109,-117.8,33.87,16,5954,1281,3107,1209,4.2566,206.1
8110,-117.81,33.86,18,133,29,95,23,3.5625,235
8111,-117.88,33.92,13,3292,727,1565,698,5.457,308.8
8112,-117.87,33.92,17,4575,764,2054,737,6.0571,272.4
8113,-117.83,33.93,14,1956,282,671,269,6.5841,306.4
8114,-117.8,33.92,16,5819,986,2306,914,4.6315,277.5
8115,-117.79,33.88,17,8562,1351,3822,1316,6.0829,252.6
8116,-117.78,33.87,16,5609,952,2624,934,5.3307,169.6
8117,-117.78,33.88,16,1800,238,871,234,6.6678,301.9
8118,-117.82,33.9,25,1137,170,524,164,7.5744,259.3
8119,-117.8,33.9,22,3760,482,1485,461,7.8537,354.9
8120,-117.74,33.89,4,37937,5471,16122,5189,7.4947,366.3
8121,-117.76,33.88,9,4838,759,2090,695,6.6536,307.8
8122,-117.77,33.88,8,4874,627,2070,619,8.1117,410.2
8123,-117.8,33.85,23,3038,470,1568,438,5.6403,233
8124,-117.82,33.85,21,2603,404,1350,390,6.057,235.9
8125,-117.8,33.85,16,4151,637,1558,604,5.806,304.9
8126,-117.81,33.84,17,4343,515,1605,484,10.5981,460.1
8127,-117.79,33.84,9,10484,1603,4005,1419,8.3931,365.3
8128,-117.78,33.85,16,3781,504,1665,499,7.2554,335.6
8129,-117.78,33.86,16,4390,660,2146,633,6.1504,266
8130,-117.76,33.87,16,3182,429,1663,428,7.0592,288.2
8131,-117.78,33.81,23,1986,278,826,260,7.7752,380
8132,-117.77,33.8,16,3973,483,1373,452,9.8074,417
8133,-117.8,33.79,13,2021,362,1081,341,4.3269,231.4
8134,-117.77,33.85,13,5415,827,2061,714,7.3681,353.1
8135,-117.76,33.84,15,3764,510,1448,468,8.7124,410.5
8136,-117.76,33.83,15,3086,457,1262,436,6.4415,300.7
8137,-117.76,33.86,14,3666,442,1400,433,10.1316,500.001
8138,-117.75,33.83,14,2452,296,954,275,8.2375,388.3
8139,-117.74,33.85,4,5416,820,1753,583,6.9544,314
8140,-117.78,33.82,12,6208,750,2443,739,9.1808,413.7
8141,-117.76,33.81,2,582,70,199,64,7.1193,500.001
8142,-117.81,33.8,25,2765,475,1666,474,6.0531,230.7
8143,-117.81,33.79,25,5950,1155,4528,1064,4.2564,204.6
8144,-117.8,33.78,18,3548,474,1506,449,6.925,290.3
8145,-117.8,33.78,17,4138,805,2442,780,4.7804,242
8146,-117.69,33.8,5,3178,631,1467,581,5.2541,237.1
8147,-117.66,33.62,16,4065,661,1962,636,6.2177,256.6
8148,-117.67,33.61,24,3859,661,1972,624,5.7871,227.4
8149,-117.66,33.6,24,1684,232,781,230,6.8667,279.6
8150,-117.66,33.6,25,3745,522,1648,496,7.5488,278.1
8151,-117.67,33.61,23,3588,577,1695,569,6.1401,243.2
8152,-117.68,33.63,16,5218,1187,2701,1125,3.929,143.1
8153,-117.68,33.63,13,5830,921,2897,891,6.2403,257.4
8154,-117.67,33.63,9,5774,1320,3086,1265,4.4063,202.2
8155,-117.62,33.77,43,1911,439,930,433,4.6369,186.4
8156,-117.6,33.72,36,1317,228,531,214,5.6346,272.5
8157,-117.66,33.59,18,4552,706,1918,671,7.5791,288.1
8158,-117.67,33.6,20,1213,171,565,170,7.2592,314.8
8159,-117.66,33.58,16,3016,394,1172,382,7.5196,315.6
8160,-117.67,33.57,18,1614,210,692,209,7.9294,280.3
8161,-117.66,33.57,16,4277,565,1642,549,8.0082,286.6
8162,-117.7,33.62,16,9653,2000,4732,1922,3.7361,197.2
8163,-117.69,33.62,18,4265,581,2025,544,6.4598,282.7
8164,-117.69,33.61,16,3010,580,1649,538,4.0221,236.2
8165,-117.68,33.6,19,3913,460,1646,454,7.2147,303.9
8166,-117.65,33.65,16,1538,260,835,259,5.5779,234.8
8167,-117.67,33.64,11,2722,554,1565,508,5.1645,164.1
8168,-117.65,33.65,15,3485,519,1740,485,6.7543,251.9
8169,-117.66,33.63,16,3299,610,1967,604,5.5085,223.3
8170,-117.63,33.65,10,3580,491,1688,467,7.7814,288.7
8171,-117.62,33.64,2,7826,893,2985,790,10.1531,484.1
8172,-117.64,33.63,10,4814,643,1808,588,8.798,436.6
8173,-117.64,33.64,11,2422,429,810,395,6.1935,293.2
8174,-117.64,33.65,4,6842,1512,3256,1439,5.4132,216.6
8175,-117.63,33.62,9,4257,785,1293,745,3.7139,196.7
8176,-117.63,33.63,6,3068,549,985,536,4.2009,238
8177,-117.65,33.62,15,2708,410,1140,389,6.2899,275
8178,-117.64,33.62,16,3970,771,1202,734,3.4115,184.8
8179,-117.65,33.6,15,5736,800,2529,762,6.4114,278.7
8180,-117.65,33.6,13,2319,430,1004,380,5.133,316.1
8181,-117.65,33.57,5,1998,500,1185,446,4.3542,195.6
8182,-117.65,33.58,2,2411,354,703,217,7.8061,331.4
8183,-117.66,33.57,16,2483,443,1357,400,5.5545,214.2
8184,-117.67,33.54,16,2102,350,1003,328,4.7981,170.8
8185,-117.67,33.54,15,2423,435,1366,423,4.8906,181.8
8186,-117.67,33.55,6,3157,721,1695,710,3.7609,222.3
8187,-117.67,33.56,4,3289,728,1345,632,4.6863,184.4
8188,-117.55,33.52,15,426,62,133,45,5.136,447.4
8189,-117.59,33.61,3,2993,429,991,390,10.0765,378.2
8190,-117.58,33.6,5,5348,659,1862,555,11.0567,495.4
8191,-117.49,33.64,3,8874,1302,3191,1027,6.8588,302
8192,-117.59,33.67,29,1223,215,633,204,6.5143,279.8
8193,-117.53,33.69,6,454,102,213,43,10.9704,483.3
8194,-117.58,33.66,4,3305,644,1693,597,5.2497,215
8195,-117.58,33.65,4,2000,422,833,386,5.7709,190.3
8196,-117.59,33.65,2,4860,1193,2332,1073,4.5022,151.9
8197,-117.6,33.65,4,3134,504,1599,485,6.2464,233.9
8198,-117.61,33.67,3,4541,720,1600,583,6.8004,284.9
8199,-117.64,33.66,6,5221,1217,2597,1119,4.6076,204
8200,-117.59,33.65,4,1793,390,897,386,4.2463,182.8
8201,-117.58,33.65,4,1606,498,815,426,3.375,500.001
8202,-117.61,33.63,2,4678,817,1970,712,6.1078,219
8203,-117.65,33.53,7,6814,785,2175,681,10.49,500.001
8204,-117.62,33.42,23,2656,515,998,435,4.0294,500.001
8205,-117.63,33.38,12,5744,1054,2104,847,5.1482,500.001
8206,-117.61,33.41,35,2556,404,946,399,6.1557,402.9
8207,-117.61,33.42,31,3959,856,1919,775,4.0313,282
8208,-117.6,33.41,29,2193,389,922,387,4.5476,309.2
8209,-117.62,33.47,4,1812,255,661,211,6.487,294.2
8210,-117.63,33.45,5,3549,604,1571,534,5.3705,363.5
8211,-117.63,33.47,4,1969,280,805,271,7.6012,310.8
8212,-117.63,33.46,7,7684,1088,2812,1057,6.3401,387.3
8213,-117.64,33.45,26,1528,234,607,218,6.2871,325.5
8214,-117.65,33.42,25,2174,428,603,352,3.3967,249.4
8215,-117.64,33.45,27,334,56,130,46,4.875,284.1
8216,-117.62,33.43,27,1835,413,1221,377,3.2232,247.1
8217,-117.62,33.43,27,3858,1062,2321,873,3.3155,231
8218,-117.62,33.43,24,1296,384,850,367,2.7545,231.3
8219,-117.65,33.4,17,2737,654,910,492,3.5729,370.8
8220,-117.62,33.43,23,4052,955,1950,859,4.0647,240.6
8221,-117.61,33.43,33,1150,383,604,317,2.3545,187.5
8222,-117.62,33.42,27,1005,266,460,243,3.1029,190.6
8223,-117.62,33.42,27,1444,412,597,311,3.1395,310
8224,-117.6,33.45,4,2369,566,996,435,5.4031,243.8
8225,-117.59,33.44,3,5813,1264,2363,1041,4.3897,341.3
8226,-117.59,33.4,22,3167,743,1797,642,4.0076,252.1
8227,-117.59,33.41,17,2248,448,878,423,5.1298,246
8228,-117.6,33.42,23,2482,461,1048,425,4.665,280.6
8229,-117.61,33.43,24,2303,399,851,379,3.9875,346.5
8230,-117.6,33.43,21,3951,562,1392,543,5.1439,414
8231,-117.61,33.44,17,2036,272,713,265,6.5954,346.2
8232,-117.67,33.47,22,2728,616,1081,566,1.6393,500.001
8233,-117.67,33.46,24,3571,722,1409,543,4.6518,277.8
8234,-117.67,33.44,25,2994,519,903,410,6.6852,500.001
8235,-117.67,33.46,18,1679,271,783,257,5.3999,300
8236,-117.66,33.46,26,2073,370,952,340,5.0877,288.1
8237,-117.66,33.48,22,809,180,334,157,2.3846,500.001
8238,-117.65,33.49,16,2223,454,628,382,4.3603,248.8
8239,-117.64,33.49,3,2516,429,781,337,5.6197,271.6
8240,-117.65,33.48,10,3484,582,1469,556,5.4188,402.2
8241,-117.65,33.48,6,1638,188,572,174,13.0502,500.001
8242,-117.63,33.5,12,3619,536,1506,492,7.2013,353.6
8243,-117.65,33.46,19,7034,1139,2824,1068,6.0873,277.3
8244,-117.64,33.48,12,2007,397,1033,373,5.6754,275.9
8245,-117.65,33.45,15,7468,1275,3033,1217,5.49,239.3
8246,-117.73,33.49,31,5112,778,1530,648,10.3983,500.001
8247,-117.76,33.48,38,3832,809,1332,636,5.0044,381.2
8248,-117.74,33.51,29,1720,269,612,258,7.8239,500.001
8249,-117.73,33.53,3,6388,920,2129,819,7.8915,420.6
8250,-117.72,33.54,13,4866,812,1909,733,4.9821,244.8
8251,-117.72,33.53,14,1672,295,704,293,5.1129,251.3
8252,-117.72,33.51,17,3617,597,1176,571,5.133,324
8253,-117.72,33.49,4,3623,734,1129,530,5.7281,500.001
8254,-117.73,33.49,17,2168,290,654,279,9.8321,500.001
8255,-117.73,33.51,5,4549,786,1238,632,6.1785,295.9
8256,-117.68,33.6,24,1956,262,969,256,6.8154,265.9
8257,-117.69,33.6,17,2150,361,1194,335,5.4622,227
8258,-117.7,33.6,16,2092,489,877,392,3.0461,216.9
8259,-117.68,33.59,12,3473,466,1569,450,8.8636,314
8260,-117.69,33.58,5,6678,1011,2877,982,7.5177,330
8261,-117.68,33.59,8,2327,263,899,236,14.9009,500.001
8262,-117.69,33.58,8,2887,351,1176,351,10.3953,500.001
8263,-117.68,33.47,7,4458,731,1731,704,6.126,285.6
8264,-117.68,33.48,15,1786,299,727,293,5.0527,231.4
8265,-117.68,33.49,16,3084,724,2557,690,2.8357,106.3
8266,-117.67,33.49,15,2782,579,983,525,2.1935,183.3
8267,-117.67,33.49,10,366,61,128,61,8.163,250
8268,-117.69,33.47,13,2020,378,679,290,5.756,305.6
8269,-117.66,33.51,18,2626,530,1302,522,4.0167,189.6
8270,-117.66,33.5,16,1956,346,862,326,4.4732,186.3
8271,-117.67,33.51,17,2112,480,1893,433,4.0388,120.4
8272,-117.67,33.51,18,1645,393,1490,355,3.4792,126.4
8273,-117.67,33.51,19,1258,246,545,227,2.9762,184.4
8274,-117.69,33.47,23,3499,722,1480,634,3.86,300
8275,-117.7,33.47,20,1577,363,764,333,4.1563,320.8
8276,-117.7,33.47,21,2208,534,1423,482,3.5915,305.6
8277,-117.69,33.47,19,2595,621,1728,571,3.668,243.8
8278,-117.7,33.47,21,1857,399,881,380,3.8403,350
8279,-117.72,33.43,5,1889,359,616,246,3.8992,500.001
8280,-117.68,33.55,5,2262,427,1016,402,6.065,315.5
8281,-117.68,33.54,5,2840,403,1363,403,7.618,341.4
8282,-117.68,33.52,5,3621,632,1546,567,5.753,322.8
8283,-117.69,33.52,4,2142,625,1176,483,3.4455,325
8284,-117.7,33.51,2,5261,763,1460,599,6.8279,279
8285,-117.69,33.52,3,7374,1444,3214,1279,4.538,278.2
8286,-117.7,33.53,5,6698,1254,2834,1139,5.9088,288.5
8287,-117.71,33.52,17,2486,417,876,361,6.1007,340.9
8288,-117.71,33.51,12,4676,698,1543,598,6.379,500.001
8289,-117.68,33.57,2,10008,1453,3550,1139,10.1122,500.001
8290,-117.69,33.55,3,1618,266,710,246,6.0743,274.3
8291,-117.7,33.54,4,4956,693,1802,625,7.9338,354.7
8292,-117.7,33.56,2,2112,305,703,261,6.9343,298.5
8293,-117.7,33.56,3,2443,637,1033,548,4.1379,183.3
8294,-117.7,33.57,4,3283,911,1512,782,3.3125,138.5
8295,-117.71,33.54,7,4907,577,1883,556,10.4415,453.8
8296,-117.71,33.54,15,2460,368,962,320,7.3878,318.3
8297,-117.71,33.58,2,2530,562,1066,510,4.6336,187.5
8298,-117.7,33.57,9,1204,355,469,293,3.6196,119.9
8299,-117.71,33.57,4,3289,753,1285,651,4.045,226
8300,-117.71,33.57,6,3673,881,1846,768,4.877,144.3
8301,-117.68,33.51,4,2428,401,959,386,6.2661,268.5
8302,-117.69,33.51,4,1223,275,505,244,4.6607,173
8303,-117.7,33.5,4,2351,445,834,397,5.5677,245.4
8304,-117.71,33.49,5,1680,254,617,231,8.583,397.7
8305,-117.7,33.5,4,7474,1037,2969,1007,8.7591,434.7
8306,-117.7,33.48,10,3458,638,1156,470,6.3579,336.7
8307,-117.7,33.48,6,16590,2696,6223,2357,6.3088,340.3
8308,-117.71,33.47,14,3894,672,1490,629,6.5206,368.5
8309,-117.74,33.46,9,6564,1316,1720,904,4.89,454.1
8310,-117.71,33.47,17,2681,454,830,410,5.5507,345.7
8311,-117.7,33.68,29,5650,1084,3985,1056,2.8192,162.5
8312,-117.76,33.71,14,4321,582,2025,578,8.3634,355.1
8313,-117.75,33.71,15,2849,537,878,520,3.2841,158.3
8314,-117.77,33.7,3,3636,749,1486,696,5.5464,207.5
8315,-117.77,33.7,4,2446,622,1315,560,3.7147,137.5
8316,-117.69,33.65,16,5805,852,2356,795,6.1062,274.6
8317,-117.71,33.65,16,3774,456,1587,430,8.6088,307.4
8318,-117.7,33.65,16,3388,492,1249,463,6.1863,355.6
8319,-117.71,33.64,14,2945,356,1293,335,8.111,308.9
8320,-117.71,33.63,16,2497,500,1357,456,4.5909,241.8
8321,-117.71,33.63,16,1641,354,945,318,3.4261,219.7
8322,-117.7,33.63,16,4428,745,1525,682,5.2325,286.8
8323,-117.7,33.63,23,3038,473,1501,436,5.5584,241.7
8324,-117.76,33.72,11,4508,618,1993,573,10.4498,386.1
8325,-117.76,33.72,14,3011,388,1359,371,7.9739,368.7
8326,-117.76,33.72,15,941,266,366,248,4.3636,148.4
8327,-117.76,33.71,15,1010,350,470,342,3.2229,108.3
8328,-117.74,33.73,18,328,68,391,60,4.1167,87.5
8329,-117.67,33.67,5,10534,2035,4656,1863,5.7797,309.2
8330,-117.67,33.66,4,10175,2181,4762,1929,4.7341,237.4
8331,-117.68,33.65,6,10395,1915,4783,1811,5.928,239.9
8332,-117.64,33.68,4,5687,970,2677,938,6.5069,243.4
8333,-117.7,33.72,6,211,51,125,44,1.9659,500.001
8334,-117.69,33.65,15,5394,748,2383,706,7.5619,302
8335,-117.7,33.64,15,5743,773,2380,773,8.1926,326.6
8336,-117.69,33.63,23,1444,260,792,253,4.9079,273.8
8337,-117.69,33.64,18,3783,654,1843,623,5.7559,215.8
8338,-117.82,33.71,9,5206,992,4660,978,2.885,162.5
8339,-117.82,33.72,24,3260,458,1383,442,6.5987,272.8
8340,-117.81,33.73,17,1063,189,363,183,2.1719,261.3
8341,-117.81,33.71,16,2666,387,1227,347,7.3769,302.4
8342,-117.77,33.7,15,1392,267,681,263,5.4248,187.2
8343,-117.77,33.69,14,1413,372,744,338,3.7988,184.1
8344,-117.77,33.69,16,1666,341,479,336,2.1406,55
8345,-117.78,33.68,19,2500,331,1027,327,6.115,315.6
8346,-117.78,33.69,16,3400,501,1575,488,6.0961,295.5
8347,-117.8,33.69,16,2745,447,1429,411,6.8219,325.5
8348,-117.79,33.68,16,1998,308,818,299,6.8722,326.1
8349,-117.8,33.68,14,2635,516,1150,499,4.4391,306.7
8350,-117.8,33.69,15,2099,322,873,307,7.9887,328
8351,-117.8,33.68,5,623,146,396,136,3.631,225
8352,-117.8,33.68,8,2032,349,862,340,6.9133,274.1
8353,-117.81,33.67,8,2098,342,908,329,7.7589,342.9
8354,-117.81,33.67,8,2440,502,1113,483,4.6019,242.5
8355,-117.81,33.67,9,1567,299,675,294,5.2124,199.6
8356,-117.81,33.67,9,2435,396,1194,385,7.2025,275
8357,-117.81,33.67,9,3279,530,1447,510,7.4581,296.6
8358,-117.81,33.68,8,1964,413,913,406,5.1583,192.2
8359,-117.78,33.68,15,1834,330,841,309,6.0634,234.3
8360,-117.78,33.68,14,1750,336,852,300,4.6793,236.8
8361,-117.79,33.68,13,2636,416,1137,404,7.2118,311.5
8362,-117.78,33.68,11,1994,477,849,411,4.0187,235.6
8363,-117.8,33.67,5,2638,521,1179,480,5.7759,240
8364,-117.8,33.67,4,3345,552,1525,539,6.7962,329.1
8365,-117.81,33.68,4,1545,304,788,296,4.5469,500.001
8366,-117.82,33.68,3,3068,494,1357,486,7.9187,333.6
8367,-117.83,33.68,4,3226,838,1666,800,4.1652,184.5
8368,-117.82,33.68,3,7105,1459,3068,1241,6.1395,358
8369,-117.77,33.67,12,4329,1068,1913,978,4.5094,160.2
8370,-117.77,33.72,10,2815,431,1181,398,6.5743,278.7
8371,-117.77,33.71,13,1939,247,928,244,8.1111,379.8
8372,-117.77,33.71,4,1646,321,859,300,5.5631,227.8
8373,-117.78,33.71,4,974,232,428,203,4.6141,195.4
8374,-117.79,33.73,3,8240,1410,3318,1270,7.2074,291.3
8375,-117.78,33.7,16,1663,250,597,204,5.409,233.9
8376,-117.79,33.71,16,6339,862,3132,825,7.1069,313.4
8377,-117.8,33.7,5,1549,378,735,355,5.2923,194
8378,-117.79,33.7,16,1416,249,636,244,5.1741,227.7
8379,-117.79,33.69,15,1875,316,890,316,6.5783,244.8
8380,-117.79,33.69,16,3067,396,1275,372,8.7385,340
8381,-117.8,33.55,38,1757,464,821,426,4.1304,433.3
8382,-117.79,33.56,36,2057,329,658,309,7.866,500.001
8383,-117.81,33.56,24,6258,1003,1730,752,10.9601,500.001
8384,-117.8,33.55,35,2067,428,724,377,5.8371,500.001
8385,-117.77,33.6,33,247,80,167,70,3.7059,237.5
8386,-117.8,33.53,41,2017,489,783,403,4.1591,500.001
8387,-117.78,33.54,29,1421,462,520,339,2.2969,450
8388,-117.79,33.55,39,5066,1292,1915,1117,3.821,452.1
8389,-117.75,33.54,21,8711,1544,3173,1396,5.0907,378.2
8390,-117.77,33.51,29,3590,772,1070,603,4.4464,500.001
8391,-117.77,33.55,28,2024,297,617,274,6.7861,499.1
8392,-117.73,33.57,5,11976,2495,4327,2009,4.8488,194.4
8393,-117.86,33.67,16,20,5,15,5,3.875,450
8394,-117.82,33.67,15,1010,274,649,261,2.5197,350
8395,-117.83,33.67,17,2634,641,1454,560,3.7976,275
8396,-117.83,33.66,16,1574,385,515,363,5.3423,291.7
8397,-117.81,33.67,24,3930,661,1831,616,6.3767,269
8398,-117.8,33.66,16,2542,498,1022,494,4,223.4
8399,-117.81,33.66,20,2851,490,1192,463,5.8752,274.2
8400,-117.82,33.66,24,4227,641,1605,589,6.4238,278.4
8401,-117.84,33.64,11,6840,1689,6083,1629,2.4132,198.3
8402,-117.87,33.61,25,2267,359,866,348,7.79,500.001
8403,-117.86,33.61,15,3191,482,930,447,8.6001,500.001
8404,-117.88,33.55,27,2278,316,772,304,10.1275,500.001
8405,-117.84,33.6,21,4281,582,1443,576,9.0519,500.001
8406,-117.86,33.62,23,3166,411,1092,345,7.9367,500.001
8407,-117.85,33.61,14,4340,741,1505,670,7.5674,500.001
8408,-117.86,33.63,17,3095,551,1175,534,5.3099,500.001
8409,-117.77,33.54,28,3404,497,1134,466,7.2217,500.001
8410,-117.76,33.54,28,2250,329,826,323,6.9257,466.4
8411,-117.77,33.54,47,3090,652,1105,582,4.1699,373.7
8412,-117.8,33.52,50,1152,341,519,225,3.053,500.001
8413,-117.76,33.53,28,3085,499,1176,480,7.9794,426.1
8414,-117.76,33.53,24,2105,346,712,332,10.6349,500.001
8415,-117.77,33.53,32,3116,661,1105,543,5.1837,445.6
8416,-117.78,33.51,44,1833,331,515,268,6.6178,500.001
8417,-117.73,33.63,15,2874,592,1382,586,5.5137,161.8
8418,-117.72,33.62,21,2322,518,662,457,3.1679,110
8419,-117.71,33.61,25,3004,718,891,626,2.395,80.3
8420,-117.72,33.63,15,1362,255,378,202,1.9,162.5
8421,-117.72,33.62,19,5777,1261,1711,1225,2.7634,86.9
8422,-117.73,33.61,16,590,130,178,121,4.8611,186.8
8423,-117.74,33.62,16,1889,590,686,537,3.4706,241.7
8424,-117.74,33.61,16,2753,576,857,546,3.7422,229.8
8425,-117.74,33.61,17,2116,474,662,443,3.5625,180.8
8426,-117.75,33.61,17,2499,566,781,522,3.1779,186.5
8427,-117.75,33.6,5,4944,1164,1727,948,4.9,255.6
8428,-117.73,33.61,17,2612,582,832,564,2.6759,120.6
8429,-117.7,33.61,16,2371,725,1738,686,3.6484,322.6
8430,-117.7,33.6,26,2283,506,634,469,2.3774,74.3
8431,-117.71,33.6,8,3329,753,1312,629,3.5521,229.8
8432,-117.71,33.6,25,3011,714,893,654,2.3387,74.8
8433,-117.72,33.61,26,2033,463,618,450,2.5685,80.4
8434,-117.72,33.61,26,2653,621,774,584,2.49,81.1
8435,-117.71,33.61,26,3046,726,888,663,2.6848,74.1
8436,-117.71,33.61,26,2280,550,669,502,2.3438,72.3
8437,-117.71,33.6,25,1949,459,602,428,2.7601,72.5
8438,-117.7,33.6,26,1021,230,301,208,2.625,80.6
8439,-117.7,33.6,25,1321,295,396,278,3.1131,77.1
8440,-117.7,33.59,11,8039,1717,3445,1571,4.1678,190.9
8441,-117.84,33.66,5,665,171,384,171,4.5833,230.4
8442,-117.84,33.66,5,1688,430,857,402,3.7857,231.6
8443,-117.84,33.65,4,1649,456,1030,411,2.2262,225
8444,-117.83,33.66,4,1011,198,511,198,7.9217,296.2
8445,-117.83,33.65,9,638,266,426,234,3.7875,187.5
8446,-117.83,33.65,8,2149,426,950,399,4.1103,250.4
8447,-117.82,33.66,15,2460,447,1049,398,6.4967,387.5
8448,-117.82,33.65,18,2105,302,830,286,6.3822,362.5
8449,-117.8,33.64,8,4447,713,1680,705,8.8693,450.4
8450,-117.8,33.63,15,3236,451,1289,416,11.1121,493
8451,-117.81,33.64,16,2404,349,868,329,11.0138,442.1
8452,-117.88,33.6,31,5488,1055,1938,964,8.8742,500.001
8453,-117.87,33.6,20,3212,572,1064,526,6.6155,500.001
8454,-117.87,33.59,44,2499,396,910,374,6.6544,500.001
8455,-117.87,33.6,33,3120,602,1155,553,5.2949,500.001
8456,-117.86,33.6,30,1891,364,635,314,6.6265,500.001
8457,-117.87,33.6,34,3415,779,1275,718,4.498,482.9
8458,-117.89,33.6,36,1496,247,441,203,7.8164,500.001
8459,-117.9,33.61,41,1521,328,527,275,4.0764,500.001
8460,-117.91,33.61,40,2790,531,952,424,4.8,500.001
8461,-117.91,33.6,37,2088,510,673,390,5.1048,500.001
8462,-117.92,33.57,37,3355,492,921,366,7.2988,500.001
8463,-117.9,33.6,25,2465,585,906,472,3.6538,500.001
8464,-117.92,33.61,23,1808,408,539,300,3.5682,500.001
8465,-117.91,33.61,38,1232,178,410,171,11.075,500.001
8466,-117.92,33.61,37,1244,173,394,154,10.3682,500.001
8467,-117.92,33.61,36,1025,150,316,126,10.3048,500.001
8468,-117.91,33.61,36,3082,455,771,365,11.216,500.001
8469,-117.88,33.63,21,9565,2289,3162,1831,4.7024,345.4
8470,-117.89,33.62,24,1016,238,465,236,3.0625,93.8
8471,-117.88,33.64,16,3615,570,1209,559,8.5574,392.2
8472,-117.9,33.61,19,2897,413,860,367,13.1738,500.001
8473,-117.89,33.61,16,2413,559,656,423,6.3017,350
8474,-117.89,33.61,41,1790,361,540,284,6.0247,500.001
8475,-117.89,33.61,42,1301,280,539,249,5,500.001
8476,-117.89,33.61,44,2126,423,745,332,5.1923,500.001
8477,-117.89,33.6,40,1639,352,498,278,5.6336,500.001
8478,-117.89,33.61,45,1883,419,653,328,4.2222,500.001
8479,-117.9,33.61,44,1469,312,507,266,3.4937,500.001
8480,-117.87,33.64,26,3521,455,1336,451,10.2849,500.001
8481,-117.86,33.65,4,3618,767,1326,714,5.4284,500.001
8482,-117.87,33.63,9,6163,1004,1912,903,10.8289,500.001
8483,-117.87,33.62,15,2209,275,735,274,15.0001,500.001
8484,-117.87,33.62,8,1266,210,375,183,9.802,500.001
8485,-117.88,33.65,24,4879,756,1777,754,5.9055,477.3
8486,-117.9,33.63,26,4486,554,1598,549,10.1454,500.001
8487,-117.91,33.63,20,3442,1526,1427,977,3.1985,106.3
8488,-117.9,33.63,26,1632,376,598,375,3.2125,455
8489,-117.9,33.63,28,2370,352,832,347,7.1148,500.001
8490,-117.88,33.66,26,6017,1244,2673,1135,3.5426,295.4
8491,-117.89,33.66,33,3595,785,1621,732,4.1372,265.2
8492,-117.9,33.66,13,1642,423,841,368,3.6042,226
8493,-117.9,33.65,24,4496,877,1928,855,4.6808,245.5
8494,-117.89,33.66,32,2736,550,1279,534,5.5422,253.1
8495,-117.9,33.65,27,3310,598,1402,563,6.632,441.1
8496,-117.9,33.64,28,2466,507,1081,465,3.9375,339.8
8497,-117.9,33.65,30,2196,486,1131,460,4.4135,272.3
8498,-117.91,33.65,24,885,321,590,254,2.625,217.9
8499,-117.9,33.65,30,1634,373,771,364,3.4125,284.1
8500,-117.91,33.65,17,1328,377,762,344,2.2222,276.8
8501,-117.91,33.64,37,1998,472,1030,436,3.9306,268.4
8502,-117.9,33.64,36,2017,357,850,348,5.0532,310.9
8503,-117.92,33.63,34,2479,491,1131,490,4.9643,317.9
8504,-117.91,33.63,30,2071,412,1081,412,4.9125,335.7
8505,-117.92,33.64,25,2224,580,985,516,3.1305,268.8
8506,-117.91,33.64,38,2222,542,1067,512,2.8553,307.6
8507,-117.92,33.63,24,1562,441,696,347,3.5161,236.4
8508,-117.91,33.63,32,1122,233,557,223,3.5388,407
8509,-117.92,33.63,39,1469,226,553,225,7.8496,490.8
8510,-117.92,33.62,35,1821,335,727,316,6.5842,458.5
8511,-117.91,33.61,27,1797,343,435,203,5.9196,500.001
8512,-117.91,33.62,32,1997,427,944,426,4.4063,500.001
8513,-117.92,33.61,18,1538,425,425,288,5.3369,312.5
8514,-117.93,33.62,33,1890,416,859,329,4.5658,500.001
8515,-117.93,33.62,34,2125,498,1052,468,5.6315,484.6
8516,-117.94,33.62,28,1765,390,832,349,6.5928,439.1
8517,-117.95,33.63,29,1496,282,463,215,6.0516,500.001
8518,-117.96,33.6,34,959,230,384,197,5.2333,471.4
8519,-117.93,33.61,27,1806,465,791,358,3.8125,366.7
8520,-117.93,33.62,37,2204,428,807,410,7.0516,500.001
8521,-117.94,33.62,25,1188,264,569,249,3.6607,500.001
8522,-117.94,33.65,20,5476,1073,2327,963,5.6637,222.1
8523,-117.93,33.65,35,2133,413,1473,402,4.4211,215.2
8524,-117.94,33.64,18,1867,426,871,399,2.6221,272
8525,-117.92,33.64,24,2539,695,1623,611,3.0708,188.7
8526,-117.93,33.64,15,1707,514,1335,434,2.7543,177.8
8527,-117.95,33.63,27,2489,481,1082,443,5.8777,358.8
8528,-117.95,33.63,27,891,183,513,171,6,381.5
8529,-117.93,33.63,10,2766,732,1332,646,4.6161,226.3
8530,-117.95,33.63,17,6745,1547,2688,1535,3.9917,271.6
8531,-117.91,33.65,19,1589,421,1118,394,4.1029,213.4
8532,-117.92,33.64,5,949,287,497,244,2.75,225
8533,-117.92,33.65,15,1309,477,1330,424,3.4417,182.5
8534,-117.93,33.65,29,1253,375,1198,362,3.5179,225
8535,-117.91,33.65,24,1494,494,814,459,2.1074,181.3
8536,-117.92,33.65,20,1391,393,856,360,3.184,220
8537,-117.93,33.65,27,1283,406,1063,376,2.75,275
8538,-117.92,33.68,28,3397,597,1397,560,4.8125,244.6
8539,-117.94,33.66,16,2095,450,963,411,5.5,224.1
8540,-117.94,33.65,15,2016,443,1015,419,5.2732,209.7
8541,-117.93,33.69,19,2602,439,1156,424,5.01,263.8
8542,-117.93,33.69,26,2822,473,1258,469,6.4441,261
8543,-117.92,33.68,25,2017,454,1024,428,4.4732,245.6
8544,-117.93,33.68,33,2664,432,1197,429,5.069,264.2
8545,-117.94,33.68,26,4183,539,1504,520,7.4056,374.2
8546,-117.92,33.67,14,6224,1679,3148,1589,4.2071,430.9
8547,-117.93,33.66,18,2043,250,702,246,9.6062,414.7
8548,-117.93,33.65,26,5831,1546,4738,1477,3.1483,213
8549,-117.91,33.69,30,2704,426,1289,423,5.2815,229.5
8550,-117.91,33.67,16,7961,2276,5014,2116,3.512,218.4
8551,-117.9,33.68,25,7060,1159,3903,1139,4.8359,249.2
8552,-117.9,33.67,26,2507,393,1333,392,6.1601,266.1
8553,-117.89,33.68,26,2905,504,1452,491,5.0853,260.3
8554,-117.9,33.67,25,639,98,311,93,6.6833,275.9
8555,-117.91,33.66,26,5761,1326,2681,1116,4.0341,243.3
8556,-117.91,33.65,14,2598,759,1584,703,4.0417,180.9
8557,-117.91,33.66,21,1708,505,1099,434,3.225,193.8
8558,-117.9,33.66,22,3568,938,1952,938,3.1667,161
8559,-117.9,33.66,4,456,91,623,84,6.6369,192.6
8560,-117.9,33.69,13,9947,1675,4071,1582,5.422,316.6
8561,-117.87,33.69,4,2337,768,983,655,3.7174,275
8562,-117.89,33.68,8,5278,1575,2389,1371,3.3409,181.3
8563,-117.86,33.71,21,1795,406,2246,400,3.152,152.8
8564,-117.86,33.71,36,191,42,208,37,3.375,157.5
8565,-117.87,33.71,16,3397,686,1924,621,4.9148,155.5
8566,-117.87,33.7,21,3648,654,2266,628,5.0956,246
8567,-117.88,33.71,27,1596,297,1703,289,4.1,184.9
8568,-117.88,33.71,20,1738,509,1403,411,3.1742,245
8569,-117.88,33.7,17,5122,1544,2966,1339,3.4835,116.7
8570,-117.88,33.7,24,534,88,249,74,5.3254,240.5
8571,-117.88,33.7,16,1505,358,835,339,3.8029,205.4
8572,-117.9,33.72,36,443,117,577,115,3.6875,137.5
8573,-117.9,33.72,33,2613,562,3150,543,4.3899,180.7
8574,-117.9,33.73,31,1171,306,1690,301,3.2639,155.2
8575,-117.89,33.72,23,2305,538,2493,502,3.6618,183.5
8576,-117.88,33.73,32,1947,355,1786,332,4.5726,177.5
8577,-117.88,33.72,38,1421,300,1236,263,3.9844,165.3
8578,-117.88,33.72,36,1910,352,1593,329,3.89,170
8579,-117.89,33.71,24,4365,804,2663,753,4.5814,233.3
8580,-117.9,33.71,15,539,71,287,66,6.3427,305.2
8581,-117.92,33.7,15,3201,677,1510,622,4.2708,161.7
8582,-117.91,33.71,16,3113,783,1719,715,3.6505,145.7
8583,-117.89,33.7,13,1857,572,838,525,3.2386,129.2
8584,-117.9,33.7,12,4695,1110,2153,989,4.6483,190.8
8585,-117.9,33.7,15,2289,686,982,634,4.5757,162.5
8586,-117.86,33.73,31,1115,268,1369,259,3.5694,150.5
8587,-117.87,33.72,39,3167,669,2789,619,3.5902,165.9
8588,-117.86,33.72,37,1429,428,2089,399,3.413,150.6
8589,-117.84,33.73,20,2572,732,1534,669,2.4211,175
8590,-117.84,33.74,22,6072,1802,4715,1666,3.1353,121.4
8591,-117.84,33.74,25,1818,577,1426,532,3.2104,112.5
8592,-117.83,33.74,23,1818,522,958,485,2.6771,131.5
8593,-117.86,33.75,31,1761,515,1810,468,1.9309,173.4
8594,-117.86,33.76,15,851,297,1326,254,2.8289,117.5
8595,-117.85,33.74,19,1248,357,1214,328,2.7059,159.8
8596,-117.85,33.75,27,2311,632,2936,609,2.5651,171.4
8597,-117.86,33.74,9,525,171,1257,165,3.375,165.3
8598,-117.86,33.74,32,691,151,926,148,4.125,175.9
8599,-117.85,33.74,26,2589,1003,5756,983,2.1992,170.8
8600,-117.86,33.73,23,407,108,647,96,3.775,177.4
8601,-117.86,33.73,30,2651,572,3249,552,3.7202,182.1
8602,-117.87,33.74,31,2338,652,3289,631,2.6734,158.5
8603,-117.87,33.73,45,2264,502,1970,499,3.4193,177
8604,-117.87,33.74,52,2411,526,2165,521,3.415,172.5
8605,-117.86,33.74,38,2415,642,3242,599,3.425,165.6
8606,-117.86,33.73,38,2284,511,2451,504,3.3125,159.1
8607,-117.86,33.74,34,2254,630,2984,625,2.5,162.5
8608,-117.89,33.73,33,1308,375,2175,347,3.0824,177.4
8609,-117.9,33.73,30,746,172,1048,163,4.1,166.4
8610,-117.88,33.73,33,2291,594,3232,589,3.2037,163.5
8611,-117.88,33.73,36,2471,498,2594,475,3.75,170.5
8612,-117.89,33.74,32,1562,365,2145,347,2.9167,158.4
8613,-117.89,33.74,34,1759,353,2083,330,3.2292,160.6
8614,-117.9,33.75,28,1346,291,1575,278,3.425,159.5
8615,-117.9,33.74,19,1566,379,1032,330,2.2105,180.4
8616,-117.9,33.74,18,1884,442,1915,442,2.3783,166.7
8617,-117.91,33.74,25,4273,965,2946,922,2.9926,183.2
8618,-117.91,33.73,26,2413,512,2867,509,4.7639,179.9
8619,-117.9,33.73,26,1324,314,1804,311,3.9659,178.5
8620,-117.9,33.74,24,2932,955,5516,911,2.7535,111
8621,-117.89,33.74,32,660,145,959,113,3.75,159
8622,-117.88,33.75,10,1823,590,2176,548,1.5026,151.8
8623,-117.88,33.74,16,1444,446,2329,441,3.1691,159.4
8624,-117.88,33.74,31,1120,296,1718,268,2.8077,140.3
8625,-117.88,33.74,19,2261,642,3545,635,2.5224,148.5
8626,-117.88,33.74,25,1799,557,3416,538,3.0083,163.5
8627,-117.87,33.76,6,2992,1194,3800,1130,2.246,183.3
8628,-117.87,33.75,14,5526,1916,6799,1796,2.6561,144.4
8629,-117.87,33.75,18,697,255,812,221,2.6635,162.5
8630,-117.87,33.75,12,2782,1077,1968,795,0.971,102.5
8631,-117.87,33.75,26,411,114,448,95,1.7019,350
8632,-117.88,33.76,37,2988,677,2354,666,3.4345,235.5
8633,-117.88,33.76,17,1768,474,1079,436,1.7823,205.3
8634,-117.88,33.75,34,3004,673,5477,640,2.8342,187.2
8635,-117.9,33.76,26,2678,702,3262,685,3.6953,176.8
8636,-117.9,33.75,32,1893,431,2245,426,3.7143,163
8637,-117.89,33.76,36,2656,572,2370,571,3.8056,177.2
8638,-117.89,33.75,34,2753,654,3117,631,3.1713,170.1
8639,-117.88,33.78,26,1813,421,1235,343,3.5972,187.5
8640,-117.89,33.77,32,2342,570,1445,453,4.1951,195
8641,-117.89,33.76,34,1050,210,723,201,4.8,192.7
8642,-117.87,33.76,37,4943,851,2164,788,4.1071,311.3
8643,-117.86,33.77,39,4159,655,1669,651,4.6111,240.3
8644,-117.86,33.76,34,3153,561,1679,532,4.7083,205.3
8645,-117.84,33.76,14,1458,423,615,365,4.2798,218.8
8646,-117.85,33.76,26,2312,525,1273,437,2.8828,204.7
8647,-117.84,33.76,16,238,51,93,50,5.375,215.7
8648,-117.84,33.75,16,4367,1161,2164,1005,4.0214,139.5
8649,-117.84,33.77,14,4412,952,1656,874,4.3292,206.5
8650,-117.85,33.77,23,5928,1204,3570,1150,4.0398,233.1
8651,-117.84,33.77,26,3350,581,1314,550,3.5195,249.1
8652,-117.84,33.76,26,2110,409,1146,407,4.3698,229.6
8653,-117.83,33.75,22,6433,1174,2703,1125,4.9957,296.4
8654,-117.82,33.75,30,2910,535,1270,489,4.6161,236.5
8655,-117.82,33.75,24,893,209,342,197,2.8261,146.5
8656,-117.82,33.74,25,2720,680,1559,631,3.0958,137.8
8657,-117.83,33.75,34,2660,601,1475,567,3.4152,210.2
8658,-117.8,33.74,30,3569,551,1540,537,5.2998,247.2
8659,-117.81,33.73,19,5471,1345,2828,1247,3.5719,252.8
8660,-117.81,33.74,24,2696,649,1908,626,3.3047,216.9
8661,-117.81,33.73,19,4022,975,2334,954,3.0305,140.6
8662,-117.81,33.73,23,3056,556,1508,555,4.7273,234.2
8663,-117.82,33.73,23,2542,772,1720,675,3.8703,137
8664,-117.82,33.73,24,845,190,482,190,4.7039,225
8665,-117.83,33.74,23,6114,1623,4088,1521,3.0382,183.6
8666,-117.83,33.73,20,5768,1597,4853,1465,3.5387,160.4
8667,-117.8,33.76,27,2655,345,1017,335,6.9014,366.8
8668,-117.79,33.76,25,2037,252,796,249,11.0546,487.2
8669,-117.79,33.75,26,2893,345,983,326,13.466,500.001
8670,-117.79,33.75,26,2955,377,1074,373,9.3845,500.001
8671,-117.8,33.75,29,3058,488,1197,474,5.3903,286.6
8672,-117.8,33.74,33,2890,453,1300,452,6.5616,290.2
8673,-117.81,33.75,25,2365,471,1197,458,3.7031,227.8
8674,-117.79,33.77,21,4349,553,1680,519,6.9014,439
8675,-117.78,33.76,25,2260,261,719,254,11.4537,500.001
8676,-117.78,33.78,6,9792,1283,3744,1179,10.1714,481.5
8677,-117.76,33.79,4,8974,1268,3754,1241,8.2653,374
8678,-117.83,33.77,22,2956,642,1342,558,4.1151,203.2
8679,-117.83,33.77,26,4931,853,2249,818,4.275,285.4
8680,-117.82,33.76,27,3230,449,1193,448,6.5308,287.8
8681,-117.82,33.76,33,2774,428,1229,407,6.2944,265.6
8682,-117.81,33.76,32,2053,339,835,323,5.5654,281.8
8683,-117.8,33.77,29,5436,707,2046,685,8.7496,349.5
8684,-117.81,33.83,8,7326,884,2569,798,10.157,477.1
8685,-117.83,33.83,23,2775,547,1226,510,3.6707,231.4
8686,-117.82,33.8,15,3207,647,1414,595,4.0484,165.6
8687,-117.82,33.79,26,2641,633,3657,617,4.1339,222.3
8688,-117.83,33.8,30,4713,758,2271,730,5.8622,221
8689,-117.83,33.8,31,2016,409,1095,405,3.8681,196
8690,-117.83,33.79,25,2070,513,1078,460,2.9312,220.1
8691,-117.84,33.78,26,2577,434,1086,432,4.6125,229.2
8692,-117.84,33.78,24,3817,787,1656,713,4.25,248
8693,-117.81,33.79,23,3114,610,2045,577,3.75,211.9
8694,-117.81,33.78,27,3589,507,1484,495,5.7934,270.5
8695,-117.81,33.82,20,2819,319,1019,319,12.2092,500.001
8696,-117.8,33.83,17,2971,350,1180,346,11.1228,500.001
8697,-117.82,33.82,22,3173,372,1181,355,8.3637,500.001
8698,-117.81,33.81,19,3154,390,1404,384,8.9257,431.8
8699,-117.81,33.82,22,2898,335,1057,324,10.8111,500.001
8700,-117.82,33.81,19,2556,304,822,260,9.9055,456.9
8701,-117.83,33.82,23,1100,285,940,267,3.6953,150
8702,-117.83,33.81,24,3550,895,2828,834,2.8403,225.6
8703,-117.82,33.81,25,2662,402,1247,401,5.4395,244
8704,-117.82,33.81,30,2260,345,1182,341,6.0705,236.7
8705,-117.85,33.79,46,1846,383,867,336,3.4234,200
8706,-117.85,33.79,52,2102,403,898,365,3.6827,236.8
8707,-117.85,33.79,52,1963,430,1197,415,3.8929,211
8708,-117.85,33.78,23,3187,870,1977,852,3.3939,212.1
8709,-117.86,33.78,25,2635,660,1710,634,3.125,215
8710,-117.85,33.77,16,2186,511,908,466,4.575,225
8711,-117.86,33.78,21,2713,731,1952,722,2.6959,178.8
8712,-117.87,33.78,21,2487,573,1515,494,4.3039,168.5
8713,-117.87,33.78,30,2022,522,1196,463,3.7454,186
8714,-117.86,33.8,35,1683,347,1242,335,3.5172,190.4
8715,-117.86,33.79,42,1024,191,483,187,4.105,194.5
8716,-117.87,33.79,25,2546,545,1543,521,4.192,219.9
8717,-117.88,33.79,32,1484,295,928,295,5.1418,190.3
8718,-117.89,33.78,16,6352,1747,5085,1649,2.8835,193.8
8719,-117.9,33.78,25,10336,2596,7111,2419,3.3627,197.9
8720,-117.85,33.84,26,2095,280,793,261,6.6719,271.7
8721,-117.85,33.84,17,2830,502,1370,459,5.1785,247.3
8722,-117.84,33.84,23,4388,864,2526,846,4.5217,219.4
8723,-117.86,33.8,34,1793,480,1722,441,2.8235,153.1
8724,-117.85,33.8,34,1593,283,872,255,3.825,216.7
8725,-117.85,33.8,40,1461,286,1322,264,4.3269,194.1
8726,-117.84,33.81,26,5574,1025,2607,988,4.0324,244.9
8727,-117.84,33.8,34,2004,331,843,328,3.59,230.6
8728,-117.86,33.82,9,1682,291,1015,271,6.6603,230.9
8729,-117.84,33.82,24,10281,1689,4926,1629,4.7946,251.2
8730,-117.84,33.84,23,6157,1129,2817,1073,5.0629,232.6
8731,-117.89,33.84,35,3315,744,2425,687,3.5521,182.8
8732,-117.9,33.83,33,3065,611,2204,606,3.8456,211.8
8733,-117.89,33.82,21,1591,298,904,297,4.8906,179.1
8734,-117.89,33.8,38,51,12,41,10,6.0224,187.5
8735,-117.89,33.82,18,3197,809,1894,726,3.6761,140.5
8736,-117.87,33.81,15,3082,536,1268,531,3.7604,280.1
8737,-117.87,33.84,10,3381,729,1584,636,5.3812,235.4
8738,-117.88,33.84,26,1499,290,755,277,3.5893,238.5
8739,-117.88,33.84,31,3301,712,1532,682,3.7303,223.8
8740,-117.87,33.83,27,2287,353,1140,351,5.6163,231
8741,-117.88,33.83,22,3522,543,1706,524,6.4685,241.2
8742,-117.88,33.82,17,2247,705,1382,618,3.8631,225
8743,-117.88,33.85,26,3924,781,2332,725,3.7772,223.9
8744,-117.88,33.85,34,1127,185,588,181,4.375,224.7
8745,-117.9,33.85,31,3413,764,2326,728,4.325,187.1
8746,-117.89,33.85,18,2036,414,1292,380,3.875,273
8747,-117.9,33.85,32,1605,314,986,306,3.3375,186.2
8748,-117.89,33.85,13,1583,474,1672,432,3.2303,201.3
8749,-117.9,33.84,31,2043,468,1524,454,3.5329,187.4
8750,-117.89,33.84,33,1587,374,1159,331,2.8021,195.1
8751,-117.88,33.85,25,1234,351,507,285,2.3173,225
8752,-117.87,33.84,23,1678,369,912,347,4.5,237.3
8753,-117.87,33.84,25,1928,414,961,385,4.0724,231.4
8754,-117.87,33.84,16,1545,354,730,350,4.5112,139
8755,-117.87,33.84,17,2395,410,1224,399,5.1182,249.2
8756,-117.85,33.85,17,4678,1065,2427,1020,4.2276,254.1
8757,-117.92,33.85,38,2082,532,1592,510,2.3704,166.1
8758,-117.92,33.84,45,2019,394,1549,377,4.6111,223
8759,-117.92,33.85,44,1231,258,682,244,3.2344,170.1
8760,-117.91,33.84,35,1244,324,1603,322,2.9583,175.4
8761,-117.91,33.84,29,1570,482,1849,430,2.6563,162.5
8762,-117.93,33.85,27,1962,544,1492,481,1.9621,118.1
8763,-117.93,33.85,33,2489,546,1857,444,2.9474,178.4
8764,-117.93,33.85,31,2149,465,966,302,3.875,183.9
8765,-117.93,33.85,25,1026,288,1646,283,4.2019,163.9
8766,-117.93,33.85,36,2147,416,1011,392,3.2188,196.9
8767,-117.94,33.85,37,588,121,436,104,4.275,186.2
8768,-117.93,33.84,23,2870,653,1680,598,3.2301,189.9
8769,-117.95,33.85,13,6963,1426,3892,1375,4.1325,203.5
8770,-117.96,33.85,35,1175,191,568,186,4.125,189.2
8771,-117.97,33.85,30,2513,476,1611,472,4.0061,182.9
8772,-117.96,33.85,36,1951,365,1254,358,4.8438,185.7
8773,-117.95,33.84,32,1378,492,1202,448,3.4028,183.7
8774,-117.95,33.84,19,1749,406,969,391,3.75,173.4
8775,-117.94,33.84,25,4016,831,2166,774,3.1884,135.4
8776,-117.98,33.85,23,2089,377,1085,362,4.765,181.5
8777,-117.98,33.84,33,2291,439,1187,405,3.9539,191.1
8778,-117.96,33.84,31,2265,537,1617,507,3.4583,186.3
8779,-117.97,33.84,34,874,153,549,153,4.8667,186.8
8780,-117.97,33.84,25,2471,518,1539,500,4.2679,191.7
8781,-117.97,33.83,16,2035,564,1118,503,3.2546,187.5
8782,-117.98,33.83,17,3506,992,2104,893,3.3006,185.8
8783,-118,33.82,21,2253,580,1536,500,3.2326,204.7
8784,-118.01,33.82,31,1960,380,1356,356,4.0625,225.9
8785,-118.01,33.83,24,4639,1374,3093,1257,2.5577,202.3
8786,-118.01,33.83,23,1086,268,825,250,2.4609,219.6
8787,-118,33.83,26,1718,385,1022,368,3.9333,196.1
8788,-118,33.83,24,2578,580,1217,529,2.2401,212.5
8789,-118,33.82,18,2947,559,1820,551,4.5294,224.8
8790,-117.99,33.83,25,3434,835,1749,657,3.2539,199
8791,-117.99,33.82,19,1991,528,1202,460,3.1538,252.1
8792,-117.99,33.83,35,1484,252,916,248,5.2657,191.4
8793,-117.98,33.83,17,3419,932,2460,766,3.2823,228.5
8794,-117.98,33.82,34,1038,175,578,174,4.9219,200
8795,-117.97,33.83,22,3310,688,1807,674,4.0185,200.9
8796,-117.97,33.82,26,2335,504,1121,502,2.9891,205.2
8797,-117.97,33.82,26,4013,985,2442,922,3.7655,197.7
8798,-117.96,33.83,30,2838,649,1758,593,3.3831,197.4
8799,-117.96,33.83,18,2067,770,870,541,3.1315,137.5
8800,-117.96,33.83,29,1194,176,474,170,6.1001,298.9
8801,-117.95,33.84,18,3418,815,1961,773,3.65,171.4
8802,-117.94,33.83,20,812,192,494,172,3.25,350
8803,-117.94,33.82,34,1347,212,676,201,3.8828,215.4
8804,-117.94,33.82,27,1366,326,878,325,3.4,196.9
8805,-117.95,33.82,29,2929,640,1618,584,3.6875,213.2
8806,-117.95,33.83,36,1380,237,690,234,3.8214,210.9
8807,-117.93,33.83,32,1792,411,1131,381,2.4942,186.3
8808,-117.92,33.82,36,2360,405,1479,386,4.3583,187.2
8809,-117.94,33.82,29,1422,409,1057,390,2.3347,208.1
8810,-117.94,33.82,24,4735,955,2600,868,5.0764,228.6
8811,-117.92,33.83,6,3136,990,1894,859,2.5564,171.3
8812,-117.93,33.84,26,2811,612,1374,566,3.475,282.5
8813,-117.9,33.83,23,2459,689,2720,598,2.8072,164.7
8814,-117.91,33.83,9,1160,368,735,325,1.119,175
8815,-117.92,33.83,17,382,86,272,81,1.425,212.5
8816,-117.91,33.84,16,919,253,912,249,1.5903,165.4
8817,-117.91,33.83,47,504,113,375,109,3.6607,160.6
8818,-117.91,33.83,37,1039,260,719,243,3.0288,161.4
8819,-117.92,33.83,52,1514,301,855,293,3.6042,166.4
8820,-117.91,33.83,32,1855,527,2568,504,2.5509,170.8
8821,-117.9,33.82,32,1187,302,1003,275,2.4931,166.9
8822,-117.92,33.82,10,1548,506,1535,424,4.5057,152.4
8823,-117.91,33.82,32,2696,640,2330,626,2.9479,184.6
8824,-117.91,33.82,29,1444,326,1038,271,2.3843,182.9
8825,-117.91,33.81,18,1181,353,781,340,2.5625,153.1
8826,-117.91,33.82,32,1408,307,1331,284,3.7014,179.6
8827,-117.93,33.81,18,3291,587,1640,563,4.8981,166.3
8828,-117.93,33.8,34,3903,717,2054,716,4.2731,218
8829,-117.9,33.8,22,2964,829,2639,771,2.4833,157.5
8830,-117.9,33.8,23,1368,397,1940,358,3.0789,350
8831,-117.9,33.8,27,2176,442,1440,418,4.375,212.5
8832,-117.94,33.81,25,1731,482,1127,455,3.256,214.3
8833,-117.94,33.81,24,4602,1131,3003,1014,3.6771,172.2
8834,-117.95,33.82,35,1068,190,514,174,4.0735,208.7
8835,-117.95,33.82,35,1117,181,496,168,4.3269,224.7
8836,-117.96,33.82,32,2856,622,1499,601,3.63,183.4
8837,-117.96,33.82,32,2726,556,1513,531,3.7917,197.4
8838,-117.96,33.82,29,2176,468,1632,428,3.707,180.4
8839,-117.95,33.81,33,1724,291,943,285,5.118,195.2
8840,-117.96,33.81,34,1941,356,1021,339,4.4663,183.9
8841,-117.95,33.81,24,2749,498,1367,460,4.025,240.7
8842,-118,33.81,33,2970,547,1869,539,4.3636,201.8
8843,-118,33.81,22,2642,640,1702,588,3.5268,174.7
8844,-118.01,33.81,25,1831,345,809,339,4.5179,177.1
8845,-118,33.82,24,3002,644,1495,634,3.1087,202.8
8846,-118,33.81,17,2142,436,946,412,3.7059,146.3
8847,-118,33.81,17,1530,404,883,344,2.8835,196.5
8848,-117.99,33.82,21,2281,557,1510,460,2.8625,189.6
8849,-117.99,33.81,23,3284,795,3257,758,2.4526,182.9
8850,-117.98,33.81,28,3528,816,2304,764,2.582,181.8
8851,-117.98,33.81,18,3751,878,2281,815,3.7201,183.1
8852,-117.97,33.81,26,4022,1081,2457,1001,2.8042,206.3
8853,-117.97,33.81,30,2406,462,1753,456,4.485,180.6
8854,-117.99,33.8,25,3179,639,2526,623,3.3281,180.8
8855,-117.99,33.79,33,2064,324,1384,315,4.5263,169
8856,-117.99,33.79,29,2470,560,1589,513,3.1801,190.5
8857,-117.99,33.79,35,2301,467,2272,454,3.9566,167.8
8858,-117.98,33.8,32,2161,432,1503,402,4.3036,191.4
8859,-117.97,33.8,35,2985,474,1614,453,5.4631,225.6
8860,-117.97,33.79,33,3268,641,1704,591,3.6849,211.4
8861,-118,33.79,18,3679,694,1820,652,3.6531,143.5
8862,-117.99,33.78,15,4273,993,2300,946,3.5313,213
8863,-117.99,33.79,21,2695,707,1888,683,3.2857,213.3
8864,-117.99,33.78,19,7399,1698,3554,1593,3.1049,173.9
8865,-117.97,33.78,35,3148,597,2110,587,3.9479,203.8
8866,-117.98,33.78,22,4255,971,2901,920,3.2636,180.2
8867,-117.96,33.8,33,1984,420,1119,387,3.4821,231.3
8868,-117.96,33.79,36,2398,403,1261,402,5.2816,221.8
8869,-117.96,33.8,33,2362,394,1185,387,4.425,188.4
8870,-117.95,33.79,34,2584,408,1233,405,5.6935,218.3
8871,-117.95,33.78,26,4115,883,2184,825,3.9536,191
8872,-117.96,33.79,29,1813,501,1170,482,2.0677,214.5
8873,-117.94,33.8,23,2757,734,1811,707,2.8,214.3
8874,-117.95,33.79,34,2912,520,1625,501,4.4667,190.6
8875,-117.94,33.79,24,4179,784,1902,733,4.7986,236.5
8876,-117.94,33.78,34,2627,468,1409,450,4.7731,199.2
8877,-117.93,33.79,36,2363,403,1240,391,4.0909,190.8
8878,-117.93,33.79,34,3592,616,2138,605,5.2129,193.4
8879,-117.92,33.79,29,3692,969,2683,881,3.1726,198.7
8880,-117.92,33.79,26,2737,614,1877,606,2.8622,184.3
8881,-117.91,33.79,22,4417,1054,2759,983,4.25,170.3
8882,-117.91,33.78,33,2729,549,2223,535,4.0362,177.9
8883,-117.92,33.77,28,3614,960,3282,889,3.522,190.3
8884,-117.91,33.78,26,4297,1037,3596,967,3.045,184
8885,-117.95,33.78,9,3553,1035,2017,986,2.9726,133.8
8886,-117.94,33.77,33,2964,747,2235,718,3.2591,175.9
8887,-117.94,33.78,11,2880,745,1806,722,3.8056,171.1
8888,-117.93,33.77,36,3157,582,1842,561,4.5833,190.7
8889,-117.96,33.78,26,2136,557,1528,537,2.4931,236.1
8890,-117.95,33.78,32,2296,560,1376,532,3.7303,188.5
8891,-117.95,33.77,38,989,246,691,204,3.2632,180.9
8892,-117.96,33.77,32,4398,905,2777,884,4.1321,222.8
8893,-117.97,33.77,25,1295,417,856,342,2.7157,350
8894,-117.97,33.77,22,2244,575,1543,533,2.6618,179.6
8895,-117.98,33.77,7,2252,570,1576,550,3.6333,169.8
8896,-117.97,33.76,18,1862,399,1301,369,3.1771,194
8897,-117.98,33.77,22,3236,673,2034,662,4.0955,174.2
8898,-117.96,33.76,22,2520,556,2126,527,3.7734,193.9
8899,-117.96,33.75,14,2509,611,1814,547,2.7986,176.1
8900,-117.95,33.76,29,1829,366,1703,343,4.1295,188
8901,-117.94,33.76,33,1441,337,1233,331,3.7232,176.2
8902,-117.95,33.76,24,3956,812,3196,795,4.3512,191.4
8903,-117.94,33.75,30,5268,1093,4480,1050,4.015,186.7
8904,-117.95,33.75,19,1983,283,1098,275,6.6355,276.1
8905,-117.95,33.75,24,2027,358,1405,341,5.1416,231.4
8906,-117.97,33.75,26,3361,722,2709,648,3.9107,190.7
8907,-117.93,33.75,24,1380,339,1472,304,4.2219,162.8
8908,-117.93,33.75,15,2448,602,1666,575,3.5967,141.6
8909,-117.93,33.76,21,2884,662,2613,645,4.05,177.9
8910,-117.92,33.75,8,2325,598,1511,565,3.3629,137.5
8911,-117.92,33.75,19,1920,471,1413,432,4.0313,147.5
8912,-117.91,33.77,26,5556,1398,4545,1333,3.0902,190.4
8913,-117.91,33.76,22,7531,1569,5254,1523,3.8506,167.4
8914,-117.92,33.76,26,784,177,662,169,2.8438,174.3
8915,-117.91,33.76,20,4413,1189,4818,1063,2.8594,215.1
8916,-117.92,33.75,23,893,223,1149,216,2.6442,156.3
8917,-117.91,33.75,8,2346,679,3842,674,3.0635,160
8918,-117.93,33.74,15,1206,282,677,270,3.9219,142.6
8919,-117.93,33.74,5,639,197,666,197,3.3017,87.5
8920,-117.92,33.74,13,4620,1265,3385,1109,3.1773,186.5
8921,-117.92,33.74,18,1639,491,2513,458,2.1838,159.7
8922,-117.92,33.74,24,5321,1063,4011,1047,4.3882,189.3
8923,-117.93,33.73,27,3662,834,3009,743,3.9816,179.5
8924,-117.94,33.74,24,4248,840,3118,798,4.2222,207.2
8925,-117.94,33.73,24,4197,718,2468,714,5.2563,211.4
8926,-117.95,33.74,16,2768,600,1182,563,3.7162,201.2
8927,-117.95,33.74,21,3576,554,1846,538,5.9838,271.9
8928,-117.98,33.71,24,2308,464,1101,407,4.4766,230
8929,-117.99,33.71,19,1967,487,1251,404,3.6696,218.8
8930,-117.98,33.71,26,1905,373,1098,368,4.8611,229.6
8931,-117.97,33.68,23,1722,316,865,309,4.6452,273.8
8932,-117.96,33.68,25,2004,349,1085,343,4.7656,230.7
8933,-117.96,33.68,18,2594,539,817,485,2.3674,219.2
8934,-117.96,33.68,24,6517,1279,3441,1198,4.25,152.1
8935,-117.95,33.69,26,1417,264,817,261,4.875,230.4
8936,-117.95,33.68,19,1028,191,340,159,3.6364,252.8
8937,-117.95,33.67,25,1611,383,554,327,3.0417,137.3
8938,-117.95,33.66,26,1787,227,639,224,6.8226,329.8
8939,-117.95,33.66,22,2785,441,1086,392,7.3719,337.4
8940,-117.98,33.65,22,3335,754,1500,719,3.7315,197.9
8941,-117.98,33.65,18,1027,206,436,180,4.2159,211.3
8942,-117.98,33.65,22,3592,527,1598,523,6.5501,294.9
8943,-117.98,33.64,20,1851,495,792,363,3.8187,137.5
8944,-117.97,33.74,16,1735,380,784,360,4.2566,139.2
8945,-117.97,33.74,18,2814,539,1439,493,3.599,262
8946,-117.96,33.74,19,1783,415,1025,383,4.1484,230
8947,-117.97,33.72,24,2991,500,1437,453,5.4286,273.4
8948,-117.96,33.72,23,3929,559,1858,538,6.8645,318.2
8949,-117.93,33.73,19,4021,557,1872,545,6.7919,295.6
8950,-117.93,33.72,17,4461,585,2095,580,7.6709,319.5
8951,-117.92,33.73,17,1692,293,934,280,4.4728,205.8
8952,-117.92,33.73,14,5147,1182,3171,1126,3.9929,225.8
8953,-117.92,33.72,17,3318,502,1520,498,5.5501,274.2
8954,-117.96,33.71,19,4328,849,2243,808,5.5702,342.6
8955,-117.95,33.71,16,6058,1715,3285,1495,3.4133,290.9
8956,-117.94,33.71,18,3695,602,1779,572,5.9449,276.5
8957,-117.93,33.71,10,2775,717,1581,633,4.1366,158.8
8958,-117.94,33.7,18,4827,718,2471,716,6.1181,284.5
8959,-117.95,33.69,24,4269,618,1954,597,6.9261,284.6
8960,-117.95,33.7,17,5781,924,2585,915,5.343,231.9
8961,-117.98,33.7,16,5127,631,2142,596,7.8195,390.5
8962,-117.96,33.7,23,4417,740,1865,693,5.3428,279.3
8963,-117.96,33.7,23,2622,445,1103,407,4.725,289.6
8964,-117.96,33.69,20,3123,441,1319,432,6.091,290.4
8965,-117.98,33.7,24,3451,504,1736,493,6.3749,278
8966,-117.98,33.71,24,3430,548,1601,512,5.6825,264.6
8967,-117.99,33.69,17,3386,729,1715,666,3.7479,213
8968,-117.98,33.69,16,2437,438,986,422,5.7117,247.2
8969,-117.97,33.67,25,3906,660,1809,622,5.6765,265.1
8970,-117.96,33.67,16,5143,652,2209,637,7.0173,382.1
8971,-117.96,33.66,19,5925,744,2302,729,7.5699,333.3
8972,-117.96,33.65,23,5379,684,1826,555,7.0151,350.6
8973,-117.97,33.63,25,2482,360,960,352,6.1572,344
8974,-117.96,33.65,21,2030,318,910,311,7.8453,343.3
8975,-117.96,33.65,18,3603,879,1549,756,4.0229,363.1
8976,-117.98,33.61,17,2054,291,836,288,6.8939,383.9
8977,-117.98,33.73,18,3833,1056,2192,996,3.4679,219.7
8978,-117.98,33.72,24,2826,547,1738,546,6.0494,240.4
8979,-117.98,33.67,7,5664,1174,2493,1101,5.8252,264.7
8980,-117.98,33.66,26,3527,547,1615,542,6.1624,279.4
8981,-117.97,33.66,14,6090,1338,1974,1248,2.8061,180.3
8982,-117.98,33.68,14,3396,477,1542,472,7.3982,369.1
8983,-117.98,33.68,24,4177,624,1704,606,6.2473,281.9
8984,-117.97,33.68,26,1616,292,700,241,5.5105,232.1
8985,-118.01,33.67,13,2902,536,1125,490,5.888,447.7
8986,-118.01,33.67,16,3581,780,1644,774,5.041,397.6
8987,-118.01,33.66,19,4559,1045,1949,910,4.355,429.2
8988,-118,33.66,25,4041,903,1689,784,4.2289,442.7
8989,-118.02,33.65,38,2548,646,755,399,2.8352,408.3
8990,-117.99,33.68,13,4000,883,1999,881,4.7245,273.6
8991,-117.99,33.68,18,2024,462,1047,451,3.5848,186.9
8992,-117.99,33.67,15,3141,664,1729,633,4.2165,234.6
8993,-117.99,33.68,14,3305,841,2272,769,3.4899,216.7
8994,-117.99,33.67,19,3808,790,1776,756,4.625,282.2
8995,-117.99,33.67,17,1692,427,903,423,3.5859,262.5
8996,-118,33.66,16,2809,708,1260,638,3.2353,252.9
8997,-117.99,33.66,29,1330,293,613,236,4.6591,353.1
8998,-117.99,33.66,14,3155,653,951,575,3.0625,268.8
8999,-118.02,33.62,11,3969,834,1508,754,4.3409,271.4
9000,-118.05,33.65,5,7017,935,2427,867,10.1154,477.7
9001,-118,33.68,12,5241,985,2048,943,6.4858,285.4
9002,-118,33.67,34,3712,667,1521,632,4.8125,387.8
9003,-118,33.71,19,4808,1029,2422,971,4.0121,279.7
9004,-117.99,33.71,18,1994,578,3031,577,2.7614,237.5
9005,-117.99,33.71,17,1600,458,1803,432,2.7865,216.7
9006,-118.02,33.71,23,5554,995,2408,936,5.3886,331.9
9007,-118.02,33.7,23,5069,770,2473,769,6.3047,285.7
9008,-118.02,33.72,22,8844,1706,4404,1594,4.4453,267.8
9009,-118.02,33.73,24,6393,1141,2743,1057,5.1384,336.9
9010,-118.03,33.72,24,5203,957,2465,946,5.163,261
9011,-118.04,33.72,24,7141,1330,3418,1268,4.6649,237.8
9012,-117.99,33.73,24,2104,421,1181,414,3.8365,250.9
9013,-117.99,33.73,20,3182,884,1770,817,3.1912,220.8
9014,-117.99,33.72,26,1787,275,801,270,5.5514,255.7
9015,-117.99,33.72,17,2801,649,1473,535,4.2875,134.8
9016,-117.99,33.72,14,2127,537,1338,475,3.628,188.5
9017,-118.01,33.71,18,6565,1357,3079,1248,4.7515,295.6
9018,-117.99,33.7,13,4013,903,1999,859,4.625,248.8
9019,-117.99,33.69,16,1476,294,886,270,5.3259,216.4
9020,-117.99,33.69,12,2480,858,1441,788,1.6705,350
9021,-118.02,33.71,24,2598,443,1184,435,5.8623,287.8
9022,-118.03,33.7,15,3244,421,1259,413,7.7854,395.3
9023,-118.03,33.71,26,1483,251,738,235,6,271.4
9024,-118.04,33.72,14,4494,1048,2222,963,4.7821,169.4
9025,-118.05,33.72,14,2673,687,1192,656,4.1862,188.9
9026,-118.04,33.72,15,1836,490,942,477,4.0238,182.5
9027,-118.04,33.71,12,4014,868,1605,769,6.0102,396.9
9028,-118.09,33.75,32,6239,974,2615,950,6.6188,380
9029,-118.11,33.75,15,2569,812,785,477,5.4011,346.4
9030,-118.09,33.74,44,1671,390,871,367,4.6369,422.2
9031,-118.11,33.75,24,1608,314,592,314,5.0926,390.5
9032,-118.1,33.74,33,2119,524,872,465,4.537,495.5
9033,-118.1,33.74,31,1310,342,563,310,4.6528,457.1
9034,-118.1,33.74,32,2035,520,934,512,4.2287,500.001
9035,-118.07,33.72,24,1240,296,513,254,4.9044,485
9036,-118.07,33.72,32,1179,250,369,209,5.1824,500.001
9037,-118.09,33.71,19,1397,271,491,197,8.7397,500.001
9038,-118.06,33.72,17,4573,937,1619,796,5.7704,500.001
9039,-118.05,33.71,25,4150,570,1424,547,8.8281,461.6
9040,-118.07,33.73,13,1822,313,643,303,9.8346,401.7
9041,-118.06,33.72,14,2665,331,964,319,15.0001,500.001
9042,-118.06,33.73,16,4392,602,1490,578,10.5424,500.001
9043,-118.08,33.72,14,2021,396,696,367,7.1673,340.7
9044,-118.05,33.72,17,1875,472,900,406,5.2589,226.1
9045,-118.05,33.72,22,5416,1271,2260,1184,3.8038,174.5
9046,-118.09,33.77,26,1388,409,515,392,1.8015,62
9047,-118.08,33.77,26,2461,562,971,544,2.1944,87.5
9048,-118.08,33.77,26,2013,551,664,510,2.2708,67.5
9049,-118.08,33.77,26,3083,806,960,723,1.9074,68.5
9050,-118.08,33.76,25,1995,637,743,597,1.4617,46.9
9051,-118.09,33.76,26,1625,440,533,414,1.808,58.5
9052,-118.09,33.77,26,5359,1508,1829,1393,1.7675,61.3
9053,-118.08,33.76,26,1967,577,692,538,1.6111,54.3
9054,-118.08,33.76,26,996,364,366,313,1.2813,46.7
9055,-118.08,33.76,27,529,159,193,155,2.0952,71.3
9056,-118.09,33.77,27,2301,640,847,627,1.7208,67.5
9057,-118,33.76,26,1876,455,1499,436,2.925,176
9058,-118.01,33.75,30,3380,722,2269,652,4.525,186
9059,-118,33.75,26,1382,387,1977,368,2.7589,137.5
9060,-118.02,33.76,27,2905,587,1781,561,4.25,214.8
9061,-118.02,33.75,26,2989,479,1596,475,5.7157,231.2
9062,-118.03,33.76,25,4650,849,2503,790,5.742,221.9
9063,-118.04,33.75,16,3757,650,1291,614,5.2001,235.6
9064,-118.02,33.74,26,3842,609,1961,595,6.128,248.2
9065,-118.02,33.73,26,3711,610,1902,597,5.5599,234.1
9066,-118.01,33.74,25,8110,1264,3613,1232,6.0609,264.9
9067,-117.98,33.75,24,3865,802,2670,772,3.8158,180
9068,-117.98,33.75,37,1264,274,783,273,3.3438,199.6
9069,-117.99,33.75,30,1859,462,1314,418,3.0909,184.4
9070,-117.98,33.74,29,3443,635,2257,620,4.7404,207.5
9071,-117.99,33.74,26,4065,741,1960,739,4.506,240
9072,-117.98,33.74,16,4636,908,2341,825,4.4261,304.7
9073,-117.99,33.73,17,5239,1045,2440,985,4.375,248.1
9074,-117.99,33.77,29,1312,267,922,255,3.1902,202.4
9075,-117.98,33.76,28,3215,652,2066,636,4.0194,197.4
9076,-117.99,33.76,30,1572,362,1351,359,3.369,190.9
9077,-117.99,33.76,17,2545,737,1468,699,1.9439,177.7
9078,-117.99,33.75,22,3024,754,2357,743,3.3125,191.8
9079,-117.98,33.76,23,1553,518,1988,474,2.1375,150
9080,-118.02,33.77,34,2115,352,1253,338,5.1507,207.5
9081,-118.02,33.76,25,1759,404,1404,385,3.6289,195.8
9082,-118.01,33.77,32,1771,296,995,272,5.8362,217.5
9083,-118.01,33.76,35,2072,349,1249,317,3.9855,191.9
9084,-118.01,33.76,26,2141,597,2038,585,2.2981,177.7
9085,-118,33.77,24,1324,267,687,264,3.4327,192.8
9086,-118,33.76,29,1982,503,1426,502,3.0263,194.2
9087,-118,33.77,28,2401,503,1155,456,3.5139,211.7
9088,-118,33.76,14,1120,319,982,307,2.9083,179.2
9089,-118.03,33.77,21,3803,898,1511,829,3,221.2
9090,-118.02,33.77,7,586,118,232,107,5.2077,181.3
9091,-118.03,33.77,27,2000,310,880,294,5.635,218.9
9092,-118.03,33.76,32,2980,494,1370,481,5.0866,223.5
9093,-118.04,33.76,25,4061,545,1623,527,7.1572,294.9
9094,-118.03,33.79,32,3191,634,1718,611,4.1548,216.6
9095,-118.01,33.79,30,2460,403,1277,395,5.4372,223.2
9096,-118.02,33.78,28,3375,559,1754,554,5.5446,228.9
9097,-118.01,33.78,19,2648,478,1160,452,5.9357,207.4
9098,-118.03,33.78,26,2001,302,836,298,5.1061,257.5
9099,-118.01,33.78,26,2343,377,1166,373,6,233.1
9100,-118.04,33.78,25,3715,575,1640,572,5.7705,247.1
9101,-118.08,33.8,29,3675,613,1457,591,6.0553,369.4
9102,-118.07,33.8,34,3486,507,1311,503,7.1221,384.5
9103,-118.09,33.78,26,2146,298,852,296,6.6137,342.7
9104,-118.07,33.79,34,2473,383,967,353,5.8283,362.4
9105,-118.08,33.78,34,2287,347,1051,346,5.5767,372
9106,-118.08,33.78,25,5321,967,1969,903,5.0102,340.1
9107,-118.02,33.79,23,6368,1030,3281,1001,6.1142,240.4
9108,-118.01,33.79,23,2663,430,1499,403,5.7837,258
9109,-118.02,33.8,24,84,14,32,8,5.875,193.8
9110,-118.01,33.8,16,4021,701,1488,650,5.32,219.5
9111,-118.05,33.78,25,3112,435,1098,401,6,353.5
9112,-118.05,33.78,25,2356,330,937,326,6.6264,359.1
9113,-118.06,33.78,22,4048,562,1637,541,7.3463,355.6
9114,-118.06,33.8,21,2196,504,1215,477,4.8,196.9
9115,-118.06,33.8,22,1892,442,1015,404,4.1379,212.5
9116,-118.06,33.8,20,1379,333,937,304,3.6217,195.3
9117,-118.07,33.8,17,2439,554,1161,532,3.6442,193.1
9118,-118.05,33.79,19,1863,355,1260,317,3.2465,277.4
9119,-118.04,33.84,21,6623,1204,3193,1129,4.5395,256
9120,-118.04,33.83,19,4526,830,2318,748,4.6681,320.7
9121,-118.04,33.83,20,1488,312,972,283,4.055,201.9
9122,-118.05,33.82,25,1548,279,732,265,5.123,159.6
9123,-118.06,33.82,25,2637,462,965,415,4.5833,190.9
9124,-118.07,33.8,22,1391,338,810,295,3.8792,218.2
9125,-118.08,33.81,21,1189,281,577,264,3.3155,237.5
9126,-118.03,33.82,17,1851,346,770,310,5.6093,244.4
9127,-118.03,33.82,17,2178,477,1077,457,3.6815,245.3
9128,-118.02,33.82,19,2485,437,1286,431,4.7466,258.3
9129,-118.02,33.83,16,1139,328,665,290,3.2933,260
9130,-118.03,33.83,25,3030,532,1668,509,4.625,229.6
9131,-118.03,33.83,25,768,195,529,184,3.175,132.8
9132,-118.06,33.83,22,5290,1054,2812,1021,4.53,226.4
9133,-118.05,33.83,24,4316,678,2286,665,5.7018,286.7
9134,-118.05,33.82,21,2997,372,1323,372,8.6123,386.7
9135,-118.06,33.83,17,1973,516,1112,501,3.8512,163.8
9136,-118.06,33.82,24,3983,675,1568,638,4.6458,213.4
9137,-118.04,33.81,27,2990,515,1849,497,5.6846,216.1
9138,-118.03,33.81,26,3635,567,1779,543,5.7089,237.4
9139,-118.03,33.86,19,1795,328,1014,322,4.535,289.3
9140,-118.05,33.85,25,2856,388,1212,362,6.1737,313.1
9141,-118.04,33.85,18,3628,546,1922,544,7.5057,328.5
9142,-118.03,33.85,16,1831,390,1347,389,3.8426,344.4
9143,-118.01,33.83,29,3963,772,2104,743,4.9803,208.6
9144,-118.01,33.84,29,3740,691,1724,638,3.9628,215.6
9145,-118.03,33.84,28,3857,857,2328,830,4.0156,196
9146,-118.02,33.83,26,3616,892,2257,821,3.1497,217.6
9147,-118.02,33.82,21,2052,456,1173,432,3.7885,204.5
9148,-118.01,33.82,10,3897,893,1992,693,4.1591,192.3
9149,-118.01,33.81,18,5238,1083,3032,1065,4.4583,190.1
9150,-118.03,33.85,23,5495,1141,2873,1004,3.9156,224.1
9151,-118.01,33.85,29,2064,447,1265,400,3.8864,209.3
9152,-118.01,33.86,29,2307,452,1218,402,3.4306,194.2
9153,-118.01,33.84,28,4097,838,2112,803,4.5,202.1
9154,-118.01,33.84,35,4166,713,2354,709,5.1775,213.4
9155,-118.03,33.84,30,4781,831,2568,797,5.4746,226.4
9156,-117.99,33.86,36,1138,228,725,219,3.4167,187.2
9157,-117.99,33.85,34,1948,306,957,304,4.9777,212.6
9158,-118,33.85,33,2053,418,1154,405,4.0455,197.2
9159,-118,33.86,32,1162,196,563,178,3.875,203
9160,-118,33.84,30,1549,325,885,299,4.0039,195.1
9161,-118,33.84,29,2641,637,2413,619,2.8169,165.1
9162,-118.01,33.87,25,6348,1615,4188,1497,3.139,185.7
9163,-117.99,33.86,20,3540,906,2898,876,3.0252,178
9164,-118,33.88,28,1624,289,755,280,4.7083,268.1
9165,-118.01,33.88,19,1434,391,1088,341,3.369,269.6
9166,-117.99,33.88,15,2298,567,1261,527,4.2422,159.4
9167,-118,33.88,18,2628,720,2276,649,2.735,170.8
9168,-117.99,33.87,16,1689,499,1260,453,3.1205,174
9169,-118,33.87,13,2086,544,1356,462,2.95,165.6
9170,-117.99,33.87,17,2334,537,1662,535,3.0147,217
9171,-117.99,33.87,34,1239,307,869,291,3.59,161.9
9172,-117.99,33.86,20,2303,612,1607,564,2.9,176.1
9173,-117.98,33.89,18,2939,437,1278,435,7.1425,393.7
9174,-117.99,33.88,25,3401,509,1503,498,6.6704,240.6
9175,-117.99,33.89,21,5195,1020,2539,988,4.5033,160.5
9176,-117.99,33.89,23,2111,306,979,288,8.5621,347.8
9177,-117.97,33.89,17,1851,344,764,339,5.1315,181.8
9178,-117.97,33.89,17,1740,445,1158,412,2.8649,137.5
9179,-117.97,33.88,9,1344,279,530,265,5.0731,185.1
9180,-117.97,33.88,11,1454,247,635,236,6.2427,218.5
9181,-117.97,33.89,15,3801,542,1992,526,9.0683,367.4
9182,-117.97,33.89,14,923,136,420,130,10.2252,462.8
9183,-120.1,39.17,33,1849,384,218,92,1.7083,143.8
9184,-120.06,39.09,30,2979,583,316,124,2.1987,124
9185,-120.06,39.15,22,2213,372,98,42,1.1912,170
9186,-120.2,39.12,15,2146,361,197,76,4.1316,200
9187,-120.18,39.14,25,2171,386,248,116,3.0375,171.9
9188,-120.16,39.14,21,2484,460,309,144,3.9722,127.8
9189,-120.18,39.17,18,1703,360,354,163,3.6563,146.9
9190,-120.15,39.17,32,1684,359,454,209,2.9125,145.8
9191,-120.15,39.15,25,1669,348,163,78,5.75,176.6
9192,-120.15,39.2,14,1382,242,141,66,4.1016,283.3
9193,-120.12,39.18,17,2839,525,390,189,3.5667,179.2
9194,-120.1,39.19,18,3824,559,241,106,5.5456,360
9195,-120.1,39.19,17,1480,241,202,80,3.9375,213.2
9196,-120.1,39.2,20,1703,294,409,174,3.087,196.9
9197,-120.11,39.21,18,2245,392,421,162,4.5795,158.3
9198,-120.11,39.24,21,3005,574,385,150,3.1193,153.3
9199,-120.08,39.23,19,1746,306,251,104,4.8182,146.9
9200,-120.07,39.24,20,3729,614,365,152,4.962,169.5
9201,-120.06,39.25,21,2459,525,584,233,3.01,163.5
9202,-120.04,39.24,30,2369,469,510,213,2.65,123.8
9203,-120.04,39.27,24,2237,491,264,95,4.1364,154.5
9204,-120.02,39.24,24,1602,426,751,257,1.7609,99.3
9205,-120.02,39.24,22,2309,571,919,342,3.0057,93.6
9206,-120.02,39.24,32,1347,444,825,303,1.8269,225
9207,-120.01,39.26,26,1930,391,307,138,2.6023,139.3
9208,-120.91,38.98,13,7689,1415,3264,1198,3.653,146.8
9209,-120.81,39.02,30,806,189,326,146,2.8155,101
9210,-120.69,39.12,19,1048,262,493,184,2.2917,118.2
9211,-120.83,39.02,15,1117,242,551,229,2.6319,97.7
9212,-121.06,38.91,18,6501,1416,2954,1373,2.5373,143
9213,-121.08,38.9,27,3436,755,1568,709,2.4273,138.4
9214,-121.06,38.88,17,7635,1284,3096,1227,4.2917,184.3
9215,-121.08,38.89,41,3471,753,1680,710,2.6701,139
9216,-121.07,38.9,52,1280,281,523,266,1.7375,122.2
9217,-121.15,38.89,20,2024,313,879,309,5.2903,239.4
9218,-121.12,38.86,17,3949,717,1683,686,3.3802,216.5
9219,-121.13,38.87,48,1127,188,530,186,3.0917,128.1
9220,-121.15,38.91,23,1654,299,787,299,4.2723,193.1
9221,-121.08,38.85,10,2509,422,1037,389,6,220.1
9222,-121.16,38.74,17,3353,463,1417,447,5.1721,237.1
9223,-121.14,38.77,15,10282,1333,3868,1300,6.4789,287.8
9224,-121.14,38.84,22,2750,433,1161,428,4.2143,236.5
9225,-121.14,38.82,22,1816,278,832,278,5.07,233
9226,-121.15,38.8,20,2104,370,745,314,4.1685,217.5
9227,-121.18,38.8,18,2541,414,1276,405,5.1857,220.1
9228,-121.21,38.76,16,1608,296,792,286,3.1583,239.2
9229,-121.21,38.75,11,4552,639,2006,623,4.3962,264.4
9230,-121.17,38.76,14,2028,255,781,251,6.5322,394
9231,-121.2,38.73,11,4897,636,1931,616,7.7499,334.8
9232,-121.18,38.73,16,1584,264,613,226,6.0302,273.1
9233,-121.18,38.75,16,2807,459,1201,429,4.7941,247.6
9234,-121.24,38.75,5,9137,1368,3667,1294,5.4896,229.6
9235,-121.24,38.72,12,3605,576,1556,549,4.9,203.7
9236,-121.27,38.74,19,3869,887,2086,685,2.6065,154.9
9237,-121.28,38.73,6,4223,672,1747,631,5.419,267.4
9238,-121.25,38.72,10,7277,1168,3507,1131,4.485,179.4
9239,-121.27,38.75,21,4812,1117,1985,1045,2.5083,128.5
9240,-121.3,38.73,9,5558,1099,2717,1043,3.6455,139.2
9241,-121.36,38.73,21,2253,416,1050,411,3.141,220.1
9242,-121.31,38.75,7,4185,750,2147,706,4.0519,129.2
9243,-121.3,38.75,36,3903,885,2313,804,2.655,86.3
9244,-121.3,38.74,41,4374,1039,2387,959,2.3611,87.9
9245,-121.33,38.77,3,20214,3559,8361,3112,4.2259,169.3
9246,-121.28,38.76,47,2901,631,1276,578,2.1366,101.9
9247,-121.27,38.75,43,1292,307,647,249,2.7188,85.3
9248,-121.29,38.76,12,1198,174,443,170,6.0097,187.5
9249,-121.28,38.8,7,9003,1739,4445,1591,3.816,147.9
9250,-121.24,38.78,18,549,143,249,136,0.8691,136.5
9251,-121.23,38.78,13,3813,871,1513,783,2.0807,142.6
9252,-121.22,38.78,8,3418,514,1312,409,6.3914,218
9253,-121.24,38.82,5,12259,1643,4819,1582,5.4498,217.3
9254,-121.25,38.8,14,5094,729,1974,705,5.5205,188.7
9255,-121.24,38.79,15,2615,485,1063,428,3.7904,173.2
9256,-121.22,38.8,11,2521,521,1390,477,3.5265,124.8
9257,-121.21,38.83,21,3691,640,1758,603,3.5607,151.9
9258,-121.18,38.83,15,4488,859,2114,805,2.9484,124.4
9259,-121.39,38.85,19,3568,646,1714,590,4.0862,162.7
9260,-121.3,39,16,3155,541,1630,540,4.0282,126.4
9261,-121.31,38.97,16,1210,228,726,222,2.7083,82.1
9262,-121.22,38.92,19,2531,461,1206,429,4.4958,192.6
9263,-121.27,38.87,16,2094,358,1092,357,4.4769,191.4
9264,-121.28,38.9,31,1297,259,765,240,2.7656,93.6
9265,-121.3,38.89,45,1529,317,793,281,2.9866,91.3
9266,-121.32,38.89,9,5927,1269,3369,1176,2.8194,111.3
9267,-121.14,38.92,16,2069,312,889,299,4.6771,212
9268,-121.1,38.92,21,4064,871,1847,859,3.0321,135.5
9269,-121.11,38.91,24,2558,423,1149,403,4.0679,190.5
9270,-121.1,38.94,42,410,117,706,112,1.0179,125
9271,-121.07,38.92,15,5301,884,2335,831,4.515,164
9272,-121.15,39,15,4145,691,1872,680,4.3553,220.6
9273,-121.19,38.95,16,2544,431,1199,412,4.5129,196.3
9274,-121.11,38.95,14,3888,890,1830,844,1.8238,158.6
9275,-121.1,38.95,17,1475,403,943,363,2.1287,55.3
9276,-121.05,38.97,12,3676,550,1572,510,4.8214,201.9
9277,-121.1,39,16,1106,195,505,187,5.0126,192.3
9278,-121.08,38.95,18,1931,380,1271,377,2.7463,156.1
9279,-121.08,38.93,14,4239,824,1729,794,2.4278,167.7
9280,-121.04,38.95,22,1931,445,1009,407,2.75,153.2
9281,-120.99,39.04,17,2289,450,1182,397,2.3696,166.8
9282,-120.98,38.99,17,3403,661,1540,622,3.6354,162.9
9283,-121.04,39,21,4059,730,1874,693,4.8051,174.3
9284,-121.02,39.01,17,4786,799,2066,770,3.9734,185.4
9285,-120.87,39.18,25,2691,598,964,373,3.9196,142.7
9286,-120.87,39.15,17,1819,389,736,283,2.8603,128.9
9287,-120.58,39.27,15,4126,903,723,266,3.0147,118.8
9288,-120.33,39.3,16,868,178,44,21,3,175
9289,-120.18,39.28,14,10098,1545,701,254,4.0819,141.3
9290,-120.22,39.2,22,8259,1409,845,353,3.3699,244
9291,-120.96,39.12,24,2069,436,909,374,2.5326,139.1
9292,-120.98,39.08,20,4570,906,2125,815,3.0403,148
9293,-120.94,39.05,8,3758,717,1744,661,3.1972,151.5
9294,-120.98,39.93,25,2220,511,912,449,1.8914,87.8
9295,-120.95,39.93,26,2023,385,922,365,2.8125,83.5
9296,-120.93,39.9,20,1511,328,791,320,2.0221,70.9
9297,-120.9,39.93,23,2679,546,1424,529,2.8812,81.9
9298,-120.9,39.95,20,1349,238,601,203,3.5417,96.6
9299,-120.93,39.96,15,1666,351,816,316,2.9559,118.8
9300,-120.92,40.02,35,383,92,202,72,2.6458,102.5
9301,-120.74,39.9,23,1017,218,387,152,2.2656,88.2
9302,-120.57,39.78,15,1291,283,582,242,2.1216,102
9303,-120.66,39.72,15,3763,784,717,348,2.2019,130.5
9304,-120.74,39.82,9,1955,398,294,122,3.9583,126.5
9305,-121.14,39.86,16,2534,557,638,244,2.2101,88.8
9306,-120.53,39.79,18,1234,266,543,201,2.5156,71.9
9307,-120.48,39.78,11,513,104,204,86,2.375,100
9308,-120.45,39.8,47,2149,456,965,419,1.7829,55.9
9309,-120.46,39.83,18,3406,673,1567,617,2.2717,75.9
9310,-120.38,39.82,10,1262,258,510,209,2.1667,92.8
9311,-120.15,39.8,19,785,151,366,140,3.0625,82.5
9312,-120.94,40.17,22,1334,261,597,222,2.2132,89.2
9313,-120.91,40.08,24,1629,313,641,274,2.2067,69.6
9314,-120.94,40.14,31,3127,664,1345,580,1.5774,58
9315,-121.23,40.01,38,725,190,219,115,1.625,75
9316,-120.71,40.13,19,897,180,276,110,2.9554,89.4
9317,-121.24,40.31,36,1597,301,632,262,3.5962,93.6
9318,-121.23,40.29,21,3229,667,1501,582,2.1524,77.1
9319,-121.19,40.23,10,1572,232,247,104,5.8453,193.8
9320,-121.08,40.19,11,919,199,69,43,1.6944,137.5
9321,-121.06,40.23,23,1127,225,215,85,3.4844,143.8
9322,-121.09,40.3,15,1717,336,501,206,3.6477,113.4
9323,-121.14,40.29,17,1944,394,384,172,1.6875,111.5
9324,-121.15,40.25,14,5156,880,616,281,3.3462,145.2
9325,-117.35,34,38,1214,254,723,236,2.5469,87.8
9326,-117.37,34,36,730,155,476,142,2.4306,88.9
9327,-117.37,34,41,1248,278,770,250,3.025,90.6
9328,-117.36,34,19,4592,895,2769,838,3.3622,105.1
9329,-117.37,34.01,15,1386,247,703,185,3.6415,124.2
9330,-117.38,33.99,52,1797,332,905,313,2.7054,141.7
9331,-117.38,33.98,52,2274,571,1167,504,2.0284,101.6
9332,-117.39,33.98,37,2337,452,948,437,3.145,169.1
9333,-117.41,33.97,24,950,183,383,182,3.0694,125
9334,-117.37,33.98,43,2862,772,1878,675,2.1151,96.7
9335,-117.38,33.97,29,1157,297,2027,253,1.6389,155
9336,-117.37,33.98,27,1342,547,844,484,1.1194,95.8
9337,-117.37,33.99,44,917,224,666,220,1.685,114.2
9338,-117.36,33.98,46,1680,453,1570,435,2.0436,82.3
9339,-117.37,33.97,34,3676,697,2653,682,2.5804,92.4
9340,-117.37,33.97,38,1156,241,877,200,1.4514,79.9
9341,-117.37,33.97,40,1166,250,976,244,1.95,84.8
9342,-117.37,33.98,52,201,44,130,24,2.025,125
9343,-117.35,33.98,31,4163,1242,3928,1076,1.6943,85.9
9344,-117.35,33.97,27,3960,886,2807,838,3.024,122.5
9345,-117.36,33.97,32,1625,335,1212,327,2.7596,82.2
9346,-117.36,33.98,33,2070,469,1851,467,2.4667,80.7
9347,-117.37,33.96,33,3974,548,1398,528,7.2519,216.6
9348,-117.35,33.96,25,2396,316,951,314,8.2405,235.2
9349,-117.37,33.94,14,9286,1269,3565,1238,6.6635,219.6
9350,-117.36,33.92,7,9376,1181,3570,1107,8.5326,315.2
9351,-117.39,33.97,52,3307,553,1269,529,4.3176,136.2
9352,-117.38,33.97,30,2953,703,1406,580,2.6895,150
9353,-117.4,33.96,51,1806,322,709,298,3.575,125.5
9354,-117.4,33.97,38,1383,238,649,232,5.0194,148.9
9355,-117.4,33.97,41,1707,276,660,269,3.8618,134.8
9356,-117.41,33.96,32,2837,617,1393,595,2.3798,118.8
9357,-117.41,33.96,24,4481,901,2398,823,3.864,123.4
9358,-117.44,33.96,29,124,22,50,18,12.5381,112.5
9359,-117.43,33.96,28,3747,651,2399,646,3.8682,116.5
9360,-117.44,33.95,31,914,177,556,161,3.7344,115.3
9361,-117.4,33.95,46,2189,423,866,389,3.1384,111.5
9362,-117.4,33.95,32,1979,491,954,444,2.4408,117.3
9363,-117.42,33.95,32,4251,848,2494,798,2.8173,110.8
9364,-117.42,33.96,33,2275,469,1691,459,2.7452,98.1
9365,-117.41,33.96,27,2341,418,1272,415,3.0208,112.7
9366,-117.38,33.96,30,3153,623,1544,575,3.4491,133.8
9367,-117.39,33.95,36,1380,269,598,262,3.1667,122.9
9368,-117.4,33.95,43,633,166,292,135,1.1601,121.4
9369,-117.39,33.96,49,2527,461,1344,451,4.0833,114.4
9370,-117.37,33.95,32,2215,351,771,311,4.3542,142.6
9371,-117.37,33.94,20,1682,296,706,291,4.0966,140.1
9372,-117.39,33.93,26,3014,494,1832,485,4.8333,127.9
9373,-117.39,33.95,35,3306,680,1742,673,3.7109,109.1
9374,-117.4,33.94,30,1198,251,1019,214,3.0509,82.7
9375,-117.4,33.93,35,1468,298,1168,261,2.2222,81.3
9376,-117.41,33.93,35,793,150,669,128,4.0156,89.3
9377,-117.41,33.94,33,2074,476,911,420,2.87,117.6
9378,-117.41,33.94,29,3181,714,1603,706,3.25,112.5
9379,-117.42,33.93,32,2885,595,1509,590,3.1795,125.6
9380,-117.41,33.94,22,4179,1081,2096,1013,2.4435,118.5
9381,-117.42,33.94,26,2420,532,1383,469,3.5403,113.5
9382,-117.43,33.95,36,2284,444,1425,405,4.0526,104.5
9383,-117.43,33.93,36,2386,396,1176,374,4.5122,113.3
9384,-117.43,33.93,15,4836,1368,3012,1240,2.1865,129.3
9385,-117.43,33.93,31,1273,262,686,254,2.4922,109.4
9386,-117.45,33.94,12,3539,869,1987,859,2.1023,103.7
9387,-117.44,33.94,32,2349,452,1479,425,3.9118,114.1
9388,-117.44,33.94,30,2992,516,1521,507,3.9128,126.9
9389,-117.44,33.94,32,1814,320,903,306,4.1776,118.7
9390,-117.44,33.93,33,1371,236,715,227,4.375,129.9
9391,-117.45,33.93,20,5998,1320,3185,1199,3.2731,113.9
9392,-117.44,33.92,33,2433,525,1466,517,3.0437,110.8
9393,-117.45,33.91,29,2320,422,1358,415,3.7333,121.4
9394,-117.45,33.92,35,2552,588,1840,551,2.2548,113.3
9395,-117.39,33.92,25,2886,583,2327,577,2.3851,113.7
9396,-117.43,33.91,15,14281,2511,7540,2245,4.3222,138
9397,-117.4,34.01,25,1858,366,1311,331,2.7083,87.8
9398,-117.41,34.01,34,1231,216,841,199,2.6442,92
9399,-117.43,34.02,33,3084,570,1753,449,3.05,97.8
9400,-117.42,34.02,9,5455,882,3015,858,4.2321,162.8
9401,-117.4,34,24,2316,599,1829,532,1.6955,86.8
9402,-117.4,34,31,1192,307,1013,283,2.0742,76.2
9403,-117.41,34,38,2228,571,1697,530,1.9052,83.4
9404,-117.43,33.98,21,2634,421,1376,406,4.2589,152.2
9405,-117.42,33.98,16,10072,2043,5913,1909,3.0606,119.5
9406,-117.45,34.01,26,3042,598,1720,551,2.76,95.2
9407,-117.43,34.01,34,2101,426,1150,377,3.0909,98.3
9408,-117.41,34,26,2372,621,1647,612,1.4719,88.6
9409,-117.43,33.99,18,3307,547,1738,457,4.566,116.9
9410,-117.44,33.99,12,9966,1517,5008,1492,4.5625,171.3
9411,-117.5,34,15,1929,317,1237,316,4.4063,128.5
9412,-117.49,33.99,21,2050,392,1153,336,4.84,116.4
9413,-117.48,33.98,20,2451,475,1785,456,3.3966,115
9414,-117.49,33.98,17,2727,462,1691,448,4.8371,160.6
9415,-117.5,33.98,21,2394,416,1291,381,4.2099,138.7
9416,-117.47,33.98,8,12106,1913,5810,1717,4.9886,158.1
9417,-117.49,34.02,35,2051,427,1466,425,3.6711,108.2
9418,-117.49,34.02,21,3736,738,2021,640,4.4545,142.4
9419,-117.51,34.02,24,7779,1835,3996,1765,2.1764,135.3
9420,-117.48,34,12,6751,1153,3266,1134,3.8529,145.5
9421,-117.51,34,36,3791,746,2258,672,3.2067,124.7
9422,-117.51,33.97,35,352,62,184,57,3.6691,137.5
9423,-117.53,34.02,19,256,34,101,28,5.3269,375
9424,-117.6,33.94,26,2925,575,1921,501,3.1859,153.1
9425,-117.53,33.94,21,5675,935,2834,865,4.2263,203.2
9426,-117.55,33.94,30,5398,926,2672,864,4.4762,163.9
9427,-117.56,33.94,29,266,42,136,40,1.625,164.3
9428,-117.57,33.93,3,1240,151,519,146,7.5408,271.9
9429,-117.57,33.9,7,3797,850,2369,720,3.5525,137.6
9430,-117.56,33.89,16,693,185,365,176,2.3417,191.7
9431,-117.52,33.89,2,17978,3217,7305,2463,5.1695,220.8
9432,-117.55,33.93,25,5187,934,2725,860,4.1865,154.3
9433,-117.55,33.9,21,1839,324,871,307,3.4459,198.8
9434,-117.53,33.92,12,2290,319,728,228,6.1561,233.5
9435,-117.57,33.91,22,2620,396,1324,362,5.3735,214.6
9436,-117.59,33.93,17,338,47,200,46,7.8118,244.2
9437,-117.5,33.93,19,4741,835,2903,796,4.3723,135.6
9438,-117.49,33.91,17,5364,1020,3754,936,3.2857,139.1
9439,-117.5,33.92,31,2529,513,1504,426,2.9821,115.6
9440,-117.51,33.95,12,9016,1486,4285,1457,4.9984,169.1
9441,-117.47,33.95,15,6248,1249,3795,1128,4.1264,124.6
9442,-117.5,33.96,12,7923,1470,4861,1385,4.2985,139.2
9443,-117.46,33.94,26,2481,620,2411,552,1.7059,85.8
9444,-117.47,33.94,34,559,139,532,137,3.0687,88.5
9445,-117.48,33.94,19,1891,465,1693,416,2.7813,112.9
9446,-117.48,33.94,29,1625,336,1046,320,3.1985,117.3
9447,-117.49,33.94,28,2787,490,1684,467,4.0256,127.1
9448,-117.46,33.93,16,4112,880,2821,857,3.0122,114.7
9449,-117.46,33.93,19,4780,861,3043,766,3.7431,132.8
9450,-117.46,33.92,21,713,142,476,142,3.5208,121.1
9451,-117.47,33.94,34,2086,417,1501,395,3.2311,105.6
9452,-117.46,33.94,35,1566,294,1056,279,3.5227,105.4
9453,-117.48,33.93,31,2191,459,1564,450,2.6776,122
9454,-117.47,33.92,18,3869,773,2500,726,3.6583,126.1
9455,-117.49,33.93,26,2970,576,2156,558,3.9522,124.6
9456,-117.47,33.91,21,3491,760,1920,669,2.2241,127.3
9457,-117.46,33.9,10,9738,2130,4936,1840,3.3187,144.8
9458,-117.49,33.9,7,10235,2238,5271,2094,3.6071,159.1
9459,-117.48,33.91,22,3611,666,1869,649,4.2207,141.1
9460,-117.51,33.88,24,3044,602,2541,564,4.131,123.8
9461,-117.52,33.88,21,722,178,770,165,2.5656,102.5
9462,-117.53,33.88,22,2855,667,2453,624,3.1312,91
9463,-117.5,33.87,4,6755,1017,2866,850,5.0493,239.8
9464,-117.56,33.88,36,838,210,722,180,2.4861,96.2
9465,-117.58,33.89,14,1731,404,1269,351,2.3654,107.9
9466,-117.55,33.88,19,2472,618,2143,610,2.2372,108.8
9467,-117.57,33.87,33,2076,517,1374,480,2.2197,138.2
9468,-117.56,33.88,40,1196,294,1052,258,2.0682,113
9469,-117.57,33.88,35,1755,446,1453,428,2.316,119.4
9470,-117.59,33.88,7,3586,959,2695,877,2.4387,117
9471,-117.59,33.88,13,3239,849,2751,813,2.6111,107
9472,-117.58,33.88,16,1739,478,1235,420,2.2969,116.1
9473,-117.57,33.87,37,621,156,443,135,2.3333,122.8
9474,-117.57,33.87,27,1786,287,939,278,5.1929,165
9475,-117.58,33.87,30,701,131,356,125,3.2917,144.3
9476,-117.58,33.87,34,1511,272,773,265,3.5313,142.1
9477,-117.55,33.85,4,8207,1373,3887,1304,4.8686,195.3
9478,-117.56,33.83,28,895,127,346,115,5.4788,339.3
9479,-117.58,33.85,6,16431,2640,8222,2553,5.2861,195.1
9480,-117.54,33.82,6,202,29,75,28,4.125,216.7
9481,-117.55,33.83,6,502,76,228,65,4.2386,500.001
9482,-117.6,33.85,9,6538,955,2928,892,5.3006,221.4
9483,-117.56,33.86,25,6964,1066,3240,1036,5.2898,177.1
9484,-117.55,33.87,18,8136,1584,4976,1516,3.9414,137.1
9485,-117.64,33.88,13,8010,1366,3920,1309,5.536,204.8
9486,-117.6,33.87,18,6450,1165,3716,1113,4.2721,150.3
9487,-117.6,33.87,15,7626,1570,3823,1415,3.4419,138.1
9488,-117.64,33.87,2,17470,2727,5964,1985,6.2308,257.9
9489,-117.52,33.84,20,688,146,575,144,3.55,111
9490,-117.53,33.83,7,2191,324,1156,310,5.5362,195.6
9491,-117.54,33.76,5,5846,1035,3258,1001,4.7965,160.8
9492,-117.52,33.82,14,3776,580,1877,559,5.1365,215
9493,-117.36,33.88,15,2857,421,1361,382,4.6875,189.8
9494,-117.33,33.9,2,12837,1842,4636,1453,5.1512,187.8
9495,-117.34,33.89,17,2678,394,1225,367,5.363,211.3
9496,-117.36,33.88,10,5600,848,2573,788,5.0346,240.5
9497,-117.26,33.86,16,1171,235,659,216,3.1103,110
9498,-117.33,33.87,14,2300,335,1001,311,5.1045,161.3
9499,-117.3,33.85,15,3991,751,2317,657,2.9542,127.9
9500,-117.28,33.85,16,3498,702,2372,672,2.3229,118
9501,-117.43,33.81,13,4770,718,1985,662,4.2273,295.2
9502,-117.4,33.76,8,1954,330,973,321,4.4875,249.1
9503,-117.4,33.85,9,7538,1125,3450,1077,5.4625,223.6
9504,-117.26,33.84,12,1159,209,523,159,2.7232,123.2
9505,-117.32,33.87,15,826,138,440,134,4.8125,173.9
9506,-117.28,33.89,33,6982,1371,5650,1195,2.5379,152.7
9507,-117.34,33.96,15,6437,1298,2805,1205,4.1883,184.5
9508,-117.32,33.96,19,3216,666,1363,629,3.7585,144.5
9509,-117.34,33.94,13,7910,1195,3382,1176,5.5563,214.5
9510,-117.31,33.94,7,11232,1791,4218,1644,5.2713,216.5
9511,-117.33,33.98,52,1417,353,881,300,1.9531,162.5
9512,-117.34,33.98,10,17286,4952,9851,4616,1.7579,103.4
9513,-117.32,33.99,27,5464,850,2400,836,4.711,133.5
9514,-117.31,33.97,28,3420,691,1502,656,3.4896,140.3
9515,-117.29,33.97,4,18767,3032,8805,2723,4.6667,160.6
9516,-117.35,34.01,23,3707,769,1938,658,2.725,95.3
9517,-117.34,34.02,28,2683,708,2047,636,2.275,85.4
9518,-117.24,33.95,11,6617,1118,3710,1087,4.7877,132.6
9519,-117.23,33.94,7,13195,2696,6763,2437,3.5851,142
9520,-117.25,33.95,5,13096,2208,6780,2180,4.2775,138.7
9521,-117.23,33.96,5,9179,1361,4573,1294,5.253,163.3
9522,-117.21,33.95,5,8403,1240,3962,1150,5.2174,155.5
9523,-117.14,33.94,5,4873,639,1947,568,6.3223,223.2
9524,-117.21,33.97,3,18356,2537,8437,2342,5.6409,197.7
9525,-117.28,33.92,35,3623,841,2721,766,2.1574,86.9
9526,-117.27,33.92,13,8443,1744,4885,1470,3.0907,127.2
9527,-117.27,33.93,2,337,55,115,49,3.1042,164.8
9528,-117.24,33.94,15,1569,423,1123,369,1.6111,113.9
9529,-117.24,33.93,12,7105,1447,4520,1333,3.2705,113.2
9530,-117.25,33.93,8,10110,1761,5804,1703,4.2654,137.6
9531,-117.25,33.92,7,9812,1914,5595,1729,4.1482,124.6
9532,-117.23,33.89,5,11775,2031,6686,1911,4.1953,136.6
9533,-117.23,33.94,8,2405,537,1594,517,3.0789,114.2
9534,-117.22,33.93,14,5104,1026,3513,972,3.2148,117
9535,-117.22,33.92,5,16884,2865,9509,2688,4.0938,130.9
9536,-117.21,33.93,4,10002,1468,5439,1397,5.0223,152.6
9537,-117.16,33.92,12,3236,502,1610,502,4.7568,143.5
9538,-117.22,33.9,8,8302,1461,5155,1370,4.0467,121.5
9539,-117.13,33.89,4,1611,239,275,84,3.5781,244.4
9540,-117.19,33.9,3,21060,3366,9623,2812,4.189,143
9541,-117.24,33.85,8,1031,201,606,179,2.8194,136.3
9542,-117.2,33.83,14,1265,230,621,173,3.6618,161.3
9543,-117.23,33.83,2,1424,251,681,192,4.0833,100
9544,-117.21,33.82,2,4198,805,1943,673,3.9052,122.1
9545,-117.22,33.81,4,9911,1946,5145,1661,3.4237,113.7
9546,-117.21,33.71,16,8476,1758,2711,1427,2.1848,97.9
9547,-117.2,33.72,8,5528,1073,1674,918,2.5335,110.1
9548,-117.2,33.72,16,5373,1079,1573,933,1.9912,98.6
9549,-117.2,33.71,24,4210,920,1283,829,2.0881,83.3
9550,-117.2,33.7,23,6323,1196,1984,1124,2.3276,92.4
9551,-117.19,33.7,24,5783,1256,1990,1151,1.9014,83.5
9552,-117.27,33.68,8,26322,4072,9360,3361,5.3238,228.9
9553,-117.25,33.7,10,5156,941,2294,747,3.58,113.4
9554,-117.23,33.68,10,3659,650,1476,515,3.8869,125.9
9555,-117.22,33.66,12,1869,356,1007,323,3.125,117.2
9556,-117.17,33.66,2,7401,1187,2826,839,4.1386,177.3
9557,-117.11,33.83,14,2715,500,1540,464,3.8036,139.6
9558,-117.11,33.78,13,1914,339,930,304,4.1875,161.2
9559,-117.08,33.82,6,1771,293,935,279,4.065,148.2
9560,-117.18,33.78,7,1697,424,808,354,1.3417,169.3
9561,-117.11,33.75,17,4174,851,1845,780,2.2618,96.1
9562,-117.16,33.76,11,4934,929,2508,840,2.625,155.4
9563,-117.22,33.74,7,1810,386,931,355,2.5221,109.2
9564,-117.06,33.78,17,2813,565,1345,488,2.5847,145.3
9565,-117.14,33.81,13,4496,756,2044,695,3.2778,148.8
9566,-117.22,33.8,3,5284,920,2703,729,4.0717,126.5
9567,-117.09,33.71,13,1974,426,1276,408,1.972,90.5
9568,-117.07,33.72,16,4928,960,2132,853,2.7983,112.5
9569,-117.11,33.74,18,4799,1035,1966,944,2.1182,71.3
9570,-117.15,33.7,2,6305,1265,2489,1152,3.1319,111.5
9571,-117.23,33.79,17,3318,759,2016,673,2.2969,89.3
9572,-117.23,33.78,23,3465,703,2672,607,1.9767,81.5
9573,-117.23,33.77,5,2108,496,1666,461,2,83
9574,-117.29,33.83,15,4173,804,2393,713,2.4662,118.3
9575,-117.32,33.8,11,3196,576,1757,552,4.0982,173.3
9576,-117.26,33.81,22,4249,922,2405,846,2.1549,146.5
9577,-117.24,33.77,9,6907,1379,3665,1290,2.8401,104.2
9578,-117.31,33.75,19,3173,678,2204,606,2.1484,129.2
9579,-117.27,33.77,16,2876,576,1859,545,2.0878,101.3
9580,-117.29,33.72,19,2248,427,1207,368,2.817,110
9581,-117.28,33.72,11,1161,235,640,210,2.1667,114.6
9582,-117.37,33.7,8,4345,865,2425,785,3.2481,123.8
9583,-117.34,33.71,10,2591,486,1255,425,3.1513,154.3
9584,-117.31,33.67,9,981,169,596,156,3.1832,157.4
9585,-117.35,33.69,11,1229,236,581,190,3.102,111.3
9586,-117.33,33.67,27,4376,1003,2667,870,1.9194,100.6
9587,-117.35,33.68,10,516,107,282,96,4.2788,125
9588,-117.38,33.67,9,13288,2728,7235,2350,3.375,131.8
9589,-117.38,33.67,17,10145,2306,4776,1749,2.2423,132.6
9590,-117.35,33.64,23,6859,1535,3405,1351,2.5395,109.2
9591,-117.29,33.63,7,16010,2726,7139,2426,3.8056,162.2
9592,-117.28,33.66,15,4573,928,2513,832,2.6949,163.6
9593,-117.36,33.6,10,4097,813,2082,731,3.2258,159.3
9594,-117.25,33.65,10,1652,316,725,233,3.5125,155.6
9595,-117.19,33.64,12,1481,265,757,243,3.235,210.7
9596,-117.21,33.61,7,7722,1324,2975,1161,3.6273,150.9
9597,-117.2,33.58,2,30450,5033,9419,3197,4.5936,174.3
9598,-117.16,33.61,3,2744,428,1223,366,4.7944,215.3
9599,-117.12,33.61,2,2569,431,1232,388,4.3651,145.6
9600,-117.16,33.57,2,20391,3245,7132,2716,3.9443,187.3
9601,-117.16,33.54,4,4952,1000,2912,943,3.7538,147.5
9602,-117.05,33.52,5,3471,530,1541,502,4.8083,347.7
9603,-116.96,33.52,9,2802,471,1155,421,4.125,392.1
9604,-117.1,33.56,6,1868,289,750,247,4.3833,307.6
9605,-117.02,33.6,7,1972,352,964,317,3.244,337.2
9606,-116.96,33.62,8,1003,167,388,140,4.2917,221.9
9607,-117.22,33.48,5,1585,247,510,181,6.9136,493.3
9608,-117.19,33.53,6,108,18,43,17,3.475,187.5
9609,-117.18,33.51,13,270,42,120,42,6.993,500.001
9610,-117.12,33.49,4,21988,4055,8824,3252,3.9963,191.1
9611,-117.12,33.52,4,30401,4957,13251,4339,4.5841,212.3
9612,-117.15,33.45,4,9089,1413,3886,1243,4.6904,174.2
9613,-116.99,33.46,13,1614,410,846,270,2.83,43
9614,-117.23,33.57,6,13724,2269,5860,1986,3.9617,183
9615,-117.27,33.55,4,6112,890,2088,712,5.5351,429
9616,-117.32,33.51,4,966,133,311,92,5.2066,500.001
9617,-117.02,33.71,6,8278,1579,3062,1446,3.0043,134.7
9618,-116.91,33.71,19,6807,1164,2703,1055,3.1591,189.7
9619,-116.89,33.73,15,2094,316,937,277,5.3623,201.3
9620,-116.95,33.68,11,1183,178,543,147,4.4792,173.9
9621,-116.9,33.65,15,652,149,248,97,2.1071,93.8
9622,-116.92,33.63,18,397,89,239,80,2.8125,143.8
9623,-116.99,33.73,13,16148,3474,6159,3232,1.9961,97.8
9624,-116.95,33.75,19,2238,573,1190,507,2.0714,85.8
9625,-116.95,33.75,23,4676,1096,2770,1057,1.7847,109.5
9626,-116.93,33.75,14,6027,1148,3136,1036,2.964,121.5
9627,-116.93,33.74,15,3757,666,1693,654,3.6806,112.8
9628,-116.95,33.74,20,2233,431,1024,399,2.4554,89.4
9629,-116.96,33.73,20,4735,973,2306,904,3.069,87
9630,-116.95,33.73,21,4587,810,2233,765,3.2371,94.5
9631,-116.95,33.74,18,1996,405,1270,400,2.7083,91.2
9632,-116.94,33.73,17,5160,851,2344,781,3.7175,120
9633,-116.93,33.73,13,3603,573,1644,515,4.0433,132.3
9634,-116.96,33.75,35,3269,757,2328,705,2.5898,76.3
9635,-116.97,33.75,22,3740,965,2011,824,1.3039,77.5
9636,-116.99,33.75,18,9601,2401,4002,2106,1.4366,77
9637,-116.98,33.74,25,4952,1062,1589,1024,1.8446,85.7
9638,-116.97,33.74,20,3674,792,1498,758,2.2161,76.9
9639,-116.96,33.74,19,3649,755,1717,696,2.2115,87.6
9640,-116.94,33.77,14,7240,1410,2708,1240,2.4145,137.6
9641,-117.01,33.75,15,2873,903,1094,659,1.8015,105.1
9642,-116.95,33.76,10,6890,1702,3141,1451,1.7079,95.9
9643,-116.98,33.77,12,5829,1309,2711,1118,1.9707,107.9
9644,-116.99,33.76,12,7626,1704,2823,1554,2.1722,69.4
9645,-117,33.74,8,5330,1529,2143,1107,2.1103,94.4
9646,-117.02,33.73,14,3700,750,1171,695,1.9476,112.5
9647,-116.99,33.77,7,10352,2007,3559,1689,2.2925,113.1
9648,-117.02,33.76,20,1317,203,453,158,2.8393,120.7
9649,-116.98,33.83,15,2228,472,653,350,2.683,139.3
9650,-117.02,33.81,10,6317,1335,2625,1094,2.3,108.9
9651,-116.95,33.79,8,10997,2205,5060,1949,2.1979,95.3
9652,-116.95,33.79,20,2399,546,1726,542,1.8845,77.7
9653,-116.96,33.79,21,2990,691,2108,660,2.0135,83
9654,-116.97,33.78,24,2680,606,1728,527,2.535,74.8
9655,-116.95,33.78,24,3409,804,1939,739,1.7303,74
9656,-116.89,33.79,12,701,130,434,110,2.0577,56.7
9657,-116.87,33.76,5,4116,761,1714,717,2.5612,130.8
9658,-116.88,33.74,20,3111,623,1000,508,1.5982,140
9659,-116.89,33.75,23,2719,538,930,485,2.0154,81.7
9660,-116.91,33.75,13,10886,2127,4266,1955,2.3169,123.4
9661,-116.86,33.73,13,2604,443,978,417,2.933,170.7
9662,-117.06,34,33,1575,326,879,282,2.5357,94.4
9663,-117.04,34,21,4624,852,2174,812,3.5255,132.1
9664,-116.99,33.99,22,4227,658,1849,619,4.7356,195.9
9665,-117.01,33.97,18,4775,886,1868,836,2.3355,118.8
9666,-116.95,33.97,14,5320,974,1947,843,3.1393,116.3
9667,-116.97,33.96,12,5876,1222,2992,1151,2.4322,112.1
9668,-117.11,33.98,25,1254,312,715,301,2.7344,149
9669,-117.02,33.95,5,1822,367,798,313,2.8783,105.2
9670,-117.03,33.89,6,78,11,27,10,3.125,187.5
9671,-116.96,33.94,22,1999,497,1304,479,1.4063,81.9
9672,-116.99,33.92,26,503,69,293,59,3.7083,147.5
9673,-116.86,33.97,11,658,131,376,120,2.3977,58
9674,-116.79,33.99,16,319,68,212,67,1.4688,90
9675,-116.77,33.92,19,2307,525,1266,437,1.6875,63
9676,-116.81,33.9,17,2009,469,820,381,1.3286,81.8
9677,-116.89,33.86,2,6900,1238,1950,980,3.0417,146.3
9678,-116.95,33.86,1,6,2,8,2,1.625,55
9679,-116.86,33.84,18,521,118,174,74,2.7788,91.1
9680,-116.98,33.93,40,2277,498,1391,453,1.9472,73.2
9681,-116.97,33.94,29,3197,632,1722,603,3.0432,91.2
9682,-116.97,33.93,29,2793,722,1583,626,1.424,73.2
9683,-116.9,33.98,30,3915,672,1820,643,3.6339,98.6
9684,-116.93,33.93,13,7804,1594,3297,1469,2.0549,95.6
9685,-116.89,33.93,29,4549,916,2494,912,2.0976,72.6
9686,-116.88,33.93,37,1495,429,865,342,1.2188,55
9687,-116.9,33.93,34,3183,738,1820,647,2.2321,71.8
9688,-116.91,34,18,553,100,215,82,5.5,193.8
9689,-116.87,33.94,35,4448,906,2736,843,2.218,73.4
9690,-116.87,33.93,32,3141,812,2589,721,1.4556,54.6
9691,-116.87,33.91,37,1858,361,1632,310,2.7536,73.1
9692,-116.89,33.92,10,2653,621,1967,598,2.6643,81
9693,-116.75,33.83,16,5277,1070,657,276,3.3333,143.4
9694,-116.8,33.8,35,324,63,158,39,3.4167,100
9695,-116.71,33.75,25,10665,2161,1874,852,3.0625,150.5
9696,-116.68,33.71,21,3460,711,658,255,3.5882,161.1
9697,-116.74,33.62,11,2385,661,682,242,2.9141,214.3
9698,-116.8,33.52,3,830,145,272,104,3.8281,163.5
9699,-116.89,33.48,14,1016,219,443,169,2.8071,137.5
9700,-116.87,33.57,12,1153,265,446,195,3.038,128.1
9701,-116.72,33.56,13,3166,682,1250,475,2.355,122.9
9702,-116.48,33.61,8,1294,272,457,199,2.9167,115.3
9703,-116.57,33.64,10,489,82,183,74,6.2702,345.5
9704,-116.76,33.46,6,1251,268,544,216,3.0694,173.4
9705,-116.42,33.51,26,186,48,102,39,2.5625,103.1
9706,-116.6,33.49,16,3730,827,1346,592,2.183,113.5
9707,-116.69,33.5,13,1187,255,442,179,1.9107,155.7
9708,-116.39,33.82,15,11115,2257,4122,1653,2.7219,74.4
9709,-116.71,33.94,12,549,109,209,90,3.0208,66.3
9710,-116.51,33.89,21,1284,306,537,233,1.95,61
9711,-116.61,33.93,35,321,71,157,61,2.8056,68.1
9712,-116.57,33.94,29,551,166,224,107,1.1917,50
9713,-116.57,34,20,260,67,69,50,3.5208,76.6
9714,-116.44,33.93,17,5293,1266,1201,599,1.6849,88.4
9715,-116.36,33.88,11,12557,3098,2453,1232,1.7844,78.5
9716,-116.52,33.97,13,3921,754,1902,665,3.3616,89.6
9717,-116.51,33.96,16,4913,1395,2518,1132,1.4665,61.1
9718,-116.53,33.95,18,2990,648,1280,532,2.625,68.2
9719,-116.5,33.95,10,7249,1882,4274,1621,1.6983,66.6
9720,-116.51,33.94,12,3369,780,1315,584,1.7388,66
9721,-116.48,33.96,11,1381,300,644,248,2.3382,89.4
9722,-116.47,33.94,18,2233,471,919,388,3.2578,85.2
9723,-116.48,33.94,10,3254,913,923,486,1.8,81
9724,-116.5,33.98,5,4332,868,1420,567,4.0417,146.4
9725,-116.51,33.84,16,980,193,454,185,4.0729,100
9726,-116.63,33.89,22,1540,364,610,268,1.5227,71
9727,-116.52,33.84,17,4465,859,853,445,3.6875,130.4
9728,-116.54,33.87,16,3648,1035,1687,581,1.9167,70.4
9729,-116.57,33.84,18,7962,1652,2009,921,3.3897,230.2
9730,-116.53,33.85,16,10077,2186,3048,1337,2.9647,110.9
9731,-116.55,33.84,28,2992,562,676,346,5.7613,500.001
9732,-116.53,33.84,28,8399,1839,3470,1340,2.5885,159
9733,-116.52,33.85,13,7559,1444,3189,1105,3.4886,112.5
9734,-116.5,33.82,16,343,85,29,14,2.1042,87.5
9735,-116.49,33.82,27,3316,636,2362,532,2.9569,65.9
9736,-116.52,33.82,21,10227,2315,3623,1734,2.5212,145.2
9737,-116.54,33.82,12,9482,2501,2725,1300,1.5595,115.6
9738,-116.56,33.83,36,1765,399,451,264,2.6083,321.9
9739,-116.48,33.8,15,3004,615,437,210,3.6667,90
9740,-116.5,33.81,26,5032,1229,3086,1183,2.5399,94.8
9741,-116.52,33.81,12,12396,2552,2548,1265,3.4394,162.2
9742,-116.54,33.81,31,6814,1714,2628,1341,2.1176,124.1
9743,-116.54,33.81,24,6087,1217,1721,833,3.1493,199.4
9744,-116.49,33.8,13,8789,1875,1274,688,3.7396,148.9
9745,-116.54,33.8,22,6050,1387,1432,890,2.2216,183.9
9746,-116.57,33.76,25,2616,547,581,343,3.1364,301.6
9747,-116.5,33.69,20,4810,1074,1304,740,2.25,248.1
9748,-116.54,33.79,18,9374,1780,1678,919,3.9737,235.6
9749,-116.53,33.78,18,2547,463,411,214,2.5489,220.5
9750,-116.53,33.88,5,4423,763,1906,667,4.6855,125.2
9751,-116.48,33.84,5,5480,1371,1050,485,1.7204,137.5
9752,-116.48,33.79,14,9425,2020,1711,1000,2.6298,145.2
9753,-116.47,33.84,3,9169,1512,3838,1270,4.3111,142.5
9754,-116.46,33.82,6,4863,920,3010,828,3.9508,104.2
9755,-116.47,33.81,7,10105,2481,6274,2095,2.4497,90.9
9756,-116.46,33.79,10,6960,1487,1130,661,2.1411,136.4
9757,-116.43,33.81,8,6710,1343,2069,781,3.5223,115.1
9758,-116.42,33.79,12,7095,1260,1179,570,4.9444,285
9759,-116.43,33.78,17,4293,712,1091,464,6.1437,232.1
9760,-116.45,33.78,16,5228,992,1177,639,3.0859,134.6
9761,-116.42,33.76,14,16921,2837,2524,1262,7.6281,341.7
9762,-116.4,33.78,8,3059,500,612,208,6.8729,259.2
9763,-116.45,33.8,9,5534,1206,2283,1008,3.6161,99.1
9764,-116.36,33.78,6,24121,4522,4176,2221,3.3799,239.3
9765,-116.38,33.74,7,17579,3479,3581,1820,4.084,194.5
9766,-116.33,33.75,5,19107,3923,2880,1376,4.036,158.5
9767,-116.31,33.73,19,12467,2508,4086,1761,3.2846,131.9
9768,-116.46,33.78,25,1137,414,604,240,1.3801,55
9769,-116.46,33.78,33,2565,745,2301,638,2.5477,83
9770,-116.47,33.77,26,4300,767,1557,669,4.4107,122.5
9771,-116.47,33.78,27,1781,441,759,340,3.3162,113.6
9772,-116.38,33.73,10,11836,2405,3811,1570,4.0079,134.5
9773,-116.37,33.72,17,8626,1859,3497,1337,3.312,121.3
9774,-116.39,33.72,19,7646,1618,2496,1075,3.5569,128
9775,-116.38,33.71,17,12509,2460,2737,1423,4.5556,258.1
9776,-116.39,33.69,10,11659,2007,2186,1083,6.9833,238.8
9777,-116.37,33.72,19,6190,1355,2242,1043,3.0021,152.3
9778,-116.44,33.77,18,4872,1110,955,656,2.2439,97.5
9779,-116.43,33.75,24,2596,438,473,237,3.7727,500.001
9780,-116.44,33.74,5,846,249,117,67,7.9885,403.3
9781,-116.41,33.74,25,2475,476,910,387,3.3639,168.8
9782,-116.41,33.74,17,4289,893,958,440,2.4659,177.8
9783,-116.42,33.68,15,3895,782,900,529,2.2208,138.3
9784,-116.37,33.69,7,8806,1542,858,448,7.8005,318.1
9785,-116.33,33.72,11,12327,2000,2450,1139,7.4382,353.1
9786,-116.29,33.67,12,5048,842,883,391,5.6918,231.3
9787,-116.3,33.68,10,2387,481,863,304,2.8882,137.5
9788,-116.31,33.67,15,2214,410,1152,350,2.9187,93.4
9789,-116.31,33.67,11,4686,851,2466,731,3.3333,91.8
9790,-116.31,33.66,7,4497,831,2248,713,3.6354,98
9791,-116.31,33.65,8,3079,558,1572,474,4.5938,102.6
9792,-116.26,33.72,10,9404,1827,3208,1283,3.1086,105.8
9793,-116.25,33.69,5,1664,444,907,374,2.7667,92.9
9794,-116.22,33.7,9,3861,849,825,401,3.2833,124.7
9795,-116.24,33.76,9,1961,595,966,275,3.8125,96.7
9796,-116.29,33.74,6,12991,2555,4571,1926,4.7195,199.3
9797,-116.29,33.72,5,3584,760,1097,470,3.1771,167.4
9798,-116.25,33.81,24,880,187,507,169,3.4583,67.5
9799,-116.25,33.75,33,278,91,375,81,2.025,50
9800,-116.24,33.72,25,5236,1039,2725,935,3.775,93.4
9801,-116.24,33.71,10,9033,2224,5525,1845,2.7598,95
9802,-116.24,33.73,14,2774,566,1530,505,3.0682,104.1
9803,-116.22,33.74,26,4120,858,2918,815,3.3107,69.4
9804,-116.21,33.72,28,2488,714,2891,676,2.3169,68.9
9805,-116.22,33.73,38,1695,352,1279,305,2.1217,68.5
9806,-116.21,33.71,19,3114,787,3157,772,1.7083,82.2
9807,-116.22,33.72,28,826,258,979,245,1.7172,58.8
9808,-116.2,33.7,26,2399,625,2654,535,2.2989,60.6
9809,-116.23,33.72,32,4981,1326,3779,1186,1.7805,76.9
9810,-116.23,33.71,17,4874,1349,5032,1243,2.444,90
9811,-116.15,33.64,10,1711,499,1896,443,1.6557,65.4
9812,-116.2,33.63,23,1152,273,1077,235,2.5,96.3
9813,-116.21,33.66,19,1596,295,1201,282,3.8846,100.9
9814,-116.21,33.68,34,584,176,625,166,1.5809,100
9815,-116.25,33.68,16,926,189,238,118,3.0114,366.7
9816,-116.26,33.65,3,7437,1222,574,302,10.2948,382.4
9817,-116.17,33.53,13,1713,512,1978,442,2.1287,58.6
9818,-116.12,33.53,17,2421,820,2971,685,1.654,100
9819,-116.01,33.51,24,2985,958,4042,905,1.7344,66.4
9820,-115.84,33.49,20,1660,379,637,250,2.0347,68.9
9821,-116.16,33.68,12,1230,277,1334,260,2.2679,61.4
9822,-116.17,33.67,18,3585,800,3873,788,2.5714,65.9
9823,-116.17,33.66,22,639,203,664,153,1.9306,47.5
9824,-116.19,33.69,11,5692,1346,5682,1273,2.5383,74
9825,-116.08,33.86,16,381,89,182,75,2.425,76.1
9826,-114.67,33.92,17,97,24,29,15,1.2656,27.5
9827,-115.58,33.88,21,1161,282,724,186,3.1827,71.7
9828,-114.98,33.82,15,644,129,137,52,3.2097,71.3
9829,-114.65,33.6,28,1678,322,666,256,2.9653,94.9
9830,-114.68,33.49,20,1491,360,1135,303,1.6395,44.4
9831,-114.56,33.69,17,720,174,333,117,1.6509,85.7
9832,-114.57,33.64,14,1501,337,515,226,3.1917,73.4
9833,-114.57,33.57,20,1454,326,624,262,1.925,65.5
9834,-114.57,33.52,27,173,35,117,34,2.0833,45
9835,-114.59,33.61,34,4789,1175,3134,1056,2.1782,58.4
9836,-114.61,33.62,16,1187,261,1115,242,2.1759,61.5
9837,-114.62,33.62,26,18,3,5,3,0.536,275
9838,-114.58,33.61,25,2907,680,1841,633,2.6768,82.4
9839,-114.6,33.6,21,1988,483,1182,437,1.625,62
9840,-121.43,38.58,35,5298,954,1933,918,3.9167,155.7
9841,-121.43,38.57,46,2443,476,939,457,3.5893,142
9842,-121.44,38.57,52,3080,545,975,495,3.776,164.5
9843,-121.45,38.58,44,2314,415,796,388,3.4914,153.9
9844,-121.46,38.58,52,4408,807,1604,777,3.8914,181.6
9845,-121.46,38.58,40,1394,397,689,353,1.7765,109.8
9846,-121.47,38.58,44,2092,555,878,528,1.5922,115.1
9847,-121.47,38.58,43,3807,952,1484,850,2.3266,137.5
9848,-121.47,38.58,52,2035,483,904,459,2.6976,109.3
9849,-121.48,38.58,52,576,146,273,127,2.01,94.3
9850,-121.48,38.58,48,2434,744,1281,662,1.6277,140.6
9851,-121.49,38.58,52,2151,664,1146,603,1.4034,90.3
9852,-121.48,38.59,52,1186,341,1038,320,1.6116,70.5
9853,-121.49,38.58,52,1000,324,456,250,1.4375,168.8
9854,-121.5,38.58,5,761,306,2031,295,0.7526,162.5
9855,-121.5,38.58,20,4018,1220,1570,1122,2.5821,125
9856,-121.5,38.57,9,745,175,297,160,3.358,77.5
9857,-121.49,38.58,52,569,405,509,367,0.9196,137.5
9858,-121.48,38.58,42,1823,566,761,503,1.245,137.5
9859,-121.48,38.57,47,2438,804,1148,747,1.4301,141.7
9860,-121.48,38.57,52,567,193,272,187,1.625,187.5
9861,-121.49,38.57,49,1334,492,634,421,1.7568,93.8
9862,-121.49,38.57,38,2410,967,1091,829,1.2209,87.9
9863,-121.47,38.57,39,1360,368,589,338,2.1691,150
9864,-121.47,38.57,48,3136,926,1443,877,1.9034,123.9
9865,-121.48,38.57,38,2809,805,1243,785,1.8512,114.1
9866,-121.47,38.57,52,438,103,176,99,3.0217,200
9867,-121.47,38.57,50,3233,968,1223,837,1.2041,168.1
9868,-121.48,38.58,52,2501,757,1081,708,1.5872,157.5
9869,-121.45,38.57,52,2006,412,825,384,3.2963,236.1
9870,-121.45,38.56,52,3170,476,1027,457,4.63,233.8
9871,-121.46,38.56,52,1750,372,764,369,2.9191,111.8
9872,-121.46,38.57,52,810,172,326,151,3.1583,140
9873,-121.46,38.57,52,1917,367,722,358,3.1484,158.9
9874,-121.46,38.57,52,1625,419,614,383,2.0549,156.7
9875,-121.43,38.56,41,1105,227,443,210,3.1827,131.7
9876,-121.44,38.56,45,2423,466,873,438,3.7167,131.9
9877,-121.43,38.56,50,1533,288,532,257,2.5417,125.9
9878,-121.45,38.57,52,3994,635,1295,625,5.1169,232.5
9879,-121.45,38.56,52,3420,555,1301,530,4.0417,173.8
9880,-121.43,38.55,44,3514,714,1509,656,2.7333,100.1
9881,-121.45,38.55,19,3374,808,1412,753,1.4889,77.6
9882,-121.46,38.56,52,1878,393,722,381,3.3348,122.8
9883,-121.45,38.56,51,1250,235,452,232,2.625,121.2
9884,-121.47,38.56,52,889,162,273,145,3.125,85.6
9885,-121.46,38.56,52,907,180,479,177,2.2125,104
9886,-121.46,38.55,52,3126,648,1789,558,1.7616,84.1
9887,-121.46,38.55,52,2094,463,1364,407,1.2235,68.5
9888,-121.47,38.55,48,1091,403,926,336,1.1458,65.4
9889,-121.47,38.56,52,1532,408,782,369,1.8911,85.9
9890,-121.47,38.56,51,2083,559,874,524,2.0221,95.8
9891,-121.47,38.56,44,1986,573,1044,490,1.7328,88.1
9892,-121.48,38.56,44,1151,263,518,258,2.0089,113.6
9893,-121.48,38.57,38,1145,324,596,288,1.78,114.3
9894,-121.49,38.56,42,900,239,506,231,1.2813,87.5
9895,-121.49,38.56,35,1521,457,987,455,1.9013,86.9
9896,-121.49,38.57,51,1492,385,736,365,1.7155,108.8
9897,-121.5,38.57,41,1124,344,807,316,1.4712,94.6
9898,-121.5,38.57,44,1375,351,766,321,2.1719,87.5
9899,-121.51,38.57,36,613,166,425,147,2.2031,93.8
9900,-121.5,38.57,45,858,254,510,200,1.0114,80
9901,-121.5,38.56,46,2646,645,1684,616,1.128,123.1
9902,-121.51,38.56,43,1048,312,1320,294,1.0649,137.5
9903,-121.51,38.55,45,3032,631,1341,597,2.8417,137.9
9904,-121.49,38.56,52,1844,392,667,353,3.0033,103.5
9905,-121.49,38.55,52,2515,460,836,442,3.3844,151.1
9906,-121.5,38.55,52,2784,455,957,448,5.6402,209.8
9907,-121.49,38.56,52,1777,368,624,350,3.6729,137.8
9908,-121.49,38.54,47,2313,536,779,442,2.5639,123
9909,-121.49,38.55,51,4280,632,1486,621,5.0359,224.1
9910,-121.48,38.55,52,2508,360,832,345,7.1035,228.7
9911,-121.48,38.56,50,1587,448,877,380,2.0833,94.3
9912,-121.48,38.55,52,1684,309,675,296,4.1467,175
9913,-121.48,38.55,52,2216,333,714,327,4.8603,191.9
9914,-121.48,38.56,52,814,216,327,181,2.8542,125
9915,-121.47,38.55,48,968,310,706,274,0.9948,65.4
9916,-121.47,38.55,29,1303,308,861,263,1.0208,55.8
9917,-121.47,38.54,47,2085,464,1346,402,1.2679,56.7
9918,-121.47,38.55,52,1384,295,561,244,2.0242,94.6
9919,-121.45,38.54,47,1159,250,810,244,2.7787,56
9920,-121.45,38.54,41,1278,308,839,280,1.4702,58.3
9921,-121.46,38.54,48,1001,205,605,175,1.8333,58.2
9922,-121.46,38.55,40,2077,435,1454,385,2.0074,57
9923,-121.42,38.54,29,1407,265,556,235,3.0521,108
9924,-121.43,38.54,43,2084,417,912,410,2.9769,92.7
9925,-121.43,38.54,44,1879,359,791,345,3.15,101.5
9926,-121.44,38.54,44,2570,509,1145,503,2.5694,92.4
9927,-121.45,38.54,48,3421,734,1441,727,1.9485,86.6
9928,-121.42,38.54,18,2525,501,1726,468,2.398,87.6
9929,-121.42,38.54,29,2358,493,1071,470,2.925,94.3
9930,-121.43,38.54,42,3321,688,1346,658,2.4618,101.3
9931,-121.44,38.54,39,2855,574,1217,562,3.2404,93.6
9932,-121.44,38.54,47,2518,501,1308,471,2.5389,75.7
9933,-121.41,38.53,35,2061,371,1110,342,3.1944,79
9934,-121.42,38.53,37,1958,367,1171,366,2.8298,71.2
9935,-121.43,38.53,36,1488,294,846,279,3.1208,82.7
9936,-121.44,38.53,37,1951,432,1089,411,2.3272,80.6
9937,-121.41,38.52,25,3087,720,2529,708,1.8689,66.8
9938,-121.42,38.51,21,3249,666,2611,663,1.9423,87.8
9939,-121.42,38.52,32,2828,556,1655,485,2.5574,72.6
9940,-121.43,38.52,43,2089,399,955,385,2.5898,72.1
9941,-121.43,38.52,30,3657,945,2925,899,1.3927,78.3
9942,-121.44,38.52,38,2080,388,995,380,2.7697,76.6
9943,-121.5,38.53,39,3184,593,1188,572,4.6923,192
9944,-121.5,38.53,37,3642,684,1508,657,3.5231,114.3
9945,-121.5,38.52,37,2008,466,1261,427,2.2574,59.1
9946,-121.51,38.51,33,2918,439,1085,427,5.5208,171.3
9947,-121.51,38.52,30,3236,588,1167,569,4.0972,181.4
9948,-121.49,38.53,40,2966,536,1225,505,3.125,130.6
9949,-121.49,38.54,37,1655,393,841,355,1.6932,78.4
9950,-121.48,38.53,43,1378,280,708,280,2.3542,103.9
9951,-121.48,38.52,36,1824,357,906,356,2.9911,96.4
9952,-121.49,38.52,37,1902,413,955,384,3.1014,96.8
9953,-121.49,38.53,42,1468,281,571,271,3.3906,124.2
9954,-121.48,38.54,41,3364,685,1841,626,2.1975,73.5
9955,-121.48,38.53,37,1704,361,902,356,1.9837,62.3
9956,-121.47,38.54,36,2099,510,1845,483,1.4138,52.5
9957,-121.47,38.53,43,3215,725,2400,625,1.4625,54.4
9958,-121.47,38.53,44,543,146,506,125,1.3646,65.4
9959,-121.49,38.51,18,700,169,260,128,2.9219,152.9
9960,-121.49,38.5,30,1715,271,842,263,3.0313,87.9
9961,-121.5,38.5,29,2049,330,787,309,3.7414,98.5
9962,-121.49,38.51,30,3166,607,1857,579,3.1768,79.5
9963,-121.51,38.54,34,2815,479,1075,471,3.9792,164.8
9964,-121.52,38.53,31,3089,585,1366,561,4.2885,160.3
9965,-121.52,38.53,30,3377,623,1289,594,3.5737,171.2
9966,-121.52,38.51,23,6876,1456,2942,1386,3.0963,156.9
9967,-121.51,38.49,21,4426,790,1856,761,4.1,158.3
9968,-121.51,38.5,25,4719,745,1857,739,5.0371,180.2
9969,-121.55,38.51,14,5490,851,2415,837,6.5253,216.8
9970,-121.54,38.5,15,6093,1051,2415,997,4.2075,183.6
9971,-121.54,38.51,17,8482,1590,3362,1513,4.2216,217.9
9972,-121.53,38.51,20,6132,1324,2595,1174,3.1607,178.9
9973,-121.53,38.48,5,27870,5027,11935,4855,4.8811,212.2
9974,-121.52,38.49,5,3344,800,1341,670,3.6196,152.8
9975,-121.54,38.49,6,9104,1535,3759,1481,5.1442,174.5
9976,-121.48,38.5,23,2679,792,1740,659,1.3679,70.3
9977,-121.49,38.49,26,1557,301,986,300,2.6613,77.7
9978,-121.5,38.49,32,4013,725,2032,675,3.3689,83.4
9979,-121.48,38.49,26,3165,806,2447,752,1.5908,78.6
9980,-121.49,38.49,26,4629,832,2902,816,2.735,74.6
9981,-121.47,38.49,17,3595,790,2760,770,2.3233,78.8
9982,-121.47,38.48,25,2969,551,1745,487,2.6382,76.2
9983,-121.49,38.47,26,6121,1185,4224,1105,2.3496,68
9984,-121.45,38.54,38,1865,384,1052,354,1.7891,60.5
9985,-121.45,38.53,38,1746,388,1142,315,1.7714,69.9
9986,-121.45,38.53,34,1893,415,884,395,2.1679,75.4
9987,-121.45,38.53,34,1717,354,848,306,2.4741,87
9988,-121.46,38.54,39,1453,324,843,281,1.7692,63.9
9989,-121.46,38.53,37,2745,588,1607,556,1.8007,65.4
9990,-121.46,38.54,36,1825,411,1226,391,1.5292,55.7
9991,-121.47,38.52,26,2177,638,1971,560,1.2575,66.8
9992,-121.46,38.51,18,2123,606,1576,599,1.5735,110
9993,-121.45,38.5,25,3033,665,1559,627,2.7101,99.5
9994,-121.47,38.5,17,1895,424,620,417,1.7188,137.5
9995,-121.44,38.52,36,3446,950,2460,847,1.6521,69.7
9996,-121.45,38.51,29,4221,901,2294,850,2.2245,75.9
9997,-121.45,38.52,37,1477,321,888,312,2.5592,70.3
9998,-121.46,38.52,29,3873,797,2237,706,2.1736,72.1
9999,-121.46,38.51,32,2437,592,1596,557,1.68,84.1
10000,-121.46,38.52,34,1279,285,963,268,2.71,65.6
10001,-121.44,38.51,27,7212,1606,4828,1549,2.214,82.4
10002,-121.44,38.5,27,2527,439,1089,415,4.088,96.8
10003,-121.44,38.5,20,2033,586,1281,521,1.4007,97.5
10004,-121.42,38.51,15,7901,1422,4769,1418,2.8139,90.4
10005,-121.42,38.5,24,7740,1539,4333,1397,3.025,87.9
10006,-121.46,38.49,15,10211,1995,5656,1752,2.575,107.9
10007,-121.45,38.49,34,3573,662,1540,620,3.5323,109.8
10008,-121.44,38.49,31,4297,788,2083,771,3.3878,109.3
10009,-121.43,38.48,12,4602,930,2299,860,3.0625,90.5
10010,-121.44,38.48,12,4929,1010,2621,870,2.7262,109.8
10011,-121.46,38.48,8,3593,659,1710,530,3.5227,93.1
10012,-121.42,38.49,17,13180,2444,7235,2335,3.363,103
10013,-121.42,38.48,13,7880,1992,4749,1882,1.9657,116
10014,-121.4,38.49,12,7290,1283,3960,1248,3.5968,106.3
10015,-121.39,38.51,19,1808,375,758,320,2.0062,92
10016,-121.42,38.56,21,2066,748,2548,734,1.3571,55
10017,-121.39,38.56,19,8507,1470,3517,1453,4.3644,137.4
10018,-121.39,38.55,25,2171,431,1053,422,3.5278,126.2
10019,-121.39,38.55,18,1734,467,783,447,1.9044,154.3
10020,-121.4,38.55,26,2697,398,1088,389,5,142.5
10021,-121.41,38.55,14,2534,705,1495,583,1.9167,156.3
10022,-121.4,38.55,19,2497,494,748,442,2.925,142.4
10023,-121.48,38.59,43,987,240,1253,237,0.9204,82.1
10024,-121.5,38.59,43,88,21,119,19,1.725,67.5
10025,-121.44,38.6,16,2987,864,1240,755,2.8231,137.5
10026,-121.41,38.56,17,7228,1369,2455,1365,5.1385,179.5
10027,-121.37,38.57,22,4899,847,1701,826,5.2449,387
10028,-121.4,38.57,25,2022,295,639,278,5.8416,297.6
10029,-121.41,38.57,16,4429,1124,1538,960,3.2443,190.7
10030,-121.42,38.6,23,3713,1078,2194,1018,1.7451,89.6
10031,-121.42,38.6,35,1166,193,574,190,2.2452,102.8
10032,-121.43,38.61,33,2289,576,1100,503,2.1694,95.7
10033,-121.41,38.6,16,5407,1467,2523,1265,2.0471,104.2
10034,-121.41,38.59,18,5527,1446,2883,1305,2.6485,114.5
10035,-121.41,38.59,17,12355,3630,5692,3073,2.5245,99.1
10036,-121.41,38.58,18,6955,1882,2803,1740,3.089,141.4
10037,-121.39,38.61,36,2396,536,1225,515,2.9559,136.6
10038,-121.39,38.6,22,5773,1320,2607,1250,2.5238,118.8
10039,-121.38,38.59,36,1239,237,764,222,3.0156,103
10040,-121.4,38.59,25,2228,534,1130,481,2.5363,124.6
10041,-121.4,38.59,18,2614,624,1181,616,2.0432,156.8
10042,-121.38,38.59,36,2253,434,1018,426,3.2596,98.7
10043,-121.39,38.58,36,2019,369,878,356,2.8462,93.4
10044,-121.39,38.58,41,2577,365,913,339,6.3406,448.3
10045,-121.38,38.6,36,1249,159,362,143,6.8469,446.4
10046,-121.38,38.61,34,2888,496,1168,479,3.6053,148.6
10047,-121.37,38.59,36,2523,401,927,398,3.5179,207.8
10048,-121.38,38.58,38,2968,475,1176,454,5.0497,191.7
10049,-121.38,38.59,38,1839,287,685,276,4.5313,189.4
10050,-121.37,38.59,36,2388,369,838,356,4.775,194.1
10051,-121.35,38.61,27,3900,776,1549,761,2.7788,115.7
10052,-121.35,38.6,27,4314,611,1662,575,5.0997,170.1
10053,-121.36,38.61,35,2355,365,993,354,5.0492,144.1
10054,-121.36,38.59,32,3303,480,1185,436,5.0508,225.7
10055,-121.35,38.58,20,2992,378,1105,368,8.6572,320.2
10056,-121.34,38.58,18,1631,228,599,228,7.8031,267.2
10057,-121.34,38.59,23,2912,421,1132,410,5.9174,225.9
10058,-121.34,38.59,22,3273,480,1151,463,8.05,380
10059,-121.36,38.63,28,6119,985,2631,934,4.875,146.4
10060,-121.35,38.61,25,4916,1243,2140,1136,2.5511,134.1
10061,-121.36,38.61,37,2191,394,951,362,3.8882,159.5
10062,-121.36,38.62,34,2447,503,1077,456,3.058,133
10063,-121.36,38.63,30,2619,370,940,359,4.7283,164.5
10064,-121.38,38.64,19,4563,1069,2256,926,2.1472,143.4
10065,-121.37,38.63,32,3658,797,1452,715,2.6623,120.7
10066,-121.37,38.62,27,1743,380,697,368,1.6678,166.1
10067,-121.38,38.62,34,2352,610,1127,592,2.2,116.5
10068,-121.37,38.62,43,1077,199,447,182,3.0139,115.6
10069,-121.37,38.61,42,945,193,460,193,3.7569,127.1
10070,-121.37,38.61,39,823,146,329,144,3.0833,114.1
10071,-121.38,38.61,27,2375,537,863,452,3.0086,126.9
10072,-121.39,38.63,30,2930,739,1661,668,2.7813,118.9
10073,-121.39,38.63,34,1226,180,359,167,3.8068,150.4
10074,-121.39,38.62,27,5693,1487,2334,1387,2.2844,170.5
10075,-121.39,38.62,45,2696,624,1059,582,1.8176,160.9
10076,-121.4,38.63,30,3626,834,1577,806,2.517,130.4
10077,-121.4,38.63,31,1540,452,1079,444,1.8571,98.7
10078,-121.4,38.62,28,3671,886,1733,820,2.2292,113.2
10079,-121.4,38.61,33,3512,825,1515,782,1.9908,118.8
10080,-121.41,38.62,21,3260,763,1735,736,2.5162,97.5
10081,-121.42,38.62,33,3171,832,1591,695,2.0786,88.6
10082,-121.42,38.61,34,1126,256,589,243,2.1776,84.4
10083,-121.43,38.61,40,1134,252,675,249,1.3696,65.2
10084,-121.42,38.62,41,1087,272,462,219,2.0224,64.9
10085,-121.43,38.63,43,1009,225,604,218,1.6641,67
10086,-121.42,38.63,42,2217,536,1203,507,1.9412,73.1
10087,-121.43,38.62,36,1765,438,1008,382,2.0639,73
10088,-121.41,38.64,38,1384,287,682,280,1.9167,64.4
10089,-121.42,38.64,42,1720,382,1069,362,1.8611,60.5
10090,-121.42,38.64,44,1728,367,1042,349,1.6033,58.5
10091,-121.42,38.65,21,2274,495,1157,445,2.098,49.8
10092,-121.43,38.65,18,909,198,661,176,3.1696,77.4
10093,-121.44,38.64,18,1756,442,837,320,1.125,70.5
10094,-121.44,38.64,25,1678,367,971,307,1.0398,62.1
10095,-121.44,38.65,28,1219,240,559,212,3.8295,122.2
10096,-121.44,38.63,38,1673,399,1116,382,1.3302,62.2
10097,-121.44,38.63,33,1077,271,753,236,1.3462,55.9
10098,-121.44,38.62,37,1607,385,972,354,1.9107,64.7
10099,-121.44,38.62,37,3009,733,1513,588,1.4387,61
10100,-121.45,38.65,5,2680,502,1885,498,2.6369,110
10101,-121.46,38.65,8,3746,767,2161,744,3.2039,103.4
10102,-121.46,38.65,14,3167,551,1787,533,3.8125,92.6
10103,-121.45,38.64,23,1481,343,1079,315,1.867,60.6
10104,-121.46,38.63,26,3185,658,2444,626,1.56,67.6
10105,-121.45,38.63,28,1246,295,884,258,1.4397,51.7
10106,-121.45,38.62,38,2419,605,1696,503,1.4861,63.1
10107,-121.46,38.61,43,705,178,464,159,2.4205,60.9
10108,-121.46,38.62,35,3326,696,2511,649,1.9871,60.9
10109,-121.44,38.61,33,1591,466,1000,418,1.0467,70.1
10110,-121.45,38.6,44,2324,413,823,375,4.6625,158.9
10111,-121.45,38.61,46,1758,511,1094,484,1.0685,70
10112,-121.46,38.6,29,1978,538,823,490,1.9688,135.6
10113,-121.45,38.61,34,438,116,263,100,0.9379,67.5
10114,-121.47,38.63,29,2197,520,1374,483,2.1889,69.3
10115,-121.47,38.61,35,1372,360,850,328,1.6331,67.5
10116,-121.52,38.65,17,1269,233,494,231,3.9615,331.3
10117,-121.53,38.61,5,8149,1913,2933,1616,3.6788,178.8
10118,-121.49,38.63,6,12197,2617,5634,2329,3.7449,129.3
10119,-121.5,38.62,8,16679,3457,7919,3329,3.7188,134.5
10120,-121.5,38.61,5,1395,373,638,322,2.6745,225
10121,-121.49,38.62,8,15309,2996,7463,2885,3.9143,129.7
10122,-121.49,38.61,6,4391,974,1982,914,3.4291,105.3
10123,-121.48,38.62,23,7709,1279,4147,1262,3.8272,96.6
10124,-121.48,38.61,18,1511,315,1062,304,2.3438,89.4
10125,-121.42,38.72,10,3054,528,1932,510,3.0903,91.9
10126,-121.47,38.72,26,1708,299,911,290,4.0227,99.8
10127,-121.42,38.7,10,2562,460,1478,433,4.0625,96.2
10128,-121.45,38.7,24,2159,369,1141,355,3.9853,90.4
10129,-121.43,38.69,28,927,165,542,148,2.5,96.2
10130,-121.44,38.68,19,2476,534,1355,463,2.0625,94.4
10131,-121.42,38.68,32,2118,345,1019,338,3.725,112.2
10132,-121.41,38.69,28,1601,308,848,305,3.6429,105.2
10133,-121.44,38.69,24,3124,556,1512,555,3.1942,94.9
10134,-121.45,38.69,32,2962,526,1542,521,2.2243,89.2
10135,-121.46,38.68,35,1299,254,705,245,2.8333,103
10136,-121.47,38.68,19,946,182,474,173,5.0155,97.3
10137,-121.46,38.69,11,3335,658,1963,622,3.3125,96.8
10138,-121.46,38.66,3,3438,603,1602,554,3.9914,120.5
10139,-121.4,38.66,50,880,150,1148,148,2.5062,112.5
10140,-121.37,38.69,35,1851,327,1007,286,3.2361,84
10141,-121.38,38.69,35,2943,554,1460,510,2.6713,84.4
10142,-121.37,38.69,35,1093,192,590,190,2.7009,80.2
10143,-121.37,38.68,29,3757,646,2022,611,3.5429,88.2
10144,-121.38,38.68,35,1565,290,861,277,2.4844,77
10145,-121.37,38.67,36,1786,338,974,319,2.555,72.7
10146,-121.38,38.67,37,2176,460,1067,357,2.3958,78.4
10147,-121.38,38.67,38,1001,228,597,226,2.2788,73.4
10148,-121.39,38.67,35,562,174,240,106,0.9338,112.5
10149,-121.37,38.7,18,3938,649,1861,606,3.6484,95
10150,-121.39,38.69,30,2897,506,1508,478,3.865,88.4
10151,-121.37,38.7,26,2230,410,1155,377,3.4911,88.2
10152,-121.34,38.69,17,1968,364,996,331,3.7031,114.3
10153,-121.35,38.68,18,7923,1558,3789,1473,3.5403,98.6
10154,-121.35,38.72,2,21897,3513,8652,2873,4.5432,151.3
10155,-121.38,38.71,7,4842,935,2857,907,3.9318,133
10156,-121.4,38.71,15,4680,758,2626,729,3.8355,107
10157,-121.35,38.7,5,14414,2979,7608,2832,3.5802,129.6
10158,-121.36,38.67,17,2770,684,1471,624,2.3683,82.5
10159,-121.36,38.67,5,5819,1507,3237,1356,2.2339,116.6
10160,-121.37,38.66,9,3184,779,1929,769,2.3844,86
10161,-121.36,38.66,22,2878,599,1362,541,2.7955,96.5
10162,-121.37,38.66,17,4866,1056,2371,1030,2.4574,103.3
10163,-121.38,38.66,17,3778,939,2393,862,1.8972,100.5
10164,-121.38,38.65,34,825,173,355,130,3.1858,109.5
10165,-121.39,38.64,33,1503,282,652,229,3.6937,99.3
10166,-121.34,38.66,16,3154,860,1837,793,1.9805,92.9
10167,-121.35,38.66,8,3322,805,1694,774,2.7011,130.7
10168,-121.34,38.66,17,1149,257,583,243,2.8092,137.5
10169,-121.34,38.66,18,4164,963,2032,898,2.119,133.1
10170,-121.35,38.66,24,3313,769,1631,681,2.5556,105.7
10171,-121.37,38.64,27,1672,299,757,282,3.6786,159.7
10172,-121.35,38.65,20,2498,546,1185,506,3.2243,107.9
10173,-121.33,38.66,15,4371,908,1842,818,2.7797,105.5
10174,-121.33,38.65,23,2446,523,1132,513,2.6266,198.5
10175,-121.33,38.65,24,3533,741,1496,723,2.8106,183.2
10176,-121.34,38.64,12,2772,578,1335,565,3.8068,161
10177,-121.33,38.64,27,2203,493,1158,492,2.4342,119.5
10178,-121.34,38.64,17,2761,501,1128,482,3.7562,139.7
10179,-121.34,38.63,13,3033,540,1363,519,4.0036,161.7
10180,-121.33,38.63,23,1947,409,866,400,2.7181,156.8
10181,-121.33,38.62,19,1853,415,772,397,2.2574,135.8
10182,-121.34,38.62,20,4021,864,1658,730,2.4537,153
10183,-121.34,38.61,22,1778,408,875,375,2.6023,142.2
10184,-121.33,38.61,21,2453,518,1326,505,2.7079,148
10185,-121.34,38.61,20,5801,1148,2586,1063,3.9063,162.1
10186,-121.29,38.63,24,2868,527,1284,487,3.3182,213
10187,-121.3,38.63,31,1817,372,992,339,3.0972,150
10188,-121.32,38.63,20,7003,1409,3107,1315,3.0348,150.5
10189,-121.32,38.62,29,2430,448,1087,394,3.0864,177.9
10190,-121.32,38.61,22,3902,845,1870,763,2.774,190.2
10191,-121.3,38.64,20,5001,830,2330,830,4.0833,160
10192,-121.31,38.64,19,5407,838,1927,804,4.6302,195.4
10193,-121.32,38.64,19,8501,1558,3576,1467,3.6523,158.5
10194,-121.32,38.66,21,1276,208,501,205,3.95,143.6
10195,-121.32,38.65,23,2628,499,1210,453,3.0952,157.7
10196,-121.31,38.65,21,2759,409,1053,374,5.5,165.7
10197,-121.3,38.66,21,3824,634,1818,600,3.712,139
10198,-121.3,38.65,26,3192,447,1132,418,4.5278,144.3
10199,-121.21,38.66,15,6940,1019,2829,990,5.4889,232.3
10200,-121.21,38.65,14,3443,510,1413,505,5.6529,196
10201,-121.24,38.64,13,4491,689,1657,667,5.259,249.4
10202,-121.23,38.66,19,3243,546,1334,515,4.8088,169.5
10203,-121.24,38.66,14,3335,440,1329,429,6.2082,250.3
10204,-121.28,38.66,17,7741,1401,3153,1331,3.7869,216.1
10205,-121.25,38.66,26,3670,556,1616,550,5.02,169.6
10206,-121.27,38.66,19,1891,266,678,255,6.1872,188.7
10207,-121.27,38.66,15,2642,520,1032,475,4.1382,189.8
10208,-121.25,38.64,21,2764,363,902,360,5.6864,258.7
10209,-121.26,38.65,17,2655,421,991,384,4.6484,270.6
10210,-121.27,38.65,25,2787,601,1247,522,2.9016,159.8
10211,-121.27,38.64,22,1597,280,657,273,4.3098,213.5
10212,-121.26,38.64,40,1098,175,415,160,4.8375,217.4
10213,-121.27,38.65,33,1984,289,842,276,5.2949,173.3
10214,-121.29,38.65,27,2744,464,1340,452,3.8816,147.3
10215,-121.28,38.64,24,3459,573,1336,544,4.8661,186.2
10216,-121.28,38.63,36,120,16,30,14,10.2264,350
10217,-121.28,38.64,19,3574,669,1373,643,3.6298,242.1
10218,-121.28,38.71,8,4053,912,2033,897,2.8973,117.1
10219,-121.28,38.7,14,5827,1246,2578,1038,3.0212,112.9
10220,-121.28,38.71,35,3095,594,1550,576,3.575,113.5
10221,-121.28,38.7,15,5828,1051,2868,1037,3.7813,143.2
10222,-121.28,38.68,14,11442,2690,6068,2435,2.6016,121.2
10223,-121.3,38.7,18,7334,1332,3339,1271,3.235,124.7
10224,-121.3,38.69,21,6575,1105,3358,1098,4.0739,115.4
10225,-121.32,38.69,11,13796,2372,6000,2250,3.8776,124.5
10226,-121.33,38.68,13,5826,1411,2244,1219,1.9093,142.9
10227,-121.3,38.71,17,5434,1106,2755,1047,2.8226,99.9
10228,-121.29,38.71,32,1875,361,1027,343,3.5769,103.8
10229,-121.31,38.72,11,2306,420,1308,418,3.9506,122.2
10230,-121.31,38.71,18,3998,744,2071,660,4.3836,102
10231,-121.32,38.7,16,2966,578,1365,480,3.2444,118.4
10232,-121.32,38.7,16,3592,642,1740,629,3.0703,126
10233,-121.33,38.7,15,2226,421,1004,417,2.7868,117.8
10234,-121.32,38.67,10,3908,890,1898,798,2.8426,130.6
10235,-121.32,38.67,21,3455,706,1605,704,3.1382,91.6
10236,-121.33,38.67,17,2683,704,1410,659,1.962,130.2
10237,-121.33,38.66,17,2767,584,1275,568,2.5909,125.4
10238,-121.31,38.67,27,1998,353,970,343,4.8224,115.5
10239,-121.32,38.67,31,2532,479,1396,467,4.0417,114.5
10240,-121.29,38.68,12,5098,1094,2029,1065,3.5444,132.5
10241,-121.31,38.68,16,5179,1271,2181,1151,2.1009,82.5
10242,-121.3,38.67,15,4018,850,2070,814,3.0733,119.8
10243,-121.3,38.66,32,2915,492,1292,454,3.3188,117.1
10244,-121.27,38.69,16,3389,597,1674,568,4.4489,145.6
10245,-121.26,38.68,4,3080,827,1195,683,2.7477,133
10246,-121.24,38.7,13,3243,488,1585,480,5.7133,166.8
10247,-121.26,38.69,17,3917,638,1809,564,5.2586,137
10248,-121.24,38.68,20,1402,236,676,236,3.7426,135.5
10249,-121.25,38.68,15,1497,243,730,242,4.9688,135.6
10250,-121.25,38.67,14,6155,1034,2407,941,4.2262,244.3
10251,-121.27,38.67,16,3185,886,1550,802,2.5199,149
10252,-121.26,38.66,8,1145,241,447,216,4.0781,124.3
10253,-121.27,38.67,15,2116,524,866,519,2.7388,111.6
10254,-121.28,38.68,16,3467,615,1478,601,3.75,147.3
10255,-121.28,38.67,23,1727,264,833,258,5.4797,160
10256,-121.28,38.67,29,1087,174,430,174,4.3625,158.8
10257,-121.29,38.68,20,1881,378,921,360,1.8589,144
10258,-121.29,38.67,20,1992,363,889,346,3.6516,130.5
10259,-121.25,38.72,15,6838,941,3166,926,5.2177,162.7
10260,-121.27,38.71,16,4082,666,1912,652,4.4609,142.9
10261,-121.25,38.71,14,3713,637,1845,635,4.3009,143.4
10262,-121.26,38.7,9,7812,1348,3275,1178,4.3826,146.6
10263,-121.17,38.69,5,7138,1227,2623,1139,5.6902,243.2
10264,-121.19,38.71,11,4415,723,1520,627,3.2321,390.8
10265,-121.18,38.69,7,7104,970,2772,920,6.3528,274.5
10266,-121.2,38.7,28,2970,471,1379,463,4.3214,131.7
10267,-121.2,38.69,26,3077,607,1603,595,2.7174,137.5
10268,-121.22,38.68,10,6262,1278,2954,1169,3.4506,139
10269,-121.23,38.71,18,4947,714,2227,675,4.8542,170.5
10270,-121.23,38.69,19,5268,849,2357,849,3.9226,148.7
10271,-121.23,38.67,27,5266,971,2432,948,3.8954,133
10272,-121.24,38.67,28,3558,589,1742,581,4.0182,131.7
10273,-121.2,38.68,9,2200,422,938,369,3.4896,143.8
10274,-121.21,38.67,11,5500,956,2827,946,4.1071,145.8
10275,-121.21,38.67,19,2987,626,1610,605,3.0533,112.1
10276,-121.19,38.67,16,1754,284,773,277,4.817,147
10277,-121.2,38.67,10,3875,668,1632,593,4.6902,171
10278,-121.19,38.66,26,1937,286,769,274,6.1185,179.2
10279,-121.17,38.68,37,1252,267,686,256,3,121.9
10280,-121.18,38.67,42,2101,480,945,426,2.3333,116
10281,-121.16,38.67,21,6198,1223,2827,1179,3.7796,159
10282,-121.15,38.68,6,9798,1551,4583,1494,5.0159,189.6
10283,-121.16,38.68,21,3517,667,1687,655,3.1161,131.6
10284,-121.13,38.66,2,12360,1747,4438,1470,6.2503,222.5
10285,-121.13,38.55,8,530,109,398,96,4.2031,212.5
10286,-121.06,38.51,6,6873,959,2354,931,6.8869,263.1
10287,-121.13,38.47,16,2574,441,1041,428,3.6645,203.4
10288,-121.24,38.63,4,11021,1565,3857,1494,7.2582,273.2
10289,-121.22,38.58,25,394,94,155,83,2.233,55
10290,-121.28,38.55,35,7088,1279,4885,1272,2.6981,112.5
10291,-121.31,38.59,35,3295,560,1454,536,3.1711,101.9
10292,-121.32,38.59,21,9774,1777,4674,1712,3.6817,136.1
10293,-121.32,38.59,24,4378,910,2149,812,2.5035,123.7
10294,-121.29,38.61,17,13553,2474,6544,2359,3.9727,132.7
10295,-121.3,38.6,32,9534,1819,4951,1710,3.3926,103.4
10296,-121.27,38.62,13,2321,539,1066,497,2.7652,95.6
10297,-121.28,38.61,22,2938,619,1501,561,2.7356,96.1
10298,-121.28,38.61,23,2547,504,1235,469,2.4722,103.3
10299,-121.27,38.61,17,6663,1369,2840,1299,2.9452,115.6
10300,-121.28,38.6,17,1671,378,848,351,3.1194,112.5
10301,-121.29,38.6,29,1276,225,600,223,4.0938,109.1
10302,-121.32,38.57,15,3369,499,1733,470,5.31,127.5
10303,-121.33,38.56,17,3608,682,1694,666,3.311,109.4
10304,-121.32,38.54,13,4715,1090,2420,1059,2.9693,104.4
10305,-121.3,38.58,19,2653,680,1419,579,2.3787,91.3
10306,-121.31,38.58,10,2421,580,962,497,2.5035,112.5
10307,-121.31,38.57,22,1229,253,733,250,2.5,101.6
10308,-121.33,38.57,17,1621,350,706,338,2.3684,150
10309,-121.28,38.59,3,4188,1136,2081,995,3.0481,92.5
10310,-121.3,38.59,25,3002,718,1660,613,2.1116,89.6
10311,-121.3,38.58,29,2748,563,1619,525,2.8966,92.4
10312,-121.34,38.56,12,2975,628,1440,593,2.9896,118.6
10313,-121.35,38.54,12,16239,3358,8656,3234,3.5691,116.3
10314,-121.37,38.56,19,6308,1167,3012,1112,2.9464,113.5
10315,-121.37,38.57,16,3895,896,1762,855,2.6635,135.8
10316,-121.37,38.56,18,2129,363,815,347,2.7679,118
10317,-121.36,38.57,26,1793,244,653,235,5.6485,129.5
10318,-121.35,38.56,16,2629,491,1265,485,4.5066,140.2
10319,-121.34,38.57,14,5737,1008,2731,983,4.4602,134.5
10320,-121.35,38.55,18,4481,780,2211,775,3.9934,123.3
10321,-121.35,38.55,22,2607,411,1216,407,5.0427,126.9
10322,-121.36,38.55,33,1191,198,554,191,2.8021,118.8
10323,-121.36,38.56,20,1232,332,667,288,1.8288,32.5
10324,-121.37,38.56,27,1827,509,852,450,2.0901,52.5
10325,-121.3,38.51,19,822,134,457,133,4.15,157.5
10326,-121.35,38.51,29,2337,391,1054,352,4.2206,157.7
10327,-121.4,38.47,4,20982,3392,10329,3086,4.3658,130.6
10328,-121.38,38.47,4,14418,2282,6578,2140,4.5604,145.9
10329,-121.39,38.43,3,2696,384,990,316,5.4445,237.6
10330,-121.27,38.44,19,2780,414,1320,404,5.8831,209.9
10331,-121.35,38.46,2,6992,1132,2816,984,4.3879,144.4
10332,-121.34,38.44,14,3205,465,1439,456,5.7452,240.9
10333,-121.32,38.41,17,4401,655,1970,639,5.8239,247.5
10334,-121.36,38.42,6,3254,465,1168,345,5.1811,188.4
10335,-121.37,38.41,14,3727,685,1741,646,3.5625,125.7
10336,-121.38,38.41,7,6091,921,2916,886,4.7557,150.4
10337,-121.38,38.41,10,3425,629,1538,587,4.45,138.7
10338,-121.38,38.4,15,4155,637,1722,616,4.8831,154.4
10339,-121.35,38.4,11,2322,459,1373,424,3.175,94.4
10340,-121.36,38.4,18,4813,849,2333,843,4.175,144.4
10341,-121.36,38.39,10,5121,763,2568,758,5.2447,148.1
10342,-121.2,38.36,14,2634,463,1402,432,3.8897,175.7
10343,-121.22,38.4,14,2655,441,1277,422,4.6989,213.8
10344,-121.22,38.43,20,2054,339,934,336,4.5368,219.3
10345,-121.29,38.36,17,2193,386,1148,372,4.5272,191.7
10346,-121.27,38.31,17,1144,202,626,178,4.4107,151.6
10347,-121.1,38.33,14,1357,247,695,224,4.1974,157.8
10348,-121.2,38.28,20,1732,307,999,305,3.9808,160.2
10349,-121.26,38.27,20,1314,229,712,219,4.4125,144.6
10350,-121.29,38.28,11,1554,260,793,233,4.8073,156.7
10351,-121.35,38.28,17,2756,557,1986,530,3.2234,82
10352,-121.31,38.28,16,1708,391,687,378,1.9485,155.4
10353,-121.32,38.26,4,6125,1063,3077,953,4.1179,134.6
10354,-121.3,38.25,27,2475,548,1703,517,2.5727,86.1
10355,-121.48,38.46,8,10505,1777,6002,1694,4.0516,121.2
10356,-121.42,38.47,11,5665,1507,3422,1299,2.3343,97.8
10357,-121.44,38.47,5,5666,1178,3139,1131,3.3608,108.9
10358,-121.44,38.46,10,4446,897,2499,884,3.5461,103.6
10359,-121.44,38.43,3,39320,6210,16305,5358,4.9516,153.7
10360,-121.41,38.34,24,1605,277,1966,250,3.0833,162.5
10361,-121.45,38.37,32,1441,261,629,249,4.4519,137.5
10362,-121.54,38.29,47,1396,254,630,218,2.8616,92.5
10363,-121.56,38.26,43,1906,327,996,314,2.9744,136.8
10364,-121.51,38.26,52,910,212,429,212,1.6458,52.8
10365,-121.57,38.19,36,1395,264,700,244,2.4353,162.5
10366,-121.7,38.1,19,4896,1083,2150,905,3.3398,89.7
10367,-121.29,36.9,17,3610,593,1734,559,5.8324,374.2
10368,-121.37,36.89,21,2471,473,1753,451,4.025,293.8
10369,-121.47,36.92,27,2049,417,1230,336,4.6477,265.9
10370,-121.53,36.85,23,3359,725,1862,651,2.6719,193.6
10371,-121.6,36.88,21,3416,624,1862,595,4.7813,241.5
10372,-121.5,36.81,20,1345,230,731,217,4.2333,363.3
10373,-121.42,36.86,41,440,106,389,94,2.6818,225
10374,-121.41,36.85,11,1708,394,1474,372,2.8839,145.9
10375,-121.4,36.85,50,2666,613,1768,555,2.6598,157.3
10376,-121.4,36.84,52,1860,400,1215,367,2.9554,136.5
10377,-121.4,36.84,40,2352,536,1430,535,3.0912,155.3
10378,-121.41,36.84,23,1771,356,1105,338,3.7049,192.2
10379,-121.4,36.86,36,1256,270,910,255,1.9405,145.4
10380,-121.38,36.85,13,4115,782,2903,747,3.7316,192.4
10381,-121.38,36.84,6,3769,669,2061,648,4.1875,217.6
10382,-121.37,36.84,11,1996,382,1023,358,3.5714,243
10383,-121.38,36.84,17,2625,512,1487,481,3.6354,221.2
10384,-121.37,36.83,14,3658,612,1951,600,4.76,216
10385,-121.4,36.83,11,3701,739,1749,654,3.067,207.9
10386,-121.44,36.84,7,1644,338,1143,331,4.005,180.4
10387,-121.42,36.85,7,1626,325,677,304,2.3125,170.8
10388,-121.36,36.81,7,4609,741,1660,720,5.0871,290.5
10389,-121.34,36.76,15,2638,429,1289,357,4.1528,336.8
10390,-121.06,36.72,23,395,70,166,52,2.2132,100
10391,-120.95,36.47,52,1691,301,618,239,3.2292,225
10392,-117.75,34.01,4,22128,3522,10450,3258,6.1287,289.6
10393,-117.78,33.97,2,556,63,179,54,8.4411,500.001
10394,-117.72,33.99,14,5622,861,3108,821,5.7763,206.7
10395,-117.76,33.98,3,9662,1385,2497,856,6.7172,292.4
10396,-117.74,33.97,4,9755,1748,4662,1583,5.6501,254.9
10397,-117.72,33.97,16,13290,2062,6931,2023,5.228,187.8
10398,-117.71,33.97,10,10856,2278,6474,2199,3.851,137.2
10399,-117.7,33.92,4,8301,1333,3941,1236,6.2141,252.2
10400,-117.75,33.95,13,984,127,364,119,7.5839,426.9
10401,-117.76,33.94,40,1092,213,457,190,5.1165,184.2
10402,-117.69,34.09,28,1437,295,724,262,2.725,140.2
10403,-117.7,34.08,10,1979,454,1117,389,3.7802,107.3
10404,-117.7,34.09,25,1719,331,1098,324,3.625,121.8
10405,-117.71,34.07,31,1840,380,1187,357,3.8875,129.2
10406,-117.69,34.08,30,4255,773,2129,730,4.5185,142.5
10407,-117.69,34.07,35,3222,559,1970,550,3.7083,131
10408,-117.69,34.08,14,4136,886,2026,788,3.2344,128.2
10409,-117.7,34.08,33,4674,791,2769,784,4.1448,137.3
10410,-117.69,34.06,29,873,226,649,198,2.7986,114.4
10411,-117.69,34.06,25,1881,433,1337,417,2.5536,144
10412,-117.7,34.06,25,2054,609,2271,564,2.3049,150
10413,-117.7,34.06,7,732,145,431,132,2.9107,95.3
10414,-117.71,34.06,27,2127,628,1970,534,1.4722,91.3
10415,-117.68,34.05,25,1859,463,1070,374,2.5395,187.5
10416,-117.69,34.05,10,1875,366,1055,363,4.3264,128.9
10417,-117.72,34.05,31,2220,526,1662,472,2.7321,104.3
10418,-117.72,34.05,8,1841,409,1243,394,4.0614,107
10419,-117.69,34.04,5,4459,896,2028,881,4.0096,182.6
10420,-117.7,34.04,13,5301,1025,2870,984,3.5954,163
10421,-117.71,34.04,17,4098,733,1859,713,2.9811,231.8
10422,-117.72,34.02,17,1781,262,860,256,6.5958,236.8
10423,-117.73,34.01,36,2340,392,1213,388,4.125,213
10424,-117.72,34,15,4363,690,2410,666,5.4824,179.7
10425,-117.69,34,28,707,154,561,129,2.5781,111.6
10426,-117.71,34.02,17,12689,2426,7343,2230,3.6361,157.7
10427,-117.71,34.03,11,3467,749,2163,676,3.4267,164.4
10428,-117.68,34.03,16,2859,668,1946,591,3.0396,124.3
10429,-117.69,34.03,20,6374,1412,3690,1350,3.4184,162.5
10430,-117.68,34.01,20,7326,1555,5718,1538,3.2073,123.5
10431,-117.69,34.01,30,2598,573,2170,518,2.3,95.6
10432,-117.66,34.15,25,3430,485,1284,438,8.5282,360.1
10433,-117.64,34.15,16,2896,404,1165,379,6.4559,392.9
10434,-117.68,34.14,4,4791,695,1871,659,6.9532,277
10435,-117.66,34.14,11,3628,469,1488,463,7.0844,325
10436,-117.66,34.14,8,1692,253,857,251,6.9418,310.5
10437,-117.66,34.15,20,2524,311,965,285,8.0103,395.5
10438,-117.69,34.13,8,2915,371,1271,354,7.9627,345.4
10439,-117.67,34.13,10,2846,362,1221,355,7.7234,304.1
10440,-117.67,34.12,15,3162,495,1145,473,5.3525,191.7
10441,-117.66,34.13,19,3995,554,1523,509,6.075,254.1
10442,-117.65,34.14,9,3877,490,1815,490,8.4839,406.7
10443,-117.65,34.12,17,3006,427,1291,406,6.2083,242.7
10444,-117.63,34.12,4,4323,775,1479,663,6.0758,226.8
10445,-117.64,34.12,18,3605,534,1682,480,5.8407,202.9
10446,-117.65,34.11,29,2927,634,1710,623,3.6219,176.6
10447,-117.64,34.11,16,2129,420,932,379,2.5868,146.9
10448,-117.69,34.11,16,2427,522,794,491,2.6929,119.3
10449,-117.68,34.11,16,3190,471,1414,464,5.5292,208.6
10450,-117.66,34.12,16,3853,541,1726,497,6.1195,251.1
10451,-117.66,34.11,19,3445,661,1635,580,5.0681,230.5
10452,-117.69,34.1,17,3759,1035,1722,847,2.6074,137.5
10453,-117.68,34.1,11,7392,1796,3841,1621,2.8326,163
10454,-117.67,34.1,28,1263,248,601,219,3.875,174
10455,-117.67,34.1,19,2969,605,1326,573,4.3438,155.7
10456,-117.65,34.1,19,1688,365,622,322,3.6,136.4
10457,-117.66,34.1,26,1855,553,1109,536,2.2429,150
10458,-117.68,34.09,22,1547,334,773,316,2.9812,148.8
10459,-117.67,34.09,17,4418,1256,2417,1094,2.7266,101
10460,-117.66,34.09,26,1151,200,593,188,3.6667,166.3
10461,-117.66,34.09,20,2462,496,1117,458,3.2321,162.5
10462,-117.62,34.11,17,1869,311,831,262,6.148,243.9
10463,-117.63,34.1,15,4799,1209,2554,1057,2.6582,122.8
10464,-117.63,34.09,8,3557,890,2251,765,2.6818,114.1
10465,-117.64,34.09,34,2839,659,1822,631,3.05,121.3
10466,-117.65,34.1,44,1526,337,831,326,3.0284,115.8
10467,-117.65,34.1,44,2808,585,1444,550,2.7159,139.3
10468,-117.68,34.08,21,5662,1185,3067,1055,3.3482,137.3
10469,-117.67,34.07,29,1840,388,1278,368,3.5036,123.4
10470,-117.68,34.07,24,2626,692,2204,647,1.7806,135
10471,-117.68,34.07,32,1775,314,1067,302,4.0375,121.3
10472,-117.65,34.08,35,2621,391,1074,391,4.7176,166.4
10473,-117.65,34.08,38,2750,572,1410,483,3.3836,144.9
10474,-117.66,34.07,37,2454,511,1165,504,2.9474,139.6
10475,-117.66,34.06,24,4043,952,2174,859,2.2244,114.9
10476,-117.66,34.07,36,2072,408,964,395,2.8702,137
10477,-117.66,34.07,33,2081,409,1008,375,2.587,138.1
10478,-117.64,34.08,37,2576,468,1284,428,3.3958,130.4
10479,-117.65,34.08,52,2264,439,1031,437,3.375,144.3
10480,-117.65,34.08,40,1609,258,624,242,5.4689,158.2
10481,-117.63,34.08,38,1810,371,1257,354,3.8355,111.7
10482,-117.63,34.07,39,2650,511,1537,495,3.4432,106.7
10483,-117.62,34.07,15,4061,811,2884,734,3.3936,127
10484,-117.62,34.08,30,1372,235,1047,225,3.1597,116.3
10485,-117.63,34.09,19,3490,816,2818,688,2.8977,126.2
10486,-117.62,34.09,26,3271,595,2259,566,4.0139,132
10487,-117.62,34.08,22,2626,631,1678,557,3.125,111.8
10488,-117.62,34.08,24,2801,554,2064,529,4.4946,136
10489,-117.61,34.08,20,3550,736,2229,681,3.0199,128.8
10490,-117.6,34.08,15,2700,460,1432,449,4.9063,159.8
10491,-117.65,34.07,35,2501,651,1182,591,1.4464,113.2
10492,-117.65,34.07,52,1041,252,558,231,1.9236,117.2
10493,-117.62,34.07,16,6009,1599,5110,1389,2.5677,128.9
10494,-117.64,34.07,30,2787,713,2647,693,2.2765,98.1
10495,-117.64,34.07,38,2450,544,1823,536,2.837,111.2
10496,-117.64,34.07,52,1644,372,1269,355,2.6913,108.3
10497,-117.67,34.06,26,1592,429,1182,365,2.4583,110.4
10498,-117.66,34.06,39,1405,339,1489,336,1.608,91.8
10499,-117.65,34.06,41,1171,334,1479,334,2.25,90.5
10500,-117.64,34.06,43,763,219,851,198,1.7292,79.2
10501,-117.63,34.06,39,1210,310,1294,303,2.3636,88.3
10502,-117.66,34.05,6,5129,1119,2533,949,3.625,113.6
10503,-117.66,34.05,14,2644,525,2021,511,3.6467,147.5
10504,-117.65,34.04,15,3393,653,2039,611,3.9336,151
10505,-117.66,34.04,10,3657,695,2079,663,4.2054,159.9
10506,-117.67,34.05,6,2833,628,1717,589,3.2062,167.5
10507,-117.67,34.04,13,1543,383,776,358,3.0598,99.7
10508,-117.68,34.04,27,574,103,321,103,3.9107,186.5
10509,-117.65,34.02,9,2107,411,1138,389,4.4042,159.1
10510,-117.67,34.02,16,3042,524,1516,475,4.8906,178.5
10511,-117.66,34.02,11,3358,504,1690,482,6.7544,207.9
10512,-117.65,34.03,15,4420,903,2373,858,3.449,149.1
10513,-117.65,34.04,28,2360,607,2623,592,2.5048,100
10514,-117.64,34.05,27,1407,362,1684,350,2.1944,95.7
10515,-117.64,34.03,11,2050,382,1044,371,4.8281,137
10516,-117.64,34.04,21,1801,507,2556,484,2.4716,102.5
10517,-117.64,34.03,10,3194,579,2088,549,4.1779,159.1
10518,-117.64,34.02,10,4887,930,2637,831,4.0611,158
10519,-117.63,34.02,13,4864,729,2780,723,5.6168,175.4
10520,-117.62,34.03,15,3942,661,2240,621,4.8311,176
10521,-117.62,34.02,16,2040,325,1207,324,5.0431,164.1
10522,-117.61,34.02,15,1791,346,1219,328,3.8125,170.3
10523,-117.62,34.05,33,883,211,1007,210,2.8281,103.6
10524,-117.61,34.04,8,4116,766,1785,745,3.1672,150.2
10525,-117.66,34.02,12,5616,871,3019,782,5.5425,202.3
10526,-117.64,34.02,6,248,47,119,42,2.125,416.7
10527,-117.61,34.01,25,352,41,99,34,3.9696,500
10528,-117.61,34.02,8,63,9,25,7,7.7197,275
10529,-117.64,33.99,29,1005,152,513,149,2.4375,181.3
10530,-117.58,34,2,7544,1516,2801,1001,4.0037,245.2
10531,-117.57,34.15,3,12806,2219,4249,1499,5.485,343.1
10532,-117.57,34.13,5,6135,879,2795,781,5.9369,225.2
10533,-117.54,34.12,4,17577,2819,7766,2473,5.1333,181.8
10534,-117.51,34.14,21,2455,381,1094,327,4.6437,191.7
10535,-117.5,34.12,2,11965,1802,4436,1296,5.285,191.7
10536,-117.51,34.16,2,718,98,119,50,4.1,315
10537,-117.55,34.14,3,5710,919,2874,886,5.3638,206.3
10538,-117.59,34.16,10,9467,1181,3819,1122,7.8252,361.4
10539,-117.58,34.14,7,11818,1745,5499,1600,5.3678,231.7
10540,-117.62,34.15,16,13556,1704,5669,1668,6.5138,311.5
10541,-117.61,34.14,14,15809,2485,7363,2410,5.5198,245.6
10542,-117.61,34.13,21,8416,1386,4308,1341,4.4611,164.6
10543,-117.61,34.12,17,6709,1198,3954,1161,4.6997,156.9
10544,-117.59,34.13,10,20263,3915,9716,3744,3.8505,169.6
10545,-117.58,34.11,14,11635,2055,6443,2009,4.7547,157.6
10546,-117.6,34.11,18,6025,1062,3360,1028,4.8889,155.7
10547,-117.56,34.12,4,6956,1271,3455,1228,4.7193,178.7
10548,-117.56,34.12,4,5351,1210,2988,1101,3.7973,181.3
10549,-117.61,34.1,9,18956,4095,10323,3832,3.6033,132.6
10550,-117.59,34.1,17,3646,1035,1987,895,2.3603,139.3
10551,-117.58,34.1,4,6360,1584,3359,1396,3.5186,127.8
10552,-117.58,34.09,27,754,200,746,185,1.9531,100.8
10553,-117.57,34.07,4,2152,580,1083,441,3.1458,118.8
10554,-117.59,34.02,14,1463,261,881,245,4.7857,152.5
10555,-117.58,34.02,4,5998,1092,3182,1042,5.2692,174.8
10556,-117.57,34.02,5,6933,1311,3845,1285,4.6727,158.9
10557,-117.53,34.06,18,5605,1303,4028,1145,2.9386,116.4
10558,-117.53,34.1,5,2185,488,1379,458,3.7917,103
10559,-117.42,34.13,4,11587,1796,5804,1705,4.8283,141.9
10560,-117.43,34.12,7,5954,1071,3567,1070,3.2056,134.1
10561,-117.45,34.13,16,5058,965,3388,878,3.6417,119
10562,-117.46,34.14,10,714,131,381,119,0.8926,116.1
10563,-117.47,34.12,6,10565,1767,5690,1555,4.1797,141
10564,-117.46,34.1,35,908,226,667,203,2.5833,93.5
10565,-117.46,34.1,7,1759,473,1064,328,1.9583,108.8
10566,-117.48,34.09,32,3170,630,2612,580,3.6394,99.2
10567,-117.48,34.09,32,1650,328,1124,290,3.1838,98.6
10568,-117.48,34.1,30,2287,531,1796,503,2.5833,90.6
10569,-117.46,34.08,18,3830,750,2767,702,3.6602,120.7
10570,-117.48,34.08,28,1922,382,1565,340,3.915,117.4
10571,-117.48,34.08,17,1834,390,1253,357,3.1028,106.4
10572,-117.47,34.07,24,1017,227,568,187,1.5972,112.5
10573,-117.42,34.06,27,2532,495,1305,436,2.9107,143.1
10574,-117.46,34.06,24,2831,478,1582,435,4.3397,195.6
10575,-117.47,34.06,33,1379,273,884,229,2.7574,125
10576,-117.49,34.05,20,1483,249,660,194,3.9464,207.7
10577,-117.5,34.04,4,3428,649,2158,632,5.0175,143.4
10578,-117.49,34.04,4,6034,1170,3527,1098,4.1775,143.7
10579,-117.46,34.04,3,12870,2315,5820,1759,4.2429,147.3
10580,-117.38,34.14,11,10804,1493,5221,1482,5.246,161.4
10581,-117.4,34.15,4,12156,1864,5020,1524,4.7909,149.2
10582,-117.4,34.18,16,1769,254,1778,251,5.3671,181.8
10583,-117.45,34.11,7,6356,1244,4052,1164,2.9112,121.7
10584,-117.45,34.1,9,4288,1017,3156,900,2.7827,105.8
10585,-117.45,34.1,6,5571,1316,4048,1154,2.0308,91.1
10586,-117.42,34.11,25,4261,893,2319,702,3.3958,111.9
10587,-117.42,34.1,18,3977,809,2231,742,4.1399,115.4
10588,-117.43,34.11,17,4109,884,2544,780,2.7757,109.8
10589,-117.43,34.1,43,1898,418,971,366,2.4735,89.9
10590,-117.44,34.1,43,1614,400,926,349,2.075,95.1
10591,-117.44,34.09,24,3477,831,2541,753,2.3682,97.4
10592,-117.44,34.09,12,3598,828,2588,781,2.375,113.8
10593,-117.44,34.08,15,5024,992,3208,981,3.6025,116.4
10594,-117.42,34.09,28,3193,525,1750,523,4.1375,128.3
10595,-117.43,34.08,31,3207,560,1582,538,4.263,127.4
10596,-117.43,34.09,18,3172,632,1621,573,2.7437,120.2
10597,-117.42,34.08,21,4460,930,2657,839,2.7569,127.5
10598,-117.43,34.08,13,4563,1187,2475,1019,2.1189,121.7
10599,-117.45,34.07,21,3465,639,2292,628,3.3553,113.5
10600,-117.43,34.07,18,2453,537,1503,500,2.3768,95.3
10601,-117.41,34.11,12,6758,1550,3204,1279,2.5181,105.5
10602,-117.41,34.1,5,4937,1139,2204,812,2.5272,92
10603,-117.41,34.09,21,3300,587,1896,572,3.6466,130.6
10604,-117.41,34.11,29,3999,772,2602,760,3.5481,105.5
10605,-117.38,34.11,32,3179,662,1878,661,3.1375,101.2
10606,-117.39,34.1,12,7184,1516,4862,1235,2.4492,103.8
10607,-117.39,34.13,9,2228,398,1316,370,4.1632,119.8
10608,-117.38,34.13,13,2903,510,1844,510,3.7198,112.9
10609,-117.37,34.13,17,2681,470,1621,459,3.875,118.5
10610,-117.38,34.13,23,1326,300,722,263,2.1856,107.8
10611,-117.37,34.13,12,1893,493,1054,389,2.3456,140.8
10612,-117.38,34.12,17,5959,1208,4115,1088,2.4053,105.2
10613,-117.38,34.09,8,3955,815,2184,725,3.3438,127.6
10614,-117.36,34.09,32,3616,631,2131,593,3.2879,95.5
10615,-117.38,34.08,11,5684,1139,3095,1036,3.6875,112.6
10616,-117.36,34.08,4,8866,1832,4775,1554,3.7348,125.8
10617,-117.4,34.09,5,6190,993,3615,963,4.4034,133.2
10618,-117.39,34.09,10,5736,945,3528,932,4.3958,130.7
10619,-117.39,34.07,15,1966,331,1118,323,3.8558,122.7
10620,-117.39,34.07,26,1387,277,664,239,3.0278,96.8
10621,-117.4,34.07,28,2879,659,1661,554,2.066,88.1
10622,-117.37,34.1,44,2087,447,1270,423,2.3889,86.1
10623,-117.37,34.1,10,3404,855,1656,675,1.6977,91.3
10624,-117.35,34.12,22,5640,889,3157,887,4.1581,126.5
10625,-117.36,34.11,35,2969,521,1555,503,3.25,107.1
10626,-117.37,34.12,32,3190,568,1614,512,3.8398,118.2
10627,-117.37,34.13,18,5877,1043,3114,1002,4.0294,133.2
10628,-117.35,34.13,26,3920,570,1862,552,3.7286,132
10629,-117.36,34.1,29,2819,637,1683,608,2.3205,87.6
10630,-117.36,34.1,31,2587,531,1227,489,2.3578,88.6
10631,-117.36,34.1,33,1904,343,1366,338,3.6227,92.8
10632,-117.38,34.06,17,3139,569,1612,516,3.3571,112.3
10633,-117.4,34.06,17,5451,1008,3533,940,3.9191,101.6
10634,-117.35,34.17,28,1905,372,1480,341,2.9844,79.2
10635,-117.34,34.16,31,1606,354,1049,335,2.1935,72.7
10636,-117.33,34.15,28,1473,333,1196,312,1.6993,67.8
10637,-117.32,34.14,32,1691,353,1457,329,1.8438,66.6
10638,-117.33,34.14,29,1646,391,1296,351,1.9423,69.7
10639,-117.34,34.14,37,1834,393,1198,348,2.225,81.6
10640,-117.35,34.15,32,2699,552,2086,551,2.2974,84.5
10641,-117.35,34.16,36,1717,348,1054,279,2.4444,73.4
10642,-117.32,34.13,41,1837,409,1430,344,2.4524,70.4
10643,-117.32,34.12,37,2868,574,2055,563,2.3508,70.5
10644,-117.32,34.12,39,2210,498,1752,477,1.4066,66.4
10645,-117.33,34.12,33,933,219,838,211,1.3417,69
10646,-117.33,34.13,30,2335,363,1214,311,2.2449,93.2
10647,-117.33,34.13,18,3009,740,2317,659,1.6375,72.4
10648,-117.34,34.13,29,1494,286,991,280,2.125,70.6
10649,-117.32,34.11,38,1462,337,1208,324,2.2604,68.1
10650,-117.32,34.11,41,1229,302,994,270,1.4891,67.3
10651,-117.33,34.12,38,1703,385,1356,363,2.0391,70.4
10652,-117.34,34.11,29,2912,566,2188,518,3.2656,90.6
10653,-117.35,34.11,34,2104,388,1578,365,3.0833,88.4
10654,-117.34,34.1,14,11827,2445,6640,2299,2.4878,103.8
10655,-117.35,34.09,14,5983,1224,3255,1150,2.5902,111.5
10656,-117.35,34.2,5,9269,1605,4916,1519,4.4367,133.2
10657,-117.28,34.17,26,3106,603,1396,576,3.1736,122.2
10658,-117.28,34.17,26,3728,888,1765,727,1.7456,86.8
10659,-117.29,34.17,35,4174,847,2127,778,3.2232,88.3
10660,-117.3,34.18,28,2685,425,1304,420,4.3676,111.1
10661,-117.3,34.17,30,2483,573,1172,438,1.875,89.7
10662,-117.31,34.17,25,2795,596,1650,569,3.0078,87.1
10663,-117.32,34.17,6,5661,1287,2943,1162,3.6362,106.5
10664,-117.3,34.18,19,2526,381,1176,381,5.5136,137.1
10665,-117.33,34.17,5,4718,1140,2564,1056,2.9877,119.9
10666,-117.33,34.17,13,3616,665,2189,620,3.7949,106.3
10667,-117.31,34.15,7,5747,1307,2578,1147,3.3281,122.2
10668,-117.3,34.15,33,1607,282,608,260,4.3438,115
10669,-117.3,34.15,38,740,163,332,138,2.4107,88
10670,-117.3,34.15,40,961,199,509,182,2.06,85.5
10671,-117.3,34.14,39,1781,335,841,320,1.9432,89
10672,-117.31,34.14,38,2011,448,1190,403,1.8654,89.4
10673,-117.31,34.13,38,1287,284,1047,269,2.2865,65.5
10674,-117.3,34.12,34,1127,275,971,249,2.0583,64.8
10675,-117.31,34.13,35,1622,393,1296,362,1.9286,68.5
10676,-117.31,34.13,36,1076,283,773,224,2.6307,66.4
10677,-117.31,34.11,38,1208,321,1225,317,1.4663,64
10678,-117.31,34.11,52,851,190,731,190,1.9044,64.9
10679,-117.31,34.11,41,1105,257,816,197,1.9375,64.1
10680,-117.31,34.1,52,1457,415,1238,341,2.0089,68.1
10681,-117.31,34.1,28,2899,755,2406,655,1.5208,69.5
10682,-117.3,34.09,40,1051,244,745,243,2.1842,75.2
10683,-117.31,34.09,34,1336,345,1009,311,1.608,73.7
10684,-117.28,34.15,36,1734,280,604,259,3.8292,122.2
10685,-117.29,34.16,38,2458,488,1135,453,2.875,99.1
10686,-117.28,34.16,26,2469,532,1068,501,1.9832,122.1
10687,-117.28,34.16,35,2028,456,972,398,2.3778,90.7
10688,-117.28,34.15,32,2170,430,815,401,3.1765,135
10689,-117.28,34.14,40,2364,438,968,416,3.4906,93.3
10690,-117.29,34.14,52,1683,266,646,256,4.0481,97.3
10691,-117.28,34.14,40,2190,496,1214,493,2.3947,81.9
10692,-117.29,34.14,48,1717,307,610,267,3.125,97.6
10693,-117.29,34.14,39,1989,401,805,341,2.425,90
10694,-117.3,34.14,37,1454,261,761,248,2.3438,88.1
10695,-117.28,34.13,44,2469,568,1363,517,1.8396,77.1
10696,-117.28,34.13,29,2077,577,1418,524,1.8281,76.8
10697,-117.3,34.13,52,1859,395,968,333,1.2034,79.5
10698,-117.29,34.13,52,2424,528,1171,455,1.4815,77.9
10699,-117.28,34.12,36,2991,822,2378,751,1.3571,70.6
10700,-117.29,34.12,40,2198,612,1517,531,1.0951,65.8
10701,-117.29,34.13,44,2337,563,1238,467,1.5156,75.8
10702,-117.3,34.13,42,2115,557,1532,494,1.4531,71.5
10703,-117.3,34.12,43,1018,261,736,215,2.6,66.9
10704,-117.28,34.12,47,2456,611,1653,512,1.3973,66.1
10705,-117.29,34.12,47,1648,432,1308,385,1.2069,68.2
10706,-117.29,34.12,45,1369,351,1046,274,1.8438,72.1
10707,-117.3,34.12,50,1629,437,1581,394,2.2019,63.5
10708,-117.29,34.11,35,2014,677,1714,612,0.7075,78.8
10709,-117.29,34.11,35,2426,715,1920,586,1.5561,68
10710,-117.28,34.11,39,1573,418,1258,359,1.4896,69.5
10711,-117.29,34.09,24,1451,387,1178,330,1.1806,68.3
10712,-117.3,34.07,34,567,143,387,138,1.7981,73.3
10713,-117.25,34.16,37,1709,278,744,274,3.7188,116.6
10714,-117.25,34.16,35,2707,481,1595,479,3.9018,91.5
10715,-117.25,34.15,30,1770,380,990,348,3.3,97.6
10716,-117.26,34.15,33,2271,389,1100,380,3.5978,88.3
10717,-117.26,34.17,30,1937,351,945,344,3.8906,123.7
10718,-117.25,34.15,22,7935,1976,4523,1791,2.1465,88.8
10719,-117.25,34.14,19,5163,1229,2680,1141,2.2482,114.5
10720,-117.27,34.14,36,3795,676,1742,585,4.1,96.4
10721,-117.27,34.14,35,1517,257,658,245,4.4435,97.6
10722,-117.27,34.15,35,1490,253,705,253,3.3616,95.3
10723,-117.25,34.13,33,2898,503,1374,487,3.6856,90
10724,-117.26,34.13,37,2403,550,1234,493,2,72.1
10725,-117.26,34.13,39,3521,747,2256,721,2.1375,87.5
10726,-117.27,34.12,31,2209,636,1314,562,1.7235,78.8
10727,-117.27,34.13,36,3337,687,2388,589,2.9628,87.8
10728,-117.25,34.13,35,861,148,381,138,2.5234,88.2
10729,-117.25,34.12,17,3107,752,2160,643,1.8463,72.6
10730,-117.25,34.11,32,2910,641,2011,614,2.7473,70.8
10731,-117.27,34.12,27,2896,684,1514,668,1.462,70.2
10732,-117.25,34.11,30,2173,560,1509,486,1.4079,67.7
10733,-117.26,34.11,33,1210,288,850,238,1.2171,59.3
10734,-117.27,34.1,9,3904,1042,3688,896,1.8022,78
10735,-117.33,34.08,35,2240,423,1394,396,3.1799,86.7
10736,-117.33,34.08,37,2267,405,1175,403,3.75,95.2
10737,-117.33,34.07,32,2086,458,1355,412,2.5238,89.2
10738,-117.34,34.07,46,1851,425,1100,377,2.0461,90.5
10739,-117.34,34.08,33,4924,1007,3502,953,3.233,99.4
10740,-117.32,34.09,30,1129,251,1034,237,2.3917,78.6
10741,-117.32,34.08,41,1359,264,786,244,2.5208,85.5
10742,-117.32,34.08,46,1308,276,576,244,3.1875,84
10743,-117.32,34.06,52,802,160,564,131,2.1591,63.5
10744,-117.33,34.05,26,613,149,431,130,1.3977,73.1
10745,-117.33,34.06,48,732,149,486,139,2.5673,68.2
10746,-117.33,34.06,36,755,157,625,152,2.0242,65
10747,-117.32,34.06,46,476,102,476,91,1.4511,73.1
10748,-117.31,34.08,43,1697,387,1181,352,1.9234,74.6
10749,-117.31,34.08,40,2011,495,1528,469,1.9375,69.9
10750,-117.31,34.07,40,2936,732,2024,676,2.1139,70.9
10751,-117.32,34.07,26,971,245,592,207,2.1125,84
10752,-117.31,34.08,37,953,231,611,230,1.9926,81.5
10753,-117.31,34.05,6,7423,2111,4092,1789,2.7002,88.3
10754,-117.33,34.04,18,1837,388,727,336,2.5187,116.7
10755,-117.33,34.03,14,1582,347,825,259,2.8281,106.3
10756,-117.31,34.04,5,2785,577,1310,536,3.39,149.5
10757,-117.3,34.05,6,2155,544,1039,391,1.6675,95.8
10758,-117.3,34.05,7,4672,1121,2534,1046,3.4228,115.7
10759,-117.33,34.03,18,2342,402,1264,382,4.7986,123.7
10760,-117.32,34.03,13,3853,761,1685,669,3.9024,122.4
10761,-117.29,34.03,9,8185,1525,3630,1466,4.1667,197.7
10762,-117.27,34.09,36,848,186,737,169,0.9838,79.3
10763,-117.27,34.08,38,1093,256,856,212,1.4279,73
10764,-117.25,34.08,30,2981,605,1784,573,2.45,85.8
10765,-117.25,34.07,21,3067,706,2140,687,2.4432,78.8
10766,-117.27,34.07,21,418,132,401,120,1.7206,82.1
10767,-117.24,34.04,17,3362,507,1520,496,6.1986,214.5
10768,-117.25,34.04,18,5761,1063,2763,1058,4.4472,161.1
10769,-117.27,34.05,34,1703,395,849,359,3.1607,138.2
10770,-117.27,34.06,20,5258,1514,3780,1404,2.025,85.7
10771,-117.25,34.06,23,4503,1156,3264,937,1.9821,93
10772,-117.25,34.06,18,5009,1108,2948,963,3.0042,106.5
10773,-117.24,34.04,5,1775,234,726,222,7.978,223.9
10774,-117.24,34.06,9,3603,786,1782,718,3.2604,93.3
10775,-117.23,34.14,16,2577,521,956,472,2.5625,129.4
10776,-117.24,34.14,6,2383,606,1301,488,3.016,107.5
10777,-117.2,34.14,14,2647,524,989,479,3.1513,160
10778,-117.2,34.14,18,1920,333,890,323,5.159,144.8
10779,-117.24,34.13,24,1203,310,594,187,1.1522,87.5
10780,-117.24,34.13,26,3774,716,1913,620,3.3534,98.9
10781,-117.23,34.12,6,4464,1093,2364,952,2.3848,81.6
10782,-117.23,34.13,10,1145,293,726,251,1.645,68.7
10783,-117.22,34.13,10,5951,1330,3204,1159,2.7011,110.2
10784,-117.2,34.13,14,3998,711,1509,665,3.4138,126.7
10785,-117.2,34.12,24,3532,618,1681,590,3.5,113.9
10786,-117.24,34.12,29,2654,667,1822,593,2.1563,72.3
10787,-117.24,34.11,23,1920,454,1161,358,2.2109,73.2
10788,-117.23,34.12,18,1439,319,699,310,2.1071,73.5
10789,-117.23,34.11,33,2170,500,1425,472,2.0133,78.3
10790,-117.22,34.12,30,2512,597,1390,523,2.3725,77.2
10791,-117.22,34.11,26,2972,603,1972,532,2.0388,80.4
10792,-117.21,34.12,32,1677,354,1021,339,3.6853,90.9
10793,-117.21,34.11,26,1757,304,905,281,3.4103,90.9
10794,-117.19,34.1,5,2167,384,1174,358,4.0114,97.7
10795,-117.21,34.08,5,5749,1385,2382,1088,3.0587,143.1
10796,-117.22,34.07,8,3065,692,1440,666,3.2368,129.2
10797,-117.17,34.12,2,3867,573,1275,433,5.4138,164.4
10798,-117.12,34.1,40,96,14,46,14,3.2708,162.5
10799,-117.17,34.12,3,15695,2248,6080,1920,6.2178,173.9
10800,-117.18,34.08,28,2243,399,1464,379,3.2105,90.3
10801,-117.19,34.08,22,2467,555,1567,494,2.6536,84.7
10802,-117.18,34.07,28,1306,279,885,255,2.1154,75.3
10803,-117.18,34.07,7,1347,301,799,276,2.9485,112.5
10804,-117.18,34.06,26,1953,446,1284,414,1.3485,85.1
10805,-117.18,34.06,28,699,180,432,168,2.1875,81.9
10806,-117.19,34.06,37,1467,348,1316,339,1.448,72.8
10807,-117.19,34.07,40,2374,500,1772,455,2.189,72.5
10808,-117.19,34.06,21,6107,1559,2805,1444,2.5643,102.7
10809,-117.18,34.05,29,3436,731,1323,676,2.4943,122.3
10810,-117.17,34.05,29,4007,700,1576,696,3.1801,149.3
10811,-117.18,34.04,41,1766,288,753,278,4.9125,140.7
10812,-117.18,34.05,52,1820,342,601,315,2.6129,137
10813,-117.19,34.05,52,1949,432,767,392,2.5143,117.6
10814,-117.19,34.05,33,1688,313,808,298,3.2188,117.8
10815,-117.19,34.05,33,3007,498,1252,488,3.8816,134.6
10816,-117.21,34.04,14,3063,426,1570,419,6.2917,224.7
10817,-117.21,34.05,4,2904,764,1250,664,3.2131,137.5
10818,-117.18,34.04,38,2492,381,1003,369,3.6875,152.8
10819,-117.19,34.03,36,2223,361,942,331,4.6806,152.4
10820,-117.19,34.03,25,2513,340,900,320,6.4962,182.4
10821,-117.16,34.08,9,5306,993,2630,925,4.51,135.8
10822,-117.17,34.07,24,6573,1235,2904,1202,3.0651,108
10823,-117.15,34.07,15,1852,316,906,298,5.3526,129.8
10824,-117.14,34.07,3,5542,828,2506,806,5.5875,162
10825,-117.14,34.06,15,3057,510,1154,460,3.9741,141.1
10826,-117.15,34.06,25,3670,644,1815,634,4.0658,127.4
10827,-117.16,34.05,23,3215,462,1411,435,6.0701,149.9
10828,-117.17,34.05,24,2877,507,1141,474,4.2059,121.5
10829,-117.15,34.04,14,2845,420,1172,377,7.5822,283.1
10830,-117.16,34.06,33,2101,468,1997,412,2.8125,117.2
10831,-117.16,34.06,17,2285,554,1412,541,1.8152,94.3
10832,-117.14,34.01,26,7561,1051,2909,1012,7.2972,269.6
10833,-117.15,34.03,32,2832,393,1033,385,6.5648,237.2
10834,-117.15,34.03,26,5305,701,1818,676,6.1461,217.1
10835,-117.17,34.03,33,4583,648,1760,638,6.3308,230.6
10836,-117.09,34.01,37,106,18,27,12,4.0556,131.3
10837,-117.09,34.07,24,6260,1271,3132,1189,2.5156,103
10838,-117.12,34.06,38,281,55,151,52,1.3906,120.8
10839,-117.13,34.06,4,3078,510,1341,486,4.9688,163.2
10840,-117.13,34.07,34,2405,541,1342,514,2.8031,86.9
10841,-117.12,34.04,25,2495,438,1071,405,4.8173,146.6
10842,-117.07,34.05,14,5764,1006,1876,841,1.9694,173.2
10843,-117.03,34.07,16,3784,577,1615,525,4.2333,220.3
10844,-117.02,34.03,19,4415,648,1627,619,4.2361,191.6
10845,-117.03,34.02,26,3909,670,1884,665,4.1361,121
10846,-117.01,34.01,15,5592,891,2419,840,4.7193,135.2
10847,-116.98,34.05,6,2290,312,957,274,7.2708,316.7
10848,-117.05,34.04,23,3967,766,1518,698,2.29,111.8
10849,-117.1,34.03,24,4144,826,2127,772,2.5172,96
10850,-117.08,34.03,23,3862,699,2082,652,3.154,115.7
10851,-117.08,34.02,20,3111,563,1453,538,3.3365,122.8
10852,-117.06,34.02,24,3912,809,1926,762,2.6875,116.3
10853,-117.05,34.02,21,3098,646,1351,614,2.598,106.7
10854,-117.05,34.01,27,5484,1205,2645,1131,2.1927,116.7
10855,-117.04,34.02,24,4663,1213,1851,1116,1.4418,103.5
10856,-117.05,34.03,28,3009,698,1200,626,1.3993,104.6
10857,-117.06,34.03,27,1945,446,859,418,1.5203,126.2
10858,-117.04,34.03,29,3375,795,1760,699,2.7028,92
10859,-117.04,34.04,30,3474,735,1674,691,2.5863,98.3
10860,-117.29,35.54,35,7922,1636,3431,1329,3.4145,40.4
10861,-117.37,34.59,39,8193,1747,6852,1597,2.3832,35
10862,-117.62,34.44,6,8884,1687,3767,1334,3.599,140.2
10863,-117.56,34.42,6,4264,749,2005,666,3.4695,138.8
10864,-117.51,34.41,5,2884,567,1396,465,3.7361,119.6
10865,-117.44,34.45,6,6068,1137,3094,947,3.5167,130.9
10866,-117.54,34.47,4,6712,1200,3126,1026,3.2277,126.5
10867,-117.5,34.66,20,1319,309,486,196,2.0184,84.9
10868,-117.42,34.59,8,5445,1360,3220,1214,1.7567,69.5
10869,-117.41,34.58,14,859,212,541,181,1.6838,57.9
10870,-117.4,34.58,18,755,169,483,165,1.4196,64.7
10871,-117.41,34.58,10,2964,668,1853,609,1.6047,73.4
10872,-117.54,34.55,5,2949,671,1620,530,2.9479,83.3
10873,-117.36,34.54,7,3940,764,2140,711,3.0357,91.3
10874,-117.63,34.37,20,7052,1306,2197,810,3.7252,167.1
10875,-117.61,34.34,18,5210,912,1301,464,4.8623,176.9
10876,-117.53,34.28,35,1529,338,688,256,4.1083,108
10877,-117.03,34.91,27,2718,583,1472,509,2.825,76.6
10878,-117.01,34.9,36,2181,555,1404,492,2.3077,55.5
10879,-117.02,34.9,37,1199,351,782,296,1.6515,61.6
10880,-117.06,34.9,36,2828,916,1762,736,1.4318,59.6
10881,-117.01,34.9,34,2194,519,1326,515,2.1056,72
10882,-117,34.89,29,2637,512,1188,446,2.99,69.4
10883,-117.01,34.89,26,2599,498,1332,443,2.7198,70.4
10884,-117.02,34.89,29,3111,661,1530,608,2.8281,69.3
10885,-117.04,34.89,37,1884,366,1052,353,3.175,66.8
10886,-117.05,34.89,36,1199,260,665,229,3.7065,62
10887,-117.22,34.44,5,4787,910,1944,806,2.6576,98.5
10888,-117.2,34.46,7,8414,1584,5146,1517,3.2794,92.5
10889,-117.12,34.46,17,1613,326,765,300,2.6827,110.4
10890,-117.11,34.43,14,3026,556,1349,485,2.8021,111.2
10891,-117.13,34.39,29,2251,464,855,315,3.4183,104.1
10892,-117.25,34.49,4,2372,361,1017,322,5.1112,170.9
10893,-117.23,34.49,9,4055,536,1458,478,5.4201,170.6
10894,-117.2,34.5,10,4201,850,2378,808,2.1781,92.2
10895,-117.17,34.49,13,4460,925,2225,840,2.0136,94.1
10896,-117.15,34.48,31,265,55,186,55,2.125,64.8
10897,-117.18,34.48,8,3561,691,2156,659,2.7778,86.9
10898,-117.2,34.48,7,4998,953,2764,891,3.205,101.9
10899,-117.22,34.48,7,2449,447,1217,408,3.6646,109.9
10900,-117.26,34.53,10,3103,520,1283,464,3.071,151.6
10901,-117.25,34.51,7,3200,477,1522,470,4.6914,142.2
10902,-117.23,34.51,9,5756,807,2158,758,5.5875,167.8
10903,-117.21,34.51,17,4379,629,1720,595,5.086,148.4
10904,-117.25,34.53,13,5841,955,2455,915,4.1333,158.2
10905,-117.22,34.54,8,12526,2495,6133,2324,2.9072,119.2
10906,-117.2,34.52,12,4476,761,2255,735,3.925,118.5
10907,-117.17,34.51,15,5151,942,2896,897,3.4875,90.8
10908,-117.3,34.53,38,1643,489,1196,406,1.2275,64.1
10909,-117.3,34.54,31,1174,360,1161,328,1.06,56.5
10910,-117.3,34.54,25,2546,488,1338,487,3.2596,85.4
10911,-117.31,34.53,26,2299,496,1259,441,2.6125,79.9
10912,-117.32,34.54,9,5904,1165,3489,1063,3.125,92.8
10913,-117.33,34.53,10,3781,712,2044,685,3.0943,97.1
10914,-117.34,34.51,6,5667,1385,2447,1199,2.3617,103.1
10915,-117.35,34.5,10,2163,392,1174,362,3.375,98
10916,-117.34,34.49,9,3293,585,1678,530,3.2941,98.3
10917,-117.36,34.48,3,16533,2549,7588,2285,3.9792,122.1
10918,-117.3,34.52,34,4493,838,2335,779,3.1635,74.3
10919,-117.32,34.51,16,3072,612,1283,604,2.8929,115.6
10920,-117.31,34.51,18,2704,698,1611,597,2.0243,82.3
10921,-117.28,34.51,10,4676,884,2845,812,3.0181,100.4
10922,-117.32,34.49,7,4584,1051,2049,918,1.6232,93.4
10923,-117.29,34.49,3,7689,1545,3804,1399,3.3871,111.8
10924,-117.32,34.48,8,4627,887,2739,846,3.0204,93.1
10925,-117.27,34.5,7,2045,342,878,292,6.0296,194.1
10926,-117.27,34.49,7,2344,351,846,314,4.7361,174.5
10927,-117.27,34.48,8,1794,276,690,271,3.662,165.3
10928,-117.26,34.48,6,4632,753,1851,694,4.1933,163.1
10929,-117.27,34.5,8,3567,543,1133,419,5.3733,302.6
10930,-117.25,34.41,13,3682,668,1606,668,2.1875,119.7
10931,-117.28,34.41,14,2105,396,960,396,2.9934,118.2
10932,-117.29,34.41,11,5934,1380,2756,1239,1.5758,108.3
10933,-117.3,34.39,11,3572,592,1876,507,3.6615,105.1
10934,-117.27,34.39,6,6988,1121,3660,1092,4.2224,125.7
10935,-117.31,34.35,9,2404,390,1074,359,5.0198,151.9
10936,-117.31,34.41,14,3019,643,1639,582,1.5288,103.4
10937,-117.32,34.41,13,2032,348,1038,344,4.2891,120.1
10938,-117.33,34.41,13,3684,604,1767,585,3.7478,113.5
10939,-117.34,34.39,8,3579,672,2216,630,3.4038,100.5
10940,-117.31,34.39,15,1703,273,847,266,3.7917,123.4
10941,-117.39,34.38,4,7151,1295,3527,1170,3.5696,129.7
10942,-117.3,34.46,8,6246,1273,3883,1264,2.7917,98.2
10943,-117.31,34.43,16,5130,1172,3126,1046,1.6784,71.9
10944,-117.35,34.44,9,11810,2181,6716,2081,3.1821,95.6
10945,-117.38,34.44,4,5083,867,2541,856,4.2414,121.4
10946,-117.34,34.46,9,5983,1122,3515,1064,3.1505,102
10947,-117.27,34.42,9,5643,1005,3166,957,3.2077,93.3
10948,-117.26,34.43,11,4597,782,2534,776,3.3368,99.3
10949,-117.27,34.45,8,6463,1095,3213,1031,3.2215,108.8
10950,-116.72,34.89,14,4527,875,1640,590,2.8594,81.7
10951,-115.93,35.55,18,1321,272,754,226,3.4028,67.5
10952,-115.75,35.23,5,208,78,132,56,2.5333,75
10953,-115.53,34.91,12,807,199,246,102,2.5391,40
10954,-116.51,34.85,15,3149,713,1281,486,2,64.7
10955,-116.57,35.43,8,9975,1743,6835,1439,2.7138,22.5
10956,-116.14,34.45,12,8796,1721,11139,1680,2.2612,137.5
10957,-116.32,34.1,10,4256,861,1403,686,2.6618,81
10958,-116.27,34.13,37,452,109,184,59,3.7292,65.8
10959,-116.31,34.13,20,2352,556,1217,481,1.6063,55.4
10960,-116.35,34.13,9,1969,406,805,349,1.5491,62.3
10961,-116.32,34.14,18,1880,487,994,425,1.69,54.2
10962,-116.33,34.15,13,1808,411,735,320,1.5489,57.4
10963,-116.29,34.18,15,4203,966,1756,695,2.182,60.8
10964,-116.62,34.23,14,6438,1719,1586,691,1.6136,67.4
10965,-116.73,34.52,16,1247,315,433,159,1.0568,75
10966,-116.51,34.45,21,8502,2634,2330,991,1.3811,51.3
10967,-116.56,34.06,15,6928,1529,2568,1075,2.5405,69.6
10968,-116.44,34.16,19,1867,361,758,321,2.8929,98.1
10969,-116.38,34.2,14,4985,1238,2517,954,2.0674,65
10970,-116.39,34.15,15,5583,1149,2709,964,1.9779,73.3
10971,-116.44,34.12,18,5584,1303,2250,1158,1.5823,72.4
10972,-116.47,34.07,22,5473,1234,2581,1098,1.9375,65.3
10973,-116.43,34.1,17,6683,1296,2677,1227,2.4828,84
10974,-116.4,34.09,9,4855,872,2098,765,3.2723,97.8
10975,-116.4,34.12,16,5648,1089,2524,1008,2.6739,78
10976,-116.38,34.1,6,2104,348,841,320,4.1458,116.3
10977,-116.22,34.21,23,1175,468,355,151,2.2083,42.5
10978,-116.14,34.22,32,3298,1228,763,360,1.875,47.8
10979,-116.06,34.2,29,1202,290,383,156,1.3371,66.9
10980,-116.06,34.15,15,10377,2331,4507,1807,2.2466,66.8
10981,-116.09,34.15,13,9444,1997,4166,1482,2.6111,65.6
10982,-116.15,34.14,18,3312,705,1251,512,3.0139,82.6
10983,-116.05,34.12,19,301,65,150,56,3.125,65.6
10984,-116.02,34.18,8,569,97,312,96,4.3021,94.5
10985,-115.85,34.2,34,3868,1257,890,423,1.3571,41
10986,-115.52,34.22,30,540,136,122,63,1.3333,42.5
10987,-116,34.12,32,3163,712,1358,544,2.125,57.7
10988,-114.94,34.55,20,350,95,119,58,1.625,50
10989,-114.47,34.4,19,7650,1901,1129,463,1.82,80.1
10990,-114.31,34.19,15,5612,1283,1015,472,1.4936,66.9
10991,-114.59,34.83,41,812,168,375,158,1.7083,48.5
10992,-114.65,34.89,17,2556,587,1005,401,1.6991,69.1
10993,-114.6,34.83,46,1497,309,787,271,2.1908,48.1
10994,-114.61,34.84,48,1291,248,580,211,2.1571,48.6
10995,-114.64,34.83,10,2502,573,1152,481,1.7062,86.8
10996,-117.36,34.28,18,3903,715,1388,428,4.2386,157.2
10997,-117.28,34.26,18,3895,689,1086,375,3.3672,133.6
10998,-117.31,34.25,29,4610,1043,1569,592,2.7663,97.9
10999,-117.32,34.24,29,1290,263,323,113,1.9265,103.3
11000,-117.3,34.24,38,4116,949,1196,422,3.5625,96.5
11001,-117.28,34.24,16,3474,633,853,315,5.2185,128.6
11002,-117.27,34.24,34,3687,756,941,367,2.875,117.6
11003,-117.26,34.24,10,4750,844,1220,428,4.5536,132.4
11004,-117.27,34.23,26,6339,1244,1177,466,3.7708,110.4
11005,-117.16,34.26,27,9285,1621,1135,410,2.5446,135.2
11006,-117.18,34.3,33,399,87,71,27,1.875,71.3
11007,-117.17,34.28,13,4867,718,780,250,7.1997,253.8
11008,-117.19,34.27,16,7961,1147,879,280,5.2146,255.2
11009,-117.21,34.28,16,3326,569,527,192,5.7421,167.6
11010,-117.2,34.26,17,9419,1455,1382,459,6.2233,230.9
11011,-117.22,34.26,16,8020,1432,1749,540,4.9716,162.5
11012,-117.2,34.24,22,8106,1665,1062,423,3.0434,137.2
11013,-117.17,34.25,15,4236,753,703,255,3.5625,165.5
11014,-117.21,34.22,31,5454,1053,1408,504,5,161.1
11015,-117.07,34.24,21,4773,1047,337,130,3.9375,115
11016,-117.13,34.24,17,2828,506,673,274,5.2563,144.1
11017,-117.15,34.22,10,1039,174,317,109,7.2371,171.9
11018,-117.12,34.21,19,4641,994,1334,474,4.5972,123.9
11019,-117.1,34.21,22,4397,931,1145,445,4.5268,108.4
11020,-117.09,34.22,16,1347,327,271,91,4,87.5
11021,-117.06,34.17,21,2520,582,416,151,2.712,89
11022,-117.13,34.17,17,1181,271,248,114,5.5762,150
11023,-116.94,34.24,27,12342,2630,1300,566,1.998,153.5
11024,-116.91,34.24,23,6379,1636,1350,568,1.6336,124.5
11025,-116.9,34.25,16,3018,523,556,244,3.5288,189.7
11026,-116.88,34.24,13,4137,796,573,218,4.6394,226.5
11027,-116.88,34.25,11,1089,198,230,90,4.9643,176
11028,-116.87,34.24,15,4419,822,622,267,3.9688,182.8
11029,-116.86,34.24,19,5411,1042,441,185,3.1324,132
11030,-116.86,34.23,13,4760,938,309,132,5.4618,147.8
11031,-116.99,34.3,29,5055,1036,410,191,3.5104,157.1
11032,-116.89,34.27,13,3661,770,567,228,4.4063,152.6
11033,-116.86,34.31,19,1649,328,382,151,4.0556,133
11034,-116.85,34.26,18,6988,1635,2044,726,2.4308,90.6
11035,-116.85,34.26,19,5395,1220,981,366,2.6094,92.4
11036,-116.85,34.25,5,5806,1030,569,219,4.0132,163.1
11037,-116.83,34.25,15,8948,1985,1316,514,2.7375,90.8
11038,-116.82,34.24,11,5799,1527,713,262,2.5147,84.7
11039,-116.76,34.29,14,3959,849,1064,376,2.8214,111.4
11040,-116.76,34.23,10,4374,989,1020,376,2.6071,89
11041,-116.98,34.13,16,2098,449,342,143,4.0333,133.9
11042,-116.98,34.07,21,739,125,199,82,4.8958,117.5
11043,-116.88,34.08,52,3419,777,710,265,3.9028,128.6
11044,-116.76,34.14,4,42,10,9,3,0.536,42.5
11045,-116.88,34.19,38,898,259,106,52,1.6875,225
11046,-117.46,34.85,7,9759,1816,2933,1168,3.4912,157.7
11047,-117.28,35.13,32,671,166,856,114,2.6477,53.3
11048,-116.85,34.98,26,3606,792,1683,608,2.6587,57.4
11049,-117.14,34.75,33,552,120,347,97,1.8158,100
11050,-117.28,34.68,28,1932,421,1156,404,1.8958,55.6
11051,-117.06,34.87,14,3348,619,1756,557,3.5987,91.4
11052,-117.13,34.88,21,3254,669,1548,545,2.3373,57.1
11053,-117.15,34.83,30,5370,1062,2778,944,3.099,66.8
11054,-117.19,34.94,31,2034,444,1097,367,2.1522,60.8
11055,-117.16,34.9,16,1579,327,934,298,2.7305,73.8
11056,-117.08,34.96,28,1777,307,721,259,3.6343,79.8
11057,-116.96,34.94,20,2355,467,1198,428,3.9934,88.5
11058,-116.99,34.89,24,2741,577,1551,522,3.474,70.5
11059,-116.99,34.88,23,6060,1165,2920,1072,3.1528,69
11060,-117,34.87,16,6862,1292,3562,1126,3.6091,87.2
11061,-117.02,34.88,18,2127,443,1168,401,3.0313,80
11062,-117.03,34.87,7,2245,407,1016,364,3.9464,101.5
11063,-116.96,34.83,30,1211,289,611,230,1.6667,44.7
11064,-116.9,34.69,10,337,102,108,50,0.4999,55
11065,-117.24,34.59,4,5027,797,1869,686,3.5507,186.1
11066,-117.29,34.57,22,1054,239,428,239,1.2548,68.3
11067,-117.1,34.57,6,5110,1044,1938,724,3.1917,112.8
11068,-116.9,34.52,20,3481,840,1694,587,1.4,77.7
11069,-116.94,34.4,20,6541,1401,2631,980,2.1339,78.5
11070,-117.18,32.76,52,2023,301,649,285,4.7396,441.7
11071,-117.18,32.75,52,1504,208,518,196,8.603,459.6
11072,-117.19,32.75,52,1495,230,459,190,8.1548,500.001
11073,-117.19,32.75,52,1388,213,513,211,6.1309,411.6
11074,-117.17,32.75,38,5430,1176,2357,1100,3.654,249
11075,-117.18,32.74,39,3132,738,1200,690,2.5288,274
11076,-117.18,32.75,36,2282,534,918,531,2.7222,284.7
11077,-117.17,32.75,52,1052,239,381,201,3.0726,289.6
11078,-117.16,32.75,23,2474,594,1107,536,2.9705,245.5
11079,-117.16,32.75,49,1566,494,643,419,1.9637,137.5
11080,-117.16,32.74,52,852,262,389,249,2.6042,225
11081,-117.16,32.74,21,1882,486,903,482,3.06,243.8
11082,-117.16,32.74,27,2335,604,982,590,3.1921,261.5
11083,-117.17,32.75,28,1514,384,540,352,2.1532,240
11084,-117.16,32.75,19,5430,1593,2496,1484,2.9112,199.1
11085,-117.16,32.75,34,1785,558,804,490,2.2687,200
11086,-117.15,32.76,43,2361,489,824,470,3.4196,302.2
11087,-117.15,32.76,36,2644,674,1211,654,3.0445,214.8
11088,-117.15,32.76,40,1809,474,826,456,2.6518,179.8
11089,-117.15,32.76,37,1921,502,811,472,2.75,175
11090,-117.15,32.75,40,2261,579,903,525,2.465,198.7
11091,-117.15,32.75,9,2818,821,851,555,2.6181,204.2
11092,-117.15,32.75,27,3166,867,1332,817,2.6742,171.4
11093,-117.15,32.74,43,2383,607,962,587,2.2578,263.6
11094,-117.15,32.74,26,3149,832,1320,808,3.0259,211.7
11095,-117.14,32.75,35,1391,329,726,317,2.6818,159.4
11096,-117.14,32.74,47,1494,327,689,304,3.125,172.7
11097,-117.14,32.74,16,6075,1816,2592,1634,2.5553,178.1
11098,-117.14,32.75,25,1908,513,956,467,2.4828,133.3
11099,-117.14,32.75,37,1832,525,955,488,2.7852,129.2
11100,-117.14,32.75,20,1182,379,678,326,2.1937,162.5
11101,-117.14,32.75,27,1551,464,880,400,2.4167,131.3
11102,-117.14,32.76,28,3025,756,1328,695,2.694,164.1
11103,-117.14,32.76,35,2539,661,1308,629,2.6777,146.4
11104,-117.14,32.76,32,2587,681,1246,650,2.1727,145.5
11105,-117.13,32.77,30,2582,650,1098,603,2.8281,171.7
11106,-117.13,32.76,29,2568,682,1191,642,2.1094,162.5
11107,-117.13,32.76,41,1545,420,747,415,2.375,154.4
11108,-117.13,32.76,27,2280,695,1235,664,1.9392,142.9
11109,-117.13,32.76,33,1591,461,794,425,2.6333,140
11110,-117.13,32.76,22,2623,732,1283,718,2.1563,127.1
11111,-117.14,32.76,24,3523,991,1775,873,2.1273,142.3
11112,-117.13,32.75,24,1877,519,898,483,2.2264,112.5
11113,-117.13,32.75,28,2279,671,1166,623,1.95,150
11114,-117.13,32.75,23,3999,1182,2051,1130,2.1292,135
11115,-117.13,32.75,31,2336,656,1186,609,2.5872,130.6
11116,-117.13,32.75,50,1476,354,698,354,3,168.8
11117,-117.13,32.74,52,1512,321,651,321,3.6852,185.3
11118,-117.13,32.75,37,4142,1031,1936,968,2.693,174.1
11119,-117.12,32.75,37,2344,546,1134,513,2.4394,118.3
11120,-117.12,32.74,46,1898,441,978,439,3.2708,155.2
11121,-117.13,32.75,20,2271,602,992,520,2.2599,157.6
11122,-117.12,32.75,15,2671,724,1800,646,2.1394,106.7
11123,-117.12,32.75,17,2060,633,1251,602,1.9886,119.2
11124,-117.12,32.75,20,1406,413,850,412,2.3261,114.6
11125,-117.12,32.75,25,2222,634,1025,568,1.64,130
11126,-117.12,32.76,23,2681,717,1279,648,2.1597,116.1
11127,-117.12,32.76,33,2279,591,1250,576,2.4297,139
11128,-117.12,32.76,43,2336,644,1203,614,2.3594,127.8
11129,-117.12,32.76,26,1221,331,620,296,2.4821,123.6
11130,-117.11,32.76,29,2030,545,1014,518,2.2409,114.2
11131,-117.12,32.76,28,2160,608,1339,571,1.9152,128.1
11132,-117.12,32.76,27,1426,364,792,353,2.0673,118.8
11133,-117.12,32.76,28,1605,501,936,460,2.5991,147.5
11134,-117.12,32.76,17,1559,462,821,428,2.0139,150
11135,-117.12,32.76,41,1469,421,803,395,2.1856,120.5
11136,-117.11,32.77,48,1502,272,590,265,2.5952,190.3
11137,-117.11,32.77,50,1729,355,617,337,3.6705,167
11138,-117.12,32.77,48,2012,422,893,394,2.7928,175
11139,-117.12,32.77,43,2167,464,977,461,3.125,192.2
11140,-117.11,32.77,52,1484,224,498,223,6.6053,331.4
11141,-117.1,32.77,49,4449,711,1606,709,5.7768,281.6
11142,-117.1,32.76,52,2606,426,883,380,4.2813,270.8
11143,-117.09,32.77,38,2065,374,812,343,3.125,216.5
11144,-117.09,32.76,43,3889,711,1466,663,3.5529,223
11145,-117.1,32.76,30,1835,474,934,415,2.875,139.6
11146,-117.11,32.76,28,1457,397,672,342,1.9799,122.7
11147,-117.11,32.76,21,2226,600,1085,533,2.2604,126.3
11148,-117.11,32.76,19,2188,616,1304,607,2.0852,114.4
11149,-117.1,32.75,17,871,379,955,351,1.4375,96.4
11150,-117.1,32.75,11,2393,726,1905,711,1.3448,91.3
11151,-117.11,32.75,11,1607,478,1384,450,2.05,100
11152,-117.11,32.75,21,2127,658,1812,603,1.6896,100
11153,-117.11,32.75,18,1943,587,1329,522,1.7696,103.1
11154,-117.09,32.76,29,1650,496,882,445,2.2287,140
11155,-117.1,32.76,31,987,267,619,250,2.9286,151.8
11156,-117.1,32.75,16,2426,799,1505,754,1.6444,103.4
11157,-117.1,32.75,21,2063,609,1686,558,1.4828,94.8
11158,-117.1,32.75,20,2355,722,1848,576,2.0036,99.2
11159,-117.1,32.75,15,2422,774,2120,715,1.0617,92.4
11160,-117.1,32.75,23,1858,551,1506,492,1.7446,85.2
11161,-117.11,32.75,20,1667,469,1292,445,2.0893,101.1
11162,-117.11,32.75,34,2131,594,1373,562,2.113,102.1
11163,-117.12,32.75,13,2795,773,1869,690,2.1767,101.8
11164,-117.1,32.74,14,2361,601,1831,526,1.6102,93.4
11165,-117.11,32.74,25,2846,644,2272,632,2.2,98.7
11166,-117.11,32.74,25,684,190,665,187,2.4524,90.3
11167,-117.11,32.74,33,1126,267,621,241,3.2422,123.1
11168,-117.11,32.73,35,1689,397,1135,366,2.3269,97.3
11169,-117.1,32.73,24,2927,704,2005,668,2.2375,102.9
11170,-117.11,32.73,27,3160,627,1628,612,3.8864,132.6
11171,-117.09,32.75,30,1899,546,1620,493,1.6034,84.4
11172,-117.09,32.74,23,3130,779,2472,744,2.32,93.2
11173,-117.1,32.74,20,3854,1046,3555,966,1.6747,100
11174,-117.1,32.74,30,1772,500,1389,447,2.3641,94.1
11175,-117.1,32.75,11,1976,548,1528,512,1.4886,89.8
11176,-117.08,32.75,20,1886,586,1134,525,1.5029,100
11177,-117.08,32.75,16,1111,328,930,303,1.2347,128.1
11178,-117.08,32.75,15,1821,516,1385,439,2.5101,95.3
11179,-117.09,32.75,24,1245,376,1230,362,1.875,95
11180,-117.09,32.75,20,1701,503,1482,465,1.6789,95.5
11181,-117.09,32.76,10,1922,577,1595,545,1.5208,118.8
11182,-117.08,32.76,18,1704,596,1639,548,1.7391,125
11183,-117.07,32.76,14,2523,545,1297,525,2.3886,138.1
11184,-117.07,32.75,37,2690,549,1219,524,2.3148,154.2
11185,-117.07,32.75,14,3073,851,2000,782,2.3824,144.7
11186,-117.07,32.75,9,3464,749,1687,645,3.3026,119.1
11187,-117.05,32.74,34,2178,455,1193,446,3.1719,115.3
11188,-117.07,32.75,31,2036,501,1263,442,2.5583,120.7
11189,-117.08,32.75,20,1989,508,1452,462,2.0077,118.3
11190,-117.08,32.74,26,2359,622,2067,581,1.8103,124.7
11191,-117.09,32.75,19,2739,707,2004,622,1.6318,117.7
11192,-117.08,32.74,33,3260,673,1784,666,3.5078,126.5
11193,-117.08,32.73,36,3331,643,1903,622,3.6974,122
11194,-117.08,32.74,35,1434,253,753,228,2.3812,135.1
11195,-117.08,32.73,19,2935,763,1953,720,1.4254,111.3
11196,-117.07,32.73,18,2968,656,1149,581,2.6452,154.2
11197,-117.07,32.78,22,922,240,1524,235,1.6815,218.8
11198,-117.09,32.77,31,3062,596,1263,539,3.0875,291.5
11199,-117.08,32.77,31,1070,155,426,153,6.1628,219.2
11200,-117.07,32.77,38,3779,614,1495,614,4.3529,184
11201,-117.08,32.77,25,3911,849,1580,767,2.7778,184.1
11202,-117.09,32.76,31,2567,624,1255,582,2.5909,159.1
11203,-117.08,32.76,20,2547,785,1199,643,1.7743,140.3
11204,-117.04,32.77,21,1824,447,962,431,2.7826,143.8
11205,-117.05,32.77,23,2556,662,1200,548,1.8899,147.7
11206,-117.06,32.77,18,2269,682,1329,581,1.7951,161.8
11207,-117.06,32.77,34,1730,373,730,350,2.0284,161.8
11208,-117.05,32.77,33,3535,683,1568,672,2.8097,158.3
11209,-117.06,32.76,36,2785,577,1275,527,2.3015,156.8
11210,-117.06,32.76,38,1549,288,636,278,3.2188,150.5
11211,-117.05,32.76,46,1887,359,795,358,3.25,159.6
11212,-117.06,32.76,24,1629,587,1012,488,1.7452,156.8
11213,-117.05,32.75,36,2024,408,1030,390,3.8233,139.8
11214,-117.06,32.75,34,2516,611,1317,594,2.2308,125.9
11215,-117.05,32.75,35,2144,388,1003,383,3.0938,137.3
11216,-117.07,32.72,18,1758,286,987,277,4.6875,141.8
11217,-117.08,32.72,32,2286,468,1741,467,3.0446,101.9
11218,-117.07,32.71,36,2448,475,1268,450,2.5682,109.1
11219,-117.06,32.73,33,3444,619,1884,582,3.7891,126.7
11220,-117.06,32.72,31,2669,514,1626,499,3.1923,116.9
11221,-117.05,32.72,35,1777,369,1158,353,3.4107,117
11222,-117.06,32.71,25,2681,596,1947,553,2.8964,104.3
11223,-117.07,32.71,39,2754,652,2263,619,2.2454,89.6
11224,-117.08,32.7,37,2176,418,1301,375,2.875,98.9
11225,-117.06,32.71,11,2397,523,1566,514,3.8687,145.2
11226,-117.08,32.71,27,2204,598,1656,521,1.4821,86.2
11227,-117.07,32.71,26,4151,823,2822,697,2.8372,123.4
11228,-117.07,32.69,20,2192,406,1766,393,4.0921,135
11229,-117.04,32.71,28,5274,991,3727,961,3.57,109.8
11230,-117.05,32.71,25,3292,608,2266,592,3.2986,119.2
11231,-117.03,32.71,33,3126,627,2300,623,3.2596,103
11232,-117.03,32.71,34,2328,444,1684,429,3.25,99.6
11233,-117.02,32.7,22,2756,516,1849,486,4.1837,125.4
11234,-117.02,32.7,18,1643,283,1134,269,5.1769,133
11235,-117.01,32.7,25,2321,398,1434,386,3.5341,120.8
11236,-117.05,32.69,8,831,158,740,154,5.3908,165.5
11237,-117.06,32.69,9,1520,269,1250,265,4.8875,157.7
11238,-117.06,32.69,9,521,111,491,110,5.1305,158.9
11239,-117.03,32.7,19,2304,572,2010,556,2.2866,109.9
11240,-117.04,32.69,27,1790,356,1286,347,3.5437,115.8
11241,-117.04,32.7,7,9311,1703,7302,1694,4.419,156.9
11242,-117.06,32.68,38,1481,317,1080,291,2.85,125.8
11243,-117.06,32.68,36,3815,796,2945,728,2.0959,125
11244,-117.05,32.69,21,991,210,695,203,3.625,144.3
11245,-117.06,32.68,41,2665,515,1664,512,2.375,113.5
11246,-117.06,32.67,29,4047,754,2353,730,4.0505,125
11247,-117.05,32.68,35,3414,580,1761,522,3.9922,129.8
11248,-117.05,32.67,16,2168,343,1589,338,5.4863,153.8
11249,-117.06,32.66,33,3425,511,1528,479,5.6889,234.6
11250,-117.06,32.66,24,2587,491,1617,458,3.5066,133.4
11251,-117.04,32.66,22,3362,630,1471,612,4.1442,303.9
11252,-117.03,32.67,15,5094,818,2118,758,5.3505,266.6
11253,-117.05,32.69,14,1689,555,1319,527,3.16,143.8
11254,-117.05,32.68,15,1828,359,955,248,3.2174,165.1
11255,-117.04,32.68,14,1320,270,943,260,5.0947,152.7
11256,-117.04,32.69,9,3417,860,2521,828,3.02,158.9
11257,-117.04,32.68,9,3087,609,1530,556,3.775,125
11258,-117.01,32.7,7,2327,490,1304,445,3.3553,132.2
11259,-117.02,32.69,7,6055,1004,3031,952,4.436,135
11260,-117.03,32.69,8,2460,397,1784,390,4.5662,175.5
11261,-117.09,32.71,12,3375,945,2357,808,1.5,106.3
11262,-117.09,32.7,15,869,217,887,216,1.4583,84.2
11263,-117.09,32.7,22,2409,582,1887,578,1.4089,94.2
11264,-117.09,32.69,18,1645,430,1221,410,1.3269,108
11265,-117.1,32.69,11,3071,911,2812,774,1.2413,83.1
11266,-117.1,32.7,42,2002,488,1505,464,1.5057,86.3
11267,-117.1,32.71,9,1931,472,1628,445,2.085,92.6
11268,-117.09,32.73,26,3114,686,1948,660,2.8942,124.1
11269,-117.09,32.72,39,1273,246,770,242,2.0938,102.5
11270,-117.09,32.72,33,1096,240,716,224,1.6944,111.8
11271,-117.09,32.73,28,3109,594,1559,589,3.5789,120.3
11272,-117.09,32.71,29,2238,523,2061,504,2.5559,96.8
11273,-117.1,32.71,29,3422,713,2775,644,1.7075,86.9
11274,-117.1,32.71,25,939,247,1003,240,1.75,87.9
11275,-117.11,32.72,25,1491,348,1183,316,1.9583,88.6
11276,-117.11,32.7,34,2028,522,1797,464,1.7402,79.4
11277,-117.11,32.7,37,2045,502,1920,472,1.8125,83.3
11278,-117.11,32.7,33,1980,488,1626,428,1.4856,86.4
11279,-117.12,32.7,14,819,237,827,237,1.3194,90.5
11280,-117.12,32.7,36,1011,253,763,226,1.8187,84.1
11281,-117.1,32.69,37,1269,340,1369,302,2.2102,87.2
11282,-117.1,32.69,35,1292,272,1183,272,2.0547,98
11283,-117.11,32.69,36,1421,367,1418,355,1.9425,93.4
11284,-117.11,32.69,37,2395,627,2489,599,1.5933,86.3
11285,-117.12,32.69,46,200,77,180,65,1.0658,93.8
11286,-117.12,32.69,37,1082,294,1146,265,2.0673,88.5
11287,-117.12,32.7,37,1361,348,1398,328,1.1681,78.1
11288,-117.13,32.69,36,1469,400,1271,340,1.043,90.1
11289,-117.13,32.7,42,1210,292,945,258,0.8991,78.9
11290,-117.13,32.7,38,1445,392,1286,357,1.4632,80.2
11291,-117.13,32.7,35,1179,344,1372,330,1.9509,70.2
11292,-117.12,32.71,33,1256,331,1315,321,1.9286,78.5
11293,-117.13,32.71,38,993,246,760,205,1.1563,82.7
11294,-117.13,32.71,42,1145,314,1114,307,1.2614,87.5
11295,-117.13,32.71,44,1697,413,1396,363,1.5474,83.3
11296,-117.13,32.72,32,2197,623,1784,599,1.901,120.3
11297,-117.13,32.72,9,2436,720,1780,653,1.8299,137.5
11298,-117.13,32.72,19,1341,435,1048,360,1.975,117.9
11299,-117.12,32.72,36,6096,1285,3093,1229,3.37,159.1
11300,-117.12,32.73,50,2307,424,887,356,3.5156,168.8
11301,-117.13,32.74,46,3355,768,1457,708,2.6604,170.1
11302,-117.13,32.73,52,2676,557,1181,537,3.6058,213.1
11303,-117.13,32.74,50,1527,338,728,322,2.625,203.2
11304,-117.13,32.73,43,2706,667,1531,614,2.1513,145
11305,-117.13,32.72,43,2160,504,1221,452,2.4821,140.6
11306,-117.13,32.73,52,1911,415,777,412,2.2429,221.1
11307,-117.14,32.72,42,1558,458,1227,407,2.2804,139.1
11308,-117.13,32.72,17,1285,423,1208,409,1.758,126.6
11309,-117.14,32.71,34,1694,455,1467,425,2.1164,139.4
11310,-117.14,32.71,32,719,251,894,208,1.8456,103.1
11311,-117.14,32.72,43,1073,344,660,279,2.0529,168.8
11312,-117.14,32.72,34,2533,862,2011,778,2.1199,160.4
11313,-117.14,32.71,52,1225,332,955,321,1.6011,106.3
11314,-117.14,32.71,52,979,314,975,297,1.2375,100
11315,-117.14,32.71,52,800,313,1337,282,1.5594,87.5
11316,-117.14,32.71,52,500,113,480,108,1.8696,91.1
11317,-117.13,32.71,37,1220,325,1472,323,1.825,81.5
11318,-117.13,32.71,35,614,180,691,164,1.6953,81.3
11319,-117.14,32.71,43,966,255,857,208,1.2841,72
11320,-117.14,32.7,32,1280,353,1335,330,1.6023,77.3
11321,-117.14,32.7,40,1227,330,1199,316,1.2188,92.5
11322,-117.14,32.7,36,633,148,557,139,1.5729,82.7
11323,-117.14,32.7,48,510,180,545,132,1.8008,86.5
11324,-117.14,32.7,44,658,218,869,212,1.9338,89.4
11325,-117.15,32.7,50,475,172,483,120,1.3657,162.5
11326,-117.15,32.71,52,402,183,557,172,1.3125,87.5
11327,-117.15,32.72,52,344,177,460,147,1.2292,137.5
11328,-117.16,32.72,52,788,463,805,391,0.9142,162.5
11329,-117.16,32.71,52,845,451,1230,375,1.0918,22.5
11330,-117.16,32.71,5,2508,827,2066,761,1.3092,325
11331,-117.17,32.71,7,2493,693,951,641,4.2375,205
11332,-117.17,32.71,39,311,181,206,113,0.7685,187.5
11333,-117.14,32.73,26,450,132,317,109,4,137.5
11334,-117.15,32.72,51,1321,550,781,499,1.3071,250
11335,-117.16,32.72,24,1232,663,1184,626,1.0391,162.5
11336,-117.16,32.73,52,1218,471,821,429,1.9597,200
11337,-117.16,32.72,27,1245,471,653,451,1.2668,225
11338,-117.17,32.73,52,408,143,313,143,1.815,116.7
11339,-117.17,32.72,44,626,256,572,229,1.5909,262.5
11340,-117.16,32.73,52,1682,617,873,534,2.0972,112.5
11341,-117.16,32.73,52,1863,559,906,493,1.9203,195.8
11342,-117.17,32.73,52,1578,487,879,446,2.4069,215
11343,-117.16,32.74,49,1815,495,601,410,3.0571,418.8
11344,-117.16,32.74,43,1437,406,692,379,3.1979,466.7
11345,-117.17,32.74,39,3803,806,1567,775,3.7039,361.5
11346,-117.17,32.74,38,5054,1168,2366,1103,2.9422,289.4
11347,-117.2,32.76,40,581,157,298,156,2.4,255
11348,-117.19,32.75,33,1115,316,583,269,2.5882,258.3
11349,-117.18,32.74,20,1165,269,459,244,3.175,191.7
11350,-117.19,32.75,52,25,5,13,5,0.536,162.5
11351,-117.21,32.75,15,1716,702,914,672,1.0612,300
11352,-117.21,32.74,45,3025,583,1980,550,2.2982,87.5
11353,-117.21,32.75,27,2072,534,1118,510,2.8043,262.1
11354,-117.22,32.75,24,3914,985,2147,874,2.9735,225
11355,-117.22,32.75,26,696,185,384,184,2.6121,125
11356,-117.23,32.75,23,2415,653,1275,596,3.1389,101.8
11357,-117.22,32.75,26,617,112,251,110,3.8036,162
11358,-117.23,32.75,11,4304,1245,1960,1105,3.3456,159.8
11359,-117.22,32.74,41,2621,542,1074,471,2.4016,287.5
11360,-117.22,32.75,34,6001,1111,2654,1072,4.5878,291
11361,-117.22,32.73,38,3966,768,1640,729,3.8409,291.4
11362,-117.23,32.73,35,2914,683,1562,638,2.5259,240.2
11363,-117.23,32.73,44,1168,263,509,256,2.7273,269.7
11364,-117.23,32.74,44,1404,229,513,217,4.1806,263.8
11365,-117.24,32.73,37,2260,354,809,351,5.9113,388.3
11366,-117.23,32.73,36,2052,287,699,265,7.5557,441.4
11367,-117.23,32.72,38,2827,581,972,558,3.2361,500.001
11368,-117.24,32.71,32,4164,701,1277,607,6.6661,500.001
11369,-117.24,32.72,39,3819,594,1361,583,6.6013,396.4
11370,-117.25,32.73,38,1840,291,633,283,4.9125,383.6
11371,-117.25,32.72,36,2632,450,2038,419,6.5319,345.8
11372,-117.28,32.73,44,1934,325,783,316,4.8684,358.6
11373,-117.28,32.74,33,4168,1112,1785,984,2.7515,247.7
11374,-117.25,32.74,36,3548,956,1648,866,2.6962,288.2
11375,-117.25,32.74,36,1830,430,755,419,2.9904,286.8
11376,-117.25,32.74,40,2186,549,953,515,2.8007,257.1
11377,-117.23,32.75,5,1824,509,892,426,3.4286,137.5
11378,-117.23,32.75,21,2050,608,1131,550,2.4779,165
11379,-117.23,32.74,16,735,139,299,134,4.6354,179.2
11380,-117.23,32.74,16,1953,404,798,385,4.8167,169.8
11381,-117.24,32.75,36,2831,669,1279,660,2.9896,252.7
11382,-117.24,32.75,36,1856,475,822,416,2.3042,220.6
11383,-117.24,32.75,41,1989,514,1015,489,2.79,226
11384,-117.25,32.75,32,3551,1037,1731,935,2.2017,208.3
11385,-117.25,32.75,36,1929,526,974,491,1.7622,205.8
11386,-117.24,32.75,33,1980,614,1057,567,2.2042,231.3
11387,-117.25,32.75,37,1189,377,645,377,2.4672,216.7
11388,-117.28,32.75,34,981,313,508,304,2.2328,266.7
11389,-117.25,32.79,37,1467,442,651,354,2.375,340.4
11390,-117.25,32.79,43,906,240,458,205,1.8365,328.6
11391,-117.25,32.78,36,1527,427,710,312,2.7857,291.7
11392,-117.25,32.78,21,1479,484,658,384,2.45,350
11393,-117.28,32.77,38,1267,340,442,250,4.3403,500
11394,-117.25,32.77,32,2021,524,973,485,3.18,362.5
11395,-117.25,32.77,35,2494,690,1126,624,4.0313,385.3
11396,-117.25,32.76,38,2331,493,836,433,4.9125,452.6
11397,-117.22,32.78,22,2020,466,1010,429,3.4527,175
11398,-117.23,32.79,23,2578,665,989,622,3.5484,238
11399,-117.23,32.79,28,2453,648,1082,617,3.625,266.7
11400,-117.24,32.78,44,2172,431,892,420,4.1742,342.2
11401,-117.24,32.79,17,1149,266,403,228,4.1652,241.7
11402,-117.24,32.79,18,2539,616,964,526,3.4306,275
11403,-117.24,32.79,20,961,278,525,254,3.1838,245.8
11404,-117.24,32.79,25,2135,691,566,320,2.6902,212.5
11405,-117.24,32.79,18,1741,602,508,283,3.2625,193.8
11406,-117.21,32.8,19,786,282,525,229,1.7273,137.5
11407,-117.22,32.8,23,1906,525,1029,491,2.93,183.3
11408,-117.23,32.8,22,2981,873,1751,745,2.3482,190.6
11409,-117.23,32.8,27,1297,355,776,337,2.4643,244.4
11410,-117.25,32.8,32,1601,468,731,429,2.5568,258.3
11411,-117.25,32.8,30,2061,631,1007,577,2.5813,253.1
11412,-117.25,32.8,31,2182,630,1069,599,2.9781,212.5
11413,-117.25,32.79,27,848,300,455,298,3.0774,275
11414,-117.28,32.8,20,1838,540,615,325,3.5486,193.8
11415,-117.23,32.8,21,2429,579,1011,538,3.225,229.4
11416,-117.23,32.8,31,1403,388,724,371,2.6403,216.1
11417,-117.23,32.8,28,3379,918,1849,849,3.0293,241.7
11418,-117.24,32.8,26,3433,873,1492,798,2.9258,234.8
11419,-117.24,32.8,28,1072,331,692,321,2.1357,187.5
11420,-117.24,32.8,18,2205,661,874,580,3.8018,112.5
11421,-117.24,32.8,30,1917,462,828,437,2.4671,276.3
11422,-117.24,32.8,29,3376,882,1513,843,3.101,238.2
11423,-117.25,32.81,32,2402,551,1020,532,3.3942,307.4
11424,-117.25,32.8,35,2281,506,1005,496,4.2296,275
11425,-117.25,32.8,26,2442,659,1134,624,3.3274,295.5
11426,-117.26,32.81,25,2076,586,1060,554,2.8421,227.8
11427,-117.26,32.81,30,1328,346,577,328,2.3284,290.6
11428,-117.26,32.81,37,1616,421,650,395,2.92,326.5
11429,-117.29,32.81,35,1878,308,598,257,6.9553,500.001
11430,-117.26,32.8,30,1446,385,650,344,3.744,450
11431,-117.25,32.81,39,1846,350,765,329,3.9187,311.9
11432,-117.27,32.84,34,1655,450,870,411,3.2109,376
11433,-117.28,32.84,41,1420,338,640,314,2.9306,360.3
11434,-117.27,32.83,39,1877,426,805,409,3.875,410
11435,-117.28,32.83,34,2392,653,933,619,3.7306,500
11436,-117.31,32.83,38,2367,480,891,428,4.1477,500.001
11437,-117.27,32.82,35,2908,595,1068,529,4.1793,500.001
11438,-117.31,32.82,42,2785,389,833,333,11.3074,500.001
11439,-117.27,32.85,34,2105,444,780,406,2.3187,488.9
11440,-117.28,32.84,21,2455,660,1015,597,3.7596,381.3
11441,-117.27,32.85,26,1373,336,608,268,4.425,475
11442,-117.3,32.85,28,2334,694,770,552,3.1324,500.001
11443,-117.23,32.81,24,3271,508,1496,482,5.9359,422.2
11444,-117.23,32.81,22,3205,429,1083,410,8.1844,406.3
11445,-117.25,32.84,19,1759,214,659,195,10.7751,500.001
11446,-117.26,32.85,30,3652,499,978,462,8.2374,500.001
11447,-117.25,32.83,17,2075,262,704,241,10.9529,500.001
11448,-117.27,32.84,26,3940,657,1180,600,6.1025,500.001
11449,-117.23,32.88,18,5566,1465,6303,1458,1.858,205
11450,-117.22,32.85,26,1647,261,694,259,4.6875,274.4
11451,-117.23,32.85,25,4229,601,1634,574,6.3955,316.7
11452,-117.21,32.86,24,3596,494,1573,492,6.5382,326
11453,-117.21,32.85,15,2593,521,901,456,4.2065,277.8
11454,-117.24,32.83,18,3109,501,949,368,7.4351,445.7
11455,-117.25,32.82,19,5255,762,1773,725,7.8013,474
11456,-117.25,32.82,23,6139,826,2036,807,9.5245,500.001
11457,-117.26,32.83,24,1663,199,578,187,10.7721,500.001
11458,-117.26,32.82,34,5846,785,1817,747,8.496,500.001
11459,-117.27,32.83,35,1420,193,469,177,8.0639,500.001
11460,-117.29,32.92,25,2355,381,823,358,6.8322,500.001
11461,-117.25,32.86,30,1670,219,606,202,12.4429,500.001
11462,-117.25,32.86,25,2911,533,1137,499,5.1023,500.001
11463,-117.25,32.86,27,2530,469,594,326,7.2821,500.001
11464,-117.26,32.85,42,1761,329,480,255,5.3787,500.001
11465,-117.24,32.85,18,3117,475,904,368,6.7587,388.5
11466,-117.24,32.85,22,3479,448,1252,440,10.0707,500.001
11467,-117.19,32.86,18,4231,728,2030,720,6.1805,272.4
11468,-117.2,32.85,22,3501,631,1297,581,4.7891,295.3
11469,-117.19,32.85,15,2895,498,1164,443,5.102,417.5
11470,-117.23,32.87,15,2290,662,1034,594,3.0104,204.2
11471,-117.23,32.86,16,1675,354,604,332,5.2326,188.3
11472,-117.23,32.86,15,1199,301,510,296,3.6083,180.1
11473,-117.23,32.86,15,1703,320,587,282,5.0855,209.8
11474,-117.23,32.86,16,1200,468,648,443,3.045,100
11475,-117.23,32.87,11,3123,740,1223,634,5.417,196.8
11476,-117.21,32.86,16,2800,566,1267,518,3.2794,148.6
11477,-117.22,32.87,14,3512,807,1835,792,3.35,171
11478,-117.22,32.86,4,16289,4585,7604,4176,3.6287,280.8
11479,-117.22,32.87,5,3511,1008,1599,918,3.8542,176.6
11480,-117.2,32.86,4,4308,1095,1923,932,3.9356,267
11481,-117.21,32.87,12,1428,303,528,269,4.1429,254.4
11482,-117.15,32.91,15,1613,303,702,240,4.875,169.3
11483,-117.15,32.9,12,1681,381,1050,362,4.2008,176.1
11484,-117.16,32.89,5,8576,1952,5006,1827,4.3598,189.1
11485,-117.12,32.91,8,3405,961,1742,918,2.8728,114.6
11486,-117.13,32.91,16,3230,579,1825,576,4.2969,151.2
11487,-117.14,32.91,14,3014,710,2165,705,3.7837,160.3
11488,-117.14,32.9,16,3217,716,2054,687,4.2234,162.1
11489,-117.13,32.9,15,2785,644,1798,630,3.7156,175.2
11490,-117.12,32.9,14,3249,937,1929,838,2.8588,92.5
11491,-117.12,32.9,13,1743,363,854,353,4.6667,138.2
11492,-117.13,32.92,16,2173,399,1460,393,4.2614,169.6
11493,-117.13,32.92,17,1481,315,1002,300,3.6196,163.4
11494,-117.14,32.92,7,1308,418,766,390,3.2151,106.3
11495,-117.14,32.92,6,3069,750,1541,736,3.814,132.5
11496,-117.14,32.92,15,3242,595,1936,593,4.9706,184.7
11497,-117.13,32.92,16,1565,257,893,239,5.5036,192.3
11498,-117.13,32.94,15,4846,825,2797,823,4.9375,180.4
11499,-117.13,32.93,16,2918,444,1697,444,5.3062,195.5
11500,-117.14,32.93,14,1946,463,1205,390,4.2109,171.2
11501,-117.12,32.93,7,1427,243,927,239,5.3625,218.9
11502,-117.15,32.93,16,2718,438,1515,431,5.1433,185.3
11503,-117.15,32.92,16,2969,514,1594,465,4.5221,168.3
11504,-117.18,32.92,4,15025,2616,7560,2392,5.196,210.7
11505,-117.25,32.96,18,4773,743,1970,716,6.6199,406.2
11506,-117.26,32.95,15,1882,233,704,219,6.9794,500.001
11507,-117.25,32.94,16,4755,807,1829,756,6.7694,425.9
11508,-117.25,32.94,15,1804,339,673,296,5.9806,370.5
11509,-117.24,32.95,18,1591,268,547,243,5.9547,329.3
11510,-117.24,32.94,12,2165,437,792,386,5.2648,294.4
11511,-117.18,32.95,4,19001,2688,8980,2441,6.3237,260.9
11512,-117.14,32.96,12,5949,799,2936,781,6.3721,241.5
11513,-117.13,32.96,15,2267,292,1180,289,6.712,240.2
11514,-117.24,32.98,4,6423,1042,2607,983,7.6348,337
11515,-117.21,32.96,3,6251,988,2330,893,8.4355,467.6
11516,-117.22,32.95,4,18123,3173,7301,2964,6.357,322.5
11517,-117.22,32.83,34,2936,597,1512,571,3.7841,176.9
11518,-117.22,32.83,31,2558,512,1164,492,3.4318,200.4
11519,-117.2,32.84,32,2033,394,989,389,3.2583,181.4
11520,-117.21,32.84,34,2158,366,1046,335,4.5402,182.1
11521,-117.2,32.83,36,1089,240,623,226,2.5909,176
11522,-117.21,32.83,36,1475,328,806,327,3.5078,166
11523,-117.21,32.83,28,3241,533,1334,513,4.1806,199.6
11524,-117.21,32.81,33,4773,873,1954,845,4.3862,184.8
11525,-117.21,32.82,31,2035,383,866,360,3.8529,212
11526,-117.21,32.81,27,1318,216,495,191,5.2837,283.8
11527,-117.22,32.82,22,3738,795,1476,728,3.7963,303.1
11528,-117.2,32.83,35,1377,350,792,313,2.8472,161.4
11529,-117.2,32.82,35,2772,537,1392,521,3.337,172.3
11530,-117.19,32.82,34,3850,608,1619,602,5.0465,208.2
11531,-117.19,32.82,35,1074,180,442,173,5.253,204
11532,-117.18,32.84,31,3064,575,1476,549,3.6667,175.9
11533,-117.18,32.84,30,2290,523,1272,472,3.5606,165.1
11534,-117.19,32.84,35,2263,427,1001,408,3.875,172
11535,-117.18,32.83,23,2105,525,1218,484,3.375,184.1
11536,-117.19,32.83,30,3225,555,1601,532,4.3317,173.3
11537,-117.17,32.83,24,3541,530,1591,530,5.3538,212.5
11538,-117.17,32.82,24,1623,417,911,397,2.7401,198.1
11539,-117.17,32.82,21,2869,596,1471,577,3.0375,197.6
11540,-117.18,32.83,27,2346,399,1105,373,4.2708,182.8
11541,-117.18,32.83,31,1772,353,1090,350,3.9265,162
11542,-117.17,32.81,26,2424,388,974,375,4.739,184.1
11543,-117.17,32.81,26,788,127,346,125,5.0603,185.7
11544,-117.18,32.81,19,6823,1509,3784,1509,3.1032,179.5
11545,-117.17,32.82,24,1569,377,715,321,3.1146,187.5
11546,-117.16,32.81,14,4328,1100,2046,1044,2.2899,159
11547,-117.16,32.81,35,1213,200,532,181,3.6806,172.4
11548,-117.16,32.8,22,2259,634,1213,601,2.5,177.8
11549,-117.17,32.81,33,3064,506,1355,488,4.22,178.7
11550,-117.18,32.81,28,3436,537,1503,498,4.7679,204
11551,-117.18,32.8,10,3821,631,1605,609,5.5454,217.1
11552,-117.18,32.79,30,5201,1104,2961,1064,3.2661,140.4
11553,-117.17,32.79,43,1269,297,946,285,2.1447,133.3
11554,-117.17,32.8,20,2827,554,1822,536,3.4706,157.6
11555,-117.15,32.8,27,1937,537,1211,482,2.75,87.5
11556,-117.16,32.78,24,3566,765,1697,722,3.6375,178.6
11557,-117.17,32.78,17,3845,1051,3102,944,2.3658,164.1
11558,-117.17,32.78,42,1104,305,892,270,2.2768,145.2
11559,-117.17,32.77,6,3856,875,1547,816,4.5481,164.8
11560,-117.18,32.77,16,2374,780,913,705,2.7386,87.5
11561,-117.18,32.76,8,3694,997,1297,807,3.6492,158.9
11562,-117.18,32.76,17,711,254,327,227,2.6493,67.5
11563,-117.18,32.78,21,4185,1018,3122,993,3.0481,210
11564,-117.18,32.77,23,1215,225,592,224,3.4,200.6
11565,-117.21,32.81,26,2496,407,1062,380,5.5413,302.1
11566,-117.2,32.8,34,4854,912,2089,854,3.8542,200
11567,-117.2,32.79,16,2079,394,746,383,5.0958,300
11568,-117.19,32.8,16,2593,794,1235,684,3.1304,166.3
11569,-117.2,32.8,36,4018,1067,1620,842,2.3599,168.4
11570,-117.19,32.79,35,1788,378,777,374,3.3713,238.4
11571,-117.2,32.79,31,3417,533,1245,532,4.7788,276
11572,-117.19,32.78,34,4108,664,1659,644,4.4097,252
11573,-117.2,32.78,38,2662,498,1132,496,4.0057,241.6
11574,-117.19,32.77,9,634,152,248,133,3.8571,143.8
11575,-117.19,32.77,14,3575,992,1645,839,2.4397,140.6
11576,-117.2,32.77,30,156,45,77,40,3.2679,137.5
11577,-117.2,32.77,31,1952,471,936,462,2.8621,196.9
11578,-117.15,32.81,34,1629,318,900,282,3.1458,178.3
11579,-117.15,32.8,41,1413,261,1070,259,2.3578,166.7
11580,-117.14,32.8,41,2423,469,1813,466,2.1157,156.9
11581,-117.14,32.8,33,2670,435,1256,431,3.9417,179.8
11582,-117.14,32.8,35,1267,212,710,204,2.5368,169.6
11583,-117.14,32.79,35,3578,582,1568,553,4.7813,188.6
11584,-117.14,32.79,31,984,161,422,158,5.282,183
11585,-117.13,32.81,19,2157,554,1349,535,2.7652,177.4
11586,-117.14,32.81,34,1748,294,800,294,4.4886,179.1
11587,-117.13,32.8,15,1606,375,784,342,3.7237,108.3
11588,-117.13,32.8,33,2731,456,1263,445,4.5568,175.3
11589,-117.12,32.8,29,2863,534,1392,522,3.8719,174.2
11590,-117.13,32.81,26,2119,444,1202,440,3.2308,166.5
11591,-117.13,32.8,35,2129,382,1044,350,3.9732,174.9
11592,-117.13,32.79,35,1458,262,723,257,4.2098,174.1
11593,-117.12,32.78,4,2782,817,1309,787,4.2621,124.2
11594,-117.15,32.77,16,2056,631,847,569,2.9576,92.2
11595,-117.09,32.81,7,6100,1185,2710,1040,5.5673,288.2
11596,-117.11,32.82,16,3980,682,3174,647,2.6607,175
11597,-117.11,32.82,17,1787,330,1341,314,2.875,112.5
11598,-117.11,32.81,15,3428,491,2303,486,2.5953,67.5
11599,-117.11,32.82,16,4241,892,1771,864,4.375,166.5
11600,-117.1,32.83,16,4214,744,1820,699,4.3783,179.5
11601,-117.08,32.82,16,1787,236,770,228,7.1298,278.6
11602,-117.08,32.82,10,5177,856,2190,816,5.9734,271.7
11603,-117.08,32.83,7,13703,2352,4446,1856,6.4335,260.6
11604,-117.04,32.83,8,2205,348,777,341,6.0266,177.4
11605,-117.07,32.91,5,2234,256,894,253,10.3354,477.6
11606,-117.04,32.9,6,6525,826,3146,806,9.2858,436.1
11607,-117.09,32.79,20,2183,534,999,496,2.8631,169.7
11608,-117.09,32.8,36,2163,367,915,360,4.7188,174.1
11609,-117.08,32.8,32,1587,268,635,249,3.375,178.1
11610,-117.11,32.79,16,2574,771,1129,721,3.3849,96.9
11611,-117.11,32.79,16,1791,518,1006,491,3.5179,129.3
11612,-117.11,32.78,16,2470,830,1170,724,3.5562,73.5
11613,-117.09,32.79,36,1529,266,683,260,4.0982,171.2
11614,-117.09,32.79,36,1936,345,861,343,3.8333,170
11615,-117.09,32.79,31,2019,417,872,386,3.1964,177.7
11616,-117.09,32.78,28,1708,393,816,393,2.9881,165.3
11617,-117.07,32.79,36,3583,642,1711,602,3.9745,170.8
11618,-117.07,32.81,15,2000,402,778,369,4.3594,224.2
11619,-117.05,32.8,17,1475,308,549,293,3.7167,180.4
11620,-117.06,32.8,17,2247,340,973,318,5.5,222
11621,-117.07,32.79,25,2489,314,911,309,7.8336,277.6
11622,-117.08,32.78,21,2919,496,984,443,4.625,222.8
11623,-117.04,32.79,23,2491,350,863,348,6.7196,306.8
11624,-117.05,32.8,16,1561,378,574,350,3.0035,94.6
11625,-117.05,32.8,23,3309,401,1116,386,7.916,330.6
11626,-117.06,32.79,17,2524,332,771,317,8.7604,331.8
11627,-117.06,32.79,21,3787,492,1246,457,9.6023,391.3
11628,-117.03,32.8,19,3866,775,1554,703,4.3281,220
11629,-117.04,32.8,11,1802,440,630,428,2.0337,146.7
11630,-117.01,32.8,17,1558,479,803,431,2.6934,160.2
11631,-117.01,32.8,20,2705,545,1198,497,3.7159,168.9
11632,-117.01,32.81,26,4499,645,1866,626,5.516,185.1
11633,-117.01,32.81,21,4203,618,1620,600,5.3441,193.5
11634,-117.02,32.81,14,3173,599,1451,585,3.7292,182.2
11635,-117.03,32.82,16,1765,289,743,280,4.9744,209.7
11636,-117.05,32.82,16,4046,731,1684,701,4.2312,197
11637,-117.05,32.59,26,1919,345,1326,341,4.2679,131.9
11638,-117.06,32.59,13,3920,775,2814,760,4.0616,148.8
11639,-117.05,32.58,22,2101,399,1551,371,4.1518,136.9
11640,-117.06,32.58,17,2724,567,2213,554,3.8529,147.7
11641,-117.06,32.58,13,3435,708,1761,699,3.4792,107.6
11642,-117.06,32.58,11,2879,679,2098,673,3.5125,142.4
11643,-117.04,32.58,14,2355,406,1883,401,5.0311,152.1
11644,-117.04,32.58,20,2029,357,1497,353,4.0089,132.1
11645,-117.05,32.58,25,2185,370,1558,369,5.3072,132.7
11646,-117.05,32.57,22,2857,516,2412,496,4.7337,127.6
11647,-117.06,32.57,17,2252,378,1776,365,4.6364,141.1
11648,-117.05,32.57,13,2880,576,2450,567,3.1696,138
11649,-117.05,32.56,17,985,233,811,223,2.875,134.5
11650,-117.06,32.57,18,1384,311,1429,287,1.3362,95
11651,-117.04,32.55,15,2206,648,2511,648,1.6348,93.2
11652,-117.05,32.56,22,2172,563,2049,524,2.0159,139.3
11653,-117.06,32.56,17,2803,683,2768,676,1.7958,140.4
11654,-117.06,32.56,5,2706,925,3148,855,1.7301,125
11655,-117.06,32.55,5,3223,940,3284,854,1.4384,108.8
11656,-117.04,32.54,7,938,297,1187,282,1.2667,67.5
11657,-117.1,32.59,21,2350,667,1621,613,2.0734,87.5
11658,-117.1,32.58,17,2046,559,1585,530,2.25,132.8
11659,-117.1,32.56,16,2687,501,1502,480,3.75,146.8
11660,-117.07,32.57,17,2961,634,1911,615,2.5859,131.4
11661,-117.08,32.57,18,2203,544,1943,497,2.25,103.2
11662,-117.07,32.56,9,3648,895,3293,840,3.0992,142.6
11663,-117.08,32.58,15,1462,274,1002,271,3.9698,142.7
11664,-117.08,32.58,22,2128,477,1420,450,3.2687,131
11665,-117.07,32.58,25,1607,280,899,260,3.8194,134.4
11666,-117.09,32.58,12,2565,567,1785,545,3.0273,135.3
11667,-117.08,32.57,9,6298,1512,4451,1456,2.569,88.3
11668,-117.09,32.57,10,2198,368,1645,350,4.5547,160.7
11669,-117.09,32.55,8,6533,1217,4797,1177,3.9583,144.4
11670,-117.12,32.58,34,2003,466,1226,443,3.0613,136.7
11671,-117.13,32.58,27,2511,615,1427,576,3.1645,156
11672,-117.13,32.58,32,1870,437,1142,426,2.3194,159.4
11673,-117.13,32.58,27,1417,373,814,348,2.3603,195.3
11674,-117.12,32.56,20,2524,682,1819,560,2.9286,257.7
11675,-117.11,32.58,28,1869,407,1074,344,2.5988,135.6
11676,-117.11,32.57,32,2723,586,1702,562,3.3371,140.5
11677,-117.1,32.58,27,2616,591,1889,577,2.3824,127.6
11678,-117.1,32.57,14,5058,1299,3662,1193,2.3253,133.7
11679,-117.11,32.59,17,2020,534,1529,500,2.1773,143.2
11680,-117.11,32.58,12,1086,294,870,290,2.4213,132.5
11681,-117.11,32.59,18,2329,580,1538,567,2.1179,153.1
11682,-117.12,32.59,28,2793,706,1825,676,2.6724,144.5
11683,-117.16,32.58,36,1940,399,1076,382,3.3906,147.8
11684,-117.13,32.63,10,7374,1157,1900,794,8.7991,478.5
11685,-117.17,32.63,26,1617,279,2745,250,3.5357,67.5
11686,-117.17,32.68,16,5895,1424,873,522,7.3669,187.5
11687,-117.18,32.68,29,1539,344,556,289,3.25,500.001
11688,-117.18,32.69,52,1837,313,668,300,5.1009,500.001
11689,-117.18,32.69,37,3112,716,1304,674,3.2121,320.8
11690,-117.18,32.69,44,2819,514,1258,503,4.4777,452.8
11691,-117.17,32.69,40,2236,331,767,316,5.3177,500.001
11692,-117.18,32.69,48,2764,491,978,449,5.1249,432.4
11693,-117.17,32.69,19,2802,802,1159,597,4.7891,334.6
11694,-117.17,32.69,45,3168,598,1341,562,4.5189,422.2
11695,-117.17,32.7,33,4084,897,1804,833,4.0488,409.7
11696,-117.18,32.7,44,2655,514,1102,489,3.6759,368.8
11697,-117.18,32.7,42,1691,286,761,281,5.1386,404.5
11698,-117.19,32.69,35,2921,438,1042,415,6.3612,482.7
11699,-117.11,32.67,43,515,146,445,140,1.6094,93
11700,-117.11,32.67,46,928,236,790,235,1.6806,92.5
11701,-117.11,32.67,52,204,74,248,57,1.7961,47.5
11702,-117.12,32.66,52,16,4,8,3,1.125,60
11703,-117.11,32.67,52,280,71,217,71,1.4844,83.3
11704,-117.09,32.67,37,1157,332,983,306,2.0972,117
11705,-117.09,32.66,38,833,206,570,182,1.8333,127.1
11706,-117.09,32.66,37,1232,330,1086,330,1.6389,114.3
11707,-117.1,32.66,27,1782,560,1785,560,2.1542,106.3
11708,-117.1,32.67,22,1690,541,1669,494,2.0213,110.6
11709,-117.09,32.68,30,2662,653,1997,605,2.8089,120.6
11710,-117.09,32.67,31,2051,549,1581,538,2.052,108.9
11711,-117.1,32.68,20,1012,269,837,240,2.0488,88.9
11712,-117.1,32.69,29,4174,1195,3675,1124,1.8112,103.6
11713,-117.1,32.68,42,2013,568,1920,557,2.0724,107.6
11714,-117.1,32.68,47,771,224,637,212,2.0156,90.3
11715,-117.1,32.68,49,1412,350,1200,332,2.0398,93.6
11716,-117.1,32.68,45,1183,289,900,266,2.4943,99.6
11717,-117.08,32.69,36,1571,284,1001,268,3.6875,111.4
11718,-117.09,32.69,34,1469,267,1031,267,3.4583,112.7
11719,-117.09,32.68,29,1792,449,1650,396,2.2201,100
11720,-117.08,32.68,26,3071,615,2156,568,2.9318,112.4
11721,-117.09,32.68,20,2569,737,2341,705,2.0114,104.9
11722,-117.08,32.67,31,3008,764,2088,757,2.5662,118.2
11723,-117.08,32.66,43,1004,236,839,235,2.81,103.4
11724,-117.07,32.67,35,3200,725,1723,610,1.8977,95.6
11725,-117.07,32.65,12,4131,891,2272,840,3.4701,204.9
11726,-117.07,32.64,32,5135,1025,2152,944,4.1325,172.8
11727,-117.08,32.65,17,2633,712,1487,694,2.5392,147
11728,-117.08,32.64,38,917,256,494,233,1.9241,150
11729,-117.08,32.64,11,1651,533,947,515,1.6806,141.7
11730,-117.09,32.65,25,3509,985,2359,899,2.6296,150
11731,-117.08,32.65,28,2296,603,1277,550,2.3562,123.8
11732,-117.09,32.64,30,3171,862,2126,800,2.507,142.7
11733,-117.09,32.64,20,1999,651,1302,592,1.6321,57.5
11734,-117.09,32.64,19,2571,791,1205,783,1.62,131.3
11735,-117.09,32.63,27,2920,770,1935,746,2.4148,67.5
11736,-117.11,32.64,23,1619,447,1025,415,1.858,67.5
11737,-117.11,32.62,27,1846,509,1078,482,2.1719,131.5
11738,-117.09,32.62,37,1538,298,867,285,3.0729,128.7
11739,-117.09,32.62,37,1925,428,1344,426,2.4866,129.7
11740,-117.08,32.63,33,2891,793,1607,754,2.1281,139.8
11741,-117.09,32.64,24,3613,973,2002,931,1.947,147.5
11742,-117.07,32.63,37,2303,379,1026,357,3.455,156.9
11743,-117.07,32.64,30,2873,774,1593,731,2.24,129.5
11744,-117.07,32.63,40,1706,322,796,303,3.5583,154.9
11745,-117.07,32.63,37,2372,444,1056,419,3.7583,145.5
11746,-117.08,32.63,30,2504,559,1827,490,2.6146,159.4
11747,-117.08,32.62,36,1674,309,818,307,3.4773,150.4
11748,-117.09,32.61,21,1945,430,1335,419,3.6467,113
11749,-117.08,32.62,16,5192,1381,3261,1321,2.2685,151.9
11750,-117.08,32.61,27,2264,525,1485,468,3.3514,149.1
11751,-117.07,32.62,19,5016,1173,2750,1081,2.7838,155.9
11752,-117.06,32.61,34,4325,1015,2609,979,2.8489,128.3
11753,-117.07,32.61,22,5016,1331,3222,1196,2.1441,135.5
11754,-117.07,32.6,18,2602,551,1042,550,1.9267,67.5
11755,-117.08,32.59,30,144,52,220,48,2.3929,134.4
11756,-117.08,32.6,24,1901,490,1334,476,2.2544,121.9
11757,-117.07,32.61,10,1686,414,1000,391,2.1765,128.4
11758,-117.06,32.61,24,4369,1353,3123,1247,2.0571,152.3
11759,-117.07,32.6,13,1607,435,983,400,2.2903,106.3
11760,-117.06,32.6,25,1075,238,434,234,1.7472,94.6
11761,-117.06,32.6,24,1088,268,1095,246,2.4191,107.3
11762,-117.05,32.63,31,4911,861,2334,843,4.1958,160.1
11763,-117.05,32.62,34,3928,686,2315,681,4.2851,144.5
11764,-117.04,32.62,26,3620,607,2000,593,4.9962,156
11765,-117.05,32.61,31,4033,715,2585,715,3.5096,139.9
11766,-117.05,32.61,21,6034,1205,3795,1146,3.2633,129.7
11767,-117.04,32.6,20,8052,1461,5094,1430,4.2241,139.8
11768,-117.05,32.59,16,4683,929,3073,865,3.0495,98.3
11769,-117.04,32.63,26,2074,356,1228,335,4.1154,160.2
11770,-117.03,32.6,26,1335,224,742,215,5.152,143.4
11771,-117.02,32.59,19,1902,335,1102,313,3.0365,98.1
11772,-116.98,32.62,6,7995,1458,4771,1376,4.7068,184.3
11773,-117.06,32.63,29,4168,742,2096,713,4.2204,169.8
11774,-117.01,32.67,17,2319,348,1125,337,5.551,266.9
11775,-117,32.67,16,2238,307,1002,303,6.6143,264.1
11776,-117.02,32.67,20,1505,184,635,182,6.5772,245.2
11777,-117.01,32.66,11,9992,1368,4495,1316,6.9664,293.9
11778,-116.97,32.65,4,16450,2833,7985,2683,5.6631,233.4
11779,-116.99,32.64,15,4331,699,2046,627,3.9519,193.5
11780,-117.04,32.65,8,8806,1401,3159,1059,4.2155,247.8
11781,-117,32.64,11,3098,490,1391,484,4.9792,170.4
11782,-117.04,32.64,5,2329,542,1213,514,4.0298,225.6
11783,-117.03,32.63,14,2796,476,1466,464,5.2489,213.7
11784,-117.04,32.63,26,2756,422,1166,398,5.1354,181.6
11785,-116.99,32.74,17,3101,547,1410,486,3.1771,189.9
11786,-116.98,32.74,17,3943,843,1995,766,2.6944,158.3
11787,-116.98,32.72,15,4209,680,1914,641,4.5135,158.3
11788,-116.98,32.73,16,952,143,530,143,5.0864,175.3
11789,-116.97,32.74,14,7410,1344,3597,1274,4.2192,176.1
11790,-116.95,32.74,7,2722,578,1429,574,3.9583,141.7
11791,-116.97,32.76,26,2460,313,838,299,5.9878,270.7
11792,-116.98,32.75,25,4137,662,1905,630,4.375,214
11793,-116.98,32.75,18,1519,369,802,347,2.9886,170.8
11794,-116.95,32.76,13,5543,857,2074,737,4.9528,266.2
11795,-116.94,32.75,4,14934,2479,6945,2418,5.1221,229.7
11796,-116.92,32.76,9,1859,307,947,304,5.9202,181.3
11797,-116.91,32.75,5,8710,1614,4372,1527,4.7813,240.9
11798,-116.99,32.76,21,3833,595,1645,589,4.625,273.5
11799,-116.99,32.74,18,3341,611,1952,602,3.9844,215.3
11800,-117,32.74,17,2357,599,1423,510,1.8856,118.8
11801,-117.01,32.75,26,4038,706,2065,687,3.9545,178.1
11802,-117.01,32.74,31,3473,722,2098,677,2.6973,135.2
11803,-117.01,32.73,22,2526,530,1556,529,2.8646,120.8
11804,-117,32.73,17,6050,1143,3424,1131,3.7647,127.6
11805,-117,32.72,10,3817,943,2352,875,2.1362,143.2
11806,-117.01,32.72,12,2914,734,2104,703,2.3068,132.3
11807,-116.99,32.7,15,3660,622,2629,612,4.0444,150.1
11808,-117,32.7,23,2785,468,1456,449,4.3714,131
11809,-116.98,32.71,18,2355,444,1277,433,3.4551,121.4
11810,-117,32.71,22,2263,441,1395,416,3.725,123.5
11811,-117.01,32.71,20,3506,692,1977,668,2.981,129.1
11812,-116.99,32.72,14,1771,301,1046,284,4.775,143.3
11813,-116.99,32.72,13,1330,216,719,215,3.8295,149.6
11814,-117.02,32.74,30,4205,772,2012,734,3.5,144.7
11815,-117.03,32.74,37,821,150,404,135,3.0125,130.4
11816,-117.02,32.73,22,5201,865,3280,817,4.7952,141.4
11817,-117.02,32.72,36,2030,369,1142,357,3.7763,126.9
11818,-117.03,32.72,37,2192,455,1515,446,3.0588,120.6
11819,-117.04,32.72,24,5474,955,3020,904,4.0813,137
11820,-117.04,32.73,36,2084,400,1097,398,3.2717,130.7
11821,-117.05,32.72,35,3669,617,1694,585,3.9485,133.9
11822,-117.05,32.73,27,3184,588,1763,571,3.5529,133.9
11823,-117.03,32.74,35,1878,454,991,409,2.4345,129.7
11824,-117.02,32.74,12,3301,963,2000,879,1.8594,119.2
11825,-117.04,32.74,5,2878,785,1727,758,1.7179,132
11826,-117.04,32.75,36,2297,418,1070,392,3.5192,144
11827,-117.05,32.75,29,2767,612,1437,587,2.8306,142.9
11828,-117.05,32.75,43,1718,344,826,336,2.7014,133.7
11829,-117.03,32.77,34,1796,428,918,424,2.875,161.2
11830,-117.02,32.76,15,1204,326,543,326,1.0278,154.2
11831,-117.02,32.76,40,2523,488,976,470,3.11,185.7
11832,-117.03,32.75,24,7879,1655,3898,1534,3.0897,187.3
11833,-117.04,32.77,26,4263,1037,2199,1010,2.734,148.9
11834,-117.04,32.76,43,3171,665,1534,625,3.141,141.4
11835,-117.05,32.76,37,4879,906,2076,871,3.6625,154.8
11836,-117.04,32.77,16,7963,1881,3769,1804,2.9624,144.7
11837,-117.03,32.77,19,4819,1492,2572,1336,2.3393,118.2
11838,-117.03,32.78,17,5481,1618,2957,1537,2.5707,171.3
11839,-117.03,32.79,17,7352,1699,3331,1634,2.7006,166.3
11840,-117,32.77,30,1802,401,776,386,2.8125,173.5
11841,-117.01,32.76,22,3626,824,1800,769,2.8594,189.6
11842,-117.01,32.76,34,3415,608,1464,593,4.0549,223.7
11843,-117.01,32.77,24,2311,536,1005,525,2.9,185.2
11844,-117.01,32.77,34,3330,723,1592,656,2.6678,164.2
11845,-117.01,32.79,31,3776,815,1886,799,3.4421,155.3
11846,-117.01,32.78,20,2616,597,1532,579,2.9896,235.6
11847,-117.02,32.78,31,2567,507,1198,499,3.4659,163
11848,-117.02,32.79,36,2211,384,868,329,4.0491,147.9
11849,-116.99,32.79,26,3623,703,1609,669,3.744,165.8
11850,-116.99,32.78,29,1114,163,385,154,5.4333,222.8
11851,-117,32.79,31,3256,726,1595,706,3.4773,155.8
11852,-116.99,32.77,35,2306,334,828,310,6.1103,301.6
11853,-116.98,32.77,29,3558,447,1097,445,8.093,379.6
11854,-117,32.76,31,2545,373,956,342,4.3977,226.8
11855,-116.95,32.78,33,2432,443,1147,427,3.3906,138.1
11856,-116.96,32.78,26,2807,630,1785,580,2.1638,132.8
11857,-116.97,32.78,26,8902,1413,3941,1387,4.7943,226.9
11858,-116.92,32.78,21,4192,752,2101,710,4.4306,159.1
11859,-116.91,32.78,15,4058,511,1580,473,7.5,316.4
11860,-116.9,32.77,8,3600,492,1421,482,6.2609,307.1
11861,-116.95,32.78,20,3425,448,1489,443,6.2552,296.4
11862,-116.95,32.77,25,3308,421,1201,414,6.3191,303.4
11863,-116.94,32.78,17,13559,2656,6990,2533,3.434,193.2
11864,-116.85,32.83,17,4234,770,2191,725,3.6445,197.6
11865,-116.88,32.81,35,2926,562,1590,506,4.2014,143.2
11866,-116.86,32.8,19,1747,291,848,290,4.875,187.2
11867,-116.83,32.83,6,3123,495,1513,480,5.4288,167.8
11868,-116.83,32.81,18,2367,402,1021,395,4.8125,210.5
11869,-116.93,32.79,23,5759,1258,3108,1202,3.0927,140.6
11870,-116.9,32.79,21,3770,491,1410,446,6.7685,294.7
11871,-116.94,32.8,21,7906,2292,4868,2117,1.8937,109.8
11872,-116.93,32.79,19,3354,699,1948,682,3.0192,142.3
11873,-116.95,32.79,19,11391,3093,7178,2905,2.0326,123.2
11874,-116.96,32.8,16,3920,1094,2612,1023,1.3291,120.8
11875,-116.96,32.79,19,3008,693,2341,689,2.6087,123.8
11876,-116.96,32.79,35,1081,266,691,259,2.6324,133.7
11877,-116.96,32.8,24,2493,693,1420,643,1.8357,104.2
11878,-116.97,32.79,19,4108,1101,2971,1006,1.9893,112.5
11879,-116.96,32.79,17,5236,1325,3308,1233,2.3221,138.8
11880,-116.97,32.79,32,1255,338,782,302,2.6635,113.6
11881,-116.98,32.79,32,3756,662,1611,598,3.8667,189.7
11882,-117,32.8,33,1816,325,768,316,4.5662,150.3
11883,-117,32.8,29,2045,398,912,368,3.0189,144.1
11884,-116.99,32.81,25,4436,758,1997,738,4.2386,201
11885,-116.99,32.81,18,10968,1521,4439,1501,6.2787,250
11886,-116.97,32.81,19,1573,471,844,414,2.1422,125
11887,-116.97,32.8,15,3927,1018,2204,977,2.4367,111.4
11888,-116.94,32.81,22,4266,1010,2766,985,2.8175,135.2
11889,-116.94,32.8,28,3042,729,1964,703,2.4141,137.5
11890,-116.96,32.8,19,4574,1152,3045,1057,2.065,124.1
11891,-116.96,32.8,25,3421,803,1681,742,3.369,134.4
11892,-116.92,32.82,34,1765,284,772,282,5.0118,165.3
11893,-116.92,32.81,23,2668,528,1510,524,3.3669,158.9
11894,-116.92,32.81,17,1312,394,836,337,1.6686,112.5
11895,-116.93,32.8,19,1867,538,1219,468,2.0685,130
11896,-116.95,32.82,12,5535,1434,3112,1262,2.5949,108.3
11897,-116.95,32.81,31,1277,293,698,237,3.1106,147.7
11898,-116.96,32.81,8,2378,638,1410,623,2.9097,152.5
11899,-116.94,32.81,8,2517,632,1686,613,2.136,143.5
11900,-116.95,32.81,15,2619,599,1513,537,2.543,100
11901,-116.97,32.83,17,6659,1402,3183,1378,2.949,117.3
11902,-116.99,32.83,20,6696,1326,3687,1291,3.1979,154.6
11903,-116.99,32.85,32,5211,949,3025,948,4.0931,134.2
11904,-116.98,32.85,12,3570,713,3321,666,4.0882,134.5
11905,-117.01,32.83,17,15401,3280,7302,3176,3.3067,121.9
11906,-117.01,32.84,23,1951,395,901,378,3.1023,143.3
11907,-117.02,32.84,17,4013,673,2263,661,5.131,148.3
11908,-116.96,32.85,11,9724,1796,5247,1777,4.1716,166.1
11909,-116.96,32.87,17,4713,740,2531,723,4.8286,158.5
11910,-116.98,32.88,12,7320,1279,4048,1249,4.3952,151.7
11911,-116.98,32.86,16,7718,1423,4383,1394,4.0693,146.4
11912,-117,32.87,18,11544,1979,6296,1923,4.4904,150.4
11913,-117,32.85,24,1888,319,950,319,5.282,140.8
11914,-116.95,32.83,14,12517,2506,6389,2333,3.3081,168.7
11915,-116.95,32.84,31,1307,245,752,231,3.4286,129.4
11916,-116.93,32.85,15,3273,895,1872,842,2.5388,119
11917,-116.93,32.85,5,4116,990,2770,905,3.1142,150
11918,-116.94,32.85,31,1293,232,599,228,4.7578,161
11919,-116.94,32.83,38,1701,317,872,304,3.7831,147.8
11920,-116.86,32.87,17,5799,921,2630,843,5.0524,285.4
11921,-116.84,32.86,16,2502,532,1211,494,3.2516,202.1
11922,-116.89,32.85,16,1743,333,652,322,2.8906,158.3
11923,-116.91,32.87,14,3048,597,1690,576,4.3818,147.1
11924,-116.91,32.86,10,3699,838,2310,759,2.5365,139.5
11925,-116.91,32.86,15,3153,628,1633,527,3.6898,131
11926,-116.92,32.86,11,2204,518,1472,497,2.3693,127
11927,-116.93,32.83,19,3038,529,1463,509,3.944,172.5
11928,-116.92,32.82,17,2492,494,1278,439,2.8875,155.7
11929,-116.92,32.85,23,1378,269,767,266,4.0625,145
11930,-116.92,32.84,16,4675,834,2188,817,4.6674,178
11931,-116.91,32.83,16,5203,898,2515,862,4.105,174.4
11932,-116.92,32.82,16,2784,468,1458,465,4.0048,184.6
11933,-116.91,32.85,21,4152,703,2255,697,4.5096,159.5
11934,-116.89,32.85,15,3560,593,1757,574,5.1185,185.3
11935,-116.9,32.84,18,3612,737,1864,713,2.7069,153.8
11936,-116.9,32.84,18,4215,810,2104,773,4.0873,146.9
11937,-116.91,32.82,14,1978,424,1085,387,3.8073,170.1
11938,-116.94,32.89,24,2541,381,1078,372,5.2542,227.8
11939,-116.93,32.87,17,3722,670,1561,604,3.6027,211.9
11940,-116.9,32.9,19,3090,552,1621,520,4.0806,189.2
11941,-116.84,32.92,20,1066,219,536,173,3.1607,119.3
11942,-117.05,33.01,19,3558,588,1439,578,4.625,211.1
11943,-117.04,33.01,28,922,107,314,97,8.4721,342.3
11944,-117.03,33,6,6139,793,2693,770,7.7569,387.4
11945,-117.04,32.99,6,9518,1418,4413,1275,6.6012,314.9
11946,-117.04,32.98,16,1332,196,640,193,6.0226,192.9
11947,-117.05,32.97,17,9911,1436,4763,1414,5.5882,194.3
11948,-117.05,32.96,18,3593,661,1992,626,4.8295,165.8
11949,-117.04,32.97,13,6711,1256,3683,1220,4.5746,175.7
11950,-117.03,32.97,16,3936,694,1935,659,4.5625,231.2
11951,-117.03,32.96,16,3424,698,1940,645,4.121,182.1
11952,-116.99,32.96,17,5509,866,2748,817,4.8854,181.3
11953,-117.02,32.95,25,1909,334,1043,322,3.7784,160.1
11954,-117.03,32.95,19,4500,815,2456,782,4.5032,168.9
11955,-117.05,32.95,17,3039,555,1297,552,3.9531,178.6
11956,-117.05,32.95,17,4814,1091,3013,1078,3.2369,167.8
11957,-117.06,33.01,24,2618,485,726,443,3.5192,159.1
11958,-117.07,33.01,25,2120,381,588,359,3.1187,169.4
11959,-117.07,33.02,17,2863,665,715,467,2.6048,148.2
11960,-117.07,33.03,14,6665,1231,2026,1001,5.09,268.5
11961,-117.08,33.03,10,2296,450,818,405,4.3424,160.6
11962,-117.07,33.04,4,2271,578,926,391,3.6437,210.1
11963,-117.08,33.03,15,3023,623,1283,559,3.3724,137.9
11964,-117.09,33.03,17,2786,396,1228,396,6.4211,220.7
11965,-117.15,33.02,4,15029,2279,5613,1696,7.2731,450.4
11966,-117.1,32.97,17,3167,861,2098,828,2.4459,85.8
11967,-117.1,32.96,7,3619,770,1134,482,4.1279,167.6
11968,-117.05,33.05,6,7916,1293,2741,1204,5.6436,278.6
11969,-117.05,33.04,12,1840,254,580,234,6.7769,400
11970,-117.05,33.03,14,5180,1051,1639,991,4.5,222.2
11971,-117.06,33.02,17,2635,389,994,359,5.8966,261.5
11972,-117.01,33.04,13,4595,567,1643,544,7.7684,362.3
11973,-116.99,33.01,11,1412,185,529,166,7.7517,500.001
11974,-117.09,32.91,9,2012,316,802,289,6.5706,255.7
11975,-117.1,32.9,16,2994,445,1047,437,5.149,184.3
11976,-117.11,32.9,16,2043,388,705,352,4.4766,161.5
11977,-117.08,32.91,16,1653,228,690,224,6.5853,248.4
11978,-117.08,32.93,5,14944,2490,6600,2407,6.0857,308.3
11979,-117.07,33.01,5,5870,977,1917,842,5.1998,294.1
11980,-117.07,33,4,6242,1258,2211,1116,4.25,281.6
11981,-117.07,33,4,9153,1866,3775,1698,4.955,241.5
11982,-117.08,33.01,5,5659,931,2565,902,6.1949,238.7
11983,-117.09,32.99,16,2175,327,1037,326,5.1909,201.4
11984,-117.09,32.99,18,3215,588,1618,509,4.6028,216.8
11985,-117.12,32.96,16,3050,559,1444,512,5.2463,156.3
11986,-117.11,32.97,9,1531,242,850,240,6.0862,263.6
11987,-117.1,33,5,15502,2613,7417,2358,5.9094,261.1
11988,-117.11,32.95,11,4694,824,2223,783,4.9485,231.8
11989,-117.12,32.96,15,2869,405,1526,402,6.0175,238.3
11990,-117.12,32.95,4,9018,1572,4438,1498,4.988,263.7
11991,-117.08,32.97,3,17466,3336,7644,2895,5.4584,246.5
11992,-117.06,32.97,17,4754,877,2412,832,4.3548,192.3
11993,-117.25,33.06,6,9859,1448,4194,1401,6.439,296.2
11994,-117.25,33.05,16,2794,476,1387,442,4.3286,213.4
11995,-117.26,33.05,14,2323,373,1057,372,6.2513,240.9
11996,-117.24,33.05,15,3029,555,1559,546,5.3129,169.2
11997,-117.24,33.05,11,5827,882,2588,842,6.4027,344.2
11998,-117.2,33.07,5,10394,1617,4496,1553,5.9289,411.3
11999,-117.16,33.06,16,1988,279,770,252,5.8661,404.5
12000,-117.21,33.03,20,3370,433,1020,408,11.0911,500.001
12001,-117.18,33.02,15,3540,453,1364,425,13.6623,500.001
12002,-117.21,33.02,26,3194,454,1032,406,10.156,500.001
12003,-117.23,33.01,18,3961,511,1541,470,11.1118,500.001
12004,-117.26,32.97,25,2582,495,1088,471,6.4651,500.001
12005,-117.26,32.95,34,1651,273,650,271,5.6582,500.001
12006,-117.26,32.95,22,5484,1227,1947,1012,4.4375,500.001
12007,-117.3,32.96,30,1226,205,380,151,4.2875,500.001
12008,-117.24,33,16,2512,356,795,353,7.5975,369.1
12009,-117.23,32.99,17,2718,326,1011,319,15.0001,500.001
12010,-117.25,32.99,10,4926,749,1478,634,7.472,439.9
12011,-117.25,33,14,2518,458,931,414,5.8393,485.3
12012,-117.26,33,31,2695,491,1059,451,4.7841,393.5
12013,-117.27,33,36,2426,454,1085,420,5.1523,387.8
12014,-117.31,33,30,1631,310,665,297,6.8443,492.5
12015,-117.26,32.99,16,2127,512,1532,499,2.7348,231.3
12016,-117.27,32.99,21,3318,578,1273,538,5.5922,382.1
12017,-117.26,32.98,12,3900,977,1690,892,4.125,226.9
12018,-117.31,32.98,17,2789,648,849,345,4.1012,244.7
12019,-117.27,32.98,17,1853,392,351,208,5.2742,230.7
12020,-117.32,33.01,29,3584,712,1619,667,4.125,394.4
12021,-117.28,33.02,21,2736,585,1251,576,4.2356,347.7
12022,-117.27,33.02,13,5723,1242,2450,1140,4.7179,376.7
12023,-117.24,33.04,13,3498,663,1412,618,3.212,147.6
12024,-117.25,33.03,6,3416,493,1319,467,6.9326,324.6
12025,-117.27,33.03,25,1787,311,1108,311,3.9826,215.8
12026,-117.27,33.03,16,2240,443,1104,416,3.5313,148.7
12027,-117.26,33.02,9,4632,759,1724,685,6.3712,369.8
12028,-117.29,33.05,28,1146,338,672,292,3.1667,300
12029,-117.28,33.04,12,4459,928,2471,888,3.5179,252.7
12030,-117.29,33.04,30,2750,555,1281,520,4.7333,286.9
12031,-117.33,33.03,31,1171,321,603,267,2.8611,314.3
12032,-117.3,33.07,14,2670,426,1034,407,6.4247,295.1
12033,-117.29,33.08,18,3225,515,1463,476,5.7787,346.7
12034,-117.27,33.08,7,2949,447,1335,426,6.0922,342.4
12035,-117.29,33.06,20,2110,335,1008,325,6.1509,338.7
12036,-117.28,33.06,8,4172,1022,2585,941,4.0118,245.8
12037,-117.27,33.06,7,3686,733,1612,672,3.197,367.1
12038,-117.27,33.05,15,3333,808,1371,737,2.9083,122.4
12039,-117.3,33.08,24,2628,527,1389,520,4,343.2
12040,-117.34,33.06,17,2718,518,815,403,4.3182,357.1
12041,-117.31,33.07,21,2035,534,948,467,3.2984,369.4
12042,-117.3,33.07,16,3147,765,2165,690,3.5585,284.8
12043,-117.3,33.06,24,2171,511,870,442,3.194,276.3
12044,-117.3,33.06,31,2128,520,1049,485,4.027,290
12045,-117.3,33.05,34,1797,458,775,391,3.2308,331.3
12046,-117.33,33.17,11,10923,2041,4773,1858,4.0791,281.3
12047,-117.33,33.16,29,3559,552,1533,545,4.0585,245.5
12048,-117.32,33.15,15,13245,2212,5495,2060,5.4904,262.1
12049,-117.32,33.12,25,2670,527,936,461,2.7717,354
12050,-117.31,33.1,15,2392,446,747,421,3.5341,500.001
12051,-117.29,33.13,4,617,105,224,105,3.9205,183
12052,-117.31,33.11,7,7974,1703,2904,1550,4.1282,188.1
12053,-117.29,33.12,4,1380,322,755,286,4.7961,168.8
12054,-117.29,33.1,6,6091,1018,2064,957,5.1837,259.8
12055,-117.28,33.1,13,2644,422,1197,399,6.5338,267.9
12056,-117.35,33.17,16,4595,1341,2849,1197,2.478,185.6
12057,-117.34,33.16,24,1006,277,610,246,2.25,187.5
12058,-117.34,33.15,19,5710,1423,4163,1406,3.0306,178.5
12059,-117.35,33.16,22,1331,305,580,193,3.975,500.001
12060,-117.35,33.16,10,1684,515,902,449,3.7891,206.3
12061,-117.34,33.15,17,4505,1140,2111,1062,3.3536,283.3
12062,-117.36,33.18,26,5550,1153,2372,1058,2.5509,181.8
12063,-117.35,33.17,36,1977,423,812,387,3.625,198
12064,-117.36,33.17,24,2046,442,812,367,2.3182,500.001
12065,-117.37,33.18,19,1931,509,855,394,2.6979,266.7
12066,-117.37,33.19,23,4104,1274,4729,1187,1.8214,173.8
12067,-117.37,33.19,33,2205,453,1138,439,2.8819,208.6
12068,-117.37,33.19,18,975,382,650,286,1.9562,192.5
12069,-117.37,33.19,38,861,213,486,204,4.1875,185
12070,-117.38,33.19,35,928,264,538,248,2.4583,197.9
12071,-117.38,33.14,14,5039,1373,1298,696,3.209,313.3
12072,-117.38,33.19,26,4123,1145,1703,895,1.9891,500
12073,-117.38,33.2,17,1877,581,1288,426,1.9386,106.3
12074,-117.38,33.2,26,1427,386,974,317,1.3903,184.4
12075,-117.36,33.2,19,1926,557,1190,483,1.3269,166.1
12076,-117.36,33.2,19,2129,562,1323,525,2.9539,169.9
12077,-117.35,33.2,23,3297,728,1793,622,2.5754,169.7
12078,-117.34,33.21,12,5963,1372,3015,1124,2.7386,216.1
12079,-117.35,33.19,28,2823,476,1189,433,5.1733,198.1
12080,-117.34,33.19,23,3546,553,1533,518,5.276,224.5
12081,-117.33,33.19,15,3672,845,1827,796,2.9716,173.6
12082,-117.29,33.24,5,3109,634,1823,578,3.1875,153.8
12083,-117.32,33.23,24,2580,604,982,569,1.6402,169.3
12084,-117.31,33.24,6,1580,288,792,265,4.0469,162.4
12085,-117.32,33.22,15,4784,1039,1810,986,2.4375,108.9
12086,-117.33,33.22,21,2868,602,855,559,2.7846,91.2
12087,-117.32,33.22,16,1057,232,316,221,2.7417,91.7
12088,-117.33,33.21,17,1246,300,424,288,2.2882,85.8
12089,-117.3,33.22,4,14960,2988,6666,2612,3.7568,184.1
12090,-117.31,33.19,11,20944,3753,8738,3441,4.3762,215.5
12091,-117.29,33.2,16,2150,461,1428,407,2.4754,157.3
12092,-117.31,33.18,16,1835,430,599,399,2.0147,87.7
12093,-117.29,33.19,18,6235,1233,4127,1162,3.0704,151.6
12094,-117.28,33.2,20,4835,854,2983,834,4.3428,152.1
12095,-117.37,33.22,35,2204,482,1435,462,3.676,125.6
12096,-117.35,33.23,4,1837,287,934,277,3.8958,189.8
12097,-117.35,33.21,18,2971,606,2051,493,2.675,117.1
12098,-117.38,33.21,31,1502,367,1514,342,2.6442,103.3
12099,-117.37,33.2,29,1315,311,1425,306,2.0272,99.6
12100,-117.28,33.28,13,6131,1040,4049,940,3.8156,150.7
12101,-117.26,33.26,9,4609,798,2582,746,4.3429,173.9
12102,-117.3,33.26,23,1678,275,1227,264,4.1713,133.8
12103,-117.3,33.25,22,2329,419,1456,381,3.7933,131
12104,-117.31,33.25,14,3483,764,2140,687,3.125,102.3
12105,-117.32,33.25,7,2499,420,1314,398,4.85,186.9
12106,-117.32,33.25,7,8206,1523,4399,1423,3.6301,170.9
12107,-117.34,33.23,11,3737,757,2212,727,3.1062,141
12108,-117.33,33.23,15,2919,592,1130,579,2.5872,155.6
12109,-117.33,33.23,15,1905,416,1258,388,3.33,127.9
12110,-117.33,33.24,13,4543,881,2298,870,2.9386,143.4
12111,-117.42,33.35,14,25135,4819,35682,4769,2.5729,134.4
12112,-117.24,33.34,17,2866,442,1354,431,4.5764,257.3
12113,-117.22,33.36,16,3165,482,1351,452,4.605,263.3
12114,-117.22,33.31,12,2924,433,1193,394,6.2475,331.3
12115,-117.21,33.34,10,5294,817,2312,810,5.4563,325.7
12116,-117.19,33.34,15,3310,488,1104,460,6.1009,314.4
12117,-117.17,33.34,15,3313,679,1022,564,2.7986,189.9
12118,-117.2,33.29,12,6358,1182,2778,1020,4.0357,295.9
12119,-117.17,33.28,16,1921,312,862,280,5.1786,376.8
12120,-117.25,33.38,16,3536,765,2007,687,3,146.7
12121,-117.24,33.4,16,2704,463,1322,424,3.7857,227
12122,-117.23,33.38,18,3339,704,1727,652,2.8393,173.2
12123,-117.24,33.38,16,2792,525,1696,516,3.668,171.2
12124,-117.25,33.38,17,1614,431,1031,389,2.0956,134.4
12125,-117.25,33.39,22,2699,543,1425,491,2.375,137.3
12126,-117.26,33.37,7,2221,548,1440,501,2.2368,154.6
12127,-117.25,33.37,8,1755,530,1687,511,1.995,146.9
12128,-117.24,33.37,14,4687,793,2436,779,4.5391,180.9
12129,-117.24,33.36,11,2786,480,1250,450,4.5,222.6
12130,-117.25,33.36,6,3725,960,2833,915,2.3214,247
12131,-117.34,33.46,14,1902,338,848,304,5.5395,273.3
12132,-117.19,33.41,16,3031,554,1301,518,4.0882,296.1
12133,-117.14,33.39,17,2889,587,1931,510,3.8547,208.3
12134,-117.2,33.38,14,5392,821,2350,810,5.0507,291.5
12135,-117.1,33.36,19,3518,658,2091,610,3.2614,168.8
12136,-116.95,33.31,16,2921,639,1838,540,2.2393,117
12137,-117.03,33.32,14,1088,209,601,193,3.8438,243.8
12138,-117.05,33.29,17,1800,312,891,281,7.0177,267.6
12139,-117.05,33.26,14,3103,569,1704,539,3.7644,264.7
12140,-117.12,33.27,11,3016,601,1727,541,4.9375,232.8
12141,-117,33.29,17,2073,313,573,221,8.2531,419.2
12142,-116.98,33.26,12,5898,1002,3129,945,4.7647,254.1
12143,-116.99,33.2,17,2980,539,1531,505,3.1553,250
12144,-116.9,33.22,11,4132,773,2012,703,3.1906,234.5
12145,-117.14,33.23,11,4068,829,918,500,3.1272,281.3
12146,-117.11,33.23,13,5819,919,2228,866,4.9335,298.1
12147,-117.08,33.23,14,3337,571,1385,512,4.15,272.2
12148,-117.15,33.2,16,2690,459,1253,393,4.0328,294.6
12149,-117.2,33.2,16,4409,629,1875,609,5.543,286.4
12150,-117.22,33.22,17,3675,672,1693,597,3.3882,190.8
12151,-117.22,33.22,16,2134,643,1555,560,1.7217,175
12152,-117.22,33.22,15,1430,343,704,322,1.9571,162.5
12153,-117.23,33.24,26,1991,330,1014,304,4.3068,240.1
12154,-117.24,33.23,13,3756,648,1767,614,4.0776,196
12155,-117.23,33.23,13,2899,657,1946,579,2.9875,172
12156,-117.23,33.22,18,2334,573,962,557,1.808,97
12157,-117.23,33.22,16,3224,729,1036,608,2.0246,148.8
12158,-117.24,33.21,9,2486,626,1938,525,2.1293,151.4
12159,-117.27,33.23,5,20908,3933,9690,3510,4.1405,198.5
12160,-117.27,33.22,5,2283,337,999,325,5.0249,196.7
12161,-117.28,33.22,13,2832,542,1065,531,2.3844,98.6
12162,-117.25,33.22,26,2010,347,1160,331,3.9815,142.6
12163,-117.25,33.22,19,2167,443,1654,435,3.5,135.8
12164,-117.26,33.2,13,3163,725,1675,629,2.8214,121.9
12165,-117.27,33.19,8,973,289,663,209,2.724,139.3
12166,-117.28,33.19,5,2697,639,1633,580,3.4456,165.8
12167,-117.25,33.21,9,1944,488,1992,453,2.066,127.2
12168,-117.24,33.21,19,1872,489,1859,446,2.1875,121.7
12169,-117.24,33.21,18,1846,419,1581,387,3.0982,111.3
12170,-117.24,33.2,25,1631,415,1045,386,2.4505,147.5
12171,-117.24,33.2,26,1701,404,989,367,2.5119,171.7
12172,-117.25,33.2,22,2361,618,1472,596,2.0625,124.5
12173,-117.25,33.2,10,2050,473,1302,471,2.7961,131.3
12174,-117.23,33.21,21,1934,386,861,381,3.6181,213.8
12175,-117.22,33.21,19,4400,828,1901,735,3.6375,198.8
12176,-117.23,33.2,29,3372,720,1770,693,3.5109,166
12177,-117.23,33.2,21,2284,360,999,356,4.8929,212.5
12178,-117.21,33.2,22,3337,518,1288,466,5.04,253.7
12179,-117.22,33.19,16,3004,656,1948,606,2.7019,216.9
12180,-117.27,33.18,4,3371,773,1481,627,2.9133,215.7
12181,-117.26,33.19,4,2342,595,1518,545,2.9469,216.1
12182,-117.25,33.19,18,1891,306,830,279,4.5764,207
12183,-117.23,33.19,22,2554,447,1147,422,3.6346,192.5
12184,-117.24,33.18,19,3337,565,1646,554,5.0195,200.2
12185,-117.3,33.17,6,7880,1533,3760,1460,4.1807,182.6
12186,-117.32,33.17,18,2143,299,828,283,4.2383,239
12187,-117.31,33.17,7,2349,312,809,282,5.552,283.9
12188,-117.31,33.16,4,5846,894,2282,801,5.5956,247.8
12189,-117.29,33.18,15,3780,792,1632,721,2.7644,111.4
12190,-117.29,33.18,17,821,176,436,168,3.1667,160.6
12191,-117.28,33.18,16,3002,591,842,538,2.1205,157.3
12192,-117.26,33.18,9,4540,793,2235,746,4.5781,225.6
12193,-117.27,33.15,4,23915,4135,10877,3958,4.6357,244.9
12194,-117.24,33.17,4,9998,1874,3925,1672,4.2826,237.5
12195,-117.22,33.17,6,1487,362,810,322,3.625,135.7
12196,-117.23,33.16,4,3066,625,1164,582,4,228.1
12197,-117.23,33.16,2,4624,946,2091,808,3.6736,214.5
12198,-117.22,33.18,13,4273,886,2328,801,3.3444,183.9
12199,-117.21,33.19,21,3765,612,1722,593,4.8152,218.5
12200,-117.19,33.18,7,3561,722,1921,657,4.1128,209.7
12201,-117.21,33.16,13,2937,698,1246,579,2.6487,196
12202,-117.2,33.16,13,4503,1137,3094,1091,2.3159,91.6
12203,-117.2,33.15,11,4091,864,1927,765,3.0139,199
12204,-117.2,33.14,19,2025,414,1663,403,3.8147,139.2
12205,-117.22,33.14,5,4576,848,2314,705,5.0123,210.4
12206,-117.21,33.14,12,4839,954,1708,952,2.8586,163.3
12207,-117.18,33.16,15,5923,1206,3943,1006,3.1793,159.9
12208,-117.15,33.16,5,4750,962,2726,905,3.5839,158.5
12209,-117.14,33.16,16,1660,236,733,214,5.6874,202.7
12210,-117.14,33.15,16,1129,198,758,178,5.0346,174.6
12211,-117.13,33.15,16,3907,671,1759,663,3.1776,172.6
12212,-117.13,33.14,16,1649,278,993,277,4.8526,170.7
12213,-117.13,33.14,5,2618,539,1320,512,4.1053,171.4
12214,-117.12,33.14,16,1710,272,1025,267,4.1641,163.6
12215,-117.12,33.14,12,2363,408,1211,396,3.8967,172.6
12216,-117.13,33.14,12,2258,456,1147,433,4.0495,153.9
12217,-117.19,33.14,12,3652,923,1677,728,2.3267,92
12218,-117.18,33.15,7,6225,1683,5410,1580,2.32,117.5
12219,-117.21,33.13,19,3068,596,912,554,3.775,168
12220,-117.2,33.12,18,4372,736,1473,675,5.1194,247.8
12221,-117.21,33.12,4,3261,689,926,561,4.3672,258.9
12222,-117.18,33.11,16,3470,601,1197,552,5.1814,279.9
12223,-117.25,33.12,8,8552,1437,3335,1323,5.311,255.8
12224,-117.23,33.1,4,1862,291,685,248,7.745,237.4
12225,-117.25,33.1,14,3676,720,1176,614,3.9464,171.9
12226,-117.26,33.09,22,2398,407,349,169,7.0423,500.001
12227,-117.26,33.09,13,3730,761,1335,603,4.1667,227.1
12228,-117.23,33.09,7,5320,855,2015,768,6.3373,279.6
12229,-117.25,33.08,13,3651,465,1311,435,7.5402,340.3
12230,-117.26,33.08,12,5080,814,1958,716,5.3905,299.6
12231,-117.09,33.13,9,5685,1442,3773,1250,3.0426,129.9
12232,-117.08,33.14,15,1497,250,827,239,4.3846,154.2
12233,-117.07,33.14,16,2546,429,1683,408,4.7426,160.6
12234,-117.07,33.15,17,1893,297,936,287,5.1842,157.7
12235,-117.06,33.15,24,2155,379,1158,360,4.7941,147.5
12236,-117.11,33.19,15,3154,488,1656,429,5.0461,222.4
12237,-117.03,33.18,17,5391,886,2732,830,5.1771,212.8
12238,-117.06,33.17,4,5465,974,2844,950,4.4477,174.8
12239,-117.08,33.16,11,6341,1030,2697,977,4.8554,206.7
12240,-117.07,33.15,15,2994,522,1231,503,3.2024,180.4
12241,-117.09,33.15,13,3958,865,1981,840,3.4764,137.5
12242,-117.07,33.13,17,6817,1632,4526,1474,2.6152,135.3
12243,-117.05,33.13,20,7746,2035,5370,1838,2.3762,98.5
12244,-117.04,33.15,15,13814,2888,6583,2789,2.8247,150
12245,-117.05,33.14,16,4552,1166,2737,1051,2.25,136.3
12246,-117.06,33.13,12,8742,2114,4854,1957,2.8015,143.5
12247,-117.08,33.13,17,8466,2628,7014,2267,2.1437,113.7
12248,-117.11,33.15,14,8374,1407,2916,1295,4.7019,191.1
12249,-117.1,33.15,5,3159,685,1398,581,3.1467,161.1
12250,-117.12,33.15,7,2810,464,1564,457,4.4655,182.8
12251,-117.14,33.18,11,5546,974,2300,970,3.7109,199.8
12252,-117.1,33.14,7,10665,2576,4917,2424,2.3171,159.5
12253,-117.11,33.14,10,3208,636,1395,582,3.4455,190.5
12254,-117.14,33.12,7,6126,1032,2662,923,4.9005,264
12255,-117.11,33.12,46,52,13,59,13,3.875,200
12256,-117.1,33.12,12,961,342,315,201,0.813,275
12257,-117.14,33.07,12,9302,1603,4074,1504,4.3513,199.6
12258,-117.12,33.07,45,1032,235,363,177,3.6389,186.6
12259,-117.07,33.07,8,2756,343,1045,340,8.5957,444.1
12260,-117.1,33.09,5,12045,2162,5640,1997,4.4375,353
12261,-117.08,33.08,23,3400,501,1383,488,4.9844,249.1
12262,-117.09,33.1,21,2876,539,1387,499,3.8292,177
12263,-117.09,33.12,11,567,184,620,163,2.5284,122.5
12264,-117.08,33.11,28,2094,585,1556,563,2.2,127.7
12265,-117.09,33.11,32,1713,321,891,286,3.1429,171.6
12266,-117.08,33.12,37,1060,268,823,229,1.8363,145.5
12267,-117.07,33.11,31,2055,473,1326,427,3.0915,139.9
12268,-117.08,33.12,33,674,208,565,188,1.875,114.3
12269,-117.07,33.12,21,4578,927,2818,900,3.1458,187.7
12270,-117.07,33.12,32,2474,499,1224,461,2.7216,146.3
12271,-117.07,33.12,12,2453,599,1251,529,2.4122,127
12272,-117.07,33.11,17,5565,1237,3004,1139,3.0054,142.3
12273,-117.06,33.09,11,7483,1276,3516,1261,4.0484,262.5
12274,-117.03,33.13,15,7000,1185,3555,1118,4.7022,172.8
12275,-116.97,33.13,10,5149,851,2177,783,6.7957,287.5
12276,-117.05,33.13,17,2385,372,1118,369,4.2813,169.9
12277,-117.05,33.13,22,2427,390,1099,362,5.2323,167.5
12278,-117.05,33.1,13,5516,746,2119,662,6.1868,320.2
12279,-117.03,33.12,25,3142,446,1286,419,5.4663,248.3
12280,-117.04,33.09,16,4677,581,1902,566,6.1834,335.6
12281,-116.93,33.06,16,3490,545,1628,535,4.8836,239.9
12282,-116.89,32.99,14,2816,501,1448,452,5.0278,210.9
12283,-116.95,32.96,18,2087,353,992,329,4.5,222.6
12284,-116.84,33.08,15,2755,519,1474,460,4.0408,225.9
12285,-116.78,33,7,12480,1946,5102,1697,5.5102,221
12286,-116.84,33.01,5,5673,855,2592,797,5.4155,199.2
12287,-116.88,33.05,11,7217,1583,4197,1502,2.8827,166.7
12288,-116.88,33.02,16,3204,541,1818,529,5.2596,171.5
12289,-116.9,33.03,11,3213,634,1975,579,3.475,167.2
12290,-116.86,33.05,17,9044,1689,5030,1596,3.6348,164.5
12291,-116.84,33.02,11,1227,202,645,198,5.6674,209.8
12292,-116.74,33.33,17,4190,946,1802,673,2.4744,158.2
12293,-116.68,33.16,26,1820,374,1001,324,2.1797,156.3
12294,-116.6,33.06,23,1731,365,612,258,2.7813,172.9
12295,-116.58,33.09,36,992,224,334,126,3.0089,134.4
12296,-116.56,33.05,15,1985,361,536,209,4.125,148.2
12297,-116.61,33.04,11,2522,538,616,269,3.875,198.1
12298,-116.66,33.09,24,1378,272,532,188,1.5909,221.9
12299,-116.67,32.97,16,349,74,120,43,5.359,193.8
12300,-116.52,32.9,18,4454,852,1754,656,4.57,189.9
12301,-116.34,33.36,24,2746,514,731,295,3.3214,176.4
12302,-116.32,33.28,19,1791,367,327,185,3.3625,100
12303,-116.26,33.07,17,934,284,452,184,1.9875,83.7
12304,-116.28,32.84,18,382,128,194,69,2.5179,58.8
12305,-116.37,33.19,12,4890,1152,1289,570,2.5795,98.7
12306,-116.58,32.69,19,4085,876,2133,718,2.919,116.5
12307,-116.45,32.65,22,2680,643,1644,516,2.1949,127.1
12308,-116.35,32.74,16,2595,606,1046,367,1.7137,110.7
12309,-116.2,32.64,28,1608,409,567,254,1.4648,61.8
12310,-116.75,32.85,17,4863,845,2266,769,4.2321,217.4
12311,-116.79,32.84,12,4281,786,1891,721,3.5769,231.8
12312,-116.76,32.84,16,3311,702,1627,624,3.1196,187.2
12313,-116.77,32.82,16,3688,817,1969,767,2.875,222.9
12314,-116.75,32.82,17,3348,481,1222,443,6.6361,308.6
12315,-116.8,32.8,11,3874,565,1672,546,6.1481,274.6
12316,-116.62,32.86,18,4115,847,2032,745,4.0159,169.1
12317,-116.66,32.79,13,843,157,918,152,6.2152,240.6
12318,-116.87,32.75,15,2053,321,993,309,5.5164,248.9
12319,-116.91,32.73,8,4630,624,2048,575,6.4745,300.3
12320,-116.89,32.67,9,2652,393,1355,362,6.2578,293.1
12321,-116.76,32.74,14,4085,751,2129,688,4.7367,214.5
12322,-116.79,32.61,19,2652,520,1421,491,3.5227,206.1
12323,-122.41,37.81,25,1178,545,592,441,3.6728,500.001
12324,-122.41,37.81,31,3991,1311,2305,1201,1.8981,500.001
12325,-122.42,37.81,52,1314,317,473,250,4.3472,500.001
12326,-122.42,37.8,52,2852,581,838,510,8.0755,500.001
12327,-122.42,37.8,52,4985,1355,1848,1255,4.9211,500.001
12328,-122.42,37.8,50,2494,731,958,712,3.2356,500.001
12329,-122.42,37.8,52,741,170,277,165,4.4712,500.001
12330,-122.41,37.8,52,2583,672,1335,613,3.1477,500.001
12331,-122.41,37.8,52,2618,611,1328,559,4.1607,350
12332,-122.41,37.8,52,3278,775,1279,709,5.4378,500.001
12333,-122.41,37.8,52,812,252,629,247,2.5875,500.001
12334,-122.41,37.8,52,4088,946,1906,863,3.6065,433.3
12335,-122.41,37.8,52,1288,309,437,272,6.3245,500.001
12336,-122.4,37.8,52,1860,575,679,448,4.775,500.001
12337,-122.4,37.8,52,2094,568,920,503,4.2015,412.5
12338,-122.4,37.81,12,1349,349,536,334,7.7852,250
12339,-122.41,37.8,52,2450,741,1415,664,2.8229,375
12340,-122.4,37.8,52,1642,570,1432,513,1.9063,300
12341,-122.41,37.8,52,1724,416,1016,395,3.3839,400
12342,-122.41,37.8,52,1866,748,2957,710,1.8295,243.8
12343,-122.41,37.8,30,1821,738,1648,684,0.8836,450
12344,-122.41,37.8,52,3697,837,1446,711,5.866,500.001
12345,-122.41,37.8,52,2892,751,1785,733,3.5746,350
12346,-122.41,37.79,52,3598,1011,2062,966,2.9871,380
12347,-122.42,37.8,52,2797,685,1156,651,4.3472,500.001
12348,-122.42,37.8,52,3823,1040,1830,977,4.2458,450
12349,-122.42,37.8,52,3321,1115,1576,1034,2.0987,458.3
12350,-122.42,37.8,52,1777,486,932,427,3.3643,420
12351,-122.42,37.8,52,3067,870,2122,850,2.5603,287.5
12352,-122.42,37.79,52,3457,1021,2286,994,2.565,225
12353,-122.42,37.79,52,3364,1100,2112,1045,2.1343,400
12354,-122.42,37.79,52,3511,1232,2452,1131,2.5013,275
12355,-122.41,37.79,52,2909,851,1711,830,3.0296,500.001
12356,-122.41,37.79,52,3302,869,1178,727,3.3681,500.001
12357,-122.41,37.79,52,2161,544,904,431,3.5066,350
12358,-122.41,37.8,52,1999,642,1846,620,1.9145,225
12359,-122.41,37.79,52,2302,938,1515,861,1.3668,55
12360,-122.41,37.8,52,3260,1535,3260,1457,0.9,500.001
12361,-122.39,37.8,25,4561,1474,1525,1169,4.5581,500.001
12362,-122.4,37.79,52,1185,660,1007,623,1.4552,450
12363,-122.41,37.79,52,1436,738,1688,662,1.5156,237.5
12364,-122.41,37.79,52,3610,1286,1504,1047,3.2059,500.001
12365,-122.41,37.79,52,6016,2509,3436,2119,2.5166,275
12366,-122.42,37.79,52,2737,1241,1761,1029,1.8068,225
12367,-122.41,37.79,52,5783,2747,4518,2538,1.724,225
12368,-122.42,37.78,26,812,507,628,445,2.3304,500.001
12369,-122.42,37.78,27,1728,884,1211,752,0.8543,500.001
12370,-122.43,37.81,39,3275,837,1137,725,3.7679,500.001
12371,-122.44,37.8,52,3830,1142,1310,963,3.4801,500.001
12372,-122.44,37.8,52,1724,412,540,319,4.2857,500.001
12373,-122.43,37.81,52,4309,942,1297,798,4.6781,500.001
12374,-122.45,37.81,52,1375,322,287,184,3.9028,500.001
12375,-122.44,37.8,52,2869,594,500,335,5.0376,500.001
12376,-122.44,37.8,52,3257,735,1045,620,4.5523,500.001
12377,-122.44,37.8,52,1580,470,714,448,3.2447,500.001
12378,-122.44,37.8,52,1006,291,445,257,2.7717,500
12379,-122.44,37.8,52,3149,719,1145,658,4.625,500.001
12380,-122.44,37.8,52,3161,472,842,410,7.9761,500.001
12381,-122.44,37.8,52,2865,593,1029,577,5.2539,500.001
12382,-122.44,37.8,52,1603,487,727,464,3.9856,500.001
12383,-122.43,37.8,52,3172,848,1259,806,4.1047,466.7
12384,-122.43,37.8,52,2788,813,1302,764,4.199,400
12385,-122.43,37.8,52,2994,821,1240,779,3.3715,500
12386,-122.43,37.8,52,1976,726,1045,669,3.6893,475
12387,-122.43,37.8,52,1006,251,349,233,3.2235,500
12388,-122.43,37.8,52,1380,322,553,288,4.0417,500.001
12389,-122.42,37.8,52,2657,772,1014,685,4.038,500.001
12390,-122.43,37.8,52,2696,572,925,552,5.0365,500
12391,-122.43,37.8,52,2520,649,959,607,5.7934,500.001
12392,-122.43,37.8,52,2802,622,954,572,4.5399,500.001
12393,-122.42,37.8,52,4079,1112,1466,1024,4.5913,500.001
12394,-122.42,37.79,48,4506,1342,1980,1239,4.0156,500.001
12395,-122.43,37.79,52,3565,892,1377,852,3.8068,500.001
12396,-122.43,37.79,52,3486,847,1248,813,7.2623,500.001
12397,-122.43,37.79,52,6186,1566,2065,1374,5.8543,500.001
12398,-122.44,37.79,52,2045,353,722,327,8.0755,500.001
12399,-122.44,37.79,52,1447,186,483,181,15.0001,500.001
12400,-122.45,37.79,52,3069,579,1107,536,5.5634,500.001
12401,-122.45,37.79,52,1734,482,731,429,1.4804,425
12402,-122.45,37.79,52,1457,215,495,208,10.7097,500.001
12403,-122.46,37.79,52,2106,373,743,348,5.2909,500.001
12404,-122.44,37.79,52,1817,535,800,487,3.975,500.001
12405,-122.44,37.79,52,3640,840,1525,796,4.4375,500.001
12406,-122.44,37.79,52,3785,808,1371,799,6.4209,500.001
12407,-122.43,37.79,52,3522,938,1319,887,4.3986,500.001
12408,-122.43,37.79,52,3219,969,1152,830,4.2042,500.001
12409,-122.42,37.79,52,2511,895,1202,804,2.6607,87.5
12410,-122.42,37.79,6,670,301,655,284,3.4423,117.5
12411,-122.43,37.79,50,3312,1095,1475,997,2.7165,500.001
12412,-122.43,37.79,52,3020,842,1294,769,3.4375,500.001
12413,-122.43,37.79,25,1637,394,649,379,5.0049,460
12414,-122.44,37.79,52,1903,461,831,433,4.4464,500.001
12415,-122.44,37.79,52,2083,491,1224,483,4.0882,468.8
12416,-122.44,37.79,52,1726,384,614,356,3.6812,500
12417,-122.44,37.78,52,2695,657,1243,573,2.8569,372.2
12418,-122.45,37.78,45,2747,699,1320,693,3.1576,333.3
12419,-122.45,37.79,46,2009,464,761,453,3.7188,500.001
12420,-122.45,37.78,52,3975,716,1515,691,5.0156,500.001
12421,-122.43,37.79,24,2459,1001,1362,957,2.6782,450
12422,-122.43,37.78,10,2380,843,1245,789,1.3062,220
12423,-122.44,37.78,39,1181,310,901,281,1.4866,237.5
12424,-122.45,37.78,52,2686,606,1392,578,4,355.3
12425,-122.46,37.78,47,1682,379,837,375,5.2806,400
12426,-122.44,37.78,37,1235,314,481,297,3.6875,492.3
12427,-122.44,37.78,52,3510,791,1703,657,2.8654,280
12428,-122.44,37.78,44,1545,334,561,326,3.875,412.5
12429,-122.45,37.78,43,1452,397,897,393,4.1319,322.7
12430,-122.45,37.78,52,2033,438,2198,418,3.6667,418.4
12431,-122.44,37.78,16,883,236,601,219,2.151,146.9
12432,-122.43,37.78,49,2246,587,1277,546,2.9792,350
12433,-122.44,37.78,52,3017,851,1588,800,3.3882,471.4
12434,-122.44,37.78,52,2747,736,1309,653,2.943,341.7
12435,-122.44,37.78,31,1364,386,707,379,3.1607,293.8
12436,-122.43,37.78,26,3587,1034,1821,936,2.6392,287.5
12437,-122.43,37.78,2,1205,468,577,363,3.6437,275
12438,-122.42,37.78,19,4065,1645,2079,1470,3.1462,187.5
12439,-122.43,37.78,17,2728,908,1670,893,1.077,115
12440,-122.43,37.78,24,2037,696,1371,585,0.9355,112.5
12441,-122.42,37.78,52,989,425,634,341,2.4414,275
12442,-122.42,37.78,52,1254,469,895,456,2.1516,187.5
12443,-122.43,37.78,52,1952,628,1284,576,2.105,316.7
12444,-122.43,37.78,52,4014,1069,2070,927,2.8202,442.9
12445,-122.43,37.77,52,3944,1072,1913,973,2.9567,425
12446,-122.44,37.78,52,2911,753,1696,676,2.5721,475
12447,-122.44,37.77,52,2705,647,1355,628,2.0161,364.3
12448,-122.45,37.77,52,2339,548,1090,507,3.3679,350
12449,-122.45,37.77,52,3188,708,1526,664,3.3068,500.001
12450,-122.45,37.77,52,1722,465,885,437,3.0906,500.001
12451,-122.44,37.77,52,3475,807,1518,777,3.6186,500.001
12452,-122.45,37.77,52,2296,509,1039,472,4.1417,500
12453,-122.45,37.77,52,2191,627,1100,585,3.0409,500
12454,-122.45,37.77,52,2645,626,1275,553,3.35,492.9
12455,-122.43,37.77,52,3563,832,1712,787,3.3702,335.7
12456,-122.43,37.77,52,1760,366,742,318,4.445,400
12457,-122.44,37.77,52,2002,520,939,501,3.2239,488.9
12458,-122.44,37.77,52,2994,736,1428,700,3.0766,438.9
12459,-122.42,37.77,52,1925,568,867,515,2.879,450
12460,-122.43,37.77,52,1567,482,654,425,2.6914,366.7
12461,-122.43,37.77,52,2514,729,1428,597,2.3977,412.5
12462,-122.43,37.77,52,2416,620,1188,591,2.3887,337.5
12463,-122.43,37.77,52,1862,472,872,471,3.2981,222.7
12464,-122.43,37.77,52,4397,1116,1939,1053,2.7587,354.5
12465,-122.43,37.77,52,2685,629,1170,614,3.6894,418.8
12466,-122.44,37.77,52,2537,559,849,530,5.1788,476.9
12467,-122.44,37.77,52,5604,1268,2023,1196,4.4085,400
12468,-122.44,37.76,38,2202,452,833,435,6.8939,455.9
12469,-122.44,37.77,52,3225,667,1494,619,4.4875,500.001
12470,-122.44,37.77,52,3505,745,1374,714,4.3667,500.001
12471,-122.45,37.77,52,3095,682,1269,639,3.575,500.001
12472,-122.45,37.77,52,3939,852,1737,797,4.5052,500.001
12473,-122.41,37.78,52,1928,836,2124,739,1.1185,55
12474,-122.41,37.78,52,1534,763,1520,614,1.4554,375
12475,-122.41,37.78,52,254,72,153,29,3.8625,350
12476,-122.41,37.77,52,361,76,168,55,3.2292,275
12477,-122.41,37.77,52,1963,565,1628,524,2.6083,193.8
12478,-122.4,37.78,32,352,132,313,105,2.5742,350
12479,-122.41,37.77,52,849,276,582,222,3.4671,250
12480,-122.41,37.78,52,1014,422,1055,382,1.8519,32.5
12481,-122.39,37.78,3,3464,1179,1441,919,4.7105,275
12482,-122.39,37.78,5,1405,515,725,392,3.6037,187.5
12483,-122.37,37.81,26,5416,1045,4531,962,2.7909,250
12484,-122.4,37.78,52,464,202,286,148,1.6125,112.5
12485,-122.42,37.77,52,759,323,421,255,2.0548,162.5
12486,-122.42,37.77,52,1176,493,1136,436,1.375,312.5
12487,-122.42,37.76,37,1291,588,1846,557,1.3365,225
12488,-122.42,37.77,52,2185,656,1266,626,2.7794,350
12489,-122.42,37.77,52,4226,1315,2619,1242,2.5755,325
12490,-122.42,37.76,52,3587,1030,2259,979,2.5403,250
12491,-122.43,37.77,52,2714,779,1438,733,3.6031,275
12492,-122.43,37.76,52,1582,353,868,329,3.8261,250
12493,-122.43,37.76,52,2250,566,1051,562,2.8458,350
12494,-122.44,37.76,52,2959,683,1145,666,4.2222,361.6
12495,-122.44,37.76,30,5089,1210,1935,1139,4.6053,386.1
12496,-122.44,37.75,28,4930,1381,2232,1321,4.3232,316.2
12497,-122.44,37.76,35,1581,422,580,388,4.05,423.1
12498,-122.44,37.76,50,2589,569,945,544,5.2519,376.6
12499,-122.45,37.76,51,2564,457,810,442,5.6235,500.001
12500,-122.44,37.76,52,1968,472,784,430,3.3702,370
12501,-122.44,37.76,52,2110,454,816,438,3.9079,370
12502,-122.44,37.76,52,2509,496,855,478,5.0731,405.4
12503,-122.43,37.76,52,3771,1017,1575,921,3.5655,427.3
12504,-122.43,37.76,52,2356,501,909,481,4.2569,455.4
12505,-122.43,37.76,52,3708,849,1531,822,3.3565,386.4
12506,-122.42,37.76,52,4407,1192,2280,1076,3.3937,270
12507,-122.42,37.76,52,4001,1084,2129,1037,3.5052,391.2
12508,-122.42,37.76,52,1190,400,1270,332,2.0329,225
12509,-122.42,37.76,52,2038,629,2007,596,2.5701,266.7
12510,-122.42,37.76,52,1494,610,1630,590,1.65,265
12511,-122.42,37.76,46,2150,817,2075,807,1.3824,212.5
12512,-122.42,37.75,52,1207,302,1008,269,3.3816,262.5
12513,-122.42,37.75,52,801,272,639,259,2.1971,275
12514,-122.42,37.75,52,1609,510,1155,439,2.2328,250
12515,-122.42,37.75,52,1974,525,935,465,2.7173,300
12516,-122.42,37.75,52,2112,528,1227,513,3.5536,400
12517,-122.42,37.75,52,2708,762,1460,741,2.9052,400
12518,-122.42,37.75,52,1564,396,1162,374,3,275
12519,-122.43,37.75,52,2700,595,1181,575,3.575,396.8
12520,-122.43,37.75,52,1970,495,871,474,4.0625,355.6
12521,-122.43,37.75,52,2459,507,1012,475,4.0568,387.9
12522,-122.43,37.76,52,2332,434,861,406,4.4318,437.5
12523,-122.43,37.75,52,2285,509,839,456,4.7946,355.6
12524,-122.44,37.75,52,3114,637,1144,591,4,375
12525,-122.44,37.75,52,2082,425,801,411,4.2708,368.9
12526,-122.43,37.75,52,2721,581,1043,519,3.7545,383.7
12527,-122.44,37.75,46,1519,291,573,289,4.2667,338.8
12528,-122.43,37.75,52,1615,393,633,378,3.5114,347.5
12529,-122.43,37.75,52,3521,767,1415,687,4.875,362.2
12530,-122.43,37.75,52,2960,623,1191,589,3.95,347.7
12531,-122.42,37.75,52,2164,533,1122,469,3.2632,306
12532,-122.42,37.74,52,2713,624,1370,594,4.6547,325.7
12533,-122.42,37.74,52,1786,427,856,394,3.0833,328.1
12534,-122.43,37.74,52,2229,498,1079,472,5.0196,324.3
12535,-122.43,37.75,40,4850,977,1824,952,5.0519,356.1
12536,-122.44,37.75,21,5457,1247,2304,1180,4.5469,409.7
12537,-122.44,37.74,23,6291,1269,2818,1198,4.2672,391.9
12538,-122.44,37.74,23,184,44,118,40,4.5375,350
12539,-122.43,37.74,52,3328,653,1260,614,4.7437,331
12540,-122.43,37.74,52,2637,539,1159,497,3.8846,333.1
12541,-122.43,37.74,52,1514,314,724,301,5.3292,300.9
12542,-122.43,37.73,52,1142,224,494,206,5.0602,298.9
12543,-122.38,37.76,52,248,68,124,51,1.4886,450
12544,-122.39,37.76,52,624,170,410,148,4.0042,208.3
12545,-122.39,37.76,52,157,28,88,27,3.675,162.5
12546,-122.39,37.76,52,1877,427,712,398,3.9722,290.9
12547,-122.39,37.76,52,3390,691,1645,596,3.7051,253.7
12548,-122.4,37.75,44,6848,1584,3269,1383,2.8679,243.3
12549,-122.4,37.76,52,4265,912,1555,836,4.119,298.3
12550,-122.4,37.76,52,1495,311,506,275,4.4375,320
12551,-122.41,37.76,52,1427,281,620,236,1.9944,262.5
12552,-122.4,37.76,52,1529,385,1347,348,2.9312,239.1
12553,-122.41,37.76,52,3452,784,2987,753,2.8135,260.3
12554,-122.41,37.76,52,2064,496,1726,466,3.4028,233.3
12555,-122.41,37.76,52,351,81,308,75,2.6667,325
12556,-122.41,37.76,52,2479,515,1816,496,3.0774,300
12557,-122.41,37.76,52,2605,678,2071,611,3.2964,265
12558,-122.4,37.75,52,1182,307,1029,306,2.0577,214.6
12559,-122.41,37.75,52,1892,415,1442,371,4.2891,230
12560,-122.41,37.75,52,1678,386,1220,357,2.5809,255.3
12561,-122.41,37.75,52,2164,606,2034,513,2.0325,178.1
12562,-122.41,37.75,52,2452,623,1932,549,2.3903,236.1
12563,-122.41,37.75,9,1282,334,1176,305,2.6538,206.3
12564,-122.39,37.74,42,4110,846,2147,674,2.5694,201
12565,-122.39,37.73,43,4864,972,3134,959,4.3393,217.3
12566,-122.4,37.74,45,2462,509,1587,450,2.59,211.8
12567,-122.38,37.73,18,4037,990,2722,834,1.4282,140.4
12568,-122.38,37.73,15,6804,1664,4737,1581,1.4133,203.4
12569,-122.39,37.74,45,1462,308,924,302,2.1767,185.3
12570,-122.38,37.73,20,120,27,55,19,2.625,187.5
12571,-122.38,37.73,40,543,101,259,89,2.2167,193.8
12572,-122.38,37.73,38,1388,276,871,265,2.1667,193.8
12573,-122.39,37.73,52,1931,329,1025,293,2.9063,192
12574,-122.39,37.73,52,1070,224,567,207,2.8603,189
12575,-122.39,37.72,28,1609,340,1064,290,1.1125,206.3
12576,-122.39,37.72,45,2893,570,1923,535,3.6607,192.3
12577,-122.39,37.72,52,135,34,93,26,2.1484,181.3
12578,-122.41,37.75,52,3065,622,1405,606,3.7813,275.9
12579,-122.41,37.74,38,1754,382,928,354,4.1417,270.8
12580,-122.41,37.74,34,1403,262,839,255,4.7031,255.2
12581,-122.41,37.75,52,2524,559,1430,476,3.4073,254.7
12582,-122.41,37.75,52,2515,576,1209,540,3.5912,284.9
12583,-122.41,37.74,48,409,86,148,70,3.6687,335
12584,-122.41,37.74,52,831,175,415,159,1.9464,249
12585,-122.42,37.74,52,1916,432,889,424,4.0391,279.9
12586,-122.42,37.74,52,1674,346,734,335,3.8864,281.3
12587,-122.42,37.74,52,1271,353,1076,324,2.9911,263.9
12588,-122.42,37.75,52,2163,607,1447,546,3.3555,275
12589,-122.41,37.74,47,1728,398,1178,315,3.2813,229.6
12590,-122.41,37.74,52,2058,399,1208,399,3.6429,230
12591,-122.42,37.73,50,3426,769,2261,671,2.888,246.4
12592,-122.42,37.74,52,2084,550,1438,516,2.3087,258.6
12593,-122.42,37.74,52,1540,370,1136,363,4.3125,243
12594,-122.42,37.73,52,3230,654,1765,611,3.3333,292.3
12595,-122.43,37.73,52,1583,347,935,341,4.6786,263.2
12596,-122.43,37.73,52,1386,276,729,274,3.6694,275.5
12597,-122.43,37.72,48,1289,280,782,235,3.6719,259.8
12598,-122.44,37.73,52,2381,492,1485,447,4.3898,270
12599,-122.44,37.73,52,866,205,587,171,5.0224,261.9
12600,-122.42,37.73,46,1819,411,1534,406,4.0132,229.4
12601,-122.42,37.73,35,1871,342,1055,310,4.625,279.3
12602,-122.42,37.73,35,1791,322,988,304,4.5769,254.5
12603,-122.41,37.73,42,2604,573,1703,507,3.4231,230.2
12604,-122.4,37.73,50,1947,411,1170,384,3.4769,238.7
12605,-122.4,37.73,42,1413,406,1027,362,2.3625,233
12606,-122.41,37.73,52,1931,358,1092,356,3.7835,271.3
12607,-122.41,37.73,41,2115,378,1168,365,4.0642,272.5
12608,-122.4,37.72,37,971,248,647,208,2.1187,239.3
12609,-122.41,37.73,33,2789,567,1682,552,3.8643,276.2
12610,-122.41,37.72,35,2104,434,1225,410,4.8214,242.9
12611,-122.41,37.72,32,1650,316,904,295,4.0583,236.2
12612,-122.42,37.72,37,2638,546,1789,521,4.0071,244.7
12613,-122.43,37.72,50,2912,562,1989,537,3.6667,252.6
12614,-122.43,37.72,49,3427,696,2363,661,3.6885,254
12615,-122.43,37.72,52,2206,478,1583,456,3.7105,250.5
12616,-122.44,37.72,52,2890,571,1769,541,3.8274,252
12617,-122.43,37.72,52,3351,719,2101,706,3.0107,242
12618,-122.43,37.73,52,3602,738,2270,647,3.8934,251.8
12619,-122.44,37.72,49,1557,405,1173,385,3.4605,265
12620,-122.44,37.72,48,2675,585,1773,540,3.9565,268.5
12621,-122.45,37.72,52,1729,319,890,300,4.3036,261.8
12622,-122.45,37.71,46,2559,506,1562,498,4.3846,270.6
12623,-122.45,37.71,41,1578,351,1159,299,3.9167,243.6
12624,-122.46,37.71,52,1580,337,1425,330,4.0547,246.2
12625,-122.46,37.71,47,1527,283,1102,282,4,231.6
12626,-122.43,37.71,35,2878,564,1633,528,4.5,266.9
12627,-122.43,37.71,52,1410,286,879,282,3.1908,255.6
12628,-122.44,37.72,52,1507,282,929,281,3.8958,247.7
12629,-122.44,37.71,52,2711,591,1848,524,3.9567,251.5
12630,-122.45,37.71,34,3131,669,2204,600,3.5536,251
12631,-122.4,37.72,40,1948,413,1434,396,3.0313,219.1
12632,-122.41,37.71,47,2289,481,1697,465,3.4773,226.3
12633,-122.41,37.71,28,5015,1240,3900,1029,1.2269,181.9
12634,-122.41,37.71,40,2054,433,1738,429,4.9926,213.9
12635,-122.4,37.72,41,1975,440,1528,424,3.8625,218.3
12636,-122.45,37.77,52,2602,714,1330,647,3.5435,278.6
12637,-122.46,37.76,52,2236,545,1186,532,3.4531,414.3
12638,-122.46,37.77,52,1824,388,799,363,3.75,435.7
12639,-122.46,37.76,52,1817,449,948,380,3.93,390
12640,-122.45,37.76,31,5283,1330,2659,1269,3.5744,500
12641,-122.47,37.76,52,2941,783,1545,726,2.9899,406.5
12642,-122.47,37.76,52,2680,740,1587,713,2.5933,359.6
12643,-122.47,37.76,49,2842,670,1396,648,3.2679,345.7
12644,-122.47,37.76,48,2064,484,1055,467,2.8711,329.6
12645,-122.47,37.76,40,3525,941,1675,857,3.2083,330
12646,-122.47,37.76,52,4001,809,1886,756,3.3239,350
12647,-122.47,37.76,39,3200,689,1391,618,3.6346,338
12648,-122.47,37.75,45,2399,426,911,423,4.4312,361
12649,-122.47,37.75,49,2747,472,1281,448,5.482,366.3
12650,-122.47,37.76,34,2807,487,1152,445,5.1893,420.3
12651,-122.47,37.76,48,2464,459,1179,458,4.4946,358.6
12652,-122.46,37.75,52,1590,236,622,232,5.8151,500.001
12653,-122.47,37.75,46,3238,544,1293,470,6.1592,381.7
12654,-122.47,37.75,52,1598,285,689,265,4.6071,337.4
12655,-122.45,37.75,36,2303,381,862,371,6.0274,349
12656,-122.45,37.75,36,1997,356,772,348,4.95,322.6
12657,-122.45,37.75,35,1363,302,1786,301,3.0804,313.4
12658,-122.46,37.75,52,1849,287,695,258,6.5372,394
12659,-122.45,37.74,52,1596,276,642,273,4.375,349.5
12660,-122.46,37.74,51,1905,291,707,284,6.2561,431
12661,-122.44,37.73,43,3700,684,1488,623,5.5622,313.6
12662,-122.45,37.74,38,5688,930,2263,908,6.203,346.8
12663,-122.46,37.74,52,2180,326,856,326,5.3961,416.9
12664,-122.47,37.74,52,2055,265,735,252,8.1189,500.001
12665,-122.47,37.74,52,3797,668,1633,658,5.6787,363.6
12666,-122.47,37.74,52,3688,640,1605,567,4.9537,365.6
12667,-122.46,37.73,52,2673,349,876,338,7.8476,500.001
12668,-122.46,37.73,52,3547,506,1276,491,8.0069,426.8
12669,-122.46,37.72,52,2951,406,1115,397,6.7228,405.2
12670,-122.47,37.73,52,2151,280,762,274,10.7309,500.001
12671,-122.47,37.73,50,1653,252,641,224,10.6605,500.001
12672,-122.47,37.72,46,1836,319,767,302,5.9114,399
12673,-122.46,37.73,52,2401,346,812,328,6.8322,394.1
12674,-122.45,37.73,52,2510,438,1153,407,5.1238,335.1
12675,-122.44,37.73,39,1912,418,970,406,4.7813,275.5
12676,-122.44,37.73,52,2838,567,1411,526,3.8304,261.4
12677,-122.44,37.73,46,3581,758,1670,703,4.1932,269.2
12678,-122.45,37.72,52,982,197,653,171,4.2167,231.9
12679,-122.45,37.72,47,1773,345,1083,315,4.475,221.2
12680,-122.45,37.72,51,2690,554,1795,539,3.6581,225
12681,-122.46,37.72,49,1207,255,658,220,4.0859,228.6
12682,-122.46,37.72,48,1690,339,962,317,3.2875,221.5
12683,-122.46,37.72,45,2399,419,1225,399,4.0855,244.1
12684,-122.46,37.72,39,2254,415,1388,404,2.9688,232
12685,-122.47,37.71,42,1961,427,1211,409,3.5156,239.4
12686,-122.47,37.72,43,968,199,434,162,2.5333,239.3
12687,-122.47,37.72,49,1690,307,770,294,4.5913,259.7
12688,-122.45,37.71,45,2253,431,1382,392,4.2562,221.6
12689,-122.46,37.71,52,1642,351,1138,340,4.1406,219.5
12690,-122.46,37.71,49,1711,348,1138,325,2.875,225
12691,-122.46,37.72,37,1833,388,1093,363,3.0703,211.8
12692,-122.48,37.76,48,2660,616,1491,602,3.9758,348.6
12693,-122.48,37.76,48,2304,558,1273,512,3.275,332.1
12694,-122.48,37.76,52,2684,574,1395,549,3.9097,323.8
12695,-122.48,37.76,50,2236,484,1171,467,4.0977,322.1
12696,-122.48,37.76,52,3260,653,1594,632,4.4094,336.1
12697,-122.49,37.76,52,2564,502,1092,459,3.5302,329.6
12698,-122.49,37.76,52,2245,425,1091,409,3.5909,331.2
12699,-122.49,37.76,52,1792,305,782,287,4.0391,332.7
12700,-122.49,37.76,48,1351,270,650,265,3.5278,339.8
12701,-122.49,37.76,49,1637,304,729,281,4.3281,323.1
12702,-122.48,37.75,52,2515,494,1583,477,4.3393,317.6
12703,-122.48,37.74,52,2453,508,1056,453,3.6859,311.8
12704,-122.48,37.75,49,2203,407,1052,405,4.4375,329.2
12705,-122.48,37.75,48,2555,548,1285,482,3.7734,314.7
12706,-122.49,37.75,48,2181,419,1041,379,3.7361,320.2
12707,-122.49,37.75,47,2140,425,1105,401,3.7054,308.5
12708,-122.49,37.75,45,2341,461,1092,438,4.8036,297.8
12709,-122.49,37.75,43,2044,393,979,378,3.9205,319.1
12710,-122.49,37.75,48,2387,424,1041,408,3.7562,321.2
12711,-122.49,37.74,52,2189,433,1147,420,3.4583,321.3
12712,-122.48,37.74,52,2166,423,1072,370,4.131,314.3
12713,-122.48,37.74,52,2841,517,1372,517,3.9236,335
12714,-122.49,37.74,48,1186,213,487,207,3.8333,340.8
12715,-122.49,37.74,52,2442,449,1188,436,4.3909,317.7
12716,-122.49,37.74,52,2302,457,1154,424,4.5744,315.2
12717,-122.48,37.73,52,1597,240,566,231,5.1681,500.001
12718,-122.48,37.73,47,2382,392,867,376,5.2598,371.5
12719,-122.49,37.73,39,1937,336,742,307,5.1991,369.4
12720,-122.48,37.73,38,3195,828,2410,778,3.1359,350
12721,-122.47,37.72,47,1176,286,564,258,3.2059,350
12722,-122.48,37.71,43,3850,1018,1497,829,3.5296,400
12723,-122.48,37.72,46,2403,638,1281,603,3.2321,112.5
12724,-122.5,37.76,43,2108,456,1299,447,3.1406,316.2
12725,-122.5,37.76,50,1993,410,1009,374,3.9464,295.6
12726,-122.5,37.76,48,1408,295,891,269,3.8333,296.3
12727,-122.5,37.75,45,1672,344,838,314,4.1419,291.5
12728,-122.5,37.75,43,2373,481,1247,454,4.0985,283.2
12729,-122.51,37.76,43,2345,624,1439,614,2.8448,268.9
12730,-122.51,37.76,43,2527,619,1332,558,3.0465,274.2
12731,-122.51,37.76,40,2320,562,1499,521,3.2792,260.8
12732,-122.5,37.76,46,2226,480,1272,468,4.2644,284.1
12733,-122.5,37.75,45,1620,344,941,328,4.3859,270.2
12734,-122.5,37.75,44,1819,365,1137,354,3.4919,271.8
12735,-122.54,37.76,45,1592,325,920,322,3.96,272.2
12736,-122.5,37.75,44,1739,343,872,330,2.9632,286.3
12737,-122.5,37.74,45,1771,349,1098,342,3.7552,296.6
12738,-122.5,37.74,44,2374,496,1087,426,3.5,275.7
12739,-122.5,37.74,44,2527,518,1434,444,3.875,275.7
12740,-122.5,37.74,44,2792,615,1640,579,4.0625,272.8
12741,-122.5,37.74,42,1667,395,1041,387,3.9583,273.7
12742,-122.5,37.74,44,2082,470,1154,403,4.3611,268.1
12743,-122.46,37.79,52,2005,359,847,356,4.1029,500.001
12744,-122.46,37.78,52,2165,580,1067,530,2.9293,350
12745,-122.46,37.78,52,2594,622,1421,593,3.0265,350
12746,-122.46,37.79,52,2059,416,999,402,3.7419,500.001
12747,-122.46,37.78,52,3429,773,1584,696,3.7887,500.001
12748,-122.47,37.78,51,1485,386,880,385,2.7431,307.1
12749,-122.47,37.78,52,2635,587,1302,577,3.7292,416.7
12750,-122.47,37.79,52,2844,623,1380,596,4.75,500.001
12751,-122.47,37.79,52,437,105,194,87,2.8125,500.001
12752,-122.47,37.79,52,2383,477,990,464,3.9688,483.3
12753,-122.47,37.78,52,2388,507,1078,494,3.5221,443.3
12754,-122.47,37.78,52,1941,436,955,425,4.1339,396.4
12755,-122.48,37.78,48,2835,728,1674,684,3.129,375
12756,-122.48,37.79,52,4683,1055,2246,975,4.1148,457.8
12757,-122.48,37.78,44,3371,794,1738,753,3.1653,335.3
12758,-122.49,37.78,32,3028,815,1704,718,3.2028,322.9
12759,-122.49,37.78,46,3304,792,1783,777,3.6148,352.2
12760,-122.48,37.79,52,1647,236,546,227,9.1881,500.001
12761,-122.49,37.79,52,3146,478,1143,455,6.1407,500.001
12762,-122.46,37.78,52,4140,984,2030,892,3.4236,376.8
12763,-122.46,37.78,52,2051,552,1400,510,3.2396,375
12764,-122.46,37.78,52,3088,727,1636,662,2.8553,360.7
12765,-122.46,37.77,52,3193,688,2099,681,3.9375,402.9
12766,-122.47,37.77,52,2241,443,1042,377,4.1635,398.4
12767,-122.47,37.78,52,2169,522,1220,505,3.1989,446.9
12768,-122.47,37.78,52,2951,647,1448,591,3.1392,422.4
12769,-122.47,37.78,52,3021,569,1479,514,4.0208,414.6
12770,-122.47,37.77,52,3143,635,1350,623,3.8571,366.7
12771,-122.48,37.78,52,3047,641,1427,620,3.4883,337.2
12772,-122.48,37.78,52,2666,515,1362,494,4.218,393.8
12773,-122.48,37.77,52,2556,595,1202,568,3.8899,348.5
12774,-122.48,37.78,50,2159,437,1111,417,3.5588,346.4
12775,-122.48,37.78,52,2910,611,1508,515,3.5865,311.4
12776,-122.49,37.78,52,3440,722,1663,665,3.0278,356.3
12777,-122.49,37.77,52,2342,458,1170,458,3.7036,369.2
12778,-122.5,37.77,52,2433,454,1070,420,4.125,359.5
12779,-122.49,37.78,52,2050,439,1109,437,2.6719,318.5
12780,-122.49,37.78,42,2723,579,1419,519,3.6429,328.4
12781,-122.5,37.77,52,1769,414,1032,380,3.9954,324.7
12782,-122.5,37.77,52,2299,441,1252,415,5.0562,336.7
12783,-122.5,37.77,52,2739,569,1312,531,3.5833,322.9
12784,-122.5,37.78,46,2646,607,1418,563,3.7167,332.8
12785,-122.51,37.78,45,2564,499,1056,460,4.7328,351.1
12786,-122.51,37.78,47,2496,494,1201,454,4.0353,342.2
12787,-122.55,37.79,32,2131,625,1229,572,2.9201,322.2
12788,-122.47,37.81,45,6927,1258,4715,1165,3.4051,500.001
12789,-122.54,37.72,17,2975,968,1453,828,3.527,318.9
12790,-122.42,37.72,42,4219,1125,3549,993,1.2387,212.8
12791,-122.36,37.72,10,479,125,355,108,2.7083,180.4
12792,-122.4,37.75,26,54,9,23,9,6.1359,225
12793,-122.38,37.71,47,1088,190,558,166,4.2708,207.1
12794,-121.28,37.96,28,1942,724,1618,638,0.9365,52.5
12795,-121.28,37.95,49,1200,364,1448,318,1.1094,52.5
12796,-121.29,37.96,52,888,324,630,258,1.2411,112.5
12797,-121.29,37.96,52,287,119,154,85,0.8738,75
12798,-121.29,37.95,16,761,306,438,282,0.7714,87.5
12799,-121.3,37.95,9,674,242,575,193,2.2024,45
12800,-121.29,37.95,52,107,79,167,53,0.7917,22.5
12801,-121.3,37.96,24,1212,366,1202,343,1.7875,76.8
12802,-121.31,37.96,48,1112,227,583,216,2.3393,77.6
12803,-121.29,37.97,52,1610,480,1025,440,1.2962,110.2
12804,-121.29,37.96,48,1778,541,1237,462,1.3438,103.1
12805,-121.29,37.96,50,1669,558,1340,484,1.3191,92.3
12806,-121.3,37.96,31,2668,812,1398,721,1.125,110.4
12807,-121.3,37.96,52,1354,314,679,311,1.7788,97.4
12808,-121.28,37.97,47,2348,507,1455,479,1.65,66
12809,-121.27,37.96,43,1624,448,1805,440,1.425,61.3
12810,-121.27,37.95,43,557,165,573,144,1.7212,59
12811,-121.27,37.94,38,512,133,676,124,1.7386,52
12812,-121.28,37.94,48,1766,444,1406,421,1.7039,52.7
12813,-121.29,37.95,52,288,86,272,54,0.696,42.5
12814,-121.29,37.94,40,2827,655,2037,574,2.0303,63.8
12815,-121.32,37.95,40,964,230,742,209,1.2625,43
12816,-121.31,37.94,41,375,108,323,98,1.9531,45
12817,-121.3,37.94,40,452,109,412,97,1.3417,60.8
12818,-121.3,37.94,52,24,6,23,5,2.375,67.5
12819,-121.31,37.96,52,1938,332,788,320,3.6094,118.4
12820,-121.33,37.96,42,1619,340,906,339,2.5488,80.3
12821,-121.34,37.96,27,1839,442,2010,416,2.1284,59.4
12822,-121.32,37.95,36,747,189,338,145,1.7885,62.1
12823,-121.32,37.96,5,123,21,50,20,2.7656,50
12824,-121.34,37.97,33,2493,454,1203,436,3.765,94.6
12825,-121.34,37.96,23,2830,659,1554,654,3.0354,113.7
12826,-121.35,37.97,33,3656,681,1698,671,3.1406,93.9
12827,-121.33,37.98,36,3113,576,1746,544,3.4625,84.6
12828,-121.33,37.97,38,3166,575,1351,561,3.5404,91.6
12829,-121.32,37.97,43,2453,490,1093,438,2.9107,88.8
12830,-121.33,37.96,20,1727,386,730,342,2.5195,92.6
12831,-121.33,37.97,36,1953,492,999,371,2.0043,90.8
12832,-121.31,37.98,47,3386,663,1228,619,3.0625,141.5
12833,-121.3,37.97,52,2980,537,1128,510,4.061,113.6
12834,-121.31,37.97,45,2604,454,988,442,3.6667,123.1
12835,-121.29,37.97,52,2995,555,1392,503,1.7794,98.8
12836,-121.29,37.98,49,2501,565,1171,550,2.5043,76.7
12837,-121.3,37.98,47,2373,461,990,444,4.175,98.3
12838,-121.3,37.97,52,2259,417,766,385,2.2981,105.4
12839,-121.29,37.99,41,930,191,463,185,3.4141,90.6
12840,-121.29,37.99,30,1271,528,2019,524,1.5152,81.3
12841,-121.3,37.99,38,2375,494,1167,471,2.6673,87.5
12842,-121.3,37.98,39,3375,659,1388,631,2.6364,93.8
12843,-121.28,37.99,42,495,116,284,97,2.8854,55.7
12844,-121.26,37.98,32,3274,820,2050,738,2.1265,55.7
12845,-121.27,37.98,43,1005,200,492,172,2.6812,72.8
12846,-121.28,37.98,52,941,184,414,171,2.1429,69.9
12847,-121.29,37.99,45,965,198,498,195,1.6944,75.2
12848,-121.27,37.97,39,1023,243,550,224,1.1141,54.4
12849,-121.27,37.96,43,948,221,749,208,1.962,52.7
12850,-121.27,37.96,52,583,114,310,93,2.5625,54.2
12851,-121.26,37.98,41,1633,433,885,413,0.9782,54.2
12852,-121.25,37.98,39,1765,414,1056,414,1.5329,48.3
12853,-121.26,37.97,31,1189,295,891,292,2.5536,50.5
12854,-121.25,37.97,34,1288,344,846,293,1.7895,63.1
12855,-121.26,37.96,43,940,208,690,181,2.3056,62.3
12856,-121.26,37.97,41,2398,448,1143,444,3.0352,69.8
12857,-121.26,37.96,35,1511,316,892,304,1.7898,63.5
12858,-121.26,37.95,44,819,184,677,183,1.725,59.3
12859,-121.26,37.95,39,1841,428,1368,390,2.1583,62
12860,-121.27,37.96,41,461,101,382,79,1.275,54
12861,-121.26,37.96,40,535,105,335,102,2.5234,62.8
12862,-121.25,37.96,26,2205,478,1730,472,2.4866,68.3
12863,-121.25,37.95,46,2001,428,1384,401,1.9402,62.2
12864,-121.24,37.95,36,361,63,169,62,3.7734,63.8
12865,-121.25,37.94,30,1509,308,967,278,1.7798,65.9
12866,-121.24,37.94,5,2232,488,1857,435,2.8705,113.6
12867,-121.25,37.94,28,964,232,782,218,2.3269,55.9
12868,-121.26,37.94,43,1610,412,1409,365,1.7574,51.7
12869,-121.27,37.93,24,1451,320,1413,283,2.125,61.2
12870,-121.28,37.94,35,2680,634,2188,611,1.9375,56.7
12871,-121.28,37.94,40,2806,685,2268,635,1.8814,57.7
12872,-121.29,37.93,37,2488,578,1854,514,2.551,59.1
12873,-121.29,37.93,24,1438,351,1294,342,2.7829,61.8
12874,-121.28,37.93,23,1491,346,1223,343,2.1591,67.8
12875,-121.28,37.92,30,1061,230,851,195,2.4412,61.6
12876,-121.28,37.91,31,820,179,576,155,1.69,65.9
12877,-121.31,37.93,21,1556,314,1140,304,2.4667,81.4
12878,-121.3,37.92,28,3308,766,3201,720,1.7694,73.9
12879,-121.24,37.98,33,450,123,236,103,1.1964,80.4
12880,-121.24,37.97,47,886,196,517,188,2.1991,67.2
12881,-121.23,37.96,37,2351,564,1591,549,1.6563,57.2
12882,-121.23,37.96,44,2204,473,1277,435,1.5539,59.2
12883,-121.23,37.95,36,811,168,514,152,2.625,89.2
12884,-121.22,37.97,37,1514,337,1121,337,2.401,58.4
12885,-121.22,37.96,30,1737,381,1177,347,1.9875,56.4
12886,-121.25,37.92,19,2109,427,1742,426,2.4097,66
12887,-121.23,37.92,28,590,129,315,99,1.8958,85.7
12888,-121.36,38,17,4535,762,1562,743,5.3224,225.8
12889,-121.35,38,22,3564,730,1539,699,3.675,152.4
12890,-121.35,38,6,1649,369,732,350,3.4231,123.8
12891,-121.37,38.01,15,2430,315,1016,314,10.0088,242
12892,-121.36,38.01,16,926,230,451,198,4.0221,173.3
12893,-121.36,38.01,16,2178,667,1192,579,2.3339,87.1
12894,-121.34,38.01,17,2033,452,1114,446,3.2872,175
12895,-121.34,38,32,3877,687,1642,647,4.0444,129.2
12896,-121.33,38,32,4474,929,2177,884,3.2889,98.9
12897,-121.33,38.01,36,1383,207,531,203,5.9191,151.9
12898,-121.32,38.01,20,1903,395,919,359,2.6765,96.4
12899,-121.32,38,21,1795,482,1114,472,2.0091,101.5
12900,-121.32,38,22,2105,521,781,483,2.213,87.5
12901,-121.33,38,14,3731,772,1679,750,3.1369,119.6
12902,-121.33,37.99,15,4472,1079,1837,976,2.5,175.9
12903,-121.34,37.99,11,4487,868,2195,780,3.9615,194.6
12904,-121.31,37.99,15,3103,965,3061,861,1.3729,110.3
12905,-121.32,37.98,20,1591,589,1916,536,1.3531,94.6
12906,-121.33,37.98,9,2370,424,1129,386,5.143,176.5
12907,-121.33,37.98,10,1564,397,643,347,2.7031,150
12908,-121.36,37.99,8,1801,380,684,350,4.2589,134.9
12909,-121.34,37.98,8,2628,428,1158,393,5.3002,191.7
12910,-121.33,38.02,33,2854,489,1109,452,4.3008,136.4
12911,-121.33,38.02,31,1466,264,608,254,3.1827,162.1
12912,-121.34,38.03,20,4213,751,2071,714,4.4063,130.8
12913,-121.33,38.03,19,1708,291,906,288,4.918,130.6
12914,-121.35,38.04,12,6217,1019,3771,961,3.7206,146
12915,-121.36,38.04,9,2167,370,1290,351,5.0285,148.2
12916,-121.34,38.05,16,667,92,267,90,5.6147,244.7
12917,-121.33,38.04,15,1933,280,965,260,4.6477,142.7
12918,-121.33,38.04,15,2903,440,1325,423,4.5179,145.6
12919,-121.35,38.03,8,1904,255,895,242,5.7201,155.7
12920,-121.34,38.03,12,2707,433,1200,380,4.9861,133.5
12921,-121.35,38.02,16,1665,311,1301,259,2.8403,132.3
12922,-121.35,38.02,15,3583,644,2183,643,3.428,140.7
12923,-121.36,38.02,5,2229,543,1010,474,4.1719,206.1
12924,-121.36,38.03,7,3461,859,1518,741,3.5684,78.7
12925,-121.31,38.03,24,3050,568,1743,549,3.7413,105.3
12926,-121.32,38.02,26,2851,533,1544,499,3.5379,99.1
12927,-121.31,38.03,18,4893,1008,3036,997,2.5212,110
12928,-121.29,38,12,4038,1074,3440,942,1.9698,112.3
12929,-121.31,37.99,23,3135,707,1650,680,1.886,105.3
12930,-121.3,38,23,3706,1106,3785,1019,1.7774,100
12931,-121.3,38.01,29,2289,449,1215,435,3.2788,100
12932,-121.3,38,27,2918,580,1338,544,2.6495,116.2
12933,-121.31,38,19,908,158,306,154,3.9792,131.9
12934,-121.31,38.02,24,4157,951,2734,879,2.7981,92.1
12935,-121.32,38.02,23,3251,689,1890,668,3.0729,104.8
12936,-121.31,38.01,22,2101,514,1304,511,2.8348,101.6
12937,-121.31,38.01,22,2575,680,1367,645,1.4274,90.5
12938,-121.3,38.04,8,2668,447,1713,444,4.0156,117.6
12939,-121.3,38.03,13,1014,200,712,197,3.1471,102.8
12940,-121.3,38.03,10,1409,248,782,222,4.0227,107.7
12941,-121.29,38.03,16,4356,881,1629,818,2.2672,91.1
12942,-121.28,38.03,11,3585,729,2769,715,3.0907,94.1
12943,-121.29,38.03,7,2021,441,1615,406,2.5842,111.3
12944,-121.29,38.02,12,2006,426,1849,396,2.5437,99
12945,-121.3,38.03,11,2866,654,1404,525,2.505,95
12946,-121.3,38.02,4,1515,384,491,348,2.8523,87.5
12947,-121.29,38,4,1392,322,1784,309,2.375,124.5
12948,-121.29,38.01,2,6403,1116,3327,957,4.4871,137.9
12949,-121.28,38.02,8,1868,392,1258,389,3.175,95.9
12950,-121.27,38.05,26,378,75,164,65,3.4107,82.8
12951,-121.27,38.02,32,342,58,138,52,2.9821,155
12952,-121.3,38.05,52,122,26,62,25,1.15,112.5
12953,-121.25,38.05,25,1967,362,1035,361,3.5735,106.8
12954,-121.25,38.04,26,3080,473,1257,465,4.9861,201.8
12955,-121.23,38.04,32,1829,262,677,243,6.1805,247.9
12956,-121.22,38.04,42,343,50,116,49,5.5376,212.5
12957,-121.25,38.03,29,2465,327,859,315,6.6605,220.7
12958,-121.22,38,35,1841,300,783,285,2.8167,162.1
12959,-121.25,38,21,446,73,182,57,2.8958,135
12960,-121.26,37.99,27,429,102,179,90,2.3333,87.5
12961,-121.23,37.99,38,523,80,226,72,5.5693,153.1
12962,-121.23,37.98,27,849,137,373,131,5.0362,181.3
12963,-121.19,38.04,35,703,117,290,107,3.225,177.1
12964,-121.2,38.02,44,608,108,287,83,3.3882,125
12965,-121.18,37.99,31,2450,559,1459,478,2.4674,130.9
12966,-121.17,37.97,28,1374,248,769,229,3.6389,130.4
12967,-121.23,37.95,32,2081,472,1342,411,2.7958,59
12968,-121.19,37.93,27,1621,363,909,345,2.1513,99.7
12969,-121.23,37.94,20,268,78,77,49,1.125,150
12970,-121.22,37.95,30,1055,211,629,170,2.8676,76.9
12971,-121.18,37.96,35,411,74,193,59,2.5625,146.9
12972,-121.24,37.9,16,50,10,20,6,2.625,137.5
12973,-121.26,37.88,42,465,93,256,93,3.1719,158.3
12974,-121.28,37.9,28,371,71,171,70,0.9614,55.7
12975,-121.27,37.88,43,968,249,664,240,1.6458,83.6
12976,-121.31,37.9,38,226,44,125,38,2.9,125
12977,-121.49,37.94,31,1860,394,1848,293,2.2891,162.5
12978,-121.38,37.88,44,1158,226,1094,224,2.6842,156.3
12979,-121.47,38.13,13,3192,715,1768,626,2.2619,123.5
12980,-121.42,38.22,35,1507,313,868,283,2.0284,96.3
12981,-121.36,38.15,42,2051,334,878,318,4.3553,185.7
12982,-121.32,38.16,14,2049,398,1071,369,3.5,240.8
12983,-121.32,38.13,5,3136,501,1327,467,5.5942,186.9
12984,-121.35,38.09,32,1706,292,923,284,5.5057,147.2
12985,-121.32,38.15,5,5428,994,2725,902,3.9323,130.1
12986,-121.23,38.12,22,393,58,134,57,3.95,178.1
12987,-121.23,38.11,48,561,81,240,69,3.6312,202.8
12988,-121.23,38.09,23,633,91,236,83,6.4562,230
12989,-121.25,38.07,28,2103,422,1167,391,3.0592,152.8
12990,-121.29,38.14,34,2770,544,1409,535,3.2338,101.8
12991,-121.29,38.14,34,1500,337,674,282,2.515,110.8
12992,-121.29,38.13,31,1008,212,453,195,2.3917,113.5
12993,-121.3,38.13,27,1004,192,470,192,2.8942,116.7
12994,-121.3,38.13,23,2864,504,1298,499,3.2303,131.8
12995,-121.29,38.15,23,4183,633,1886,628,4.8787,175.3
12996,-121.28,38.14,37,3278,623,1431,575,3.3987,99.5
12997,-121.27,38.14,33,3557,894,2659,894,2.2883,86.9
12998,-121.27,38.14,40,929,257,576,229,2.125,137.5
12999,-121.27,38.13,52,1081,257,437,225,2.1979,114.1
13000,-121.27,38.13,40,2402,509,1197,486,2.1771,98.2
13001,-121.28,38.12,34,3268,640,1906,628,2.8237,110.7
13002,-121.27,38.12,44,2356,482,1043,443,2.4949,108
13003,-121.29,38.13,20,3168,514,1390,490,5,154.8
13004,-121.29,38.12,18,1534,275,741,263,3.9607,132.5
13005,-121.3,38.11,5,5979,1190,2679,1084,4.196,171.7
13006,-121.27,38.11,11,3163,794,2106,762,2.4482,103
13007,-121.28,38.11,10,2974,588,1559,568,3.8825,136.8
13008,-121.27,38.11,15,2039,384,1178,375,3.8672,120.1
13009,-121.29,38.1,14,1551,297,785,281,3.775,163.3
13010,-121.27,38.12,37,2232,504,1455,471,2.5587,87.8
13011,-121.26,38.13,38,1419,411,1226,397,2.2188,68.8
13012,-121.26,38.12,27,1818,459,1182,428,1.8575,73.8
13013,-121.25,38.13,25,1305,270,789,235,3.2993,91.1
13014,-121.26,38.11,4,2058,366,933,316,4.2448,150.9
13015,-121.26,38.11,8,2770,642,1611,633,3.1284,115.1
13016,-121.26,38.14,10,3371,665,1823,654,3.5333,116.8
13017,-121.27,38.13,35,2607,685,2016,618,1.75,82.9
13018,-121.26,38.13,25,2549,675,2053,648,2.0875,83.1
13019,-121.24,38.22,28,2593,487,1365,457,3.3929,113
13020,-121.22,38.16,24,4411,776,2038,732,3.475,151.2
13021,-121.28,38.17,19,1337,236,744,225,4.0924,244.2
13022,-121.32,38.21,27,2643,467,1455,444,3.6398,146.7
13023,-121.16,38.16,31,1953,366,999,316,2.4906,122.5
13024,-121.14,38.16,14,2591,497,1371,479,3.5774,113.9
13025,-121.15,38.21,18,4176,700,2164,699,4.0365,174.2
13026,-121.05,38.14,19,3326,561,1544,511,2.9875,166.3
13027,-121.18,38.07,21,2333,377,1073,332,4.8125,161.1
13028,-120.97,38,27,1683,288,873,258,4.7069,176.9
13029,-121.05,37.93,17,2474,480,1649,453,3.275,156.5
13030,-121.11,38.04,32,1083,188,471,178,2.9241,187.5
13031,-121.12,38,36,683,159,505,141,3.4265,158.9
13032,-120.99,37.8,32,2564,513,1198,459,2.9083,113.4
13033,-120.98,37.79,20,2458,491,1227,481,2.7857,110.9
13034,-120.97,37.84,28,2368,430,1231,403,2.883,141.9
13035,-120.96,37.77,32,2262,416,1156,404,3.8534,157.6
13036,-121.04,37.78,32,2916,528,1466,473,2.5643,200
13037,-121.06,37.86,24,1713,328,1258,324,2.683,169.4
13038,-121.13,37.74,28,409,104,244,98,3.4643,90.9
13039,-121.12,37.73,35,1107,227,573,210,2.3924,102.2
13040,-121.13,37.74,21,2376,475,1175,441,3.6016,134.6
13041,-121.11,37.74,11,3886,599,1605,529,4.4213,182.7
13042,-121.11,37.76,22,2606,411,1252,397,4.1833,192.1
13043,-121.16,37.73,7,4956,941,3006,915,3.4426,139
13044,-121.25,37.76,22,2430,417,1292,391,3.4009,182.4
13045,-121.22,37.72,34,2123,387,1310,368,2.6368,165.6
13046,-121.22,37.81,17,2879,542,1802,530,3.6378,126.1
13047,-121.22,37.8,28,2608,576,1719,554,2.1186,94.4
13048,-121.22,37.8,37,1038,222,521,211,2.125,91.9
13049,-121.21,37.8,31,699,186,460,170,2.7443,94.2
13050,-121.21,37.8,45,370,84,167,70,1.4853,101.8
13051,-121.21,37.8,33,1862,429,971,389,2.6053,99.2
13052,-121.2,37.8,28,3264,576,1512,567,3.7546,135.3
13053,-121.2,37.8,24,1698,344,927,313,3.5625,130.8
13054,-121.2,37.79,36,866,160,502,149,2.4798,101.5
13055,-121.2,37.8,37,311,61,171,54,4.0972,101.8
13056,-121.17,37.82,35,2506,406,1316,398,3.8472,197.6
13057,-121.2,37.83,18,3415,580,1912,562,4.4423,161.4
13058,-121.2,37.81,26,395,74,193,72,7.3718,212.5
13059,-121.19,37.81,8,4019,857,1959,782,2.7321,175
13060,-121.2,37.78,4,58,29,79,29,3.375,106.3
13061,-121.23,37.78,20,273,49,149,49,4.8229,158.3
13062,-121.24,37.79,7,5151,867,2553,805,4.075,195
13063,-121.27,37.79,16,1853,390,1013,362,2.7083,173.9
13064,-121.22,37.8,13,335,89,247,77,1.6111,74.1
13065,-121.22,37.79,36,1052,221,712,212,1.7228,105
13066,-121.23,37.79,21,1922,373,1130,372,4.0815,117.9
13067,-121.22,37.79,5,3107,477,1549,443,4.4766,169.4
13068,-121.23,37.79,23,1985,424,1198,389,2.7734,116.8
13069,-121.23,37.8,11,2451,665,1155,533,2.2254,130.8
13070,-121.24,37.81,6,3883,800,2319,787,3.5595,161
13071,-121.22,37.81,20,1811,352,1191,327,4.0125,121.5
13072,-121.22,37.82,13,4452,949,2740,937,3.1964,141.5
13073,-121.23,37.82,14,1847,325,1030,309,4.9271,155.3
13074,-121.23,37.84,28,1347,241,713,225,4.0208,155.7
13075,-121.24,37.82,9,6169,959,3378,945,5.1047,157.9
13076,-121.3,37.85,35,1034,206,604,192,2.2391,120
13077,-121.31,37.81,36,284,53,130,47,3.1429,179.2
13078,-121.29,37.8,6,110,26,69,24,3.7292,475
13079,-121.27,37.82,26,1170,238,830,216,2.6458,127.5
13080,-121.28,37.83,32,696,151,443,144,2.5156,86.3
13081,-121.28,37.82,10,9205,1774,5935,1673,3.65,119.4
13082,-121.37,37.77,19,2610,474,1290,452,4.1298,222.8
13083,-121.4,37.74,20,2706,477,1236,474,4.15,322.4
13084,-121.43,37.78,24,807,174,585,166,2.6181,163.5
13085,-121.46,37.73,20,2039,373,862,330,5.1629,222.9
13086,-121.45,37.72,2,2239,321,766,219,5.75,240.2
13087,-121.44,37.7,5,1365,196,591,156,6.0389,215.1
13088,-121.42,37.71,7,8297,1433,4189,1271,4.3696,170.7
13089,-121.42,37.76,18,5501,1051,2964,1009,4.1855,162.1
13090,-121.42,37.74,45,818,144,340,138,4.8021,133.5
13091,-121.42,37.74,38,773,147,320,134,2.825,152.5
13092,-121.42,37.75,33,1329,266,683,233,4.3687,128.7
13093,-121.43,37.75,41,1717,325,855,303,2.75,127.3
13094,-121.43,37.74,40,859,196,427,176,3.5789,110.4
13095,-121.43,37.75,30,1912,451,1065,388,2.1424,125
13096,-121.43,37.76,7,2125,508,1358,464,3.6312,147.6
13097,-121.44,37.76,5,7264,1285,3670,1146,5.0443,194.8
13098,-121.45,37.75,15,3846,677,2360,635,4.6173,164.8
13099,-121.44,37.75,16,2229,458,1199,445,3.4821,170.6
13100,-121.42,37.74,19,1393,367,915,355,1.1957,103.1
13101,-121.43,37.74,52,966,247,589,228,1.6937,108.3
13102,-121.44,37.74,25,456,116,370,106,3.1319,112.5
13103,-121.44,37.73,7,8363,1314,3907,1068,5.3321,208.1
13104,-121.43,37.73,40,1718,391,1312,388,2.9955,134.7
13105,-121.42,37.73,2,2682,393,883,271,5.9934,196.7
13106,-121.32,37.67,21,1494,271,781,255,4.3015,250
13107,-121.47,37.58,14,1594,292,887,287,4.6625,294
13108,-120.9,35.69,14,5020,909,2105,796,3.8158,248.7
13109,-120.93,35.76,11,8997,1698,1825,756,3.23,154.3
13110,-120.7,35.76,15,1914,425,1130,421,2.2165,90.6
13111,-120.69,35.65,14,3487,889,2352,796,1.6303,144.9
13112,-120.69,35.64,38,2564,546,1301,481,2.0076,114
13113,-120.69,35.62,43,3044,652,1456,608,2.4567,140
13114,-120.69,35.62,35,3451,713,1550,653,2.9167,161.7
13115,-120.72,35.63,31,3476,644,1476,567,3.3472,195.2
13116,-120.67,35.63,8,2690,410,1085,381,4.2841,256.7
13117,-120.67,35.62,6,12779,2441,6085,2157,3.8661,168.1
13118,-120.63,35.59,9,5782,1184,3026,1130,2.6528,113.5
13119,-120.64,35.65,9,3466,673,2356,619,2.9926,158.2
13120,-120.47,35.74,9,4267,785,2065,691,3.7303,162.7
13121,-120.29,35.56,15,4760,871,2459,734,2.811,142.1
13122,-120.6,35.6,13,4461,764,1795,640,4.475,206.9
13123,-121.11,35.52,9,6044,1222,2239,972,3.24,264.6
13124,-121.14,35.55,13,5383,1070,1880,796,3.8019,271.2
13125,-121.12,35.58,16,4109,798,1298,626,3.4799,320.8
13126,-120.92,35.4,23,2059,354,636,278,3.6908,278.8
13127,-120.85,35.38,27,3493,909,1481,666,2.3075,184.2
13128,-120.86,35.39,23,1664,355,629,279,2.7344,188.3
13129,-120.86,35.4,21,2787,641,1106,501,2.7043,186.2
13130,-120.87,35.41,16,2168,444,782,374,3.0187,278.1
13131,-120.94,35.42,18,3418,686,970,453,3.7738,279.4
13132,-120.95,35.44,30,6346,1410,1769,887,2.6864,283.6
13133,-120.85,35.37,21,1033,195,588,187,2.8173,226.9
13134,-120.83,35.36,28,4323,886,1650,705,2.7266,266.8
13135,-120.84,35.35,27,2863,711,930,533,2.6205,221.1
13136,-120.84,35.37,34,3279,714,1397,646,2.5552,200
13137,-120.89,35.37,29,2046,588,846,410,1.65,227.3
13138,-120.84,35.33,15,3276,670,1520,613,3.6412,207.8
13139,-120.83,35.33,14,4155,787,2112,755,4.4766,192.7
13140,-120.82,35.32,12,3522,683,1780,662,3.3958,215.8
13141,-120.83,35.32,11,3252,701,1814,660,3.2226,183.2
13142,-120.84,35.32,15,2419,538,1279,522,3.4762,189.6
13143,-120.9,35.33,16,1576,287,595,262,3.588,266.3
13144,-120.84,35.32,17,4197,802,1656,732,3.526,183.9
13145,-120.84,35.3,15,2062,327,781,316,4.9359,317.7
13146,-120.82,35.31,16,3924,699,1325,638,2.5172,293.9
13147,-120.8,35.33,20,2200,393,996,365,3.587,330
13148,-121.1,35.6,20,3389,704,1309,520,3.2112,204.5
13149,-120.65,35.29,36,1940,315,850,298,3.1818,249.6
13150,-120.66,35.29,23,1932,487,1380,472,1.9647,253.6
13151,-120.67,35.3,19,1540,715,1799,635,0.7025,500.001
13152,-120.62,35.28,28,3952,592,1469,571,6.3144,328.8
13153,-120.65,35.29,29,1785,481,1344,472,1.4492,222.9
13154,-120.65,35.28,32,896,240,548,231,2.5455,165.9
13155,-120.65,35.27,27,2034,341,768,316,4.2411,258.9
13156,-120.65,35.27,15,2365,538,1446,490,2.5129,225.9
13157,-120.64,35.26,21,3298,716,1862,687,2.1507,221.5
13158,-120.66,35.29,39,2163,652,1153,599,2.084,233.3
13159,-120.66,35.28,31,2773,844,1358,794,1.4036,209.6
13160,-120.66,35.28,46,2054,502,1170,494,2.1786,206.3
13161,-120.65,35.27,52,2254,642,1237,590,2.6208,227.1
13162,-120.66,35.27,46,2217,544,1107,527,2.8009,192.6
13163,-120.66,35.27,17,2719,589,1386,570,3.7337,208.2
13164,-120.66,35.26,15,5540,1319,2383,1165,2.2656,226.2
13165,-120.67,35.3,32,4202,986,2309,956,2.2165,231.7
13166,-120.7,35.31,24,3504,521,1490,506,4.6719,337
13167,-120.68,35.29,37,1354,293,753,290,3.25,225
13168,-120.69,35.28,26,4225,886,1795,704,2.2847,247
13169,-120.69,35.26,20,1248,231,722,225,4.625,221.8
13170,-120.7,35.28,14,3768,682,1884,664,4.6071,239.9
13171,-120.71,35.27,9,2568,421,1149,398,5.4287,331.6
13172,-120.68,35.26,26,1704,315,918,310,3.2464,208
13173,-120.69,35.25,15,4210,899,1933,867,2.794,262.5
13174,-120.52,35.24,5,4413,804,2003,725,5.0267,253.3
13175,-120.68,35.25,16,4208,897,1634,806,2.2868,233.7
13176,-120.81,35.19,14,3414,802,1236,632,3.7635,336.2
13177,-120.66,35.2,13,5138,713,1838,645,5.9676,380
13178,-120.7,35.14,17,5805,1097,1919,932,3.5352,357.8
13179,-120.68,35.14,34,3100,617,1155,542,3.0938,245.9
13180,-120.66,35.13,41,2666,751,940,507,1.9653,236.1
13181,-120.63,35.13,16,2680,704,975,619,1.7878,55
13182,-120.64,35.15,7,7922,1442,2863,1197,4.849,275
13183,-120.59,35.13,8,6638,1054,2710,966,4.6776,295.5
13184,-120.56,35.13,15,5818,924,2324,845,4.4033,267.6
13185,-120.57,35.12,39,1656,333,866,317,2.8824,195.2
13186,-120.57,35.11,18,2920,556,1068,552,3.5242,156.8
13187,-120.59,35.11,25,3642,726,1729,673,3.155,205.4
13188,-120.6,35.12,22,3342,644,1342,593,3.4509,217.7
13189,-120.61,35.12,16,1671,354,935,340,2.5792,163.8
13190,-120.59,35.12,27,3055,677,1407,610,2.1702,179.7
13191,-120.6,35.11,17,2495,524,1292,501,2.2625,153
13192,-120.61,35.12,31,1486,345,823,322,2.6974,165.4
13193,-120.61,35.13,16,3431,721,1777,701,2.7301,190.4
13194,-120.61,35.12,12,3430,793,1840,720,2.9821,162
13195,-120.61,35.11,11,3733,831,1839,739,3.3062,158.5
13196,-120.65,35.12,19,2949,662,1425,548,2.9615,178.1
13197,-120.62,35.13,26,3971,803,1792,723,2.7128,209.9
13198,-120.62,35.11,18,2241,544,1521,509,2.0292,155.8
13199,-120.62,35.12,22,1240,294,768,288,2.655,160
13200,-120.66,35.1,19,1583,392,704,269,2.1042,268.3
13201,-120.61,35.1,14,2919,691,1896,577,2.4003,142.1
13202,-120.61,35.1,17,2799,637,2015,592,3.0536,143.6
13203,-120.6,35.1,16,3290,686,1497,655,2.6875,178.2
13204,-120.58,35,37,523,119,374,95,1.4726,106.3
13205,-120.61,35.06,13,2364,421,1257,380,4.6167,273.1
13206,-120.56,35.07,14,6788,1216,2866,1036,3.3603,280.2
13207,-120.3,35.1,16,2819,479,1068,365,4.5461,270.8
13208,-120.43,35.17,16,947,163,477,137,3.851,315
13209,-120.57,35.18,16,5209,917,2284,809,4.0403,346.1
13210,-120.48,35.05,24,2314,468,1549,463,2.8203,152.6
13211,-120.47,35.04,29,1315,279,926,249,2.9375,144.8
13212,-120.5,35.03,10,10463,1756,4660,1715,3.5682,277.3
13213,-120.69,35.52,26,2758,571,1291,522,2.925,181.4
13214,-120.68,35.51,17,1701,298,941,293,4.3218,209.1
13215,-120.68,35.5,19,3369,673,1834,646,3.7672,173.8
13216,-120.67,35.5,15,2752,546,1422,545,3.2813,175
13217,-120.66,35.5,19,1861,364,1040,363,3.3125,163.9
13218,-120.66,35.49,17,4422,945,2307,885,2.8285,171.3
13219,-120.65,35.48,19,2310,471,1341,441,3.225,166.9
13220,-120.64,35.46,6,5876,1406,2877,1304,2.5437,146.4
13221,-120.69,35.49,16,2666,450,1203,429,4.1375,222.4
13222,-120.68,35.48,15,2608,525,1351,502,2.7798,205.8
13223,-120.67,35.48,18,2339,443,1097,416,3.3438,176.1
13224,-120.66,35.47,18,2474,449,1269,431,3.9063,184.8
13225,-120.7,35.55,10,3979,761,1834,671,3.5,172.1
13226,-120.76,35.52,7,9613,1666,4487,1653,3.6667,250.6
13227,-120.71,35.5,12,3098,453,1433,434,5.2508,292.9
13228,-120.56,35.48,12,4161,731,1609,615,5.0947,267.5
13229,-119.93,35.2,29,1649,342,671,264,3.0602,69.8
13230,-120.49,35.35,17,3043,608,1457,545,3.1641,158.6
13231,-120.65,35.41,15,6725,1111,3139,1029,4.1875,261.6
13232,-120.64,35.47,8,416,121,936,97,2.1154,117.2
13233,-122.4,37.68,36,3595,815,1649,755,3.3816,253.4
13234,-122.4,37.68,41,2267,486,1045,459,4.1146,272.2
13235,-122.41,37.7,23,1817,400,1376,382,2.4113,214.2
13236,-122.42,37.71,44,2080,489,1781,478,3.6827,215.3
13237,-122.43,37.71,24,4299,857,2249,788,4.6098,290.4
13238,-122.43,37.7,19,1733,354,959,348,4.7708,281.7
13239,-122.44,37.7,6,3523,664,1705,608,4.9318,258.1
13240,-122.45,37.7,46,2193,499,1814,489,4.0125,230.1
13241,-122.45,37.71,49,2244,442,1948,423,4.7639,251.5
13242,-122.45,37.7,16,6457,1336,4375,1231,5.1788,267
13243,-122.46,37.7,37,1028,275,904,261,3.5035,238.6
13244,-122.46,37.7,37,3029,738,2436,700,3.3214,243.2
13245,-122.47,37.7,45,3290,693,2466,666,3.6588,238.6
13246,-122.46,37.71,44,364,102,339,98,2.483,214.3
13247,-122.46,37.71,45,1799,394,1436,389,3.65,239.9
13248,-122.46,37.7,42,876,216,713,203,3.84,235.9
13249,-122.47,37.7,44,2034,423,1491,373,4.5341,236.5
13250,-122.47,37.71,37,1046,251,822,239,3.5,224.4
13251,-122.46,37.71,39,2076,482,1738,445,3.1958,232.1
13252,-122.48,37.7,33,4167,1398,2923,1314,3.049,307
13253,-122.48,37.7,33,4492,1583,3477,1537,3.0546,297.9
13254,-122.48,37.71,39,3615,632,1571,615,5.1149,314.2
13255,-122.54,37.7,36,3988,732,1793,708,4.2472,292.5
13256,-122.49,37.67,35,5275,903,2892,842,4.6771,266.4
13257,-122.49,37.7,36,1946,340,828,313,5.2811,287.7
13258,-122.48,37.69,33,2347,512,1259,481,3.4492,264.3
13259,-122.49,37.69,35,2644,456,1465,430,4.9375,277
13260,-122.49,37.69,35,2576,443,1273,433,4.7391,272.8
13261,-122.47,37.69,27,2447,720,2104,657,3.449,239.1
13262,-122.47,37.69,30,837,213,606,199,4.875,258.8
13263,-122.46,37.69,26,4302,1125,3320,1100,3.4375,277.7
13264,-122.46,37.68,23,2812,769,1983,681,2.9413,229.4
13265,-122.47,37.68,31,4077,777,2544,738,4.5337,306.7
13266,-122.48,37.68,31,3506,653,2296,645,5.5647,268.7
13267,-122.48,37.67,15,2897,728,2340,720,3.3906,303.7
13268,-122.49,37.68,34,3718,676,2510,632,5.3311,270.8
13269,-122.48,37.67,14,3395,1059,2258,945,2.964,319.7
13270,-122.45,37.67,35,491,98,274,97,4.4286,238.6
13271,-122.47,37.66,18,4172,806,3226,790,5.7535,297.9
13272,-122.46,37.67,16,3372,1101,2049,1021,4.1303,146.5
13273,-122.46,37.66,15,6082,1284,3861,1198,5.4221,284.7
13274,-122.46,37.65,21,2751,502,2027,491,5.2573,322.9
13275,-122.45,37.67,36,1664,326,963,322,4.7813,246.4
13276,-122.45,37.66,35,2738,509,1545,493,5.3446,263.3
13277,-122.46,37.66,36,2535,451,1390,436,5.3398,260.9
13278,-122.45,37.66,36,5456,926,2761,916,4.7755,280.7
13279,-122.44,37.65,38,5277,1008,2695,997,3.9722,276.2
13280,-122.43,37.66,29,3541,786,2259,770,4.3039,278.4
13281,-122.44,37.66,21,5108,1510,3288,1405,3.1927,252.6
13282,-122.44,37.66,36,1447,276,799,275,4.7639,265.6
13283,-122.42,37.67,42,2274,429,1255,397,5.1205,226.3
13284,-122.41,37.66,37,2155,446,1255,428,3.8438,250.7
13285,-122.42,37.66,41,2189,414,1063,409,4.7361,302.6
13286,-122.42,37.66,28,3520,672,1746,602,4.9236,273.5
13287,-122.41,37.66,32,1385,356,1096,353,4.475,246.7
13288,-122.41,37.66,34,1075,318,906,294,3.0052,242.5
13289,-122.41,37.66,40,1294,308,1177,301,3.6667,218.8
13290,-122.41,37.65,32,3436,868,2583,817,3.5039,232.4
13291,-122.42,37.66,26,3253,932,2246,855,2.6631,244
13292,-122.43,37.66,43,1769,387,1102,377,4.5493,281.5
13293,-122.42,37.65,39,4402,894,2941,887,3.8565,239.8
13294,-122.43,37.64,34,8400,1812,4101,1717,4.1033,301
13295,-122.45,37.64,19,6326,1025,3444,984,6.2498,353.3
13296,-122.46,37.65,16,8676,1633,5130,1574,4.8096,262
13297,-122.46,37.64,17,3523,669,2150,666,4.5938,251.2
13298,-122.47,37.65,27,8103,1655,5023,1605,4.6452,236.2
13299,-122.53,37.66,25,7778,1493,4674,1451,5.4694,272.4
13300,-122.53,37.65,20,4582,1124,2325,1040,4.0556,275
13301,-122.49,37.63,31,3109,621,1472,618,5.155,263.9
13302,-122.49,37.63,31,1256,328,785,297,3.2446,234.6
13303,-122.53,37.63,27,2589,658,1386,608,2.9087,228.2
13304,-122.47,37.61,34,4551,837,2208,834,5.4364,279.3
13305,-122.54,37.62,35,1481,277,747,254,4.4286,262.1
13306,-122.5,37.59,36,1521,253,736,241,4.3542,237.5
13307,-122.5,37.6,35,2197,369,971,326,4.25,241.7
13308,-122.55,37.59,31,1331,245,598,225,4.1827,345.5
13309,-122.51,37.58,20,64,21,59,21,2.2375,450
13310,-122.49,37.6,33,3507,669,1697,660,4.0795,270.6
13311,-122.48,37.59,29,5889,959,2784,923,5.3991,273
13312,-122.46,37.59,21,12902,2118,6160,2082,5.7653,325.8
13313,-122.46,37.63,22,6728,1382,3783,1310,5.0479,280.4
13314,-122.45,37.62,26,3507,512,1712,509,6.7206,344.6
13315,-122.45,37.63,28,4946,848,2683,824,5.748,302.1
13316,-122.43,37.61,21,10252,2595,4790,2428,4.1692,344.5
13317,-122.41,37.62,49,1464,302,636,259,4.25,284.1
13318,-122.41,37.61,46,2975,643,1479,577,3.8214,273.6
13319,-122.42,37.61,17,1040,432,669,405,4.1513,137.5
13320,-122.42,37.63,46,1811,337,796,333,3.43,292.9
13321,-122.42,37.62,43,2367,409,1141,400,4.8295,319
13322,-122.42,37.62,36,1017,165,407,159,4.8,306.8
13323,-122.42,37.62,36,1538,256,671,247,4.4091,317.9
13324,-122.41,37.62,39,3119,758,1807,696,3.2216,242.7
13325,-122.4,37.62,32,3586,921,2249,911,3.1058,253
13326,-122.41,37.63,39,4220,1055,2720,1046,2.639,242.5
13327,-122.42,37.64,41,98,20,68,19,2.225,212.5
13328,-122.43,37.63,15,2748,997,1447,901,3.5214,144.2
13329,-122.41,37.63,35,865,226,602,217,3,229.1
13330,-122.4,37.62,44,1619,362,1064,335,4.0238,224.2
13331,-122.41,37.64,38,1204,268,921,247,4.4464,215.4
13332,-122.4,37.61,35,2084,549,1077,545,3.1628,318.4
13333,-122.38,37.6,33,2577,590,1867,566,3.3632,265.1
13334,-122.39,37.6,36,1770,499,1225,459,2.56,273.1
13335,-122.41,37.61,42,1602,262,705,255,5.7398,336.4
13336,-122.41,37.61,43,1934,303,847,300,4.7381,347.4
13337,-122.41,37.6,31,4424,834,1915,817,4.1364,412
13338,-122.42,37.6,34,3562,565,1542,563,5.8783,405.1
13339,-122.41,37.6,26,2754,402,1128,395,6.3719,466.9
13340,-122.41,37.59,34,3931,622,1717,621,6.2946,450
13341,-122.41,37.59,40,2401,383,894,356,5.6493,422.4
13342,-122.4,37.6,30,5351,1134,2558,1074,3.5817,369.3
13343,-122.39,37.6,44,2304,384,986,379,4.652,387.1
13344,-122.39,37.6,34,707,159,381,156,4.375,340.9
13345,-122.39,37.59,32,4497,730,1846,715,6.1323,500.001
13346,-122.38,37.59,31,3052,844,1581,788,3.0744,457.7
13347,-122.38,37.59,44,2089,348,837,317,4.6628,459.2
13348,-122.4,37.58,26,3281,531,1145,480,6.358,500.001
13349,-122.39,37.57,35,520,83,185,76,6.4865,450
13350,-122.37,37.6,26,15,3,11,3,5.048,350
13351,-122.37,37.59,39,4645,1196,2156,1113,3.4412,353.8
13352,-122.37,37.59,52,2272,403,963,376,5.7245,500
13353,-122.37,37.58,52,2188,361,917,357,4.4,500
13354,-122.36,37.58,52,3084,595,1324,571,5.0756,374.2
13355,-122.36,37.58,37,3325,734,1468,692,4.0987,434
13356,-122.37,37.58,43,2506,432,967,428,4.7404,500.001
13357,-122.37,37.58,52,1900,290,665,276,4.5486,500.001
13358,-122.33,37.58,40,2362,468,992,425,4.7917,359.9
13359,-122.34,37.58,50,2784,743,1622,698,3.8413,372.2
13360,-122.36,37.59,20,2638,854,1352,718,3.5125,350.6
13361,-122.35,37.58,30,5039,1564,2129,1536,3.3469,345
13362,-122.35,37.58,26,854,246,396,231,2.8393,375
13363,-122.34,37.57,39,2647,616,1254,555,4.2407,433.8
13364,-122.35,37.57,52,2059,345,800,308,4.97,500.001
13365,-122.37,37.58,34,2697,313,810,279,12.4291,500.001
13366,-122.36,37.56,32,4684,540,1512,511,15.0001,500.001
13367,-122.37,37.56,21,7189,874,2440,846,11.6833,500.001
13368,-122.34,37.56,39,3562,391,1139,391,12.6417,500.001
13369,-122.34,37.55,25,4470,518,1507,504,13.3913,500.001
13370,-122.36,37.54,23,6184,747,2165,700,10.1675,500.001
13371,-122.34,37.57,52,2635,408,967,374,7.0422,500.001
13372,-122.34,37.57,52,2547,373,876,359,8.2598,500.001
13373,-122.34,37.57,28,3751,949,1691,846,3.9728,300
13374,-122.33,37.57,43,2543,621,1301,606,3.1111,318.4
13375,-122.33,37.58,27,5144,1481,2518,1447,3.4836,287.9
13376,-122.33,37.58,28,2784,736,1534,685,3.38,285.4
13377,-122.31,37.6,34,3225,726,1958,656,3.6811,273
13378,-122.31,37.58,44,1990,442,1141,424,3.9696,258.3
13379,-122.33,37.58,43,1772,422,1573,401,2.7474,233.1
13380,-122.32,37.57,42,2574,614,2377,588,3.2891,237.9
13381,-122.32,37.57,33,3384,819,2626,793,3.2285,234.8
13382,-122.32,37.57,52,499,148,318,145,2.9934,256.3
13383,-122.31,37.57,42,3157,676,1603,629,3.7422,292.6
13384,-122.33,37.57,20,2126,643,1112,597,3.625,283.3
13385,-122.32,37.56,9,1150,287,377,243,3.8317,237.5
13386,-122.33,37.56,34,6394,1619,2400,1496,3.4902,500.001
13387,-122.32,37.56,49,2016,299,691,288,5.549,500.001
13388,-122.32,37.56,26,2339,704,1283,654,3.162,415
13389,-122.32,37.55,50,2501,433,1050,410,4.6406,500.001
13390,-122.33,37.55,51,2565,332,870,309,9.3694,500.001
13391,-122.34,37.55,44,2465,328,843,324,6.9533,500.001
13392,-122.31,37.56,52,2351,494,1126,482,3.9688,356.9
13393,-122.31,37.55,52,900,183,371,166,3.25,296.4
13394,-122.32,37.55,46,1437,266,607,263,4.8068,369.7
13395,-122.32,37.55,44,2151,411,849,370,4.4583,397.1
13396,-122.32,37.54,34,3661,692,1608,656,5.0774,407.2
13397,-122.34,37.53,27,3339,481,1354,458,7.3081,464.6
13398,-122.33,37.53,18,4493,760,1784,725,6.7042,413
13399,-122.34,37.52,34,3559,560,1747,550,6.6959,411.2
13400,-122.33,37.53,25,1729,383,769,352,4.0417,458.5
13401,-122.32,37.52,17,6645,1034,2557,1032,6.3892,480.8
13402,-122.3,37.53,40,1833,308,751,306,6,384.2
13403,-122.3,37.53,38,984,171,429,157,5.3261,376.8
13404,-122.31,37.52,35,1817,262,659,262,6.8336,457.2
13405,-122.31,37.53,39,1160,191,508,185,5.9539,379.1
13406,-122.3,37.54,39,4292,1097,1758,987,2.9405,340.5
13407,-122.31,37.54,45,1222,220,492,205,5.539,396.9
13408,-122.31,37.53,41,1608,269,676,267,4.6125,361.7
13409,-122.32,37.53,39,2795,464,1183,443,5.779,387.1
13410,-122.31,37.55,27,3931,933,1877,851,3.9722,354.1
13411,-122.31,37.54,42,1159,261,465,247,3.1842,352.8
13412,-122.3,37.55,35,3675,735,1930,715,3.9833,342.8
13413,-122.31,37.55,45,507,140,305,139,2.6159,272.9
13414,-122.31,37.56,45,1685,321,815,314,4.2955,309.7
13415,-122.31,37.56,36,1727,340,952,337,4.7917,316
13416,-122.31,37.56,40,1351,330,701,297,3.32,292.9
13417,-122.31,37.57,31,2197,477,1193,394,4.6371,271.1
13418,-122.3,37.57,36,2406,436,1189,403,4.7917,276.1
13419,-122.3,37.56,36,1379,228,750,227,5.5381,282
13420,-122.29,37.56,36,805,140,445,139,5.8221,289.4
13421,-122.3,37.56,35,1873,351,945,333,5.5184,274.8
13422,-122.29,37.56,12,6474,1467,2516,1390,5.0353,305.8
13423,-122.26,37.55,17,4576,814,1941,807,5.9572,443.8
13424,-122.26,37.55,17,1321,425,683,408,4.7045,500.001
13425,-122.27,37.55,16,4789,816,1840,763,6.7474,338.2
13426,-122.26,37.54,16,2118,333,770,318,7.2477,376
13427,-122.27,37.56,17,3211,847,1553,812,4.9434,292.1
13428,-122.27,37.56,5,4921,1179,1810,1073,5.6936,322.2
13429,-122.26,37.54,13,1422,295,395,195,5.3247,327.8
13430,-122.26,37.54,5,1649,388,779,376,6.9635,417.3
13431,-122.27,37.54,5,2140,420,990,394,6.035,438.8
13432,-122.27,37.54,16,3913,565,1752,557,7.3644,419.7
13433,-122.27,37.54,15,2126,310,905,306,8.9083,500.001
13434,-122.26,37.56,23,7283,1342,3399,1298,5.6683,391
13435,-122.26,37.57,23,7995,1254,3484,1198,6.5948,404
13436,-122.25,37.56,19,7976,1406,3437,1338,5.6396,430.3
13437,-122.29,37.55,27,3789,874,2243,866,4.39,270.1
13438,-122.28,37.54,24,5114,1357,3169,1268,3.9699,293.2
13439,-122.28,37.54,37,991,180,463,177,5.1701,294.2
13440,-122.29,37.54,41,1743,349,811,349,4.9464,282.4
13441,-122.29,37.53,35,2043,511,1089,504,3.0278,310.6
13442,-122.28,37.53,15,5417,1199,2593,1098,4.8047,438
13443,-122.28,37.53,25,3710,1015,2068,958,3.5445,286.7
13444,-122.28,37.52,27,2958,655,1285,577,4.0801,397.8
13445,-122.28,37.52,29,1526,355,724,315,4.0313,435.2
13446,-122.3,37.51,35,2789,445,1156,404,5.4322,391
13447,-122.3,37.52,32,2297,347,871,342,8.1039,382.2
13448,-122.32,37.52,26,4042,591,1611,578,8.4693,419.2
13449,-122.31,37.5,22,14034,3020,6266,2952,4.3939,491.2
13450,-122.27,37.52,35,1051,259,517,234,3.7,339.7
13451,-122.29,37.51,35,3040,520,1374,518,6.1004,426.4
13452,-122.26,37.51,46,672,149,351,136,5.3264,258.1
13453,-122.25,37.5,44,348,79,154,73,4.7708,253.8
13454,-122.27,37.51,39,3996,793,1744,761,4.5075,364.9
13455,-122.26,37.51,29,3703,1075,1611,1025,2.7075,323.8
13456,-122.26,37.5,24,2307,510,842,507,3.6111,341.5
13457,-122.26,37.5,52,878,186,393,186,3.7045,360.5
13458,-122.25,37.5,45,1812,336,752,329,4.95,345
13459,-122.25,37.49,43,2607,477,1225,461,4.224,349.6
13460,-122.25,37.49,40,2709,521,1156,510,4.6366,395.5
13461,-122.25,37.49,44,4420,743,1790,735,6.142,394.7
13462,-122.26,37.5,44,6983,1131,2818,1115,5.6271,374.8
13463,-122.28,37.51,33,4719,758,1980,757,6.1064,405
13464,-122.28,37.5,33,6499,998,2694,957,7.4787,431.3
13465,-122.28,37.49,25,7335,1157,2626,1049,6.5475,500.001
13466,-122.28,37.49,29,4148,635,1638,627,6.912,457.2
13467,-122.26,37.48,34,4453,682,1805,672,5.6038,451.3
13468,-122.29,37.48,15,5480,892,2009,831,7.4678,500.001
13469,-122.26,37.46,26,5067,750,1996,728,7.0001,500.001
13470,-122.28,37.47,44,863,114,281,99,6.8879,500.001
13471,-122.24,37.47,41,1183,203,455,171,5.1071,314.1
13472,-122.25,37.47,38,645,124,265,103,5.4688,305
13473,-122.25,37.47,35,3183,515,1313,487,5.9062,383.2
13474,-122.24,37.48,45,4126,696,1722,668,4.8966,362.1
13475,-122.24,37.48,40,4459,1027,2080,982,3.5322,361.9
13476,-122.24,37.48,47,2423,407,1010,407,6.2154,362.7
13477,-122.24,37.49,38,4105,950,2561,909,3.8684,265.6
13478,-122.21,37.49,24,2528,947,2437,861,2.2746,225
13479,-122.22,37.48,47,2570,783,3107,724,2.8058,229.5
13480,-122.22,37.48,34,1541,584,1564,558,2.56,250
13481,-122.24,37.49,19,322,112,191,102,2.5833,500.001
13482,-122.24,37.55,3,6164,1175,2198,975,6.7413,435.9
13483,-122.25,37.53,16,4428,664,1677,623,7.6864,422.5
13484,-122.26,37.53,4,5233,1109,1690,907,6.2007,311.8
13485,-122.21,37.52,18,2962,945,1639,851,2.7399,87.5
13486,-122.19,37.48,35,7067,1646,5380,1597,4.1776,265.3
13487,-122.21,37.48,20,505,216,326,216,2.9286,237.5
13488,-122.21,37.48,37,1326,335,1771,335,3.0147,218.1
13489,-122.2,37.48,32,640,166,991,160,1.9844,270
13490,-122.2,37.48,41,733,155,652,140,5.1654,233.6
13491,-122.2,37.48,30,1170,258,610,243,3.4427,263.5
13492,-122.2,37.47,37,1403,369,1587,331,2.8258,232.8
13493,-122.21,37.47,33,1266,415,1991,334,2.92,202.8
13494,-122.21,37.47,26,1777,555,1966,497,3.0472,211
13495,-122.22,37.47,23,7740,1943,4124,1743,3.3268,322.8
13496,-122.22,37.47,35,367,113,398,109,2.5,166.7
13497,-122.22,37.47,28,5956,1612,3571,1549,3.1864,272.8
13498,-122.23,37.48,33,3108,805,1895,717,3.3015,267.7
13499,-122.23,37.48,38,1578,399,879,388,2.7969,298.4
13500,-122.24,37.47,35,2283,491,1148,436,4.5556,318.6
13501,-122.24,37.47,36,2021,433,1117,432,3.929,303.1
13502,-122.23,37.46,33,2643,464,1015,427,4.2232,363.7
13503,-122.23,37.46,26,4670,1039,2103,933,4.4167,333.8
13504,-122.26,37.45,17,2742,441,986,421,5.9285,496
13505,-122.23,37.45,34,4177,723,1586,660,5.0457,395.1
13506,-122.22,37.46,13,2888,546,1182,504,6.0255,409.3
13507,-122.2,37.44,31,2328,270,722,247,15.0001,500.001
13508,-122.22,37.44,32,4281,501,1318,484,15.0001,500.001
13509,-122.21,37.46,48,2560,322,921,301,10.8758,500.001
13510,-122.21,37.46,40,1777,207,577,207,15.0001,500.001
13511,-122.18,37.46,40,2529,293,831,258,15.0001,500.001
13512,-122.2,37.47,40,2959,389,985,365,9.9025,500.001
13513,-122.18,37.47,37,2848,328,852,327,13.367,500.001
13514,-122.16,37.47,44,2581,437,1006,414,5.397,341.7
13515,-122.16,37.47,33,3687,852,3091,852,2.6506,162.6
13516,-122.16,37.48,36,2238,479,1949,457,2.3769,157.3
13517,-122.14,37.47,36,2081,412,1931,373,3.7917,160.6
13518,-122.13,37.46,37,1576,334,1385,323,2.5294,159.4
13519,-122.13,37.46,35,1321,300,1133,287,3.7312,159.6
13520,-122.12,37.45,38,1276,314,955,287,2.0096,155.7
13521,-122.13,37.46,31,2247,573,1711,511,3.2642,185.6
13522,-122.14,37.47,37,3373,815,2909,705,2.8868,156.6
13523,-122.15,37.46,30,4198,1244,2678,1147,3.6712,308.6
13524,-122.14,37.46,27,5580,2009,4165,1763,2.4375,189
13525,-122.15,37.46,42,1995,412,794,374,5.6234,379.6
13526,-122.17,37.46,47,2312,332,1044,282,9.459,500.001
13527,-122.19,37.46,34,5419,1183,2002,1138,4.1985,500.001
13528,-122.17,37.45,33,1828,396,766,378,4.4531,500.001
13529,-122.17,37.45,35,1025,242,388,232,5.1995,500.001
13530,-122.18,37.45,43,2061,437,817,385,4.4688,460.2
13531,-122.18,37.45,37,5257,1360,2128,1264,4,394.3
13532,-122.18,37.44,44,2237,347,948,346,8.2436,500.001
13533,-122.19,37.43,39,2392,420,937,406,6.6136,472.8
13534,-122.2,37.43,22,3294,744,1337,655,5.2391,500.001
13535,-122.21,37.43,23,5741,1012,1843,888,5.7211,500.001
13536,-122.23,37.42,16,1945,320,512,300,7.4542,500.001
13537,-122.19,37.42,47,932,167,295,116,8.4375,500.001
13538,-122.2,37.4,37,1296,194,540,192,8.2782,500.001
13539,-122.2,37.4,30,2612,338,980,324,10.0481,500.001
13540,-122.21,37.38,28,4518,578,1489,559,11.3176,500.001
13541,-122.2,37.35,17,3095,442,1173,424,13.2986,500.001
13542,-122.22,37.36,34,1559,243,600,242,8.7382,500.001
13543,-122.22,37.4,32,2297,287,814,283,15.0001,500.001
13544,-122.27,37.43,33,1601,223,629,215,15.0001,500.001
13545,-122.26,37.38,28,1103,164,415,154,7.8633,500.001
13546,-122.29,37.41,30,6373,854,2149,798,10.6868,500.001
13547,-122.46,37.51,23,949,151,399,149,5.6286,411.3
13548,-122.47,37.5,18,2297,416,1086,381,4.875,334.6
13549,-122.47,37.5,25,950,259,404,195,3.1937,319.2
13550,-122.48,37.51,22,1564,278,761,270,4.7578,318.5
13551,-122.44,37.52,16,7077,1179,3502,1148,5.9919,345.1
13552,-122.53,37.5,19,4768,807,2199,805,6.1896,331.1
13553,-122.49,37.54,15,3456,545,1527,535,6.3256,368
13554,-122.51,37.53,17,1574,262,672,241,7.2929,355.8
13555,-122.5,37.51,11,749,137,355,124,8.2364,371.8
13556,-122.49,37.5,21,1209,309,801,259,4.5625,500
13557,-122.43,37.43,17,11999,2249,5467,1989,4.8405,354.3
13558,-122.34,37.46,21,1799,293,576,277,7.439,500.001
13559,-122.38,37.34,33,1054,209,400,161,7.7773,456.3
13560,-122.33,37.39,52,573,102,232,92,6.2263,500.001
13561,-122.27,37.32,37,2607,534,1346,507,5.3951,277.7
13562,-122.27,37.24,30,2762,593,1581,502,5.1002,319.4
13563,-122.38,37.18,52,1746,315,941,220,3.3047,286.1
13564,-119.77,34.44,24,5652,1313,2312,1294,2.4717,295.3
13565,-119.78,34.45,9,1830,353,1515,220,4.2109,450
13566,-119.79,34.45,24,2746,433,1076,380,5.8635,348.7
13567,-119.75,34.45,26,3578,677,1504,618,4.1375,395
13568,-119.75,34.44,28,1080,298,524,251,1.8432,327.3
13569,-119.76,34.44,28,1985,582,1092,548,2.4701,290.9
13570,-119.75,34.45,6,2864,642,1404,603,5.5073,263.8
13571,-119.75,34.5,26,3563,579,1479,575,5.9522,438.4
13572,-119.78,34.45,23,2077,306,705,256,6.4744,500.001
13573,-119.73,34.43,35,2703,654,1383,631,4.5278,340.4
13574,-119.74,34.44,26,4257,1031,1861,950,3.4047,294.5
13575,-119.72,34.43,30,2491,656,1091,576,2.5139,279.5
13576,-119.72,34.43,46,1332,329,746,310,3.6719,357.4
13577,-119.72,34.43,36,1156,309,521,304,2.6014,320.6
13578,-119.72,34.43,33,1028,377,753,356,2.3454,243.8
13579,-119.71,34.43,18,1170,372,681,346,2.1974,255
13580,-119.71,34.42,31,1643,499,1253,499,3.1563,267
13581,-119.71,34.43,47,1572,417,790,384,2.6429,279.2
13582,-119.72,34.44,50,3265,509,1256,443,6.3997,500.001
13583,-119.71,34.43,48,2408,536,1005,497,3.5213,458.6
13584,-119.7,34.43,39,1486,467,758,409,2.6875,320.6
13585,-119.7,34.43,52,977,289,412,272,2.125,300
13586,-119.7,34.47,32,3725,569,1304,527,7.7261,500.001
13587,-119.72,34.47,34,3262,533,1265,502,5.8411,381.8
13588,-119.71,34.45,35,2183,363,988,351,5.5922,384.4
13589,-119.71,34.44,41,2220,367,927,355,5.3184,376
13590,-119.72,34.44,39,1489,304,700,268,3.8819,289.9
13591,-119.73,34.44,48,2114,390,973,367,4.8021,351.1
13592,-119.73,34.45,44,2261,328,763,294,6.7449,415.6
13593,-119.69,34.44,41,1989,271,666,269,6.8406,500.001
13594,-119.69,34.43,44,2440,485,1011,442,4.149,443.6
13595,-119.69,34.43,43,1257,311,671,263,2.875,280.6
13596,-119.69,34.43,37,2801,497,1150,476,5.8311,387.7
13597,-119.68,34.44,23,2600,398,917,374,8.7394,500.001
13598,-119.67,34.47,35,2700,422,1995,383,4.9757,500.001
13599,-119.66,34.44,26,2790,413,1014,397,6.5631,500.001
13600,-119.66,34.43,27,5509,1059,2591,979,3.8456,500.001
13601,-119.69,34.43,30,1273,343,1082,325,2.5104,228.1
13602,-119.68,34.43,33,1961,462,1693,445,2.9896,236
13603,-119.68,34.43,49,1785,386,1267,380,3.5208,251.2
13604,-119.67,34.38,28,1814,526,849,420,3.1625,364.3
13605,-119.68,34.42,38,1452,354,1139,340,2.707,236.8
13606,-119.67,34.43,39,1467,381,1404,374,2.3681,241.4
13607,-119.67,34.42,23,1333,393,1369,381,2.5947,232.6
13608,-119.7,34.43,52,1364,460,804,400,2.375,293.8
13609,-119.7,34.42,52,329,109,291,102,1.4722,350
13610,-119.7,34.42,41,725,239,582,214,3.1667,362.5
13611,-119.69,34.42,17,1826,544,1325,532,1.2762,253.6
13612,-119.71,34.42,52,1838,692,851,576,1.4851,237.5
13613,-119.71,34.42,49,1560,436,1041,411,2.925,246.9
13614,-119.71,34.42,39,1172,322,606,316,2.16,259.1
13615,-119.71,34.42,50,840,279,488,270,2.2097,258.3
13616,-119.7,34.42,43,1802,557,1490,538,2.675,247.9
13617,-119.7,34.41,52,1526,458,1633,449,2.2069,226.5
13618,-119.72,34.42,37,1635,427,1027,408,3.5905,264.7
13619,-119.72,34.42,49,1610,370,961,351,2.6983,260.1
13620,-119.71,34.42,52,1411,324,1091,306,4.1062,252.9
13621,-119.71,34.42,23,2068,658,1898,570,2.5506,230.8
13622,-119.71,34.41,31,1034,319,997,308,2.6538,231.8
13623,-119.73,34.35,20,1648,319,905,307,4.375,335.2
13624,-119.71,34.36,34,1706,276,628,243,4.1842,364
13625,-119.71,34.4,36,1846,358,748,329,4.2283,326.8
13626,-119.7,34.4,25,1858,493,865,460,3.0938,312.5
13627,-119.71,34.4,27,3782,771,1742,751,4.0451,395.1
13628,-119.71,34.41,18,1225,317,694,306,3.6823,255
13629,-119.7,34.41,19,2086,575,1701,530,2.8042,236.1
13630,-119.69,34.38,39,1383,459,677,362,2.25,281.3
13631,-119.69,34.41,44,1208,357,603,297,2.6103,500
13632,-119.75,34.43,23,2982,837,1317,787,3.3776,283.2
13633,-119.74,34.43,26,3119,562,1459,562,5.0434,340.4
13634,-119.73,34.43,27,1448,404,978,338,2.303,261
13635,-119.72,34.41,35,1853,375,878,338,4.9044,335.3
13636,-119.74,34.41,30,2365,417,1053,409,5.5959,346.2
13637,-119.73,34.41,29,1769,297,703,269,4.4375,350
13638,-119.74,34.35,34,1664,292,705,257,5,329.4
13639,-119.63,34.42,42,1765,263,753,260,8.5608,500.001
13640,-119.64,34.43,34,3045,570,1002,488,5.623,500.001
13641,-119.63,34.4,29,3865,814,1266,613,6.0069,500.001
13642,-119.64,34.43,32,1872,318,749,296,4.625,500.001
13643,-119.61,34.45,33,3597,519,1207,479,5.3963,500.001
13644,-119.63,34.44,37,3188,442,984,376,9.4522,500.001
13645,-119.61,34.43,16,2665,391,794,311,9.0267,500.001
13646,-119.53,34.41,8,1705,400,886,391,3.9659,297.4
13647,-119.52,34.41,20,4489,800,2867,765,4.806,279.7
13648,-119.51,34.4,15,1112,256,411,245,2.0625,314.3
13649,-119.52,34.39,23,1414,365,889,345,2.6397,250
13650,-119.51,34.39,32,1921,394,951,334,3.233,346
13651,-119.52,34.4,20,1834,477,1305,417,3.2125,251
13652,-119.53,34.38,22,2323,727,1301,478,2.7864,300
13653,-119.53,34.4,14,1671,383,1079,365,3.1389,248.7
13654,-119.51,34.46,28,3506,563,1362,483,6.091,500.001
13655,-119.55,34.38,17,1951,368,681,350,2.7275,500.001
13656,-119.57,34.38,22,2512,426,919,341,5.759,425
13657,-119.59,34.43,28,2718,542,1066,442,4.2059,500.001
13658,-119.59,34.39,35,622,170,278,139,3.6969,335
13659,-119.5,34.35,39,308,38,59,21,11.7794,500.001
13660,-119.49,34.39,17,4617,982,2303,923,3.9224,230.6
13661,-119.72,34.77,35,2469,553,1168,427,2.4583,62.1
13662,-120.18,34.75,17,2074,382,1035,359,3.7958,400
13663,-120.27,34.72,14,1289,277,693,237,3.2569,230.8
13664,-120.2,34.63,14,2647,515,1487,488,4.4519,227.9
13665,-120.2,34.61,15,2958,690,1348,617,3.8582,215.2
13666,-120.13,34.63,11,2137,339,916,338,5.5221,394.9
13667,-120.12,34.6,10,2426,426,966,419,5.5106,290.9
13668,-120.14,34.6,22,2136,465,1143,409,2.9479,243.1
13669,-120.14,34.59,9,2536,499,832,385,2.5743,309.8
13670,-120.04,34.72,13,3942,585,1542,515,6.6054,500.001
13671,-120.08,34.64,18,2375,429,1048,369,4.2222,375
13672,-120.08,34.62,11,3478,588,1693,582,4.6554,272.3
13673,-120.09,34.62,18,2708,382,988,359,5.5194,367
13674,-120.11,34.62,16,2943,394,959,359,6.2094,440
13675,-120.09,34.61,11,586,125,317,74,2.8906,84.4
13676,-120.08,34.59,24,1874,319,820,315,5.1909,390.2
13677,-120.01,34.54,30,2992,609,1288,465,3.9375,292.9
13678,-120.44,34.91,12,3189,463,1200,442,5.299,226.8
13679,-120.44,34.88,9,3124,415,1169,407,6.7694,275.1
13680,-120.45,34.87,4,1533,221,545,191,7.5696,328.7
13681,-120.45,34.86,23,3415,778,1492,633,2.2791,114.8
13682,-120.4,34.86,11,1633,348,504,327,2.0508,275
13683,-120.41,34.86,15,978,187,407,182,4.375,158
13684,-120.43,34.86,17,3172,506,1538,473,4.3125,168.1
13685,-120.43,34.86,17,1932,347,874,312,3.8203,141.5
13686,-120.37,34.9,17,2649,386,1057,362,4.7813,326.8
13687,-120.33,34.87,24,2590,404,1093,338,3.9375,341.2
13688,-120.42,34.91,4,6986,1217,2801,1212,3.2135,212.7
13689,-120.43,34.9,27,2019,354,1029,346,3.5391,144.7
13690,-120.43,34.9,30,2388,393,1117,375,4.1058,164
13691,-120.41,34.88,8,3119,620,1159,544,3.5288,165.5
13692,-120.42,34.89,24,2020,307,855,283,5.0099,162.5
13693,-120.43,34.89,30,1979,342,999,320,5.0286,158
13694,-120.43,34.89,28,2862,478,1384,463,4.6694,158.2
13695,-120.43,34.88,22,2580,381,1149,372,5.0113,158.6
13696,-120.43,34.87,26,1699,272,799,266,3.9871,157.7
13697,-120.4,34.87,10,2197,329,1064,319,4.9766,199.6
13698,-120.41,34.87,32,1997,317,866,281,5.062,158.9
13699,-120.41,34.87,15,1534,251,761,240,4.9028,193.6
13700,-120.42,34.95,52,1391,287,632,276,1.7431,131.5
13701,-120.42,34.95,33,3404,711,1579,639,3.1078,146.7
13702,-120.43,34.95,50,1966,413,985,403,2.3506,136.1
13703,-120.43,34.95,43,2020,344,692,310,3.6815,181.8
13704,-120.42,34.94,32,2844,551,1337,516,2.7188,133.7
13705,-120.43,34.93,4,2866,648,1311,578,2.8649,186.5
13706,-120.43,34.93,10,2980,585,1593,562,3.285,218.3
13707,-120.43,34.98,21,2725,514,1466,488,3.6639,128.6
13708,-120.43,34.96,24,2739,414,1171,413,4.8155,162.9
13709,-120.43,34.96,24,1799,470,1416,408,2.0673,136.9
13710,-120.42,34.96,31,3518,608,1386,572,3.6212,151.4
13711,-120.43,34.96,19,2350,631,1291,515,1.0349,130.8
13712,-120.42,34.97,18,1932,350,1071,346,4.125,139.8
13713,-120.41,34.96,16,2299,403,1245,395,4.2125,148.3
13714,-120.42,34.96,14,2069,343,1240,338,4.5066,149.8
13715,-120.38,34.96,9,2813,492,1144,490,4.0431,226.8
13716,-120.41,34.96,21,1774,263,724,237,4.65,152.5
13717,-120.41,34.96,9,2712,428,1116,415,4.5536,190.1
13718,-120.47,34.98,6,5762,1115,2551,919,3.0723,137.3
13719,-120.44,34.97,26,1705,344,1605,307,3.7589,113.7
13720,-120.44,34.96,29,2374,562,1617,463,2.6531,108.3
13721,-120.45,34.96,11,1299,280,1158,223,2.5556,129.2
13722,-120.44,34.96,39,1228,379,851,341,1.899,113.3
13723,-120.44,34.96,34,1248,284,986,272,2.9167,104.2
13724,-120.45,34.96,26,1949,396,1575,377,2.875,121.4
13725,-120.44,34.94,24,2481,476,1101,474,3.1576,147.2
13726,-120.47,34.94,17,1368,308,642,303,1.8633,109.4
13727,-120.44,34.93,16,2098,558,1252,492,2.1509,67.5
13728,-120.44,34.95,38,3004,794,2601,747,2.2743,106.4
13729,-120.45,34.95,10,2207,644,2232,543,2.375,98.5
13730,-120.44,34.94,29,1877,516,1634,492,1.6875,122.7
13731,-120.45,34.95,7,1479,532,1057,459,2.2538,162.5
13732,-120.45,34.94,24,1702,447,1240,417,2.4091,115.5
13733,-120.54,34.97,23,1353,345,1322,336,1.8185,97.8
13734,-120.57,34.96,27,1401,294,1306,286,2.5809,83.2
13735,-120.57,34.96,38,1145,297,1107,296,2.1776,89.1
13736,-120.6,34.91,44,711,140,384,116,2.1094,73.8
13737,-120.59,34.7,29,17738,3114,12427,2826,2.7377,28.3
13738,-120.46,34.64,11,562,164,504,147,2.0161,118.8
13739,-120.46,34.64,26,2364,604,1520,529,1.9444,129.4
13740,-120.47,34.64,8,2482,586,1427,540,3.071,120.4
13741,-120.47,34.65,31,1438,320,816,270,2.4583,128.1
13742,-120.46,34.64,16,686,217,614,200,0.8106,83.3
13743,-120.45,34.64,27,2696,622,1322,543,3.0352,135.4
13744,-120.45,34.64,40,1051,235,574,201,2.0865,111.5
13745,-120.46,34.65,10,2143,593,1167,548,2.0819,103.3
13746,-120.47,34.65,32,2193,430,1074,377,2.3333,130.2
13747,-120.44,34.65,30,2265,512,1402,471,1.975,134
13748,-120.45,34.65,27,2215,578,1544,527,1.9257,135.3
13749,-120.45,34.65,25,980,276,896,245,2,87.5
13750,-120.46,34.63,48,1408,301,682,279,2.9271,146.6
13751,-120.46,34.64,37,1697,334,740,272,2.3804,148
13752,-120.45,34.64,17,1226,277,484,224,3.2167,112.5
13753,-120.45,34.64,34,2571,499,1105,451,3.7778,150
13754,-120.45,34.66,7,3329,504,1462,452,4.7875,198.3
13755,-120.46,34.66,5,2904,702,1302,618,3.0081,135.2
13756,-120.39,34.52,40,2162,395,1010,332,2.5667,239.3
13757,-120.45,34.63,25,2445,368,983,363,4.9286,180.1
13758,-120.47,34.63,23,2441,463,1392,434,3.7917,142.2
13759,-120.46,34.74,15,2185,386,827,336,5.3765,223.1
13760,-120.45,34.71,21,1868,268,522,255,6.4678,249.3
13761,-120.46,34.71,17,2830,430,1035,416,4.9292,207.2
13762,-120.47,34.7,24,2387,385,1051,382,4.4595,152.7
13763,-120.47,34.71,21,2535,383,1012,368,5.6177,183.8
13764,-120.37,34.69,18,1868,315,747,265,4.7946,290.6
13765,-120.43,34.7,26,2353,389,1420,389,3.87,125.8
13766,-120.43,34.69,33,2054,373,1067,358,3.6023,128.3
13767,-120.44,34.68,6,2187,277,697,273,6.2685,307.4
13768,-119.86,34.42,23,1450,642,1258,607,1.179,225
13769,-119.85,34.4,14,2307,650,5723,615,2.1652,37.5
13770,-119.88,34.43,14,2472,685,1292,621,3.3026,229.5
13771,-119.88,34.42,22,2367,492,1333,488,3.6304,312.2
13772,-119.91,34.4,24,2001,365,1170,330,6.0992,268.8
13773,-119.83,34.45,24,2168,373,934,366,5.4197,280.9
13774,-119.84,34.44,28,977,162,537,159,4.2404,274.3
13775,-119.84,34.45,26,4424,616,1839,601,6.3654,331.2
13776,-119.85,34.44,28,1765,301,1173,297,6.0256,276.8
13777,-119.81,34.47,26,4382,618,1728,587,7.4734,432.2
13778,-119.85,34.48,23,1915,277,724,267,6.2987,348.2
13779,-119.88,34.44,27,4724,793,2394,738,5.5954,261.4
13780,-119.89,34.44,25,2786,470,1669,462,5.5184,268.3
13781,-120.05,34.47,21,1241,248,746,211,3.8056,425
13782,-119.86,34.38,28,1062,309,1058,305,1.5071,316.7
13783,-119.86,34.41,24,1576,580,1630,531,1.24,325
13784,-119.86,34.38,26,1626,375,1580,359,2.1471,187.5
13785,-119.81,34.44,23,3172,588,1467,559,4.6806,288.9
13786,-119.82,34.45,24,3592,533,1683,528,6.7247,333.8
13787,-119.83,34.44,26,1739,402,599,368,3.0875,198.4
13788,-119.82,34.44,22,2239,475,1016,434,4.875,295.4
13789,-119.81,34.44,14,961,305,662,286,3.2115,206.3
13790,-119.82,34.44,16,1414,463,793,439,3.6034,150
13791,-119.82,34.44,28,1992,531,1622,509,2.7689,228.2
13792,-119.83,34.44,35,796,281,567,257,2.1389,260
13793,-119.83,34.43,31,798,346,699,301,2.1417,205
13794,-119.77,34.43,22,2552,443,1066,424,5.1271,342.5
13795,-119.77,34.43,28,3318,441,1604,404,9.7821,500.001
13796,-119.79,34.4,20,3104,415,1061,380,9.6885,500.001
13797,-119.8,34.44,27,2674,419,1176,416,5.0294,280.2
13798,-119.8,34.43,22,2845,500,1456,454,5.6604,276.4
13799,-119.79,34.44,25,1479,314,977,309,4.1797,271.8
13800,-119.78,34.44,28,2864,495,1364,482,4.835,353.4
13801,-119.79,34.43,26,3611,563,2089,540,5.1615,276.2
13802,-121.9,37.36,38,1141,333,1028,291,2.7333,182.5
13803,-121.88,37.36,30,2453,573,1845,530,3.7396,210.7
13804,-121.89,37.35,44,1668,380,1143,365,3.2083,181.9
13805,-121.9,37.36,47,1007,245,581,240,2.9545,237.5
13806,-121.9,37.35,52,1034,239,531,223,2.7411,227.1
13807,-121.9,37.35,42,2082,626,1396,610,3.25,185.3
13808,-121.9,37.34,50,1345,287,791,254,3.5966,245.8
13809,-121.9,37.34,52,241,69,385,64,2.619,212.5
13810,-121.92,37.34,35,357,120,377,99,3.0139,204.2
13811,-121.92,37.34,52,2584,491,1087,433,4.4,391.3
13812,-121.92,37.33,52,2009,338,841,338,5.5259,295.8
13813,-121.92,37.33,52,2962,557,1215,506,4.7768,301.1
13814,-121.93,37.33,44,1449,291,676,282,3.575,292.2
13815,-121.94,37.33,34,1809,317,863,302,4.3,330.5
13816,-121.91,37.34,35,2189,607,1193,562,2.8042,240.9
13817,-121.91,37.33,28,454,147,366,140,2.9853,187.5
13818,-121.91,37.33,52,2562,410,973,398,4.8854,330.6
13819,-121.91,37.33,52,2212,563,1195,532,2.894,209.5
13820,-121.89,37.33,49,658,318,467,316,0.7068,200
13821,-121.9,37.33,11,1283,390,718,345,4.226,166.7
13822,-121.9,37.33,52,1009,231,929,210,2.5,162.5
13823,-121.88,37.34,40,1547,625,1493,543,1.2887,212.5
13824,-121.88,37.33,36,1904,689,3561,632,2.0972,187.5
13825,-121.89,37.35,48,1562,439,1469,424,2.5673,177.5
13826,-121.89,37.34,46,1197,416,898,370,2.1714,190.6
13827,-121.89,37.34,20,1106,494,851,448,0.8894,350
13828,-121.89,37.34,43,1423,467,1013,428,1.6708,204.2
13829,-121.88,37.34,52,1390,365,921,352,2.1442,188.9
13830,-121.89,37.35,47,2879,631,2229,606,3.2599,183.1
13831,-121.89,37.35,43,1185,296,933,244,2.925,170.8
13832,-121.89,37.35,44,2019,615,1243,518,2.0549,193.8
13833,-121.87,37.35,37,1566,375,1223,346,3.2793,174.5
13834,-121.88,37.34,44,1267,353,1018,327,2.4196,194.4
13835,-121.88,37.35,52,1704,418,1336,411,2.8167,183.5
13836,-121.87,37.34,52,1170,215,604,207,2.6667,325.9
13837,-121.87,37.34,39,2479,541,1990,506,2.4306,289.1
13838,-121.88,37.34,52,867,232,1264,227,2.6312,302.9
13839,-121.87,37.35,27,3500,1036,3019,955,2.9222,153.7
13840,-121.86,37.34,40,2277,508,1718,434,3.0089,185.2
13841,-121.88,37.33,35,3300,1154,3120,1075,1.473,213.6
13842,-121.87,37.33,37,3137,685,2048,651,3.0156,270.3
13843,-121.88,37.33,45,1192,371,1084,345,2.8594,205.9
13844,-121.89,37.33,42,1279,358,1254,340,2.2583,192.5
13845,-121.89,37.32,34,1014,246,952,215,2.8864,172.5
13846,-121.88,37.32,30,1242,338,1438,325,2.6607,169.3
13847,-121.89,37.32,43,1105,241,982,206,2.1149,184.9
13848,-121.89,37.32,41,977,265,865,253,3.2317,184.8
13849,-121.89,37.31,52,1994,404,1014,389,4.3882,223.6
13850,-121.9,37.32,48,1274,313,971,291,3.7738,220.6
13851,-121.91,37.31,16,2962,898,1555,795,2.5804,216.3
13852,-121.93,37.32,52,1460,492,1165,455,2.5833,167.5
13853,-121.94,37.33,37,818,269,576,261,2.1902,250
13854,-121.94,37.32,46,2451,472,1163,448,4.8519,225.8
13855,-121.93,37.32,51,2711,728,1607,724,3,184.7
13856,-121.92,37.32,31,1902,554,1485,494,2.4207,165.6
13857,-121.92,37.32,28,2089,641,1666,587,2.3633,198.4
13858,-121.93,37.32,50,1135,215,500,207,4.2614,211.3
13859,-121.94,37.31,5,2364,578,1102,502,5.2642,246.4
13860,-121.94,37.31,30,1680,312,858,310,4.0474,280.5
13861,-121.94,37.3,26,4348,814,2347,810,4.7275,293
13862,-121.93,37.3,16,1111,226,317,199,2.7153,233.3
13863,-121.93,37.31,26,2182,704,1638,704,2.8981,229.8
13864,-121.92,37.31,26,3242,780,2100,741,3.1107,247.9
13865,-121.93,37.31,29,1377,430,969,399,2.6573,252.8
13866,-121.92,37.31,13,6035,1551,2946,1481,4.0524,213.9
13867,-121.93,37.3,14,6277,1742,3025,1630,4.0653,234.2
13868,-121.92,37.3,36,2088,358,772,347,4.2762,310.1
13869,-121.92,37.3,35,1335,296,635,296,3.6053,345.8
13870,-121.91,37.31,28,3104,811,1488,754,3.6429,332.6
13871,-121.9,37.3,39,3627,666,1531,635,4.537,345.9
13872,-121.91,37.3,43,828,151,446,145,4.4375,327.6
13873,-121.91,37.3,31,2095,427,829,405,3.6563,344.7
13874,-121.91,37.3,31,616,131,185,107,3.625,265
13875,-121.89,37.31,40,1844,340,719,305,3.3682,235.2
13876,-121.88,37.31,28,3085,552,1277,512,4.5795,262.8
13877,-121.89,37.3,47,1604,284,639,278,5.8415,283.3
13878,-121.89,37.31,47,2986,627,1399,613,3.7455,247.4
13879,-121.9,37.3,52,1575,284,629,284,5.6437,312
13880,-121.88,37.3,42,1867,398,927,389,4.325,247
13881,-121.88,37.29,44,2026,396,908,383,4.1406,274.1
13882,-121.89,37.3,46,2639,448,938,424,5.0662,331.6
13883,-121.89,37.29,38,1568,351,710,339,2.7042,286.6
13884,-121.9,37.29,26,1797,244,626,244,7.8575,424.6
13885,-121.9,37.29,36,1389,225,623,223,6.6331,283.3
13886,-121.91,37.29,18,3597,664,1321,593,5.3077,351.4
13887,-121.93,37.28,10,3163,832,1537,797,4.1674,214
13888,-121.94,37.28,18,4356,1334,1968,1245,3.6294,240
13889,-121.94,37.28,27,2859,464,1144,430,5.0822,327.5
13890,-121.93,37.27,30,2862,544,1387,542,5.1104,278.1
13891,-121.94,37.27,23,1932,552,997,482,3.662,211.9
13892,-121.94,37.27,39,1030,191,537,175,3.9265,236.9
13893,-121.94,37.26,21,3843,716,1850,705,4.6758,264.2
13894,-121.95,37.26,10,3611,803,1599,716,5.2,248.7
13895,-121.95,37.26,34,1482,255,584,246,5.5121,264.7
13896,-121.94,37.25,16,3942,749,1894,737,5.2894,332.8
13897,-121.93,37.26,39,1103,175,446,163,2.8125,291.3
13898,-121.92,37.26,33,1306,259,762,237,4.5208,230.7
13899,-121.92,37.25,36,3874,656,1826,639,4.9662,258.5
13900,-121.91,37.25,31,1944,343,975,334,4.9205,240.5
13901,-121.92,37.27,33,3280,569,1583,559,4.5625,253.5
13902,-121.93,37.27,35,1855,345,985,329,6.0196,255.1
13903,-121.93,37.27,28,3428,753,1753,729,4.1033,281
13904,-121.91,37.27,30,4412,862,2168,772,5.0062,232
13905,-121.91,37.28,29,5650,817,2098,813,6.4285,337.3
13906,-121.9,37.28,26,3756,553,1408,535,5.6427,320
13907,-121.9,37.25,28,2714,502,1389,490,5.7385,240.4
13908,-121.9,37.25,20,5483,1079,2892,1057,4.6845,250
13909,-121.9,37.27,28,4538,685,1996,667,5.4609,263.6
13910,-121.9,37.26,20,4447,661,2062,660,6.8088,283.3
13911,-121.91,37.26,32,3776,620,1790,612,5.4675,261.1
13912,-121.91,37.26,32,3983,876,1989,794,3.5625,255.2
13913,-121.89,37.25,23,2705,449,1180,442,6.0791,316.5
13914,-121.89,37.26,26,1864,331,956,325,5.5,231.7
13915,-121.88,37.26,25,3025,689,1755,661,3.8893,218.6
13916,-121.88,37.26,13,1893,487,1018,464,3.8047,204.7
13917,-121.88,37.26,13,1676,471,710,406,3.8936,225.9
13918,-121.89,37.25,21,2080,352,1040,325,5.2887,264.5
13919,-121.89,37.29,36,2959,529,1125,520,4.2614,268.8
13920,-121.89,37.28,35,2418,375,988,374,6.0936,365.4
13921,-121.9,37.28,34,4613,749,2050,725,5.3922,302.9
13922,-121.88,37.28,33,2951,529,1288,521,4.1554,313.1
13923,-121.89,37.28,32,4308,717,2002,695,4.1645,281.9
13924,-121.89,37.26,25,3319,531,1560,502,5.8479,263.3
13925,-121.89,37.27,28,1481,256,688,221,5.2088,240.9
13926,-121.87,37.32,39,1839,471,1528,456,2.6818,184.9
13927,-121.87,37.32,36,1471,360,1182,326,2.7031,175.8
13928,-121.88,37.32,45,2213,564,1920,514,3.2806,164.2
13929,-121.86,37.31,24,1939,652,1808,625,2.2259,112.5
13930,-121.87,37.31,6,3797,984,2437,904,3.6802,152.4
13931,-121.87,37.3,14,360,124,134,84,2.7411,112.5
13932,-121.88,37.3,16,2692,749,1674,681,2.6763,191.1
13933,-121.86,37.32,13,2519,581,2094,530,4.3621,173.4
13934,-121.85,37.33,19,2228,559,2845,551,2.6,172.8
13935,-121.84,37.32,14,5762,1538,3979,1389,3.6953,192.6
13936,-121.85,37.33,16,2987,874,4241,841,2.8024,127.9
13937,-121.85,37.33,19,735,158,597,134,4.5208,188.1
13938,-121.84,37.32,22,3015,581,2491,530,4.3419,176.3
13939,-121.87,37.29,18,1892,568,974,553,2.3715,228
13940,-121.87,37.28,21,3305,749,2459,701,3.9688,249.6
13941,-121.86,37.29,14,6160,1222,2472,1204,4.1444,178.4
13942,-121.85,37.28,17,4208,954,1476,904,2.3971,87.5
13943,-121.83,37.3,16,5684,1386,4203,1318,3.1964,185.8
13944,-121.85,37.3,19,6275,1546,4312,1466,2.7768,178.6
13945,-121.84,37.29,24,3403,656,2829,612,4.775,191.9
13946,-121.84,37.28,18,2749,633,1779,561,3.925,166.1
13947,-121.83,37.31,19,11181,1895,7817,1853,5.6058,232.7
13948,-121.81,37.29,15,5957,1037,3838,997,6.2907,253.1
13949,-121.81,37.28,17,2277,428,1887,422,5.7078,217
13950,-121.82,37.28,33,2873,489,1946,475,5.0709,176.4
13951,-121.83,37.29,10,1828,453,1356,409,4.5943,123.5
13952,-121.83,37.29,20,1649,408,1729,362,3.3833,115.2
13953,-121.83,37.28,19,2644,833,2317,780,3.1042,183.1
13954,-121.83,37.29,20,2308,461,2223,456,4.2589,191
13955,-121.82,37.29,16,2085,394,1705,391,5.0225,222.8
13956,-121.83,37.32,17,1887,664,1906,597,2.5652,165.3
13957,-121.82,37.31,15,1504,294,1267,291,5.5145,219.4
13958,-121.81,37.31,14,2731,578,1109,551,3.1382,139.7
13959,-121.81,37.31,15,1898,395,1527,381,4.4792,212.5
13960,-121.82,37.32,10,2506,623,2634,622,3.135,231.4
13961,-121.82,37.33,23,3279,647,2582,630,4.3782,175.8
13962,-121.81,37.33,4,5532,778,3651,770,7.2982,343
13963,-121.8,37.34,25,1642,297,1146,279,5.2088,231.4
13964,-121.8,37.34,20,2686,414,1507,405,5.8068,263.9
13965,-121.79,37.34,20,2018,328,1196,323,4.9318,262.4
13966,-121.8,37.35,15,2781,498,1389,475,5.614,223.3
13967,-121.75,37.35,18,1947,250,605,184,8.1871,500.001
13968,-121.77,37.33,8,3088,474,1799,456,7.2707,355.3
13969,-121.79,37.33,13,2978,505,1794,485,6.6813,277.8
13970,-121.79,37.33,10,3283,550,2491,522,6.6633,283.7
13971,-121.78,37.33,10,2829,394,1510,386,6.68,359.5
13972,-121.8,37.32,23,1829,346,1277,324,4.8092,217.4
13973,-121.8,37.32,14,4412,924,2698,891,4.7027,227.6
13974,-121.79,37.32,20,3034,451,1669,430,6.2742,241.3
13975,-121.76,37.33,5,4153,719,2435,697,5.6306,286.2
13976,-121.81,37.3,14,1870,348,1214,347,4.9769,186.5
13977,-121.8,37.31,15,1807,378,1277,341,4.5045,164.5
13978,-121.8,37.3,16,906,149,605,148,4.8173,235.6
13979,-121.8,37.31,21,2630,446,1789,389,5.0543,232
13980,-121.79,37.3,10,5469,950,3083,906,5.9399,241.9
13981,-121.76,37.28,17,660,129,431,123,4.9097,241
13982,-121.74,37.3,12,1961,280,985,269,6.7159,362.7
13983,-121.78,37.31,7,1973,328,1047,303,6.234,292.2
13984,-121.76,37.29,15,2267,348,1150,327,7.1267,277.9
13985,-121.76,37.3,6,3526,559,1378,491,6.1463,335.5
13986,-121.75,37.3,23,1801,415,548,393,2.5052,133.7
13987,-121.74,37.29,6,7292,1295,2468,1262,5.6411,294.7
13988,-121.75,37.29,15,1486,310,455,296,4.3365,221
13989,-121.84,37.33,28,1535,330,1937,317,4.1146,160.1
13990,-121.83,37.32,21,4559,1163,5124,1124,3.2052,179
13991,-121.82,37.35,24,2298,575,2409,569,3.4509,182.4
13992,-121.82,37.34,23,7609,1446,6034,1414,4.8424,195.3
13993,-121.81,37.35,28,3477,671,2990,648,4.4671,172.6
13994,-121.8,37.35,27,2358,415,1562,383,5.2297,192.8
13995,-121.84,37.34,27,2512,526,3033,526,4.25,162.9
13996,-121.83,37.33,27,3127,610,3257,604,4.6333,173.6
13997,-121.83,37.34,26,1848,339,1952,327,4.087,182.5
13998,-121.87,37.36,34,938,242,769,226,3.5625,194.5
13999,-121.86,37.35,35,2391,605,1886,595,2.5551,182.1
14000,-121.86,37.35,43,1536,371,1256,357,2.8,153.3
14001,-121.85,37.34,27,1481,409,1505,391,2.5769,137.5
14002,-121.84,37.35,22,2914,768,2962,762,2.2031,164
14003,-121.85,37.35,29,3515,807,3572,776,2.7562,160.1
14004,-121.84,37.35,20,3375,867,4610,860,2.6894,182.2
14005,-121.86,37.37,15,8162,2124,8793,2086,3.3306,210.3
14006,-121.85,37.36,15,3148,1116,3556,1037,3.0466,159.6
14007,-121.85,37.36,18,1525,485,1705,448,3.7198,128.6
14008,-121.86,37.36,31,1602,358,1179,354,4.4896,156.8
14009,-121.85,37.38,12,12980,2568,8190,2515,5.2415,286.5
14010,-121.84,37.39,31,5524,914,2848,879,5.5592,229.9
14011,-121.84,37.38,33,835,181,781,169,5.1082,195.8
14012,-121.83,37.38,31,3633,843,2677,797,3.2222,184.8
14013,-121.83,37.37,43,821,149,370,135,4.25,209.1
14014,-121.83,37.37,43,1461,284,800,258,3.2279,182.4
14015,-121.82,37.37,40,802,149,445,143,4.0446,196.3
14016,-121.83,37.36,29,4045,885,3036,845,3.1982,171.7
14017,-121.83,37.35,31,2914,715,3547,645,3.7143,178.6
14018,-121.81,37.37,26,2987,539,1931,518,5.1099,213.1
14019,-121.82,37.36,33,1624,337,1412,323,4.0385,167.6
14020,-121.82,37.36,34,1834,377,1450,347,3.7188,161.5
14021,-121.82,37.39,37,4137,636,1569,578,6.1008,286.2
14022,-121.82,37.38,32,3747,665,1687,649,5.4949,330.8
14023,-121.81,37.38,29,570,76,244,72,12.3292,416.7
14024,-121.79,37.38,22,3650,527,1637,520,5.3774,325.6
14025,-121.81,37.36,20,3189,420,1234,389,7.5813,374.1
14026,-121.87,37.39,9,2522,547,1591,481,4.9091,259.7
14027,-121.87,37.39,16,2655,487,1862,448,6.057,246.8
14028,-121.87,37.38,16,1050,245,722,228,4.5187,163.5
14029,-121.87,37.38,16,3275,529,1863,527,5.5429,269.1
14030,-121.88,37.39,13,3334,565,2240,561,7.105,273.9
14031,-121.87,37.41,17,3719,588,2089,561,6.7867,273.7
14032,-121.86,37.4,19,4043,764,2196,708,6.1504,268.4
14033,-121.85,37.39,15,8748,1547,4784,1524,5.8322,276.6
14034,-121.82,37.42,13,3752,572,1581,526,6.1091,329.4
14035,-121.9,37.39,42,42,14,26,14,1.7361,500.001
14036,-121.9,37.37,20,78,72,120,69,1.0938,187.5
14037,-121.88,37.37,14,6016,1404,3258,1316,3.5745,333.7
14038,-121.87,37.38,14,3851,534,2052,478,7.0735,335.6
14039,-121.89,37.39,2,1136,365,535,257,4.375,425
14040,-121.88,37.4,9,6751,1575,4240,1438,5.34,257.4
14041,-121.89,37.38,3,4778,1047,2522,990,5.7695,271.4
14042,-121.88,37.37,3,4430,841,2559,801,6.0959,272.7
14043,-121.86,37.4,21,1386,260,946,257,6.5226,258.5
14044,-121.85,37.41,25,1837,278,1006,271,6.6842,265.3
14045,-121.85,37.4,23,1793,319,1145,310,5.5968,243.2
14046,-121.86,37.41,16,2938,589,1718,568,5.5073,178.9
14047,-121.85,37.41,17,2156,435,1400,393,5.6096,199.1
14048,-121.9,37.44,12,4228,734,2594,732,6.6086,299.4
14049,-121.89,37.44,8,2534,380,1527,364,7.8532,422.8
14050,-121.88,37.43,17,3469,896,2762,808,3.3884,245.8
14051,-121.85,37.44,8,426,61,241,55,7.309,367.9
14052,-121.87,37.42,19,12128,2112,6810,2040,6.4419,264.5
14053,-121.87,37.41,24,3308,548,1891,544,5.6683,248.7
14054,-121.86,37.42,20,5032,808,2695,801,6.6227,264.8
14055,-121.87,37.42,25,4430,729,2685,721,5.6965,261.1
14056,-121.88,37.44,17,1621,299,1028,293,5.2722,186.9
14057,-121.88,37.44,26,1471,348,1089,320,5.3057,226.4
14058,-121.88,37.44,23,1310,267,910,261,5.3994,237.9
14059,-121.89,37.46,5,1519,186,705,186,10.3798,500.001
14060,-121.88,37.46,5,1819,245,802,228,10.9722,500.001
14061,-121.88,37.44,14,2073,343,1107,330,6.7093,311.2
14062,-121.9,37.46,29,2385,513,1788,510,3.8421,220.7
14063,-121.91,37.46,26,2762,496,1716,459,5.6062,226.8
14064,-121.9,37.45,18,4900,814,2984,758,6.6176,276.2
14065,-121.91,37.42,19,1684,387,1224,376,4.1389,174.1
14066,-121.9,37.41,24,4759,921,3188,902,5.6344,228.7
14067,-121.89,37.42,26,40,8,52,7,7.7197,225
14068,-121.92,37.45,10,3937,1054,2032,1002,3.2617,252.2
14069,-121.91,37.44,19,2174,484,1645,484,5.0362,255.1
14070,-121.91,37.44,24,1212,251,799,242,5.0808,212.5
14071,-121.91,37.43,33,2791,496,1714,485,4.8304,224.9
14072,-122.07,37.44,21,4599,986,2756,943,2.9817,225
14073,-121.96,37.43,18,2514,578,2205,545,3.3859,158
14074,-121.97,37.44,17,127,28,219,22,4.5179,112.5
14075,-121.99,37.4,24,3217,689,1196,684,3.4896,226.7
14076,-121.99,37.4,35,1845,325,1343,317,5.3912,235.3
14077,-121.99,37.39,25,3495,834,2484,797,4.8145,230.7
14078,-122.02,37.4,33,2015,484,1285,419,4.0655,226.8
14079,-122.01,37.4,14,4841,1130,813,517,3.7614,137.5
14080,-122,37.4,17,5121,1017,1470,968,2.9706,81.3
14081,-122.01,37.4,24,1297,297,441,282,3.1439,47.5
14082,-121.96,37.41,17,3208,617,2286,602,5.2937,238
14083,-121.97,37.4,17,2937,558,1662,533,5.8792,255.5
14084,-121.95,37.38,22,765,198,390,176,3.1812,87.5
14085,-121.95,37.41,13,2164,412,1087,411,4.7625,137.5
14086,-121.94,37.42,16,3936,788,1910,769,4.7049,112.5
14087,-121.93,37.4,34,148,28,132,13,3.375,67.5
14088,-121.91,37.36,42,3224,708,1940,674,3.2153,199.7
14089,-121.92,37.36,42,198,32,158,32,3.1563,137.5
14090,-121.95,37.37,39,446,129,317,127,3.0357,208.3
14091,-121.95,37.36,27,3236,832,2230,798,3.5625,208.6
14092,-121.95,37.36,25,3472,956,2267,944,2.7727,235.6
14093,-121.93,37.35,36,1823,410,1589,387,3.1065,234.1
14094,-121.93,37.34,48,2068,495,946,452,3.0375,218.5
14095,-121.98,37.37,36,1651,344,1062,331,4.575,215.4
14096,-121.98,37.37,35,995,202,615,199,5.0942,217.5
14097,-121.99,37.37,27,1797,538,1610,531,4.2422,237.5
14098,-121.97,37.35,35,1880,370,926,321,4.2273,269.9
14099,-121.96,37.36,16,5040,1325,3150,1196,4.2837,264.5
14100,-121.97,37.35,36,815,126,353,122,6.3191,258.3
14101,-121.98,37.36,34,1735,318,1019,301,4.5625,242.7
14102,-121.98,37.36,33,1582,272,809,267,5.7059,287.2
14103,-121.98,37.36,35,1293,223,701,216,7.8543,281.9
14104,-121.98,37.36,35,1440,267,743,259,5.0866,254.6
14105,-121.99,37.36,33,2321,480,1230,451,4.9091,270.3
14106,-121.99,37.36,33,2677,644,1469,633,3.2048,261.8
14107,-121.99,37.36,33,2545,467,1287,458,5.5,282.2
14108,-121.99,37.35,18,1712,509,972,467,4.3971,238.9
14109,-121.99,37.35,16,3249,947,1637,841,4.5427,198.4
14110,-121.98,37.35,36,1054,193,546,187,4.5625,240
14111,-121.97,37.35,30,1955,388,999,386,4.6328,287.1
14112,-121.98,37.34,33,3570,776,1922,761,4.9562,238.7
14113,-121.98,37.34,18,6649,1712,3604,1651,4.5368,307.4
14114,-121.99,37.34,26,3637,933,2249,905,3.9625,262.9
14115,-121.96,37.35,37,1755,325,699,321,3.925,251.3
14116,-121.97,37.34,33,3162,722,1553,686,3.6682,266.1
14117,-121.96,37.35,32,1484,274,673,272,5.2019,279.9
14118,-121.95,37.35,36,832,211,545,211,3.2813,244.4
14119,-121.94,37.35,52,906,227,1662,219,3.1667,231.6
14120,-121.94,37.35,18,1922,561,1096,545,2.3713,244
14121,-121.95,37.35,48,1246,294,697,284,3.6118,235.5
14122,-121.95,37.35,42,1421,330,659,303,3.3333,237.9
14123,-121.95,37.35,52,2382,523,1096,492,4.2656,236.1
14124,-121.94,37.34,29,3377,853,1674,792,3.4233,229.3
14125,-121.94,37.34,41,2151,473,1092,469,3.7321,250
14126,-121.94,37.34,36,3142,632,1372,560,5.0175,246.1
14127,-121.95,37.34,25,5236,1320,2529,1213,3.1702,256.1
14128,-121.95,37.33,31,1866,465,821,447,2.3547,275.9
14129,-121.96,37.33,26,3269,788,1427,696,4.2136,288.3
14130,-121.96,37.34,42,2001,402,942,375,4.4453,255.4
14131,-121.96,37.34,18,4438,939,1901,895,5.3873,288.3
14132,-121.96,37.34,34,1461,299,739,276,3.4375,252.6
14133,-121.98,37.33,30,3742,633,1721,631,6.1388,302.4
14134,-121.99,37.34,27,3353,653,1571,621,5.273,315.6
14135,-121.97,37.33,21,8275,1566,3636,1524,5.1506,302.1
14136,-121.98,37.33,25,3223,612,1529,602,5.121,287.6
14137,-121.98,37.33,35,1907,326,912,313,5.9567,294.3
14138,-121.99,37.33,33,2023,425,1016,405,3.9417,285.8
14139,-121.99,37.3,28,4863,901,2110,868,5.1483,342
14140,-122,37.3,28,5096,1011,2588,954,5.357,355.2
14141,-121.98,37.32,17,9789,2552,4748,2206,4.2531,279.8
14142,-121.99,37.32,20,4461,864,2042,808,4.7083,217.7
14143,-121.98,37.31,32,2248,460,1191,419,5.606,288.9
14144,-121.97,37.32,19,4620,1404,2672,1308,3.699,237.5
14145,-121.95,37.32,20,1145,198,431,173,3.1103,281.9
14146,-121.95,37.31,27,4140,969,2135,893,3.6292,264.6
14147,-121.97,37.31,21,7628,2166,3637,1749,3.6401,267.5
14148,-121.97,37.31,25,5775,1225,3580,1138,3.9187,314.9
14149,-121.97,37.3,25,5463,1351,2758,1310,3.0079,277.3
14150,-121.95,37.32,33,726,168,351,147,3.1458,270.5
14151,-121.94,37.31,30,4238,1010,1914,972,3.7632,307
14152,-121.95,37.31,27,2462,570,1278,565,3.5652,329.5
14153,-121.95,37.3,21,4193,1068,2487,1011,3.7188,293
14154,-121.94,37.3,25,1455,370,734,331,3.2727,262.5
14155,-121.95,37.3,25,5641,1517,3786,1410,3.3958,267.5
14156,-121.94,37.29,22,2593,637,1249,623,3.75,212.5
14157,-121.94,37.29,20,710,188,363,176,4.0962,214.1
14158,-121.95,37.27,17,1330,271,408,258,1.7171,181.3
14159,-121.95,37.28,52,777,148,362,144,4.0208,262.5
14160,-121.95,37.29,9,1503,381,715,349,4.6371,234.3
14161,-121.95,37.28,19,7027,1847,3759,1753,3.1509,242.9
14162,-121.98,37.3,30,3404,693,1794,633,4.6312,283.2
14163,-121.98,37.29,33,2120,349,907,336,7.5443,283
14164,-121.98,37.29,31,2750,664,1459,660,3.2287,264.9
14165,-121.96,37.28,33,1940,327,877,314,5.4386,280.4
14166,-121.97,37.28,25,4707,695,1995,642,6.6437,296.1
14167,-121.98,37.28,26,1182,309,620,306,3.3922,269.1
14168,-121.98,37.28,28,3688,633,1877,620,5.7251,272.6
14169,-121.98,37.28,27,3526,589,1725,553,5.7812,275
14170,-121.99,37.29,32,2930,481,1336,481,6.4631,344.1
14171,-121.96,37.3,23,4040,843,2181,843,4.0403,303.4
14172,-121.97,37.3,31,3340,735,1891,686,4.8542,275
14173,-121.97,37.29,25,4096,743,2027,741,5.3294,300.3
14174,-121.97,37.29,29,2721,682,1602,646,3.337,265.3
14175,-121.99,37.27,17,1527,267,775,260,5.9658,278
14176,-121.98,37.27,25,3075,564,1633,543,5.2528,269.4
14177,-121.96,37.28,28,5018,1066,2846,998,4.0174,273.9
14178,-121.96,37.27,22,6114,1211,2983,1163,5.2533,269.1
14179,-121.97,37.26,19,2174,454,998,426,4.6827,255.1
14180,-121.96,37.26,22,1408,351,636,294,1.8542,333.3
14181,-121.95,37.25,30,3298,634,1532,602,5.0863,332
14182,-121.96,37.24,26,3032,605,1208,562,5.4683,430.9
14183,-121.95,37.25,34,2906,544,1282,522,5.5127,268.2
14184,-121.93,37.25,36,1089,182,535,170,4.69,252.6
14185,-121.93,37.25,21,1354,289,639,273,4.5333,234.2
14186,-121.93,37.25,32,1555,287,779,284,6.0358,260.1
14187,-121.94,37.24,35,1484,244,664,238,4.675,245.3
14188,-121.91,37.24,24,5046,1001,2449,968,4.7118,274.6
14189,-121.91,37.24,30,2327,419,1114,372,4.7279,272
14190,-121.94,37.24,19,1741,294,632,279,5.5944,290.5
14191,-121.91,37.23,27,4866,668,1956,659,7.3843,405
14192,-121.93,37.22,21,4872,594,1811,560,9.3834,500.001
14193,-121.96,37.23,36,4423,632,1719,608,7.8407,476.4
14194,-121.97,37.23,22,2781,523,1291,516,4.6065,445.9
14195,-121.98,37.22,46,10088,1910,3728,1781,5.2321,500.001
14196,-121.96,37.22,35,4709,723,1866,694,8.492,500.001
14197,-121.95,37.21,20,2345,322,890,276,10.0187,500.001
14198,-121.97,37.24,35,2553,533,1117,498,4.4063,436.1
14199,-121.98,37.23,33,3585,935,1511,835,3.1176,396.3
14200,-121.96,37.25,19,1858,359,790,347,4.5156,339.3
14201,-121.97,37.25,32,2892,496,1193,492,6.131,367.8
14202,-121.98,37.26,27,2331,461,1178,447,4.6654,340.7
14203,-121.99,37.27,21,1214,192,500,185,7.598,347.8
14204,-121.99,37.26,17,4034,611,1158,560,8.2069,442.5
14205,-121.99,37.25,25,1743,212,604,200,10.7582,500.001
14206,-121.97,37.25,21,2775,389,856,350,7.9135,496.4
14207,-121.99,37.25,22,4240,532,1480,514,11.2463,500.001
14208,-121.98,37.24,35,3574,485,1325,476,8.5425,500.001
14209,-122.01,37.27,27,3340,451,1220,447,8.8178,500.001
14210,-122.02,37.26,24,2411,299,847,299,10.2666,500.001
14211,-122.02,37.26,34,1764,243,692,223,8.0331,500.001
14212,-122.01,37.25,31,1574,193,551,191,10.2311,500.001
14213,-121.99,37.26,29,2718,365,982,339,7.9234,500.001
14214,-122.01,37.26,14,2561,404,1172,378,7.6107,500.001
14215,-122.03,37.25,34,2892,413,903,365,7.8711,500.001
14216,-122.04,37.24,24,1521,209,539,192,11.1557,500.001
14217,-122.02,37.24,28,2796,365,1085,363,10.6834,500.001
14218,-122.03,37.29,22,3118,438,1147,425,10.3653,500.001
14219,-122.02,37.29,25,3845,492,1461,475,10.3979,500.001
14220,-122.01,37.29,31,3136,431,1190,412,7.5,500.001
14221,-122,37.28,33,2170,311,854,303,8.3605,500.001
14222,-122,37.28,32,2782,495,1092,455,5.4103,335.9
14223,-122.03,37.27,32,4350,645,1551,609,7.8279,500.001
14224,-122.02,37.28,25,3437,428,1198,411,9.3464,500.001
14225,-122.06,37.27,16,1612,221,567,208,10.5793,500.001
14226,-122.04,37.29,19,3625,432,1252,409,12.2145,500.001
14227,-122.04,37.26,24,4973,709,1692,696,7.8627,500.001
14228,-122.06,37.32,30,3033,540,1440,507,6.2182,380.8
14229,-122.05,37.31,25,4601,696,2003,666,8.0727,455.5
14230,-122.06,37.3,11,5488,706,1947,641,10.7326,500.001
14231,-122.07,37.33,13,2173,349,891,345,8.0158,420
14232,-122.06,37.33,23,4507,751,2167,722,7.0102,500.001
14233,-122.07,37.31,24,4401,698,1818,685,7.2986,500.001
14234,-122.08,37.3,30,2268,404,1197,372,7.0813,485.3
14235,-122.04,37.34,20,4475,1048,2271,1021,4.8836,396.2
14236,-122.06,37.34,13,2057,466,790,436,5.0081,288.3
14237,-122.05,37.33,17,3674,824,1364,694,6.3131,436.4
14238,-122.04,37.33,22,4011,963,2206,879,4.5721,351.2
14239,-122.04,37.32,27,2826,451,1259,439,5.7528,431.4
14240,-122.04,37.31,29,2476,434,1217,416,6.2045,393.8
14241,-122.04,37.31,24,3388,633,1627,585,5.154,355.1
14242,-122.04,37.3,26,1714,270,778,262,6.075,417
14243,-122.04,37.3,25,2366,417,1076,398,6.9238,345.9
14244,-122.03,37.31,25,2131,410,1132,395,5.3508,409.1
14245,-122.04,37.3,25,3807,600,1678,600,6.6818,411.3
14246,-122.01,37.3,25,4044,551,1699,533,8.0837,380.6
14247,-122.01,37.31,23,6846,1078,2951,1063,6.3702,332
14248,-122,37.31,28,3811,585,1795,581,7.8383,372.7
14249,-122,37.3,29,3429,524,1518,520,7.218,400.7
14250,-122.03,37.31,19,2885,859,1520,784,3.375,275.7
14251,-122.03,37.3,22,3583,758,1792,695,5.4842,335.3
14252,-122.02,37.31,34,2629,433,1301,431,6.083,341.4
14253,-122.02,37.31,35,2355,384,1248,378,5.9714,332.5
14254,-122.02,37.3,26,1983,301,924,297,6.7123,354.6
14255,-122.02,37.3,32,2134,328,903,322,6.359,341.9
14256,-122.02,37.32,27,4336,754,2009,734,6.3923,348.3
14257,-122.02,37.31,33,2563,434,1230,418,6.3197,340.1
14258,-122.03,37.32,15,5132,1059,2156,982,5.6511,404.8
14259,-122,37.32,34,3450,731,1915,689,4.7402,244.5
14260,-122.01,37.31,26,1391,241,700,236,6.6766,332.7
14261,-122.01,37.32,32,3108,613,1577,603,4.6613,284
14262,-122,37.31,33,4211,918,2389,861,4.7235,242.2
14263,-122.02,37.33,25,3823,584,1689,571,7.3693,373.6
14264,-122.03,37.33,23,4221,671,1782,641,7.4863,412.3
14265,-122.03,37.34,16,1755,410,674,410,5.1602,231.2
14266,-122.02,37.35,22,3219,756,1479,667,4.1473,354.4
14267,-122.03,37.34,25,5404,906,2338,883,6.0577,451.8
14268,-122.03,37.35,25,3095,514,1251,507,5.5388,352.1
14269,-122.01,37.35,33,2517,496,1158,443,5.0785,289.5
14270,-122,37.35,20,4304,851,2059,835,5.1674,333
14271,-122,37.34,31,3344,620,1604,572,5.2108,351.5
14272,-122.05,37.34,34,2515,401,1079,399,7.7865,423.9
14273,-122.06,37.34,20,3435,593,1293,553,6.7578,451.4
14274,-122.04,37.35,28,3250,485,1328,473,7.4729,431.6
14275,-122.04,37.34,25,1994,287,704,283,7.7799,447.3
14276,-122.04,37.34,23,2590,725,1795,680,3.16,225
14277,-122.04,37.34,19,3694,1036,2496,986,3.6991,271.5
14278,-122.05,37.36,34,2400,419,1017,384,4.1369,316.9
14279,-122.06,37.36,35,2693,493,1343,455,6.0777,327.5
14280,-122.04,37.37,23,5135,911,2351,863,5.2319,430.1
14281,-122.04,37.35,20,2016,313,767,310,6.837,383
14282,-122.05,37.37,27,3885,661,1537,606,6.6085,344.7
14283,-122.03,37.36,16,2697,803,1369,723,4.4699,367.4
14284,-122.02,37.35,17,2975,608,1465,577,5.8779,362.2
14285,-122.03,37.35,19,3811,1227,1930,1153,3.5154,311.4
14286,-122.03,37.37,16,3402,1193,1479,1043,3.5861,500.001
14287,-122.02,37.36,25,2074,387,1273,383,4.7609,378
14288,-122.01,37.36,16,1105,354,499,324,4.2061,253.6
14289,-122.02,37.36,24,1709,437,892,408,4.9671,335.2
14290,-122.01,37.36,25,2796,429,1267,426,6.6329,349
14291,-122.01,37.35,16,3716,916,1551,759,4.5,323.6
14292,-122,37.36,19,2237,433,1158,426,6.7718,368.3
14293,-122,37.36,17,2070,278,797,275,8.6155,411.2
14294,-122,37.36,25,3534,949,1880,849,3.4238,337
14295,-122,37.36,17,6012,1737,3539,1625,3.8464,239.4
14296,-122.03,37.37,9,2966,770,1430,740,3.0047,256
14297,-122.03,37.37,30,1269,290,556,266,3.8125,325
14298,-122.04,37.37,42,1125,273,616,258,3.6765,252.8
14299,-122.04,37.37,33,2757,489,1201,481,5.0453,311.6
14300,-122.04,37.38,38,2850,550,1518,514,4.2028,273.6
14301,-122.03,37.38,21,2667,798,1433,727,3.8732,252.4
14302,-122.01,37.38,32,726,204,538,203,4.505,230.4
14303,-122.02,37.37,8,5686,1489,3250,1329,4.2782,327.7
14304,-122.01,37.37,11,2559,694,1309,668,4.1847,167.3
14305,-122,37.37,16,1434,372,804,361,3.7045,178.1
14306,-122.03,37.39,22,3280,933,1842,795,4.4107,232.7
14307,-122.01,37.39,26,2500,962,2374,879,3.5586,222.2
14308,-122.03,37.39,34,2600,650,1994,650,4.0223,250.2
14309,-122.02,37.4,35,2348,531,1475,498,4.35,261
14310,-122.01,37.39,16,3015,829,1769,807,4.0068,249.5
14311,-122.02,37.39,35,2297,497,1428,497,4.7431,239.7
14312,-122.04,37.39,5,8745,2211,3959,2019,4.7685,280.1
14313,-122.05,37.38,23,3200,907,2029,866,3.5649,450
14314,-122.06,37.38,20,4293,1272,2389,1210,4.2719,270.8
14315,-122.05,37.37,27,2687,768,1362,725,3.4028,324.2
14316,-122.05,37.39,25,347,82,148,77,4.4531,350
14317,-122.06,37.4,21,12855,3226,7273,3052,4.3351,267.4
14318,-122.06,37.39,26,18,4,8,4,3.75,375
14319,-122.06,37.39,22,1236,290,413,274,3.6875,40
14320,-122.06,37.38,20,3401,768,1497,747,4.2188,500.001
14321,-122.06,37.38,20,2976,766,1227,634,4.8625,262.5
14322,-122.08,37.4,23,806,158,373,156,5.9291,284.6
14323,-122.07,37.4,16,3352,813,1440,729,3.7359,262.5
14324,-122.07,37.41,26,1184,225,815,218,5.7657,322.3
14325,-122.07,37.4,15,2940,910,943,711,4.359,192.2
14326,-122.08,37.4,19,3565,858,1639,744,4.1544,277
14327,-122.08,37.4,25,1750,341,999,319,5.806,308.7
14328,-122.08,37.41,20,1896,456,1069,436,4.6875,288.9
14329,-122.1,37.41,33,6277,1274,3025,1211,5.4721,343.3
14330,-122.09,37.41,14,753,193,421,153,4.2463,266.7
14331,-122.09,37.41,18,1476,473,838,415,3.575,274
14332,-122.09,37.4,17,748,184,412,180,3.4375,290.6
14333,-122.09,37.42,23,4874,1251,2699,1163,3.8003,229.8
14334,-122.11,37.41,27,5110,1599,2764,1482,3.4198,351.9
14335,-122.09,37.4,26,3218,1021,2087,964,3.2875,182.7
14336,-122.1,37.4,27,3410,1156,2314,1086,3.4868,165.6
14337,-122.1,37.4,23,1755,508,1374,506,4.3077,293.5
14338,-122.11,37.4,16,1994,489,1173,472,4.1875,266.4
14339,-122.1,37.4,23,514,210,367,206,3.1736,181.3
14340,-122.08,37.4,52,766,203,448,196,2.5208,316.7
14341,-122.09,37.39,43,2065,535,1029,500,3.7318,327.7
14342,-122.09,37.4,24,3983,1126,2645,1072,3.6742,275
14343,-122.08,37.39,44,1498,430,848,400,2.8438,307.1
14344,-122.08,37.39,46,1115,248,543,248,3.2083,334.3
14345,-122.08,37.39,4,2292,605,1050,584,4.8036,340
14346,-122.07,37.39,30,1695,480,932,447,3.5045,352.5
14347,-122.07,37.38,26,1272,306,562,284,4.5644,280.2
14348,-122.08,37.39,39,2210,483,1023,450,4.5833,342.4
14349,-122.1,37.39,31,1117,304,591,302,3.5909,353.1
14350,-122.1,37.39,36,1860,367,794,366,5.0871,354.5
14351,-122.09,37.39,34,1508,483,774,443,2.7279,365.6
14352,-122.09,37.38,36,2587,416,1055,410,6.1995,407.2
14353,-122.08,37.38,33,2771,659,1496,581,3.4042,353.6
14354,-122.08,37.38,36,782,130,348,128,6.828,383.9
14355,-122.09,37.37,27,1269,186,464,182,6.8374,500.001
14356,-122.09,37.37,34,2165,355,776,339,5.2971,442.1
14357,-122.08,37.38,25,830,228,368,174,3.3917,342.9
14358,-122.07,37.37,30,2937,407,1097,407,7.9813,473.5
14359,-122.07,37.36,21,3244,426,1158,415,7.5,500.001
14360,-122.07,37.36,28,4612,608,1686,567,10.0346,500.001
14361,-122.09,37.36,37,2269,325,930,321,7.5274,500.001
14362,-122.08,37.36,28,2181,284,728,238,8.2266,500.001
14363,-122.06,37.35,30,2040,294,787,278,8.758,500.001
14364,-122.07,37.34,35,1172,184,512,175,7.3561,500.001
14365,-122.07,37.35,35,1579,210,570,196,8.5888,500.001
14366,-122.08,37.35,35,1347,207,548,189,7.7068,500.001
14367,-122.07,37.34,30,1851,238,631,236,10.1007,500.001
14368,-122.08,37.34,28,1643,216,594,205,12.367,500.001
14369,-122.08,37.35,33,2398,317,832,314,10.3591,500.001
14370,-122.1,37.38,37,4167,612,1577,597,7.5655,500.001
14371,-122.1,37.37,37,2511,354,945,348,8.3924,500.001
14372,-122.1,37.37,40,2224,354,929,345,8.1064,500.001
14373,-122.11,37.37,22,1477,195,520,187,10.3329,500.001
14374,-122.11,37.38,22,3638,719,1329,650,5.0804,500.001
14375,-122.11,37.37,49,1068,190,410,171,7.2045,500.001
14376,-122.12,37.37,18,1617,231,555,222,8.9021,500.001
14377,-122.11,37.4,31,2836,490,1138,481,4.9519,500.001
14378,-122.11,37.39,36,1660,261,655,249,6.3967,500.001
14379,-122.1,37.39,35,2471,349,881,342,7.6229,500.001
14380,-122.12,37.4,31,2356,405,921,358,7.0245,500.001
14381,-122.12,37.38,34,1443,218,504,200,8.4709,500.001
14382,-122.13,37.4,29,6027,1195,2687,1171,5.1335,461.2
14383,-122.13,37.41,36,4787,900,2039,890,5.4063,440.9
14384,-122.13,37.42,36,3982,1045,2251,995,3.5364,314.1
14385,-122.12,37.41,33,2892,617,1250,581,5.3727,360.9
14386,-122.11,37.43,35,3905,565,1562,553,7.313,463.7
14387,-122.11,37.42,32,3058,595,1267,540,6.4949,417.8
14388,-122.11,37.41,35,2712,428,1084,425,7.1382,443.8
14389,-122.11,37.41,33,1641,284,659,282,6.0884,432.9
14390,-122.12,37.42,35,2445,533,1187,519,5.2803,362.1
14391,-122.12,37.42,36,2607,551,1165,523,5.1524,373.1
14392,-122.13,37.43,40,3454,648,1498,647,5.2114,438.4
14393,-122.13,37.43,32,4398,878,1799,792,4.7375,431.9
14394,-122.12,37.44,33,2974,623,1435,588,5.485,406.3
14395,-122.12,37.44,33,1509,303,748,268,4.875,373.4
14396,-122.12,37.43,33,3262,668,1411,626,5.316,398.1
14397,-122.13,37.45,37,2295,332,933,332,6.7257,500.001
14398,-122.13,37.45,41,3233,540,1251,506,6.6354,500.001
14399,-122.13,37.44,43,3004,440,1088,427,9.1508,500.001
14400,-122.13,37.44,38,2835,447,1148,446,5.9277,446.6
14401,-122.16,37.45,52,1135,219,441,200,7.5418,492
14402,-122.15,37.45,52,2117,353,734,328,6.767,500.001
14403,-122.14,37.45,48,2074,297,700,279,8.7051,500.001
14404,-122.15,37.45,52,568,91,219,75,6.1575,500.001
14405,-122.16,37.45,47,4234,1156,1808,1093,4.2297,425
14406,-122.16,37.45,19,2207,810,1304,775,2.1406,402.5
14407,-122.16,37.45,37,2926,874,1363,815,4.5987,356
14408,-122.15,37.44,52,2063,320,774,309,7.2543,500.001
14409,-122.15,37.44,52,1945,293,708,275,6.1655,500.001
14410,-122.14,37.44,52,3117,468,1114,421,6.6756,500.001
14411,-122.14,37.43,52,1944,308,696,293,8.2664,500.001
14412,-122.14,37.43,52,1327,190,467,189,12.5902,500.001
14413,-122.15,37.43,47,2600,490,1149,465,5.0203,476.3
14414,-122.15,37.42,44,3558,839,1779,832,3.9243,404.8
14415,-122.15,37.43,20,11709,3618,7604,3589,1.9045,375
14416,-122.16,37.42,34,4448,610,2571,581,11.0492,500.001
14417,-122.17,37.43,24,3924,1142,7174,950,4.0972,387.5
14418,-122.15,37.41,29,473,103,359,87,7.0309,475
14419,-122.18,37.41,21,1034,117,323,117,10.7237,500.001
14420,-122.13,37.39,27,3385,427,1248,409,12.0372,500.001
14421,-122.11,37.36,34,1575,183,511,180,13.1867,500.001
14422,-122.13,37.37,30,2139,260,742,242,11.806,500.001
14423,-122.14,37.38,26,2859,343,951,336,10.4277,500.001
14424,-122.1,37.36,35,2063,266,676,252,8.5294,500.001
14425,-122.09,37.35,37,1795,285,791,261,7.5794,500.001
14426,-122.09,37.35,30,1502,186,501,180,10.0259,500.001
14427,-122.14,37.36,23,11294,1377,3840,1367,12.1387,500.001
14428,-122.15,37.35,23,3814,485,1344,464,12.9792,500.001
14429,-122.12,37.28,21,349,64,149,56,5.8691,360
14430,-122.01,37.18,37,3852,652,1534,567,5.8596,318.7
14431,-121.98,37.16,42,2533,433,957,398,5.3468,279.9
14432,-121.9,37.16,43,1529,311,570,250,5.2366,293.3
14433,-121.93,37.13,37,1150,203,511,179,5.7415,398.5
14434,-121.88,37.24,24,4420,996,2981,975,3.506,226.4
14435,-121.9,37.24,24,7521,1364,3970,1318,4.4004,255.8
14436,-121.86,37.23,24,4337,670,1936,652,5.8904,271.4
14437,-121.89,37.21,14,5636,697,2281,680,8.4262,459.2
14438,-121.84,37.18,6,9176,1201,3637,1138,8.3837,473.4
14439,-121.87,37.22,17,2825,365,1052,345,8.0595,485
14440,-121.87,37.21,18,1080,122,382,121,9.08,500.001
14441,-121.83,37.23,7,5389,903,2232,825,6.6659,500.001
14442,-121.8,37.19,45,1797,303,870,281,4.5417,434.5
14443,-121.84,37.21,15,5468,676,2221,675,8.3792,418.3
14444,-121.83,37.2,6,3694,574,1554,527,6.8333,348
14445,-121.89,37.23,20,7754,976,3094,941,8.19,361.6
14446,-121.88,37.24,14,7174,950,2782,899,8.3065,394.2
14447,-121.87,37.27,16,3298,451,1542,423,6.7064,305.6
14448,-121.87,37.27,18,3561,560,1753,553,5.0292,269.4
14449,-121.86,37.27,17,4393,709,2292,692,5.6876,246.5
14450,-121.77,37.22,16,1617,306,667,264,4.5221,191.1
14451,-121.76,37.23,16,4274,715,2240,704,5.4218,233.9
14452,-121.84,37.25,25,5939,989,3275,954,5.6488,234.6
14453,-121.84,37.24,24,7991,1286,4017,1213,5.4741,238.8
14454,-121.85,37.24,17,6425,1268,3934,1238,5.1228,237.6
14455,-121.86,37.25,16,6958,1300,2965,1217,4.2885,262.4
14456,-121.83,37.28,17,3057,606,2030,602,5.2166,230.9
14457,-121.81,37.27,20,3244,520,1769,469,5.9214,224
14458,-121.81,37.27,22,2996,695,2169,607,4.3438,209.7
14459,-121.8,37.26,18,3631,947,2357,757,2.875,184.4
14460,-121.84,37.27,9,3624,812,1856,721,4.2083,198.4
14461,-121.83,37.27,8,4454,1058,2595,1027,4.5615,282.6
14462,-121.84,37.27,16,2429,387,1293,363,5.5,253.2
14463,-121.81,37.26,14,3379,683,1465,620,4.0547,236.2
14464,-121.81,37.25,20,3398,771,1231,744,2.0288,350
14465,-121.81,37.25,12,2070,587,1216,532,4.1926,244.5
14466,-121.83,37.26,7,3609,751,1739,682,4.5033,213.1
14467,-121.82,37.25,16,2650,600,1969,586,3.9461,194.3
14468,-121.83,37.25,17,2332,637,1636,623,3.1932,123.4
14469,-121.86,37.26,16,2814,485,1305,465,5.5121,224.1
14470,-121.87,37.26,24,2383,343,1146,341,5.6223,265.7
14471,-121.85,37.26,16,2312,303,1158,295,7.4323,311.8
14472,-121.85,37.26,16,1816,241,793,234,6.8194,291.2
14473,-121.84,37.26,5,1808,340,825,339,5.0509,184.8
14474,-121.83,37.26,15,3243,551,1752,551,5.5849,257.4
14475,-121.84,37.25,17,2363,473,1369,442,4.8355,141.6
14476,-121.87,37.25,4,2498,775,1213,631,3.7844,183.9
14477,-121.85,37.25,20,3773,624,1965,607,5.4939,241.2
14478,-121.83,37.24,23,2543,388,1297,385,5.9164,237.4
14479,-121.81,37.24,21,3250,610,1978,568,4.5,234.4
14480,-121.81,37.25,5,1975,520,861,440,4.4565,159
14481,-121.81,37.25,25,4096,623,2128,618,6.2957,251.8
14482,-121.82,37.23,23,4487,584,2024,580,7.5218,291.5
14483,-121.82,37.23,25,2349,394,1266,383,4.9688,233.1
14484,-121.81,37.23,16,1674,281,850,254,5.3157,253.3
14485,-121.81,37.23,19,2635,427,1497,410,6.3178,248
14486,-121.78,37.24,17,2123,341,1067,339,6.0062,262.7
14487,-121.78,37.23,18,1747,317,1055,285,5.898,229.1
14488,-121.8,37.23,18,3179,526,1663,507,5.9225,265.8
14489,-121.8,37.27,10,3301,593,2190,575,6.223,260.7
14490,-121.8,37.26,16,1868,285,995,284,5.9053,260.5
14491,-121.76,37.26,17,250,52,141,51,4.6458,500.001
14492,-121.77,37.24,12,10236,1878,5674,1816,4.747,261.1
14493,-121.74,37.19,11,1290,197,881,191,4.2039,500.001
14494,-121.68,37,19,3754,588,1692,550,6.7644,412.6
14495,-121.61,37.15,16,5498,729,2051,694,7.8601,416.3
14496,-121.6,37.13,14,9483,1361,4108,1281,7.5,344.5
14497,-121.64,37.15,13,4780,798,2795,764,6.1684,288.1
14498,-121.64,37.14,14,5487,1024,2823,979,4.175,229.8
14499,-121.63,37.12,17,1830,398,1110,388,2.4821,248.2
14500,-121.69,37.14,12,4077,590,1618,540,5.2951,386.2
14501,-121.66,37.13,20,4477,924,2656,871,3.8788,226.9
14502,-121.65,37.12,14,4721,999,2648,888,3.6895,239.3
14503,-121.66,37.11,19,3785,611,2198,610,5.1514,436.7
14504,-121.65,37.11,14,6006,914,2915,898,5.9356,321.7
14505,-121.63,37.1,14,5034,797,2124,790,4.9028,335
14506,-121.67,37.13,19,3269,483,1383,452,5.6205,300.8
14507,-121.56,37.08,17,6725,1051,3439,1027,6.4313,393.1
14508,-121.61,37.06,21,5322,908,3011,895,5.5936,386.8
14509,-121.6,37.09,24,1511,318,1052,292,3.625,350
14510,-121.62,37.09,37,1593,303,1030,287,3.9306,260.7
14511,-121.57,37,18,7241,1225,4168,1138,4.5714,260.3
14512,-121.57,36.98,14,5231,817,2634,799,4.9702,279.8
14513,-121.59,37.01,16,6637,1171,3575,1162,4.3227,251.5
14514,-121.61,37.03,5,6529,1010,3071,977,5.6754,298.5
14515,-121.58,37.03,16,3120,685,2383,681,3.5551,198.6
14516,-121.58,37.02,27,2303,471,1447,467,3.2019,203.6
14517,-121.59,37.02,14,6355,1279,3704,1224,4.4233,228.6
14518,-121.57,37.02,17,2889,624,2681,608,2.9417,178
14519,-121.57,37.01,44,1448,393,1066,357,2.0625,170.3
14520,-121.56,37,20,3976,953,3866,950,2.5387,160.1
14521,-121.54,36.99,27,2361,449,1782,397,3.2614,305
14522,-121.51,37.02,19,2372,394,1142,365,4.0238,374.6
14523,-121.55,37.37,39,759,141,252,106,3.6964,262.5
14524,-121.59,37.19,52,220,32,55,26,15.0001,131.3
14525,-122.03,37.18,10,212,38,78,21,6.0622,390
14526,-121.96,37.13,26,50,5,17,4,15.0001,400
14527,-121.98,37.14,37,74,19,63,17,9.5908,350
14528,-122.01,36.99,29,227,45,112,41,6.4469,271.4
14529,-122.01,36.99,28,1321,240,652,239,4.9808,263.1
14530,-121.99,36.99,29,3119,507,1476,487,5.8123,281.5
14531,-121.99,36.98,40,1104,224,669,215,4.3409,256.3
14532,-122.01,36.99,41,2548,508,1290,488,3.6902,233
14533,-122.01,36.98,47,1250,249,607,234,4.0417,265.3
14534,-122.02,36.99,30,2156,487,1023,458,2.7875,245
14535,-122.02,36.98,21,1484,394,984,380,2.1734,187.5
14536,-122.02,36.98,44,1153,238,657,219,3.2368,212.5
14537,-122.04,36.98,35,2155,355,866,335,5.6188,404.7
14538,-122.04,36.97,30,2695,424,1098,420,5.3972,362.3
14539,-122.05,36.97,20,2428,473,1145,454,3.6797,263.8
14540,-122.05,36.97,16,3363,611,1603,556,4.2542,294.1
14541,-122.06,36.98,15,3385,669,1571,615,4.2254,320.9
14542,-122.04,36.98,51,1076,206,495,201,2.9286,258.3
14543,-122.04,36.97,52,1901,335,955,301,3.8259,253.1
14544,-122.04,36.96,44,1294,269,645,259,3.2437,223.9
14545,-122.03,36.98,37,2817,716,1341,662,2.1553,255.4
14546,-122.01,36.98,47,2403,517,1144,455,2.5954,229.4
14547,-122.02,36.98,35,1053,263,552,237,2.7125,217.5
14548,-122.02,36.98,21,607,155,226,136,1.9063,166.7
14549,-122.02,36.97,29,2568,747,1743,659,1.9286,195.3
14550,-122.01,36.97,43,2162,509,1208,464,2.5417,260.9
14551,-122.01,36.97,35,1605,392,743,382,2.5368,240
14552,-122,36.98,20,2502,454,981,399,4.3,275
14553,-122,36.93,51,1616,374,608,302,3.1932,400
14554,-122.01,36.95,52,1217,325,508,237,2.0547,326.7
14555,-122.03,36.97,51,924,232,488,228,2.1964,234.4
14556,-122.03,36.97,36,337,69,223,68,3.2404,225
14557,-122.04,36.97,40,1193,227,570,204,4.4659,237.5
14558,-122.03,36.96,18,2677,785,1391,656,2.5067,232.6
14559,-122.02,36.97,44,594,169,325,139,1.1552,250
14560,-122.02,36.97,39,2124,661,1365,606,1.6642,281.3
14561,-122.02,36.96,52,775,305,1054,305,2.0172,112.5
14562,-122.03,36.96,28,1607,421,926,385,2.425,216.1
14563,-122.04,36.96,32,1438,306,802,293,4.1964,202
14564,-122.04,36.96,42,538,107,200,104,2.1667,196.4
14565,-122.04,36.96,42,1149,264,703,232,2.5865,206.4
14566,-122.03,36.96,32,2182,406,1122,370,3.52,284.2
14567,-122.04,36.95,36,1862,364,1080,364,4.4567,263.8
14568,-122.01,36.91,19,691,191,324,167,3.1312,388.5
14569,-122.05,36.96,30,971,185,644,173,4.2045,226.5
14570,-122.06,36.96,52,65,17,24,10,4.5,258.3
14571,-122.04,36.95,27,1987,374,961,343,3.9667,265.8
14572,-122.04,37,52,3365,644,796,333,2.9712,116.6
14573,-121.75,36.91,32,1461,422,1494,416,2.8056,173.2
14574,-121.74,36.92,29,1210,281,863,262,3.1062,156
14575,-121.74,36.92,17,2648,589,1193,540,2.4461,151.7
14576,-121.75,36.93,24,4026,881,2264,863,3.1327,218.1
14577,-121.75,36.92,46,1362,321,1068,305,2.4615,177.8
14578,-121.76,36.92,36,2096,409,1454,394,3.2216,238.3
14579,-121.75,36.91,52,1211,447,1102,392,1.6875,161.4
14580,-121.76,36.91,23,1276,437,1359,376,1.9609,155
14581,-121.77,36.91,8,2715,750,2580,718,2.8348,162
14582,-121.76,36.9,44,919,309,1321,301,2.0775,121.4
14583,-121.77,36.93,20,2587,547,1534,540,2.4375,190.4
14584,-121.77,36.93,33,1406,317,1075,301,3.2813,190
14585,-121.76,36.92,20,2687,637,2154,610,2.6434,169.7
14586,-121.77,36.92,9,4934,1112,3198,977,3.5,194.8
14587,-121.78,36.93,21,2794,662,2236,565,2.4053,178.4
14588,-121.77,36.94,18,1063,341,1033,313,2.0192,171.3
14589,-121.79,36.95,34,2152,430,1516,386,3.7863,192.2
14590,-122.25,37.08,20,1201,282,601,234,2.5556,177.5
14591,-122.14,37.08,18,2420,439,1278,416,5.2101,334
14592,-122.11,37.05,18,3337,549,1449,519,5.1412,315.8
14593,-122.13,36.97,27,991,194,543,155,4.7188,350
14594,-122.07,37.13,26,1127,199,543,199,4.9792,240
14595,-122.09,37.11,32,2637,489,1031,410,3.6474,231.6
14596,-122.12,37.09,36,1397,289,661,243,4.125,239.6
14597,-122.09,37.07,33,3581,734,1780,663,4.3429,214.3
14598,-122.08,37.08,35,1541,297,791,277,4.425,204.8
14599,-122.16,37.17,35,6422,1380,2755,1064,5.0165,202.3
14600,-122.12,37.12,51,2419,485,1078,435,2.7933,206.9
14601,-122.18,37.15,17,1457,289,591,235,5.5785,284.1
14602,-122.12,37.16,32,1602,317,752,275,5.1664,185.1
14603,-122.08,37.15,23,506,96,264,89,7.1366,273.9
14604,-122.11,37.11,46,1993,404,850,327,5.208,206.8
14605,-122.11,37.14,29,3201,640,1722,570,4.4597,204.1
14606,-122.13,37.15,39,2854,613,1338,518,3.9423,180.3
14607,-122.09,37.21,15,1969,332,822,324,7.8774,394.9
14608,-122,37.12,17,4413,672,1674,608,6.9772,383.3
14609,-122.04,37.12,30,1427,311,686,251,4.0781,154.5
14610,-122.02,37.11,36,2066,401,942,344,5.2417,196.4
14611,-122.05,37.11,39,1065,248,497,208,4.5972,146.3
14612,-122.07,37.08,21,5639,894,2670,871,6.0809,270
14613,-122.05,37.05,41,2422,502,915,366,4.1679,201.3
14614,-122.07,37.06,31,1634,370,939,332,3.8625,232.3
14615,-122.08,37.04,34,2800,577,1353,512,4.1161,220.9
14616,-122.08,37.03,36,4682,899,2143,832,4.5096,203.7
14617,-122.04,37.04,17,4977,994,1987,947,3.8854,312.3
14618,-122.03,37.03,21,4650,733,2014,704,5.6233,322
14619,-122.02,37.01,20,1005,138,345,129,10.0968,500.001
14620,-122.03,37,30,2077,342,816,328,5.2078,440.5
14621,-122.04,37.08,20,467,95,229,86,4.8,261.5
14622,-122.02,37.09,35,1818,368,682,254,4.8611,240
14623,-122.03,37.05,12,2010,422,784,407,3.9728,190.9
14624,-122.01,37.06,19,4113,767,2006,732,5.1121,308.1
14625,-122,37.08,17,4154,739,2149,693,5.5919,373.4
14626,-121.95,37.11,21,2387,357,913,341,7.736,397.7
14627,-121.96,37.1,20,922,155,361,135,6.3617,331.5
14628,-121.87,37.1,20,1918,304,798,302,7.5755,402.3
14629,-121.9,37.1,23,1708,287,670,238,6.4517,356.6
14630,-121.93,37.04,36,1522,230,677,206,5.8642,363.5
14631,-121.96,37.03,17,1343,203,511,185,4.625,386.4
14632,-121.96,37.06,16,1321,224,650,206,6.3258,390
14633,-121.99,37.05,19,2023,392,955,328,5.2486,353
14634,-122,37.06,20,2403,376,1149,369,6.0621,304.4
14635,-122.01,37.03,21,5904,956,2616,916,5.9039,355.3
14636,-121.97,37.01,21,2073,357,1044,351,4.5682,371.6
14637,-121.98,36.99,14,6787,1454,3416,1357,3.5943,262.4
14638,-121.98,36.98,29,2681,632,1652,620,3.075,215.8
14639,-121.99,36.99,16,1592,369,1039,351,3.6364,207
14640,-121.99,36.98,19,5613,1321,3018,1268,3.1914,215.6
14641,-121.98,36.97,21,3349,737,1952,718,3.7273,251.9
14642,-121.98,36.96,20,3495,818,2186,772,3.1167,258.3
14643,-121.99,36.97,15,3044,786,1306,693,2.1771,213.2
14644,-122,36.97,39,2702,646,1136,491,2.8941,256.7
14645,-121.99,36.96,42,1275,272,451,200,4.7321,422.4
14646,-121.99,36.96,16,875,201,300,157,2.625,377.3
14647,-121.96,36.88,37,2846,553,939,433,4.7468,294.4
14648,-121.97,36.97,24,3665,870,1954,833,2.8036,228.5
14649,-121.97,36.96,27,4001,999,1808,945,2.561,234.6
14650,-121.98,36.96,31,3209,723,1489,692,3.6619,245.1
14651,-121.96,36.98,16,4907,1117,2265,1048,2.6757,229.2
14652,-121.97,36.98,17,2813,497,1337,477,3.7083,252.4
14653,-121.97,36.97,15,2849,668,1546,582,2.7587,228.6
14654,-121.96,36.97,23,4324,1034,1844,875,3.0777,263.8
14655,-121.94,36.98,24,3010,562,1360,504,4.2006,290.7
14656,-121.94,36.98,21,3520,831,1486,753,3.0905,264.3
14657,-121.95,36.98,34,3745,958,1622,802,3.1546,261.2
14658,-121.94,36.97,31,1738,422,746,355,2.5172,330.8
14659,-121.93,36.99,19,6356,1100,2954,1070,4.7325,283.5
14660,-121.94,37,32,2210,426,1082,396,4.1587,315.2
14661,-121.96,36.99,23,3209,748,1423,666,2.7375,238
14662,-121.94,36.99,11,4571,924,2004,847,4.2898,221.7
14663,-121.86,37,16,8638,1392,3706,1251,5.503,351.8
14664,-121.91,36.99,23,5675,964,2197,880,4.8693,322.3
14665,-121.91,36.98,16,1957,408,865,369,2.6875,233.3
14666,-121.91,36.97,19,4920,1092,1807,922,3.5112,231.9
14667,-121.92,36.95,29,3457,699,1327,563,3.6597,252.3
14668,-121.88,36.96,18,4910,817,1971,773,5.8325,308.8
14669,-121.9,36.97,21,3707,751,1420,608,4.4485,295.2
14670,-121.88,36.96,18,6355,1100,2304,972,6.0281,321.1
14671,-121.9,36.93,22,7281,1233,1849,832,5.3276,335.5
14672,-121.87,36.95,7,3703,679,1375,608,4.9219,368.4
14673,-121.84,36.94,29,4921,967,2319,823,4.9517,307.9
14674,-121.89,36.89,18,2774,492,1283,353,5.368,352
14675,-121.91,36.85,22,2442,624,1301,290,3.1563,300
14676,-121.82,36.86,17,1573,272,142,55,2.1719,420
14677,-121.79,37,28,2715,451,1154,386,4.8021,290.4
14678,-121.83,36.98,19,4431,705,1764,679,4.3321,298.6
14679,-121.83,37.02,22,1903,350,760,322,2.9559,288.4
14680,-121.76,37,21,1416,269,779,200,3.1987,279.8
14681,-121.79,37.03,18,943,213,544,179,3.934,228.6
14682,-121.69,36.96,23,1229,254,687,232,5.1433,305.6
14683,-121.75,36.96,19,3461,634,2790,607,4.7569,190.8
14684,-121.73,36.93,29,2931,535,1954,506,3.2917,224.7
14685,-121.67,36.93,22,569,132,542,125,2.1875,187.5
14686,-122.39,40.59,26,1279,438,1276,420,1.2404,81.3
14687,-122.39,40.58,44,1625,392,944,347,1.5972,68.9
14688,-122.37,40.58,25,2054,495,835,475,2.1538,76.9
14689,-122.38,40.58,34,1262,267,520,259,1.6983,72.6
14690,-122.38,40.58,36,1808,384,807,383,1.8375,74.8
14691,-122.36,40.58,17,1220,275,800,261,1.9181,118.8
14692,-122.34,40.58,7,4843,992,2223,932,3.0549,101.7
14693,-122.34,40.57,24,1610,307,748,307,2.6591,82.8
14694,-122.38,40.57,43,2251,542,1479,512,1.5676,58.2
14695,-122.38,40.54,36,1216,240,647,228,2.6944,75.3
14696,-122.37,40.54,28,2213,390,1096,378,3.6923,86.9
14697,-122.4,40.58,40,3895,929,1782,910,1.3329,78.2
14698,-122.41,40.58,35,2072,385,1029,375,2.8512,75.6
14699,-122.4,40.58,43,1455,300,747,279,2.7857,104.2
14700,-122.39,40.57,38,855,172,468,150,1.4091,84.4
14701,-122.45,40.61,17,785,155,417,136,2.3289,58.2
14702,-122.42,40.57,10,7949,1309,3176,1163,4.1099,120.1
14703,-122.4,40.57,23,1321,259,749,222,1.655,90.1
14704,-122.4,40.62,9,4794,889,2162,865,3.1439,103.1
14705,-122.42,40.6,5,2614,433,1275,411,3.4464,122.9
14706,-122.39,40.6,22,2195,489,1021,460,1.4125,66.5
14707,-122.38,40.61,14,4773,1133,2101,1072,1.7227,105
14708,-122.37,40.6,7,5178,1336,2557,1283,2.4079,111.4
14709,-122.39,40.64,13,3604,704,1598,670,2.4141,78.7
14710,-122.36,40.62,11,3896,886,1902,843,2.2905,94.2
14711,-122.34,40.63,10,2183,369,1061,325,3.6853,151.6
14712,-122.33,40.6,5,6383,1206,2965,1141,3.8103,111.1
14713,-122.32,40.58,2,1937,350,756,274,3,114.2
14714,-122.3,40.58,19,1043,204,505,183,1.6033,98.8
14715,-122.36,40.56,20,3592,868,1865,781,2.0258,64.8
14716,-122.37,40.55,26,1435,234,544,232,2.6705,136.7
14717,-122.41,40.55,19,3753,761,1952,738,3.0954,86.5
14718,-122.41,40.53,28,1127,245,538,208,2.037,72
14719,-122.39,40.53,28,1427,304,692,285,2.125,80.8
14720,-122.39,40.52,24,2068,346,951,332,3.9306,85.9
14721,-122.4,40.51,20,1750,352,834,340,2.485,100.6
14722,-122.37,40.52,18,4547,774,2269,766,3.7896,98.1
14723,-122.35,40.56,16,2801,614,1695,563,1.9,81.6
14724,-122.35,40.54,17,2280,453,976,434,2.71,97.8
14725,-122.36,40.57,31,431,90,231,78,2.184,77.3
14726,-122.35,40.57,18,2226,490,859,451,1.6821,69.4
14727,-122.34,40.57,26,2187,472,1339,463,2.0395,67.9
14728,-122.33,40.57,16,2777,503,1432,500,2.5592,75.9
14729,-122.31,40.55,11,13714,2302,6511,2267,3.5522,100.1
14730,-122.34,40.51,16,2247,502,1206,463,1.9946,119.2
14731,-122.33,40.52,23,2801,507,1318,454,3.5081,116.7
14732,-122.31,40.49,18,4026,718,1731,705,3.35,118.4
14733,-122.28,40.5,21,2405,476,1197,412,2.6488,83.1
14734,-122.4,40.71,22,2390,484,1131,452,2.1458,84.7
14735,-122.43,40.66,15,2532,458,1183,450,2.5417,92.2
14736,-122.42,40.63,23,2248,489,1132,444,1.6429,80.4
14737,-122.38,40.69,21,1774,370,875,354,1.7422,61.5
14738,-122.36,40.69,32,3611,772,2060,759,1.7427,60.6
14739,-122.35,40.68,36,1822,449,930,399,1.3801,56.6
14740,-122.36,40.68,28,1745,379,1011,370,2.0391,59.8
14741,-122.38,40.67,10,2281,444,1274,438,2.212,65.6
14742,-122.36,40.66,17,2786,559,1528,517,2.0119,75.8
14743,-122.31,40.65,11,3664,647,1686,613,2.9338,141.6
14744,-122.25,40.6,16,2753,494,1414,459,3.8323,128.3
14745,-122.23,40.63,16,1141,220,563,200,2.3287,130.7
14746,-122.25,40.66,15,2771,546,1423,505,3.6413,108.5
14747,-122.31,40.75,18,1411,330,494,227,1.4911,75.8
14748,-122.27,40.53,17,2255,416,1171,411,2.875,129.8
14749,-122.26,40.58,14,2539,466,1271,438,3.9762,138.5
14750,-122.24,40.51,23,2216,378,1006,338,4.559,116.8
14751,-122.31,40.45,25,2596,557,1536,549,2.0221,60.4
14752,-122.29,40.44,30,1270,365,840,324,1.3904,48.1
14753,-122.29,40.43,21,2842,640,1658,608,1.9943,59.8
14754,-122.29,40.47,20,2858,612,1422,589,1.9657,63
14755,-122.31,40.47,26,2723,551,1326,547,2.3594,66
14756,-122.3,40.45,32,1286,271,694,236,1.6579,68.5
14757,-122.27,40.46,14,2633,530,1324,513,2.2768,78.6
14758,-122.24,40.45,27,1804,321,782,300,3.5978,80.6
14759,-122.25,40.42,17,1429,265,692,245,2.8611,98.7
14760,-122.27,40.39,26,1833,422,939,408,1.3571,59
14761,-122.29,40.39,17,1682,332,887,316,1.8438,76.4
14762,-122.33,40.48,26,695,126,319,124,3.2788,101.6
14763,-122.33,40.47,30,2502,523,1296,481,2.125,66.1
14764,-122.36,40.48,21,2333,514,1308,509,2.0899,74.8
14765,-122.37,40.45,18,1748,337,921,327,3.3315,85.4
14766,-122.42,40.44,16,994,185,495,181,2.1875,76.4
14767,-122.43,40.47,16,3552,704,1801,658,2.1496,97.7
14768,-122.45,40.46,16,2734,501,1413,484,2.8085,105.7
14769,-122.37,40.39,12,3783,702,1970,639,3.3005,98.5
14770,-122.32,40.42,17,3019,578,1538,545,2.793,76.5
14771,-122.56,40.75,20,1182,250,512,210,1.7935,74.5
14772,-122.76,40.4,22,2153,461,903,314,2.125,123.2
14773,-122.34,41.06,33,2149,498,631,273,1.8816,65.8
14774,-122.31,40.89,18,754,161,247,107,2.2583,78.8
14775,-122.45,40.85,20,2701,573,892,358,2.7736,107.8
14776,-122.07,40.95,14,2721,627,1356,468,3.0299,73.2
14777,-121.89,40.97,26,1183,276,513,206,2.225,52
14778,-121.86,40.77,17,2816,639,1027,406,2.503,65.6
14779,-121.83,40.69,14,821,170,477,129,3.15,87.5
14780,-122.08,40.64,14,3099,519,1447,494,4.0132,141.2
14781,-122.06,40.55,17,3057,577,1497,556,3.5189,101
14782,-121.92,40.52,13,4581,881,1799,734,2.2993,99.5
14783,-121.67,40.61,8,2411,463,786,297,2.1513,80.4
14784,-121.55,40.48,14,2413,524,805,329,2.7857,77.4
14785,-121.64,40.9,24,2237,434,834,318,1.7538,90.3
14786,-121.67,40.87,31,1581,299,776,287,2.9063,77.8
14787,-121.65,40.88,15,2909,549,1537,522,3.0179,61.3
14788,-121.67,40.89,17,2548,537,1118,461,2.267,57.8
14789,-121.63,40.92,23,1922,411,872,350,2.2337,64.5
14790,-121.41,40.82,16,2668,516,915,362,2.3393,90.3
14791,-121.47,41.12,22,2737,512,1168,442,2.83,88.7
14792,-121.45,41.04,33,2029,378,936,343,2.67,77.5
14793,-120.08,39.61,32,1404,247,544,201,2.7778,72.9
14794,-120.23,39.56,14,1781,346,734,287,2.46,93
14795,-120.48,39.66,32,1516,289,304,131,1.8839,71
14796,-120.24,39.67,40,690,129,305,110,2.3625,62.5
14797,-120.73,39.63,17,1791,356,432,190,3.8826,92.4
14798,-120.24,39.67,52,296,63,143,56,3.625,68.6
14799,-120.92,39.56,48,1276,292,358,145,1.875,66.6
14800,-120.51,39.52,26,2286,444,498,216,2.065,96.1
14801,-121.62,41.78,40,3272,663,1467,553,1.7885,43.5
14802,-121.93,41.86,28,4225,835,1908,686,1.74,44
14803,-122.33,41.86,19,3599,695,1572,601,2.234,58.6
14804,-122.53,41.81,21,2400,485,1109,443,1.7639,55.4
14805,-122.26,41.66,17,1885,350,953,328,2.1607,61.4
14806,-122.64,41.95,18,1867,424,802,314,1.8242,53.5
14807,-123.26,41.86,25,2344,532,1117,424,2.7222,64.6
14808,-123.38,41.8,25,1941,477,1000,390,2.2976,54.4
14809,-123.41,41.6,23,1654,369,669,273,1.965,65.4
14810,-122.92,41.7,23,4017,792,1634,619,2.3571,62
14811,-122.56,41.69,21,2010,360,947,306,2.4107,70.1
14812,-122.61,41.74,15,4206,922,1863,869,2.0591,55.7
14813,-122.64,41.73,36,3319,664,1492,631,1.8694,71.2
14814,-122.64,41.73,50,1525,308,661,285,2.2206,63.2
14815,-122.65,41.72,15,3643,801,1784,743,1.8533,57.5
14816,-122.73,41.76,19,2200,414,950,367,2.5357,94.2
14817,-122.64,41.63,19,2722,479,1108,430,3.1062,100
14818,-122.56,41.53,29,1729,355,848,328,2.2024,60.9
14819,-122.93,41.48,20,4288,789,1800,660,2.723,79.6
14820,-122.9,41.46,31,1277,263,600,241,1.7292,61.7
14821,-123.08,41.26,34,2773,679,1066,424,1.6757,63.3
14822,-122.38,41.54,14,4453,797,1817,685,2.7468,81.1
14823,-122.49,41.43,19,3689,644,1544,566,3.125,76.1
14824,-122.38,41.43,45,2245,448,1155,421,1.6509,46.2
14825,-122.37,41.41,28,1729,419,929,370,1.27,53.1
14826,-122.39,41.41,23,910,199,370,169,1.7448,80.1
14827,-122.32,41.31,45,1393,294,521,249,1.1915,71.9
14828,-122.3,41.32,13,2300,513,1151,488,2.1571,81.5
14829,-122.3,41.31,29,4059,787,1700,702,2.4526,97.1
14830,-122.28,41.38,15,5266,1031,2147,885,2.8036,110.1
14831,-122.45,41.28,15,2740,503,1188,445,3.4519,128.8
14832,-122.34,41.21,26,178,40,55,25,2.0375,57.5
14833,-122.27,41.23,40,1958,386,725,331,2.1898,65.5
14834,-122.27,41.2,52,4513,985,1926,815,1.5923,56
14835,-121.76,41.5,31,602,153,112,47,1.0667,34.2
14836,-122.09,41.32,52,4019,824,1728,706,2.2462,62.9
14837,-122.22,38.12,15,14125,2344,6456,2147,5.1014,179.5
14838,-122.19,38.13,5,7854,1446,4361,1395,4.9504,214.8
14839,-122.21,38.11,31,2766,604,1441,552,3.1768,131
14840,-122.21,38.1,36,3018,557,1445,556,3.8029,129.9
14841,-122.22,38.1,44,2256,451,1057,426,3.1204,110.8
14842,-122.22,38.1,44,3013,563,1353,512,3.4559,111.9
14843,-122.22,38.09,47,2161,440,966,360,2.2734,88.7
14844,-122.21,38.09,37,4368,779,2083,741,3.8667,127
14845,-122.2,38.09,18,6860,1079,3205,1058,5.2957,171.9
14846,-122.22,38.08,37,2811,539,1574,516,3.1053,96.7
14847,-122.22,38.08,37,4590,857,2920,832,3.436,94.8
14848,-122.22,38.07,4,15654,2394,7025,2168,5.8171,225.2
14849,-122.25,38.09,48,833,188,652,165,2.2417,87.9
14850,-122.23,38.09,26,4397,997,2539,965,2.4875,90
14851,-122.24,38.07,13,5451,1194,2957,1081,2.6098,162.5
14852,-122.26,38.1,24,1213,395,699,386,1.3007,94.6
14853,-122.26,38.1,30,3317,1058,1794,990,1.1835,133.3
14854,-122.25,38.1,52,248,86,173,69,2.3,109.4
14855,-122.25,38.1,52,1780,373,824,317,2.75,109.9
14856,-122.25,38.1,52,2315,556,1113,486,2.5042,147.9
14857,-122.25,38.1,52,1591,372,817,357,2.1411,97.2
14858,-122.23,38.1,46,4143,895,2240,847,2.4201,92.8
14859,-122.24,38.1,49,1851,356,849,307,2.9432,103.5
14860,-122.24,38.11,52,2050,492,1277,463,3.0507,107.3
14861,-122.24,38.11,42,1743,388,889,341,2.3241,99.2
14862,-122.23,38.1,47,1303,278,694,269,2.5969,92.8
14863,-122.23,38.12,49,2715,435,1006,429,4.2308,145.8
14864,-122.23,38.11,47,3007,524,1152,486,4,141.5
14865,-122.23,38.13,29,5154,1084,2459,1019,3.2664,142.9
14866,-122.24,38.13,37,3223,564,1325,539,4.0938,126.9
14867,-122.24,38.12,42,1625,255,578,243,4.0114,166.9
14868,-122.25,38.12,47,1339,298,794,286,2.5865,109.8
14869,-122.25,38.11,49,2365,504,1131,458,2.6133,103.1
14870,-122.25,38.11,52,2846,705,1519,620,2.1976,97.9
14871,-122.26,38.11,52,793,216,505,194,1.9667,93.8
14872,-122.26,38.11,52,1560,353,670,287,1.7411,98.4
14873,-122.26,38.11,52,2573,639,1238,529,2.6708,109.7
14874,-122.26,38.12,28,3102,734,1623,639,3.1025,103.7
14875,-122.27,38.12,45,4423,1001,2109,874,2.6937,111.8
14876,-122.27,38.12,42,5266,1167,3124,1025,2.7375,120
14877,-122.26,38.15,16,3921,727,2830,680,4.5053,123.7
14878,-122.32,38.12,12,5382,928,3928,921,5.3785,150.6
14879,-122.26,38.13,28,3072,790,1375,705,1.6368,91.2
14880,-122.24,38.14,15,8479,1759,5008,1646,3.724,131.6
14881,-122.24,38.15,10,6817,1188,4163,1135,4.4529,144.1
14882,-122.25,38.15,24,2917,543,1878,531,3.7014,123.6
14883,-122.22,38.15,7,5129,820,2824,738,5.5138,171.1
14884,-122.23,38.15,33,1253,238,753,236,1.756,86.4
14885,-122.15,38.04,14,2804,587,1083,573,2.6466,168.5
14886,-122.16,38.05,52,1888,457,830,408,3.1373,185.1
14887,-122.16,38.05,34,2434,428,926,423,4.6776,208.3
14888,-122.19,38.07,20,3000,525,1207,491,4.6406,217.5
14889,-122.18,38.07,10,4976,849,2089,803,5.3288,201.8
14890,-122.17,38.07,15,2125,278,857,272,6.4599,219.7
14891,-122.16,38.07,14,6360,1236,2876,1127,4.5321,190.3
14892,-122.17,38.06,16,3515,626,1764,626,4.4397,187.1
14893,-122.15,38.06,10,3008,532,1381,522,5.3661,195.8
14894,-122.17,38.08,7,18392,2782,8276,2742,6.4232,229.2
14895,-122.2,38.1,5,9567,1729,4620,1580,4.4821,210
14896,-122.19,38.09,8,614,118,278,115,6.3735,166.3
14897,-122.14,38.05,27,3794,772,1756,724,3.2891,150.6
14898,-122.14,38.07,31,3401,616,1750,602,4.6761,143.1
14899,-122.11,38.09,11,673,145,318,137,2.3929,122.5
14900,-122.15,38.29,17,1625,239,703,224,6.5891,328.8
14901,-122.18,38.23,21,2475,341,812,308,7.2589,320.4
14902,-122.14,38.16,4,3273,495,1497,454,5.3345,176.1
14903,-122.18,38.17,7,4093,651,2228,646,5.2523,161.3
14904,-122.1,38.24,13,7367,1042,3193,983,5.3102,195
14905,-122.06,38.27,14,6920,996,3196,978,5.0672,171.3
14906,-122.07,38.27,8,6761,1234,3237,1177,4.3586,173.4
14907,-122.08,38.3,2,6718,858,2012,654,6.8872,305.2
14908,-122.04,38.28,25,3304,493,1464,488,5.2527,130.6
14909,-122.03,38.28,15,5114,833,2418,778,4.4882,144
14910,-122,38.28,3,7030,1191,3238,1055,4.962,161.7
14911,-121.98,38.29,4,8778,1291,4010,1188,5.4399,187.1
14912,-121.99,38.15,36,263,73,88,42,2.5313,162.5
14913,-122.05,38.26,32,1070,199,631,195,2.6827,98.9
14914,-122.05,38.25,37,1336,251,680,231,3.815,99
14915,-122.06,38.25,36,1818,323,953,298,3.3153,99
14916,-122.07,38.24,15,7937,1635,4390,1567,3.5464,129.8
14917,-122.04,38.25,37,1176,291,648,271,2.7167,92.2
14918,-122.04,38.25,32,1203,287,571,255,3.0938,110.4
14919,-122.04,38.25,52,582,131,241,106,2.4,125
14920,-122.05,38.26,21,7195,1416,3927,1377,3.0912,126.3
14921,-122.04,38.27,16,8517,1910,4508,1837,3.1853,129.6
14922,-122.03,38.27,24,3580,735,1959,731,2.7284,118.5
14923,-122.03,38.26,25,4617,1046,2685,1011,2.9576,108.5
14924,-122.02,38.26,27,3440,787,2085,748,2.5896,104.7
14925,-122.02,38.27,20,2237,464,1169,425,3.2115,99.1
14926,-122.01,38.27,17,9089,1542,4758,1520,4.0619,126.6
14927,-122.02,38.26,8,2894,602,1566,572,3.6335,131.6
14928,-122,38.23,1,2062,343,872,268,5.2636,191.3
14929,-122.03,38.24,16,1104,164,495,156,5.4074,157.7
14930,-122.04,38.24,22,2761,757,2612,641,1.6875,87.5
14931,-122.04,38.24,30,2081,456,1005,438,1.9954,92.9
14932,-122.03,38.25,13,3334,541,1923,538,4.0905,134.8
14933,-122.01,38.25,11,6550,1149,3570,1123,3.8583,137.9
14934,-122.02,38.25,10,2237,454,1255,429,3.1176,126.5
14935,-122,38.25,7,11768,1893,6657,1874,4.9222,142.9
14936,-122.01,38.26,12,4132,710,2087,633,4.5987,139.7
14937,-121.99,38.27,16,4138,758,1762,723,3.1979,137.5
14938,-121.99,38.26,18,921,126,368,120,6.0842,261.1
14939,-121.94,38.27,35,10869,2226,9879,2152,2.5681,81.3
14940,-121.94,38.37,17,7973,1591,2899,1502,2.8357,120.1
14941,-121.94,38.36,2,4953,735,1791,562,5.0346,205.1
14942,-121.99,38.48,17,1824,348,934,305,4.6719,250
14943,-122.01,38.44,12,2344,354,1035,321,4.9773,281.2
14944,-122,38.41,11,2838,429,1331,426,4.945,298.4
14945,-122.07,38.41,17,3053,595,1434,557,3.4741,245.8
14946,-121.95,38.43,19,3011,551,1665,535,5.1534,232.8
14947,-121.94,38.41,15,1263,211,665,208,4.5,260.9
14948,-121.92,38.37,26,2056,413,933,367,2.7051,193.8
14949,-121.96,38.34,15,2857,373,1325,359,6.0252,151.7
14950,-121.96,38.34,14,3035,680,1597,663,3.6036,143.5
14951,-121.95,38.35,16,2084,292,1099,292,5.8269,150.2
14952,-121.92,38.34,2,7747,1133,3481,1083,6.1112,181
14953,-121.95,38.34,9,4999,874,2687,817,4.2324,142.1
14954,-121.96,38.33,3,7985,1257,3664,1215,4.976,158.3
14955,-121.96,38.32,12,5127,998,2749,976,4.0458,130.6
14956,-121.93,38.31,25,185,32,85,32,4.875,250
14957,-121.98,38.36,33,1083,217,562,203,2.433,101.7
14958,-121.99,38.35,45,1778,339,839,319,2.4659,102.9
14959,-122,38.35,38,1918,364,745,348,2.5707,126
14960,-122,38.35,24,745,116,300,115,3.6176,158.5
14961,-122.01,38.35,18,4486,723,1600,697,3.8651,189.7
14962,-121.98,38.36,30,140,35,103,35,4.163,112.5
14963,-121.97,38.34,11,1500,319,899,304,4.5568,127.2
14964,-121.96,38.35,20,1415,266,667,250,4.0938,117.3
14965,-121.96,38.36,11,3208,790,1772,694,2.7434,218.8
14966,-121.98,38.34,13,3616,672,2022,652,4.0536,134.8
14967,-121.97,38.34,16,2331,450,1074,400,4.0329,126.8
14968,-121.98,38.34,18,3876,916,2386,867,2.5938,129.5
14969,-121.99,38.34,16,1470,261,748,256,4.0433,132.2
14970,-122,38.38,16,2509,366,1043,339,6.0704,173.4
14971,-122.01,38.37,16,3996,550,1673,539,5.778,175.7
14972,-122.01,38.36,28,1967,315,734,291,4.9583,146.2
14973,-121.98,38.39,3,9488,1417,4095,1335,5.1781,191.9
14974,-121.98,38.37,21,3027,675,2018,642,2.8438,111.5
14975,-121.98,38.36,24,2434,630,1538,574,2.1067,101.1
14976,-122,38.37,18,1048,185,469,162,3.625,125
14977,-122,38.36,34,2735,539,1390,491,2.7262,118.8
14978,-121.99,38.36,33,146,31,75,31,3.5179,84.4
14979,-121.82,38.36,26,1974,364,1002,362,3.3036,210
14980,-121.81,38.49,18,4518,827,2230,715,3.9309,178.5
14981,-121.81,38.45,24,1951,341,1140,338,3.7061,128.5
14982,-121.82,38.46,10,6331,1181,3419,1110,3.7083,154.8
14983,-121.85,38.43,2,790,135,235,87,5.0862,166.5
14984,-121.83,38.45,32,2139,440,1154,411,3.2672,107.5
14985,-121.83,38.43,24,1307,314,917,291,2.2244,98.1
14986,-121.81,38.43,30,1674,297,756,292,3.9286,133.1
14987,-121.76,38.25,32,1495,333,905,281,2.625,212.5
14988,-121.69,38.16,33,1808,363,824,340,3.2937,96.4
14989,-121.69,38.16,46,2292,472,970,431,2.2888,94.9
14990,-121.73,38.13,40,1266,257,547,247,3.0288,164.4
14991,-121.84,38.13,33,596,105,212,94,4.2813,81.3
14992,-122.42,38.27,25,3282,566,1244,483,4.5313,308.4
14993,-122.49,38.22,33,1486,290,781,274,3.5647,251.8
14994,-122.41,38.16,37,1549,301,863,275,2.7457,254.7
14995,-122.45,38.3,24,1946,400,718,380,3.5507,257.9
14996,-122.47,38.3,15,4885,988,2175,924,3.4031,209.5
14997,-122.42,38.31,18,1479,246,550,217,4.7356,333.3
14998,-122.44,38.34,25,3106,715,1262,665,1.9487,233.5
14999,-122.46,38.29,21,2423,560,1098,503,2.364,173.3
15000,-122.46,38.29,35,1762,350,686,339,3.5982,271.7
15001,-122.45,38.28,20,3306,503,1374,460,5.7984,297.6
15002,-122.47,38.29,14,3732,846,1277,775,2.5658,208
15003,-122.45,38.27,25,5024,881,1994,838,4.2237,262.3
15004,-122.52,38.27,18,2405,390,872,367,5.2155,248.3
15005,-122.53,38.32,22,3577,553,1371,501,5.795,332.3
15006,-122.49,38.32,30,1631,284,788,284,3.3098,195.5
15007,-122.49,38.31,27,3078,597,1411,586,3.25,195.5
15008,-122.49,38.3,14,2844,602,1613,544,3.3571,193.6
15009,-122.48,38.3,17,2703,550,1241,515,2.652,171.3
15010,-122.49,38.29,26,1726,289,672,251,3.8,242.1
15011,-122.49,38.27,8,5092,988,1657,936,3.5625,213.2
15012,-122.47,38.34,15,2411,446,1144,407,4.3472,261
15013,-122.49,38.32,17,3308,720,1587,632,3.2727,176
15014,-122.48,38.32,31,1701,363,680,324,3.1375,192.1
15015,-122.48,38.31,29,2375,560,1124,502,2.3276,166.2
15016,-122.48,38.31,19,2398,521,1266,471,2.7727,186.8
15017,-122.48,38.32,42,2106,533,1141,445,3.1129,149.3
15018,-122.55,38.42,24,2220,411,894,365,4.2891,211.7
15019,-122.58,38.38,27,3800,728,1587,605,4.7237,306.6
15020,-122.5,38.4,36,1860,364,777,339,4.1307,295.7
15021,-122.54,38.36,40,2725,531,1167,458,3.7969,202.8
15022,-122.61,38.24,25,2990,450,1335,434,4.7,190.1
15023,-122.61,38.23,18,2042,420,914,400,2.9871,193.8
15024,-122.61,38.24,18,2933,481,1279,443,5.0849,188.5
15025,-122.6,38.24,16,2621,416,1247,386,4.8603,198.4
15026,-122.63,38.25,20,3460,602,1707,568,3.7115,181.9
15027,-122.62,38.24,33,1369,280,758,246,4.0341,156.5
15028,-122.62,38.25,33,1453,250,677,237,4.0962,170.2
15029,-122.62,38.25,20,1888,411,826,396,2.875,189.1
15030,-122.57,38.27,7,6508,1028,2902,1010,5.3707,250.5
15031,-122.51,38.17,8,5875,1115,2808,1029,3.6392,246.3
15032,-122.65,38.27,9,4764,816,2077,755,5.1391,234.5
15033,-122.63,38.24,45,1615,338,823,327,2.5179,145.5
15034,-122.63,38.23,45,2264,504,1076,472,3.0139,194.1
15035,-122.64,38.23,52,1075,249,519,210,3.0769,230.9
15036,-122.64,38.23,49,2300,463,1061,429,4.075,228.8
15037,-122.63,38.21,22,2933,461,1283,449,6.2034,291.1
15038,-122.65,38.23,52,1735,347,712,343,3.1711,200.8
15039,-122.64,38.23,52,2156,469,1070,467,3.3011,252.3
15040,-122.65,38.23,52,1923,393,910,345,3.45,200.6
15041,-122.66,38.2,39,2889,517,1351,489,4.3056,251.3
15042,-122.64,38.24,52,1621,393,635,349,2.5202,244
15043,-122.64,38.24,40,1974,410,1039,398,3.7917,151.6
15044,-122.65,38.25,23,4030,813,1852,778,3.402,193.3
15045,-122.65,38.24,49,3273,579,1431,539,4.275,227.6
15046,-122.69,38.27,32,2344,434,1066,384,4.0313,285
15047,-122.67,38.25,32,1333,235,660,206,4.0729,288.5
15048,-122.68,38.25,29,1315,240,650,228,3.8269,306
15049,-122.67,38.24,29,2644,464,1372,450,5.0544,261.8
15050,-122.77,38.29,32,3201,542,1869,519,3.2442,268
15051,-122.73,38.26,35,3941,645,1668,620,4.385,317.7
15052,-122.7,38.23,47,2090,387,1053,377,3.5673,310.3
15053,-122.72,38.31,26,1644,294,801,291,4.3906,248
15054,-122.67,38.31,28,1915,419,930,342,3.7875,292.7
15055,-122.69,38.3,30,3919,743,1693,693,3.3827,292.1
15056,-122.69,38.32,16,3741,698,1938,658,4.6324,183.6
15057,-122.71,38.33,13,4011,936,2064,914,3.6953,157.6
15058,-122.7,38.31,14,3155,580,1208,501,4.1964,258.1
15059,-122.7,38.33,16,1244,242,696,236,3.6369,158.7
15060,-122.69,38.34,23,2846,516,1526,492,3.733,163.5
15061,-122.7,38.33,26,1887,381,1060,364,3.0078,160.4
15062,-122.71,38.34,22,1249,335,699,308,2.6033,121.6
15063,-122.7,38.33,26,1584,295,846,295,3.375,156.3
15064,-122.69,38.34,15,3091,697,1602,682,4.0071,135.5
15065,-122.71,38.35,11,2242,699,1203,642,2.3464,104.2
15066,-122.7,38.35,14,2313,411,954,397,3.7813,146.5
15067,-122.7,38.35,14,1555,369,493,335,1.6033,67.5
15068,-122.71,38.34,23,2744,588,1493,557,3.1781,162
15069,-122.69,38.36,6,5496,1374,2502,1189,2.4827,177.5
15070,-122.7,38.36,11,5817,878,2538,876,4.221,227.1
15071,-122.63,38.34,15,2153,345,979,335,5.1966,325.4
15072,-122.68,38.36,8,7520,1336,3833,1287,4.3278,184.1
15073,-122.69,38.34,12,3876,782,2146,764,4.0844,165.4
15074,-122.67,38.33,4,8072,1606,4323,1475,3.9518,220.3
15075,-122.69,38.34,16,1683,341,880,327,3.2857,160.2
15076,-122.71,38.42,23,1569,414,1031,368,1.6267,129.2
15077,-122.71,38.4,17,1690,464,833,445,1.439,140.6
15078,-122.7,38.39,16,4922,1211,2557,1088,2.0915,168.1
15079,-122.62,38.4,10,9772,1308,3741,1242,6.5261,324.7
15080,-122.66,38.44,17,5815,898,2614,887,4.3657,215.9
15081,-122.68,38.43,18,2723,529,1150,520,3.5885,191.9
15082,-122.67,38.43,17,1804,304,750,298,4.5588,196.4
15083,-122.66,38.42,14,5315,1037,2228,950,4.023,208.4
15084,-122.68,38.43,29,488,63,161,62,6.0774,334.4
15085,-122.58,38.46,15,2936,517,1182,501,3.3981,246.9
15086,-122.61,38.42,13,7731,1360,2543,1249,4.6957,259.8
15087,-122.58,38.43,10,3597,661,1132,639,3.9375,269.2
15088,-122.59,38.44,14,1665,390,505,348,3.183,201.2
15089,-122.59,38.43,20,2791,546,785,512,3.4561,216.7
15090,-122.56,38.41,20,1151,211,478,183,5.93,384.6
15091,-122.66,38.46,14,2364,631,1300,625,2.6023,221.1
15092,-122.66,38.45,26,2081,339,906,323,4.4375,293.5
15093,-122.67,38.45,24,2622,525,1027,510,2.9222,242.6
15094,-122.67,38.44,32,3771,741,1786,721,3.2415,172.2
15095,-122.68,38.44,29,2796,588,1346,562,2.9107,169.7
15096,-122.7,38.45,47,904,154,310,144,3.9766,190.6
15097,-122.69,38.44,35,1356,241,620,216,3.5521,168.3
15098,-122.7,38.44,45,883,202,401,194,3.2845,178.3
15099,-122.69,38.45,36,1943,337,711,318,3.9191,183
15100,-122.69,38.44,31,1808,315,691,280,3.8583,193.2
15101,-122.7,38.44,42,709,182,547,172,2.1912,165
15102,-122.7,38.44,35,1304,343,822,304,3.2935,157.8
15103,-122.71,38.43,52,1439,325,738,316,2.2262,129.9
15104,-122.72,38.44,52,1059,281,627,273,1.5357,137.5
15105,-122.71,38.44,52,988,283,475,242,1.3684,258.3
15106,-122.71,38.44,27,966,251,462,230,1.7,350
15107,-122.72,38.47,29,1706,415,990,394,1.9932,164.8
15108,-122.72,38.46,35,1445,309,795,308,2.9073,157
15109,-122.72,38.45,41,1743,373,780,357,3.1467,175.5
15110,-122.71,38.46,42,1574,376,844,369,2.314,169.4
15111,-122.71,38.46,41,1974,482,965,458,2.905,159.3
15112,-122.71,38.46,36,2175,516,1087,477,3.0444,167.2
15113,-122.71,38.45,39,2739,573,1223,569,2.9663,185.4
15114,-122.71,38.45,48,3118,561,1275,530,3.455,222.1
15115,-122.7,38.45,26,2011,557,855,530,1.125,233.3
15116,-122.71,38.45,52,2259,537,957,520,2.1827,188.8
15117,-122.68,38.48,15,1575,262,716,259,5.3409,244.6
15118,-122.67,38.47,16,3452,791,1567,731,2.4722,194.3
15119,-122.68,38.46,17,3201,527,1244,495,4.7143,202.9
15120,-122.68,38.46,15,1811,406,718,403,2.3929,141.3
15121,-122.71,38.46,23,3220,603,1299,591,3.9261,213.3
15122,-122.7,38.46,29,2891,459,1012,441,5.0415,240.2
15123,-122.7,38.45,39,2015,335,640,315,4.1734,240.5
15124,-122.72,38.48,23,2296,356,902,334,6.0298,289.1
15125,-122.68,38.46,19,4976,711,1926,625,7.3003,381.3
15126,-122.71,38.5,15,5645,830,2324,769,6.6104,330.9
15127,-122.66,38.48,16,2724,593,1124,586,2.825,186.2
15128,-122.66,38.47,23,2246,437,1035,386,3.7617,172.6
15129,-122.65,38.46,14,2096,420,926,397,4.0647,187.8
15130,-122.66,38.47,20,2806,477,1369,460,4.75,190.5
15131,-122.65,38.47,24,2268,330,847,296,3.858,214.4
15132,-122.6,38.48,17,1528,264,606,251,6.6004,341.5
15133,-122.62,38.54,24,2409,464,1006,403,4.5167,265.2
15134,-122.65,38.48,17,1090,164,473,163,5.5061,231.8
15135,-122.75,38.54,6,6719,1016,2699,997,5.4886,254.2
15136,-122.78,38.52,23,2511,549,1052,527,2.4922,192
15137,-122.79,38.5,18,4839,918,2755,841,3.75,248.3
15138,-122.76,38.52,6,2073,388,826,375,3.055,224.1
15139,-122.75,38.5,16,4196,638,1713,615,5.449,252.1
15140,-122.73,38.46,14,4042,1298,2323,1158,2.0651,135.4
15141,-122.73,38.47,16,1834,391,994,390,3.7266,156.5
15142,-122.74,38.47,16,1426,287,525,260,3.0714,161.7
15143,-122.74,38.46,9,2268,594,1311,585,2.6607,91.5
15144,-122.74,38.48,12,4174,670,1882,647,4.551,178.3
15145,-122.79,38.48,7,6837,1417,3468,1405,3.1662,191
15146,-122.81,38.46,28,3580,611,1634,567,4.745,248.6
15147,-122.75,38.46,13,4323,1020,2566,728,3.0147,142.8
15148,-122.75,38.46,16,2653,606,1693,586,2.6384,146.9
15149,-122.76,38.46,14,4742,756,2149,732,4.5152,199.2
15150,-122.73,38.46,14,2324,754,1026,677,1.722,150
15151,-122.74,38.44,23,2819,612,1644,546,2.6576,147.9
15152,-122.73,38.44,20,2919,508,1711,500,3.875,140.3
15153,-122.73,38.44,35,1120,297,659,274,2.3824,145
15154,-122.73,38.44,28,1073,241,652,238,2.4,146.2
15155,-122.74,38.44,17,2287,497,1240,493,3.5845,164.3
15156,-122.74,38.43,11,4670,1007,2430,962,3.0341,142.3
15157,-122.73,38.43,15,3265,690,1629,629,3.7132,167.6
15158,-122.76,38.45,8,5823,1104,2864,1041,3.6292,183.6
15159,-122.76,38.44,14,4376,797,1809,746,3.8244,180
15160,-122.78,38.44,14,4143,656,1569,629,3.9766,345.3
15161,-122.74,38.42,42,2050,434,1073,416,2.375,141
15162,-122.73,38.43,29,2677,691,1880,664,2.1864,143.2
15163,-122.72,38.43,31,2020,476,1408,437,2.5735,131.1
15164,-122.72,38.42,26,1168,253,937,248,1.9458,146
15165,-122.72,38.42,26,3604,734,2605,704,3.0969,143.8
15166,-122.73,38.42,26,1446,296,884,295,4.3523,150
15167,-122.72,38.42,30,2099,406,1156,401,2.8036,152.3
15168,-122.73,38.4,30,3689,746,2250,697,2.975,157.3
15169,-122.73,38.37,40,1389,309,841,288,3.1094,183.3
15170,-122.75,38.43,36,1599,345,1086,314,2.6667,149.1
15171,-122.77,38.39,35,2611,475,1293,463,2.75,197.5
15172,-122.82,38.41,32,701,182,489,168,2.785,169.3
15173,-122.84,38.42,29,2756,551,1381,531,2.9625,237.3
15174,-122.83,38.4,37,2217,451,1019,428,3.1217,178.5
15175,-122.84,38.4,15,3080,617,1446,599,3.6696,194.4
15176,-122.78,38.37,21,795,163,414,162,3.7991,175
15177,-122.8,38.39,26,2273,474,1124,420,2.9453,166.7
15178,-122.84,38.39,16,1688,292,793,280,4.4357,216.9
15179,-122.83,38.39,19,1765,394,868,388,2.462,260.3
15180,-122.82,38.39,22,1288,243,593,220,3.625,233.7
15181,-122.82,38.39,32,1437,257,752,245,4.7422,240.9
15182,-122.82,38.38,27,2565,479,1227,467,4.5132,259.9
15183,-122.76,38.35,30,2260,374,958,359,5.0323,222.4
15184,-122.87,38.39,34,1138,205,541,180,4.5147,271.4
15185,-122.77,38.33,32,2054,324,843,306,4.5875,290.7
15186,-122.82,38.33,25,3067,569,1602,550,3.9917,244.1
15187,-122.88,38.34,20,3404,628,1641,585,5.0574,276.2
15188,-122.89,38.38,16,2017,369,931,336,5.7664,267.5
15189,-122.86,38.44,31,1534,292,716,288,3.4471,209.5
15190,-122.89,38.42,28,2388,437,1015,381,5.1512,268.3
15191,-122.87,38.43,36,1987,387,1065,347,4.0446,172.2
15192,-122.91,38.43,19,1968,350,852,308,4.6705,269.8
15193,-122.89,38.4,22,2900,538,1445,515,4.511,296.8
15194,-123.04,38.49,30,3977,930,1387,582,2.6161,132.5
15195,-123.02,38.46,52,2154,499,524,259,2.0556,120
15196,-122.98,38.44,29,4450,939,1328,590,3.1,162.1
15197,-123.01,38.48,37,1179,282,354,176,1.3712,118.3
15198,-123.02,38.54,35,2157,487,768,322,3.2315,136.9
15199,-123,38.51,33,1565,390,759,311,2.6726,153.1
15200,-122.97,38.5,44,3234,746,1112,470,1.9265,132.7
15201,-122.97,38.53,48,3939,860,1257,571,2.1165,98.7
15202,-122.94,38.53,49,1141,239,505,184,3.7143,148.8
15203,-122.94,38.5,46,2280,492,807,366,2.6316,117
15204,-122.91,38.49,37,2469,519,1137,474,3.6343,146.5
15205,-122.87,38.48,27,3894,776,1832,715,3.5085,187.8
15206,-122.88,38.46,25,1563,314,737,305,2.5687,249.2
15207,-122.85,38.46,22,3328,550,1309,512,4.7105,266.2
15208,-122.94,38.49,37,3169,719,777,344,2.7072,117.1
15209,-122.91,38.46,18,2021,353,912,329,4.5,251.9
15210,-122.72,38.58,4,7042,1100,2936,1043,5.0555,240.8
15211,-122.82,38.55,8,6190,1088,2967,1000,3.8616,195.1
15212,-122.85,38.52,13,4808,848,2568,762,3.6583,183.2
15213,-122.78,38.53,9,3659,652,1889,632,4.2716,250.8
15214,-122.81,38.54,12,2289,611,919,540,1.1553,139.3
15215,-122.82,38.53,27,1823,360,907,317,3.276,172.9
15216,-122.79,38.54,5,3986,737,1887,687,3.7768,213.8
15217,-122.87,38.61,23,2676,521,1456,500,3.7361,173.7
15218,-122.86,38.61,52,1753,380,982,380,3.4013,183.3
15219,-122.86,38.62,35,2597,522,1231,499,2.7432,174
15220,-122.87,38.62,18,2721,557,1667,539,3.1875,176.1
15221,-122.82,38.64,29,2176,385,1117,374,3.8681,188.6
15222,-122.83,38.58,17,5199,1023,2036,890,3.2452,168.8
15223,-122.82,38.61,41,2720,501,987,364,4.0294,201.7
15224,-122.85,38.62,16,4418,704,1908,697,4.5913,244.6
15225,-123.01,38.67,33,914,147,394,132,4.6875,246.2
15226,-122.94,38.57,33,1530,266,728,250,5.1005,266.7
15227,-122.94,38.64,26,4050,712,2072,636,4.0781,287.8
15228,-122.95,38.73,37,1548,328,863,287,2.9792,151.3
15229,-122.87,38.68,32,4073,718,2053,629,3.7352,228
15230,-122.85,38.77,18,2856,513,1027,405,4.6953,241.7
15231,-122.7,38.66,43,1384,284,582,224,3.9063,210
15232,-123.03,38.79,16,4047,769,1998,673,3.375,171.9
15233,-123.02,38.81,45,1717,389,916,367,3.2425,138.8
15234,-123.01,38.8,21,360,96,131,74,3.5156,133.3
15235,-123.1,38.79,20,3109,712,1643,638,2.8344,164.4
15236,-123.49,38.7,9,5409,1019,594,327,3.3125,295.4
15237,-123.24,38.7,38,1460,311,569,176,2.7171,131.3
15238,-123.25,38.54,27,3658,764,1278,518,3.3536,157.5
15239,-123.08,38.38,28,3297,676,923,373,3.9167,232.6
15240,-122.96,38.42,50,2530,524,940,361,2.9375,122.9
15241,-123.07,38.46,31,855,217,280,139,2.3611,112.5
15242,-122.93,38.38,18,2562,500,1128,414,3.9336,262.5
15243,-123.02,38.36,16,1496,298,778,284,3.8589,268.8
15244,-123,38.33,8,3223,637,851,418,5.6445,364.8
15245,-120.84,37.92,27,471,84,195,72,3.3333,208.3
15246,-120.79,37.82,17,4227,729,1809,679,3.2667,269.5
15247,-120.9,37.81,27,4213,750,2142,746,3.7031,173.3
15248,-120.9,37.76,20,570,112,304,108,2.2024,156.3
15249,-120.86,37.73,27,508,93,263,81,3.1136,183.3
15250,-120.79,37.76,14,3531,508,1505,497,5.5228,275.3
15251,-120.76,37.73,16,1343,241,732,195,3.5833,187.5
15252,-120.69,37.77,46,431,86,239,80,3.3182,282.1
15253,-120.85,37.77,52,436,81,197,68,1.8625,85.4
15254,-120.86,37.77,45,621,129,257,124,1.7188,109.4
15255,-120.86,37.77,38,1545,279,662,266,3.825,96.4
15256,-120.86,37.77,28,1208,232,535,232,2.3523,94.7
15257,-120.87,37.76,16,1174,249,601,242,1.7143,113.3
15258,-120.85,37.77,20,651,157,421,151,2.0833,77.3
15259,-120.85,37.77,37,1738,403,936,366,2.4717,77.1
15260,-120.87,37.76,16,2022,413,1126,408,2.5655,116.4
15261,-120.85,37.78,15,3553,659,1684,611,3.3169,131.2
15262,-120.85,37.78,30,1120,248,609,237,2.2386,87.2
15263,-120.83,37.77,20,1717,403,1062,401,1.6759,116.7
15264,-120.85,37.77,10,423,110,295,94,1.3583,85.2
15265,-120.83,37.76,21,435,96,219,83,2.9125,112.5
15266,-120.83,37.79,16,893,164,548,155,3.6875,121.9
15267,-120.93,37.74,37,1956,402,1265,397,2.3023,91.9
15268,-120.94,37.74,35,1166,268,515,266,2.3469,90.2
15269,-120.95,37.74,18,3453,666,1958,601,3.0043,156.5
15270,-120.93,37.73,14,2799,618,2294,596,2.6343,81.5
15271,-120.93,37.72,18,391,71,247,71,4.3864,179.5
15272,-120.98,37.71,22,434,89,195,86,2.4211,268.8
15273,-120.99,37.7,14,9849,1887,4356,1780,3.5877,160.9
15274,-120.91,37.74,19,1690,327,855,296,3.25,176.7
15275,-120.91,37.73,31,840,154,429,150,2.4063,170.2
15276,-120.92,37.7,24,527,112,270,112,1.6172,156.3
15277,-120.94,37.7,25,1005,159,390,139,4.4,174.1
15278,-120.97,37.73,19,3725,543,1412,463,5.7476,248.6
15279,-121.01,37.72,23,1373,264,677,245,2.5486,161.1
15280,-121.06,37.73,5,2256,420,1246,397,4.9236,155.9
15281,-121.07,37.71,39,223,37,92,37,3.375,212.5
15282,-121.08,37.69,19,6473,1212,3559,1123,3.2246,129.3
15283,-121.09,37.61,42,1787,296,921,287,3.8864,171.4
15284,-121.18,37.64,43,1244,209,611,197,2.875,187.5
15285,-121.06,37.7,7,9374,1847,4827,1722,3.462,151.9
15286,-121.04,37.7,52,349,59,121,40,3.3036,197.5
15287,-121.04,37.69,5,9601,1639,4449,1575,4.5332,195.5
15288,-121.03,37.69,6,2607,557,1266,475,3.4632,137.7
15289,-121.01,37.7,12,9148,1906,4656,1853,3.2447,142.2
15290,-121.06,37.67,31,906,146,383,129,3.4167,196.9
15291,-121.06,37.66,6,3655,598,1993,596,4.6053,150.1
15292,-121.05,37.65,5,3096,545,1760,519,4.5701,146.4
15293,-121.04,37.66,11,1658,301,913,298,4.1705,162.8
15294,-121.04,37.65,8,1959,379,995,365,3.3567,129.1
15295,-121.03,37.65,37,375,58,120,37,3.9844,150
15296,-121,37.69,18,3469,661,1452,628,3.4079,147.5
15297,-121.01,37.69,20,3275,760,1538,705,2.48,135.6
15298,-121.01,37.68,33,3230,587,1579,560,3.5775,109.7
15299,-121,37.67,26,90,18,47,18,1.125,87.5
15300,-121.04,37.68,18,5129,1171,3622,1128,2.0272,92.7
15301,-121.04,37.68,28,1909,398,1140,380,2.3783,81.4
15302,-121.03,37.69,5,4034,771,1967,742,3.8065,146
15303,-121.04,37.69,9,6333,1355,3265,1265,3.0217,160.9
15304,-121.02,37.68,25,3262,588,1834,578,3.996,114.5
15305,-121.03,37.68,20,3204,625,2016,605,2.6567,110.4
15306,-121.03,37.68,27,1956,327,1004,307,3.7857,110.5
15307,-121.02,37.68,28,2875,560,1608,558,3.5489,106.4
15308,-120.94,37.68,4,13315,2424,6420,2289,4.2471,162.1
15309,-120.95,37.67,15,3062,584,1624,538,4.3864,137.6
15310,-120.96,37.66,16,4961,902,2654,804,4.2823,138.3
15311,-120.93,37.67,6,3491,657,2075,644,3.3844,138.5
15312,-120.93,37.66,10,7566,1348,3227,1199,4.744,148.1
15313,-120.94,37.66,17,1147,140,327,136,6.8654,290.5
15314,-120.99,37.69,25,2773,384,1060,381,6.4788,199.4
15315,-120.99,37.68,30,1975,375,732,326,2.6932,94.9
15316,-120.97,37.69,15,4065,841,1986,680,3.072,114.3
15317,-120.97,37.68,16,2349,446,1302,392,3.1625,130.3
15318,-120.98,37.68,27,4006,762,1806,718,3.1848,112.8
15319,-120.99,37.68,28,3269,647,1595,617,2.2336,112.7
15320,-120.99,37.67,16,568,124,307,116,2.1518,107.4
15321,-120.97,37.68,16,2493,535,1370,504,3.3368,121.2
15322,-120.98,37.68,18,4197,1006,2203,874,2.166,118.6
15323,-120.96,37.67,18,1442,229,538,220,4.2969,163.2
15324,-120.97,37.66,19,1974,393,799,377,3.1286,137.5
15325,-120.96,37.66,15,2485,434,1296,434,3.8542,145.2
15326,-120.97,37.66,24,2930,588,1448,570,3.5395,127.9
15327,-120.97,37.66,21,2760,632,1260,576,2.0227,179.8
15328,-120.98,37.66,40,3012,616,1423,595,2.6346,100.6
15329,-120.98,37.65,36,826,167,432,150,2.5,103.1
15330,-120.98,37.66,10,934,260,401,255,0.9336,127.1
15331,-120.99,37.67,28,1768,423,1066,392,1.8315,90.5
15332,-120.99,37.66,39,1748,329,831,302,2.5938,135.6
15333,-120.99,37.65,44,2848,623,1408,576,2.1487,86.6
15334,-121,37.65,52,3887,803,1768,779,2.5089,119
15335,-121,37.67,27,2278,479,995,449,2.5148,110.2
15336,-121.01,37.67,37,2483,459,1072,445,3.0721,108.1
15337,-121.01,37.66,36,3679,613,1366,581,4.5,151.4
15338,-121.01,37.65,47,1713,334,570,297,2.1969,149.4
15339,-121.02,37.67,32,3951,797,1916,740,2.6722,111.5
15340,-121.03,37.67,24,2162,459,1468,441,3.1857,98.3
15341,-121.03,37.66,31,887,217,614,199,2.1528,75.5
15342,-121.02,37.66,28,1437,400,806,338,1.6078,125
15343,-121.02,37.65,20,2973,620,1996,570,3.0645,106
15344,-121.03,37.64,22,2001,387,1520,387,3.148,102.3
15345,-121.03,37.63,5,2881,584,1490,570,3.0398,120
15346,-121.05,37.64,33,1438,237,569,208,3.3516,150
15347,-121.02,37.64,42,1437,307,1035,284,2.1036,88.3
15348,-121.02,37.63,35,1591,364,1290,352,1.564,81.8
15349,-121.02,37.62,30,1721,399,1878,382,2.5363,83.9
15350,-121.02,37.61,33,1469,370,1318,349,1.7104,59
15351,-121.03,37.62,46,2331,508,1210,484,2.5313,77.7
15352,-121.02,37.62,14,5737,1286,4722,1210,1.6731,95.8
15353,-121.01,37.64,52,201,35,74,22,1.3036,75
15354,-121.01,37.64,36,1981,507,1998,468,1.9013,69.9
15355,-121.01,37.64,33,693,207,598,192,1.0217,81.3
15356,-121,37.64,43,311,95,293,94,1.2902,67.5
15357,-120.99,37.64,41,1580,385,881,361,2.7538,99.6
15358,-121,37.64,52,530,177,325,158,1.1875,90.6
15359,-120.96,37.64,41,1467,328,673,310,2.7917,90.7
15360,-120.97,37.64,42,2359,504,1131,480,2.0833,95.5
15361,-120.98,37.65,40,422,63,158,63,7.3841,172.2
15362,-120.98,37.64,45,1913,335,839,333,3.1397,110.7
15363,-120.98,37.64,40,1791,359,679,322,2.1458,130.3
15364,-120.9,37.66,19,3377,669,2426,663,2.9783,82.5
15365,-120.91,37.66,36,1320,255,720,232,2.6523,76.3
15366,-120.9,37.64,26,1762,418,855,308,1.6767,81.3
15367,-120.94,37.65,13,5075,978,3033,838,3.0577,119
15368,-120.93,37.65,1,2254,328,402,112,4.25,189.2
15369,-120.95,37.65,14,5200,1119,3221,1102,2.6964,107
15370,-120.95,37.64,32,3487,740,1957,685,2.7209,88.3
15371,-120.98,37.64,39,2617,659,2052,642,1.6952,65
15372,-120.97,37.63,39,2360,607,2047,605,1.7054,58.8
15373,-121,37.63,49,2051,500,1525,467,1.59,80.9
15374,-121.01,37.63,41,2764,639,2122,600,1.9643,74.9
15375,-121.01,37.62,35,568,150,622,145,1.8167,79.5
15376,-121.01,37.62,35,2074,477,1687,431,2.0885,73.7
15377,-120.98,37.62,26,3819,955,3010,932,1.9206,81.3
15378,-120.99,37.63,21,319,120,276,85,2.4792,60
15379,-121,37.62,28,1153,420,1043,357,1.0801,75
15380,-121.01,37.61,5,3655,696,2316,647,3.4703,129.3
15381,-121,37.61,36,2647,604,2045,550,2.273,62.9
15382,-121,37.6,22,4412,925,3116,817,2.6899,82.1
15383,-120.98,37.6,36,1437,331,1073,320,2.1779,58.4
15384,-120.99,37.61,39,512,132,443,127,1.2857,60
15385,-120.98,37.59,2,5042,834,2784,787,4.6484,145.9
15386,-120.96,37.59,11,4236,879,2410,850,2.3849,122
15387,-120.95,37.59,29,1727,439,1063,386,1.8929,63.6
15388,-120.94,37.61,13,3309,603,1796,555,3.8372,129.3
15389,-120.96,37.61,23,3497,887,2467,816,1.9444,93.4
15390,-120.97,37.61,16,1326,375,884,375,1.871,103.9
15391,-120.95,37.6,35,1493,278,729,268,2.9821,97.4
15392,-120.95,37.59,43,1561,354,862,332,1.8466,81.5
15393,-120.94,37.59,16,3964,824,2622,766,2.3152,111.3
15394,-120.95,37.62,11,4981,814,1934,686,3.7041,174.8
15395,-120.97,37.62,7,8489,1673,5807,1575,2.9451,127.8
15396,-120.54,37.68,18,335,76,189,67,1.2273,87.5
15397,-120.64,37.7,16,284,51,239,46,1.8958,137.5
15398,-120.75,37.69,24,2282,423,1167,398,3.8214,116.1
15399,-120.86,37.69,5,6660,1217,3012,1087,3.0809,143.6
15400,-120.82,37.64,20,3375,630,1505,598,2.69,201.3
15401,-120.77,37.64,8,3294,667,2277,652,2.6417,96.8
15402,-120.76,37.65,25,3214,682,2319,640,2.0385,84.3
15403,-120.46,37.65,17,315,89,130,58,1.4464,79.2
15404,-120.59,37.59,36,291,48,124,47,5.6945,154.2
15405,-120.69,37.59,27,1170,227,660,222,2.3906,81.8
15406,-120.76,37.61,30,816,159,531,147,3.2604,87.9
15407,-120.8,37.61,30,918,154,469,139,3.9688,175
15408,-120.76,37.58,35,1395,264,756,253,3.6181,178.6
15409,-120.83,37.58,30,1527,256,757,240,3.6629,171.4
15410,-120.85,37.57,27,819,157,451,150,3.4934,193.8
15411,-120.88,37.57,22,1440,267,774,249,3.9821,204.3
15412,-120.87,37.62,30,455,70,220,69,4.8958,142.5
15413,-120.87,37.6,32,4579,914,2742,856,2.6619,86.2
15414,-120.92,37.59,26,1705,279,642,236,2.6591,180.5
15415,-120.91,37.57,26,3396,705,2446,694,2.0521,65.4
15416,-120.93,37.56,17,1812,361,672,334,1.55,166.1
15417,-120.95,37.57,29,1179,249,672,243,3.1125,154.8
15418,-120.98,37.57,27,925,176,449,168,2.6406,129.7
15419,-121.04,37.6,27,958,184,580,177,2.1875,82.8
15420,-121.09,37.56,32,1717,325,1356,307,2.6705,91.9
15421,-121.03,37.55,32,946,198,624,173,1.9728,97.9
15422,-121.04,37.5,33,613,123,343,116,3.1875,129.2
15423,-121.02,37.48,26,467,93,244,83,4.1346,187.5
15424,-121.12,37.48,5,4109,820,3062,713,3.2396,125.2
15425,-121.14,37.48,6,1772,332,1011,331,3.7045,128.1
15426,-121.13,37.47,37,1995,448,1559,443,2.1833,92.7
15427,-121.11,37.47,12,2263,410,913,330,3.5795,145.6
15428,-121.14,37.46,4,2919,503,1592,491,5.2452,161.9
15429,-121.2,37.6,30,2110,406,1301,345,2.3173,86.5
15430,-121.27,37.56,31,1223,330,1067,245,2.8558,100
15431,-121.31,37.44,33,69,28,47,14,0.536,112.5
15432,-121.21,37.5,34,294,49,147,47,3,162.5
15433,-121.14,37.52,37,1358,231,586,214,3.1645,170.8
15434,-121.06,37.45,33,1401,299,915,282,3.4464,162.5
15435,-121.11,37.43,42,412,75,227,75,2.5,74.2
15436,-121.29,37.33,36,48,12,27,8,4,75
15437,-121.09,37.33,40,524,112,329,96,1.7188,112.5
15438,-121.01,37.37,41,1045,233,632,230,2.3583,95
15439,-121.01,37.33,17,1926,410,1054,321,1.6214,71.5
15440,-121.03,37.33,27,1333,230,730,229,3.06,106
15441,-121.03,37.32,42,2905,561,1457,551,2.2566,82.1
15442,-121.04,37.3,6,2657,486,1409,392,3.3824,115.5
15443,-120.84,37.53,14,3643,706,2070,697,3.1523,141.8
15444,-120.86,37.53,18,2829,732,1751,712,1.6445,156.9
15445,-120.88,37.53,18,239,39,92,36,5.3168,175
15446,-120.89,37.54,30,509,115,275,115,2.2679,250
15447,-120.89,37.52,42,1200,221,647,192,2.5402,157.5
15448,-120.96,37.54,29,1468,245,747,231,3.4643,125
15449,-120.96,37.51,30,1288,237,720,233,2.3864,139.1
15450,-120.97,37.43,27,1380,270,810,262,2.1875,137.5
15451,-120.8,37.55,18,1802,335,1110,329,3.1641,96.3
15452,-120.79,37.53,20,1417,263,853,263,3.3083,108.3
15453,-120.8,37.53,29,1162,254,726,225,2.1932,90.6
15454,-120.81,37.53,15,570,123,189,107,1.875,181.3
15455,-120.82,37.54,20,707,114,282,86,6.1324,164.8
15456,-120.72,37.54,17,729,134,431,121,4.2188,131.3
15457,-120.84,37.47,11,2285,499,1468,471,2.7857,110.3
15458,-120.89,37.45,29,1940,337,1070,332,3.6597,145.6
15459,-120.88,37.52,2,1871,409,707,256,2.6103,133.6
15460,-120.87,37.5,7,4966,985,2431,904,3.1042,122.5
15461,-120.86,37.5,34,4272,996,2916,962,1.9829,82.8
15462,-120.86,37.49,37,1084,271,893,236,1.6213,69.5
15463,-120.86,37.49,22,2140,445,1441,409,2.4706,89.4
15464,-120.85,37.49,42,264,72,310,70,1.4063,61.5
15465,-120.84,37.48,10,2874,612,1960,596,2.7381,104.6
15466,-120.86,37.52,9,9885,1871,5372,1843,3.4821,127.1
15467,-120.85,37.51,5,2899,745,1593,633,2.2292,127.5
15468,-120.85,37.51,15,1131,285,728,281,1.5531,93.1
15469,-120.84,37.5,47,2310,484,1126,447,2.2083,97.3
15470,-120.85,37.5,52,1724,352,922,348,1.7227,85.7
15471,-120.82,37.49,25,1611,285,882,261,3.5547,122.4
15472,-120.82,37.5,21,2974,495,1313,461,4.4886,135.4
15473,-120.83,37.5,30,1340,244,631,231,3.375,118.5
15474,-120.84,37.51,14,6337,1593,3909,1480,2.0643,106.5
15475,-120.84,37.52,16,4527,887,2531,825,3.7065,124.8
15476,-121.62,39.16,7,4480,776,2271,767,3.809,110.7
15477,-121.63,39.16,7,1879,444,1065,410,2.4183,103.8
15478,-121.62,39.16,16,2037,464,1267,451,2.4556,97.1
15479,-121.63,39.15,16,1547,418,940,400,1.5613,72.5
15480,-121.63,39.15,27,2991,637,1419,606,1.8849,73.5
15481,-121.62,39.15,23,1984,528,1043,452,1.9375,65.3
15482,-121.63,39.14,39,1874,411,822,377,2.5038,68.3
15483,-121.62,39.14,41,2183,559,1202,506,1.6902,61.5
15484,-121.61,39.14,44,2035,476,1030,453,1.4661,65.2
15485,-121.63,39.13,26,2355,531,1047,497,1.8208,79.5
15486,-121.62,39.13,41,1147,243,583,239,2.2431,63.4
15487,-121.63,39.12,34,1991,348,804,344,3.4492,98.8
15488,-121.61,39.13,33,2559,539,1583,504,1.4727,53
15489,-121.6,39.12,21,1299,338,1494,311,1.3348,225
15490,-121.63,39.12,32,2574,425,1099,391,4.3864,117.5
15491,-121.62,39.11,5,2320,502,1245,489,3.2465,97.2
15492,-121.62,39.11,11,3519,577,1459,549,4.2792,123.8
15493,-121.62,39.09,21,2693,481,1337,435,3.8534,99.7
15494,-121.68,39.13,17,1969,297,717,268,3.4698,179.7
15495,-121.65,39.13,11,4833,944,2336,841,2.6842,89.1
15496,-121.68,39.11,19,1366,220,596,203,4.0625,141.7
15497,-121.64,39.11,18,3212,542,1817,508,3.3793,92.9
15498,-121.66,39.09,27,2098,372,1090,333,4.45,96.2
15499,-121.67,39.18,26,2121,375,1125,366,3.3958,94.6
15500,-121.68,39.15,14,2774,451,1292,428,4.3833,115.2
15501,-121.66,39.15,22,2144,376,1200,370,3.4426,102.4
15502,-121.65,39.16,16,5022,1103,2087,956,2.3963,114.8
15503,-121.71,39.25,37,1871,321,806,294,4,101.4
15504,-121.68,39.29,29,1860,400,1137,365,1.5281,61.6
15505,-121.64,39.22,37,1189,248,627,219,3.8611,100
15506,-121.83,39.23,25,3819,702,1983,658,2.4464,72.5
15507,-121.74,39.15,20,2302,412,1205,399,2.8,71.2
15508,-121.83,39.1,42,1282,198,451,159,3.2917,97.9
15509,-121.91,39.14,45,845,155,343,136,2.125,62
15510,-121.76,38.94,48,540,110,234,74,3.6111,67.5
15511,-121.67,38.85,46,645,131,410,122,1.7417,110.4
15512,-121.62,38.96,36,1826,329,1068,318,1.9797,118.8
15513,-121.7,39.07,26,2668,510,1437,505,3.3125,100
15514,-121.47,38.95,34,2129,350,969,314,2.7039,106.3
15515,-121.52,38.9,32,1650,313,802,284,2.9048,98.2
15516,-121.51,38.79,29,1716,323,850,282,2.9324,137.5
15517,-122.08,40.09,19,2611,503,1185,483,2.3657,94
15518,-122.12,40.14,34,1950,407,1029,376,2.5197,82.3
15519,-122.17,40.2,28,1782,334,873,311,3.3594,79.1
15520,-121.8,40.34,26,4815,910,1341,539,2.881,79.8
15521,-121.78,40.12,14,388,108,35,17,6.1359,106.3
15522,-122.42,40.32,16,1978,375,961,333,2.6827,83.9
15523,-122.34,40.32,12,3848,689,2008,683,2.6352,92.2
15524,-122.23,40.32,10,2336,426,1003,368,3.0833,81.3
15525,-122.57,39.9,15,3873,810,1697,627,2.4555,55.6
15526,-122.72,40.17,16,396,78,188,72,1.3889,87.5
15527,-122.38,40.2,16,2722,511,1366,495,2.8447,87.7
15528,-122.35,40.25,10,1621,318,866,283,3.5,104.3
15529,-122.26,40.19,35,2467,469,1194,444,2.0425,63.7
15530,-122.24,40.19,29,1912,336,859,325,3.7,70.5
15531,-122.24,40.17,51,2378,584,1083,494,1.577,51.9
15532,-122.25,40.17,47,1554,308,846,301,1.8077,54.1
15533,-122.22,40.18,13,3719,803,1754,764,2.3517,88.9
15534,-122.21,40.2,19,3404,731,1421,683,2.6149,84.4
15535,-122.19,40.2,30,2750,476,1296,464,3.5305,73.6
15536,-122.24,40.16,19,2500,509,1293,494,2.035,55.1
15537,-122.23,40.17,21,1401,331,651,299,2.225,64.7
15538,-122.23,40.15,14,2297,573,1637,551,1.787,51.6
15539,-122.25,40.15,15,1677,346,858,327,2.4375,59.2
15540,-122.17,40.11,24,1631,340,1042,333,1.7708,59
15541,-122.19,40.07,21,1548,290,744,265,1.9773,55
15542,-122.18,40.02,30,1952,397,961,333,2.25,68.2
15543,-122.14,40.07,31,2053,465,1193,447,1.4923,44.4
15544,-122.13,40.01,21,916,194,451,178,2.125,63.3
15545,-122.1,40.03,25,2516,543,1266,494,1.7566,58.4
15546,-122.06,40.02,32,1435,277,690,254,2.3043,68.4
15547,-122,39.94,27,852,176,464,148,1.7125,58.2
15548,-122.11,39.82,27,1065,214,508,198,2.625,91.7
15549,-122.12,39.91,16,4006,797,2028,752,2.3929,77.2
15550,-122.17,39.92,16,1566,306,652,287,1.9038,60.8
15551,-122.17,39.94,32,2352,477,1316,447,2.2292,57.4
15552,-122.14,39.97,27,1079,222,625,197,3.1319,62.7
15553,-122.23,39.95,21,2087,382,888,361,2.207,86.4
15554,-122.2,39.93,9,1296,287,768,260,1.9191,54.4
15555,-122.23,39.86,21,1730,350,982,322,1.8375,79.8
15556,-122.19,39.92,20,2563,658,1363,611,1.023,54.2
15557,-122.18,39.93,35,1387,272,610,237,2.1759,59.5
15558,-122.19,39.91,39,2467,529,1433,502,1.8571,53.5
15559,-122.68,41.15,32,817,206,224,89,3.631,90.4
15560,-122.81,40.93,16,2050,471,588,195,2.7083,88.9
15561,-122.96,40.77,29,1637,297,753,270,3.2891,93.1
15562,-122.93,40.78,20,3758,798,1685,757,2.3667,91.2
15563,-122.89,40.76,14,712,131,270,90,2.3958,102.1
15564,-122.79,40.75,17,3851,818,1352,560,2.125,71.7
15565,-122.86,40.56,12,1350,300,423,172,1.7393,81.3
15566,-122.95,40.67,17,1498,331,574,242,2.0268,94.2
15567,-122.95,40.71,26,2231,421,987,364,2.4792,88.8
15568,-123.35,40.99,23,141,59,47,23,1.125,66
15569,-123.53,40.88,20,2680,599,918,345,2.2115,75
15570,-123.48,40.79,15,619,160,287,104,1.9107,79.2
15571,-123.28,40.77,25,767,206,301,121,1.625,79.2
15572,-123.13,40.85,18,1650,377,675,282,1.8933,84.7
15573,-123.41,40.61,17,769,205,301,126,1.7875,55
15574,-123.11,40.6,23,708,202,316,136,1.1602,65
15575,-123.18,40.58,18,1451,278,695,254,1.7262,73.7
15576,-123.22,40.54,27,1573,361,847,330,1.9034,49.6
15577,-123.12,40.54,23,1091,217,539,201,1.8696,61.5
15578,-123.21,40.51,16,241,84,152,61,1.375,48.8
15579,-123.32,40.43,15,661,146,131,57,0.4999,56.7
15580,-123.08,40.4,10,365,102,140,49,1.7969,37.5
15581,-123.17,40.31,36,98,28,18,8,0.536,14.999
15582,-123.22,40.16,27,1848,449,396,150,2.8472,41.3
15583,-123.48,40.34,19,518,108,216,80,2.7083,64.5
15584,-123.41,40.07,17,449,151,141,53,0.8362,87.5
15585,-118.96,36.66,18,1302,424,320,133,3.1964,80
15586,-119.12,36.54,30,2747,515,1368,453,2.9828,85.2
15587,-118.96,36.49,24,1268,269,636,183,1.742,118.8
15588,-118.65,36.57,20,1431,416,570,225,1.4821,143.3
15589,-118.86,36.41,20,2749,575,1195,491,3.0391,139.7
15590,-118.94,36.32,10,2271,398,986,358,4.0703,147.1
15591,-119.25,36.56,35,1675,373,1131,316,1.6722,59.1
15592,-119.28,36.54,33,1470,330,1222,301,1.8163,57.4
15593,-119.29,36.54,18,2581,628,2732,592,1.8429,58.3
15594,-119.29,36.55,21,2467,520,1721,515,2.5521,65.6
15595,-119.44,36.48,27,1546,415,1704,395,1.1728,41.7
15596,-119.48,36.44,22,1389,290,1185,271,2.0857,49.2
15597,-119.35,36.52,39,3027,608,2199,592,2.6445,62
15598,-119.48,36.5,32,3451,625,1968,574,2.9554,110.3
15599,-119.48,36.54,28,2112,363,1011,335,4.2222,108.9
15600,-119.4,36.55,19,3000,628,2202,590,2.5141,67.4
15601,-119.38,36.56,14,3965,804,1945,733,2.6906,95.3
15602,-119.38,36.56,25,1180,222,611,212,2.0729,84.7
15603,-119.38,36.54,33,2465,536,2030,522,1.5223,51.8
15604,-119.38,36.53,38,1281,297,1423,293,1.9602,51.4
15605,-119.39,36.54,34,1590,422,1272,407,1.8068,59
15606,-119.39,36.54,30,1408,326,1184,324,1.7165,59.1
15607,-119.4,36.53,28,2201,429,1524,412,2.75,65
15608,-119.28,36.52,19,1402,324,1327,316,2.25,53.2
15609,-119.29,36.53,33,1509,352,1734,336,1.625,50.3
15610,-119.29,36.52,39,858,228,1222,224,1.5714,43
15611,-119.26,36.5,35,1689,371,1475,329,2.5719,74.3
15612,-119.1,36.42,26,1775,416,1217,383,1.8801,57.6
15613,-119.09,36.42,15,1517,361,1275,343,1.5875,55.8
15614,-119.09,36.42,17,877,219,966,218,2,52.5
15615,-119.1,36.4,23,1885,363,1056,338,3.2159,92.8
15616,-119.23,36.45,36,1508,323,1283,312,2.1205,60
15617,-119.18,36.4,39,1730,310,899,309,2.6648,129.2
15618,-119.27,36.39,17,2076,350,998,340,4.3281,145.7
15619,-119.23,36.39,39,1660,349,1061,306,1.4812,53.5
15620,-119.21,36.39,31,1465,303,1013,297,2.0363,53.5
15621,-119.21,36.38,18,2158,413,1461,395,2.0216,58
15622,-119.35,36.42,18,1115,193,1742,176,2.7969,123.8
15623,-119.45,36.35,22,1824,333,1076,282,2.3365,69.6
15624,-119.41,36.35,20,1743,340,1390,336,2.2222,52.9
15625,-119.42,36.35,20,1469,303,1031,259,1.6645,48
15626,-119.29,36.35,15,1740,319,1332,308,2.5743,60.2
15627,-119.29,36.34,10,1832,455,1664,429,2.0227,53.3
15628,-119.3,36.35,24,1855,416,1520,410,2.3304,64.9
15629,-119.3,36.34,27,1515,358,1178,309,1.4432,48.1
15630,-119.31,36.34,14,2985,607,2250,607,2.1602,65.2
15631,-119.32,36.33,18,2603,478,1158,423,4.5938,150.5
15632,-119.34,36.34,5,4505,834,1917,775,4.0144,126.6
15633,-119.36,36.33,11,3221,617,1351,565,2.9844,132
15634,-119.29,36.34,35,1235,369,1246,341,1.474,71
15635,-119.3,36.34,45,3723,831,2256,770,1.8299,63.1
15636,-119.31,36.34,32,1893,453,1744,425,1.4729,54.1
15637,-119.29,36.33,19,792,232,641,222,0.7445,112.5
15638,-119.31,36.33,46,1636,338,772,332,2.425,84.9
15639,-119.25,36.36,16,3245,469,1471,450,5.8673,154.8
15640,-119.27,36.34,7,3433,626,1793,626,3.5296,83.7
15641,-119.28,36.35,7,3598,701,2080,678,3.1111,72.4
15642,-119.28,36.33,10,1051,297,927,274,0.78,55.5
15643,-119.27,36.34,26,2057,472,1453,439,2.4113,58.6
15644,-119.19,36.34,33,2199,403,1245,394,2.73,96.9
15645,-119.09,36.35,21,3146,595,1580,513,2.7857,92.7
15646,-119.12,36.29,29,1638,323,942,322,2.1731,66.2
15647,-119.16,36.31,7,2946,664,1608,622,1.6829,80.2
15648,-119.15,36.29,18,1435,257,657,254,2.4281,72.5
15649,-119.14,36.29,32,2084,482,1410,420,1.5321,48.3
15650,-119.14,36.29,36,788,181,405,180,1.47,61.9
15651,-119.2,36.3,19,1427,311,1026,293,2.625,57
15652,-119.21,36.3,23,951,235,806,222,1.7734,41.4
15653,-119.25,36.27,23,1494,275,678,235,2.6875,69.1
15654,-119.2,36.28,22,2295,508,1654,478,1.684,65.9
15655,-119.29,36.32,27,1513,374,839,350,1.2012,64.6
15656,-119.29,36.32,35,1898,481,1123,433,1.1419,62.9
15657,-119.29,36.32,33,2107,451,1364,442,2.2024,67.2
15658,-119.27,36.32,6,2881,518,1432,504,4.0806,110.2
15659,-119.27,36.32,9,3631,635,1881,628,4.7723,113.1
15660,-119.25,36.32,32,1821,345,812,299,2.75,72.2
15661,-119.26,36.3,18,3578,720,1540,640,2.425,84.6
15662,-119.3,36.33,44,2060,414,819,355,2.8795,77
15663,-119.31,36.32,23,2945,592,1419,532,2.5733,88.8
15664,-119.29,36.31,34,1439,253,607,223,3.0972,82.8
15665,-119.31,36.31,18,3860,760,1643,664,2.0714,92.6
15666,-119.31,36.3,20,1256,209,566,195,4.0221,86.3
15667,-119.33,36.32,16,3331,839,1955,763,1.6148,86.6
15668,-119.35,36.32,10,3817,719,1686,714,3.8235,94.6
15669,-119.34,36.32,6,3266,604,1769,580,3.1574,89.2
15670,-119.32,36.32,35,2316,387,849,378,4.3816,88.6
15671,-119.33,36.32,23,3137,628,1446,548,2.5,85.5
15672,-119.33,36.31,17,2401,409,1100,409,4.0577,107.3
15673,-119.33,36.3,11,3045,522,1563,516,5.4337,133.8
15674,-119.32,36.3,15,2864,571,1480,475,2.9698,93.4
15675,-119.34,36.31,14,1635,422,870,399,2.7,88.9
15676,-119.34,36.3,13,2394,458,1177,389,2.6875,74.4
15677,-119.38,36.3,14,1932,330,997,291,3.6875,93.2
15678,-119.33,36.28,16,2624,527,1077,520,2.125,104.2
15679,-119.29,36.28,23,1895,340,749,313,2.2333,120.1
15680,-119.36,36.22,10,2445,526,1262,476,1.9355,68.3
15681,-119.35,36.21,26,2481,586,1445,498,1.6378,60.3
15682,-119.36,36.21,25,1170,259,804,257,1.3889,50.2
15683,-119.37,36.21,35,2228,476,1567,449,1.4455,54.1
15684,-119.34,36.23,12,4965,872,2191,804,3.5611,90.2
15685,-119.35,36.22,29,2051,351,915,343,3.1944,106.8
15686,-119.34,36.22,38,2708,460,1260,455,3.0905,78.2
15687,-119.33,36.22,29,1735,323,805,293,3.5039,89.9
15688,-119.33,36.21,38,3115,622,1238,606,2.6083,67
15689,-119.34,36.21,30,749,214,537,199,0.8229,68.4
15690,-119.33,36.22,9,3748,644,1955,620,4.2011,108.1
15691,-119.32,36.22,5,2319,438,1283,423,3.6343,95.4
15692,-119.25,36.23,24,2015,355,1031,351,3.4306,139.2
15693,-119.27,36.18,23,3180,547,1829,498,2.6098,66
15694,-119.29,36.12,24,1248,226,641,200,2.4722,129.2
15695,-119.12,36.19,21,2645,464,1245,407,2.9145,114.2
15696,-119.08,36.22,28,1606,320,1158,317,3.0324,55.6
15697,-119.08,36.21,20,1911,389,1241,348,2.5156,59.3
15698,-119.09,36.21,38,1901,453,1613,400,1.8828,44.6
15699,-119.11,36.21,10,1972,455,1469,442,1.5407,58.4
15700,-118.74,36.23,22,1033,232,442,136,2.6447,137.5
15701,-118.93,36.19,30,2685,546,951,523,2.6184,113.9
15702,-118.82,36.13,43,1281,287,534,231,2.8906,65.7
15703,-118.54,36.12,11,4103,882,356,171,2.1029,99.1
15704,-118.37,36.19,10,443,111,48,21,3.125,71.3
15705,-118.7,35.82,20,4642,1300,658,247,2.3937,82.1
15706,-118.86,35.9,38,298,55,161,47,4.125,71.3
15707,-118.73,36.01,14,3263,651,1910,594,2.8603,128.9
15708,-119.1,36.19,17,1564,396,713,362,1.6186,77.1
15709,-119.34,36.2,12,1632,378,1303,315,2.0333,54.4
15710,-119.33,36.19,27,418,163,332,141,1.0714,63.8
15711,-119.32,36.21,25,2360,460,1424,436,2.3152,63.1
15712,-119.32,36.2,25,1427,246,772,221,2.2262,64.5
15713,-119.32,36.19,11,3136,620,2013,583,3.335,69.7
15714,-119.35,36.2,31,1783,382,1266,358,2.2264,50.8
15715,-119.36,36.2,33,1955,398,1412,397,2.25,51.5
15716,-119.45,36.16,27,2119,373,1268,345,2.8152,106.9
15717,-119.35,36.16,21,2751,602,1496,489,2.3882,49.2
15718,-119.45,36.09,18,408,82,253,75,2.0313,112.5
15719,-119.31,36.06,20,2236,434,1405,412,1.8827,48.7
15720,-119.4,36.04,39,915,199,580,175,1.8894,112.5
15721,-119.27,36.05,29,1016,174,481,140,2.2917,112.5
15722,-119.21,36.1,30,1471,373,1418,357,1.7432,42.5
15723,-119.19,36.06,29,1815,376,1421,339,1.9091,71.3
15724,-119.19,36.14,41,759,140,408,129,3.9,85.9
15725,-119.13,36.13,28,1673,385,1434,371,2.0586,40.9
15726,-119.08,36.13,21,2271,376,1145,372,3.1528,113.7
15727,-119.03,36.13,24,2259,408,1169,395,1.7106,95.5
15728,-119.06,36.15,20,1282,273,852,247,1.6354,49
15729,-119.06,36.15,25,2402,478,1527,461,2.3194,52.9
15730,-119.14,36.06,32,1838,441,1628,425,1.6452,41.5
15731,-119.12,36.05,27,1575,321,1063,317,2.1477,53.9
15732,-119.08,36.02,26,1748,346,891,303,1.9439,62.1
15733,-119.01,36.02,17,3915,742,1768,688,2.375,79.8
15734,-118.92,36.04,28,1148,233,521,212,2.9208,98.5
15735,-119.08,36.09,25,1880,339,1003,315,2.7298,103.4
15736,-119.06,36.1,21,1344,249,868,221,2.5893,63.6
15737,-119.06,36.09,11,2572,454,1402,415,3.6786,72.9
15738,-119.05,36.09,9,3297,568,1749,568,4.0217,99.2
15739,-119.04,36.07,17,2623,659,1912,618,1.5893,52
15740,-119.06,36.08,19,2554,443,1301,419,4.1856,72.1
15741,-119.07,36.08,5,2693,508,1785,491,3,71
15742,-119.06,36.07,20,2683,553,1497,548,1.7031,64.6
15743,-119.05,36.07,21,2472,523,1238,504,1.7756,62.9
15744,-119.05,36.06,23,2344,407,1184,406,3.1625,70.6
15745,-119.01,36.08,31,1620,366,1154,348,1.8857,55.5
15746,-119.03,36.08,19,2736,549,1432,503,2.6944,67.7
15747,-119.03,36.08,19,2471,431,1040,426,3.25,80.6
15748,-119.04,36.07,26,2185,435,1108,419,2.2277,78
15749,-119.03,36.07,26,3210,646,1908,642,2.4167,77.6
15750,-119.02,36.07,29,2610,597,1659,571,1.5911,60.8
15751,-119.02,36.07,39,1173,269,702,232,1.6146,53.1
15752,-119.01,36.07,44,2450,575,1330,508,1.6103,50.9
15753,-118.93,36.1,19,2988,681,1654,576,2.3792,90
15754,-118.98,36.06,33,2043,443,1497,417,2.343,47.4
15755,-119,36.05,24,3208,691,1986,662,1.5506,52.3
15756,-118.97,36.06,26,1289,262,1100,244,1.975,51.4
15757,-118.99,36.06,19,2153,458,1317,386,1.7564,42.6
15758,-119,36.06,41,937,158,396,142,4.0833,81.3
15759,-119,36.07,20,1042,183,509,175,2.9815,73
15760,-119.03,36.06,36,1925,443,1405,422,2.162,51.9
15761,-119.02,36.06,41,2279,538,1908,511,1.3952,43.1
15762,-119.01,36.06,25,1505,367,1392,359,1.6812,47.7
15763,-119.01,36.05,27,1127,294,839,276,1.3807,53.1
15764,-119.31,35.99,26,1460,316,880,286,1.3676,47.8
15765,-119.28,35.99,20,2911,597,1746,588,1.7372,51
15766,-119.19,35.96,25,2014,402,1160,362,1.881,52.5
15767,-119.46,35.86,22,1750,374,1113,338,1.505,42.7
15768,-119.3,35.87,20,1934,377,1341,336,2.1434,62.6
15769,-119.12,35.85,37,736,166,564,138,2.4167,58.3
15770,-119.1,35.79,19,1809,477,2051,416,1.8144,49.8
15771,-119.27,35.89,18,1855,424,1839,392,1.7572,53.3
15772,-119.27,35.88,32,1393,343,1282,336,1.5069,43.7
15773,-119.26,35.87,24,1590,390,1686,372,1.6469,47.6
15774,-119.06,35.94,18,3501,721,2009,660,2.6576,65.7
15775,-119.04,35.96,18,1187,308,1343,277,1.875,51.7
15776,-119.04,35.95,25,1009,246,994,222,1.8462,55.8
15777,-118.96,35.87,17,1668,307,888,277,3.7794,96.2
15778,-120.4,38,17,2098,370,912,354,2.6544,112.6
15779,-120.39,38,33,2177,404,891,383,3.212,105.2
15780,-120.4,37.98,19,2010,433,910,390,2.6696,121.2
15781,-120.39,37.98,52,1056,274,584,255,2.1513,86.7
15782,-120.37,38.01,30,473,109,242,93,2.5417,123.2
15783,-120.35,37.99,3,1167,306,422,186,2.4191,217.5
15784,-120.38,37.99,36,2864,603,1155,565,2.3571,113.4
15785,-120.37,37.98,29,2508,591,1112,550,1.6021,91.4
15786,-120.38,37.97,47,1060,219,496,205,2.5781,104.8
15787,-120.26,38.13,17,301,94,122,47,4.0583,87.5
15788,-120.28,38.07,13,1996,410,618,218,2.9083,104.6
15789,-120.4,38.06,12,1430,310,517,240,2.6544,128.1
15790,-120.35,38.04,16,1499,326,733,286,2.5729,118.8
15791,-120.39,38.03,20,1551,309,647,228,2.6094,139.1
15792,-120.41,38.03,14,2061,465,859,462,2.1289,115.3
15793,-120.43,38.02,15,1613,299,655,251,3.6875,186
15794,-120.31,38.02,11,2366,398,1046,387,3.8203,139.7
15795,-120.3,38.04,6,1281,245,422,160,3.2875,111.3
15796,-120.28,38.03,13,2095,391,860,331,3.6838,145.7
15797,-120.27,38.02,13,3839,715,1486,532,3.1875,99.8
15798,-120.29,38.01,12,3014,560,1424,485,3.0729,105.1
15799,-120.3,37.99,23,1908,383,984,374,2.517,153.5
15800,-120.33,38,14,1944,330,822,314,3.5,170.7
15801,-120.25,38.04,22,4173,763,1086,444,2.5562,136.2
15802,-120.25,38.03,21,4924,966,1175,454,2.9457,116.5
15803,-120.22,38.05,14,3803,689,1129,477,2.7188,137
15804,-120.19,38.07,43,102,19,44,13,0.4999,162.5
15805,-120.19,38.03,17,8651,1579,2071,757,3.1076,115.8
15806,-120.12,38.12,37,3355,666,338,136,2.0625,88.9
15807,-120.03,38.19,26,7005,1358,416,189,2.125,132.5
15808,-120.26,37.99,12,2726,517,1351,474,3.5,107.1
15809,-120.24,38.01,11,1214,228,633,199,3.125,148.6
15810,-120.23,37.98,14,1954,368,917,316,3.1523,93.3
15811,-120.28,37.9,17,1047,212,530,196,2.1538,153.3
15812,-120.24,37.96,34,1747,395,935,362,1.625,79.4
15813,-120.23,37.96,52,1230,262,609,243,2.0057,68.2
15814,-120.25,37.93,13,493,76,196,68,3.375,134.1
15815,-120.13,37.93,5,111,26,58,25,1.675,112.5
15816,-120.35,37.98,4,1658,301,676,278,3.5714,149.5
15817,-120.33,37.97,17,2530,526,1024,496,2.0057,118.9
15818,-120.3,37.97,17,3243,619,1408,566,2.474,120.1
15819,-120.29,37.94,17,1459,297,753,271,3.05,144.8
15820,-120.35,37.86,25,287,57,118,50,2.3056,162.5
15821,-120.23,37.86,16,324,61,135,61,2.4615,137.5
15822,-120.2,37.84,9,13670,2453,2811,1193,3.2589,137.9
15823,-120.2,37.8,30,1189,255,446,165,3.4838,112.5
15824,-119.93,37.85,18,473,115,88,41,4.0833,137.5
15825,-119.57,37.94,17,346,130,51,20,3.4861,137.5
15826,-120.47,37.96,25,2505,529,1145,483,2.006,103
15827,-120.42,37.98,18,3059,609,1335,581,2.5129,115.9
15828,-120.42,37.95,19,2787,578,1208,532,2.4922,98.7
15829,-120.39,37.96,10,2554,501,922,439,2.1094,164
15830,-120.35,37.95,13,2104,407,960,401,2.4,177
15831,-120.41,37.88,16,744,141,311,122,4.4231,87.5
15832,-119.31,34.7,19,961,218,479,138,3.3438,156.3
15833,-119.06,34.62,10,416,110,436,70,2.2222,262.5
15834,-118.75,34.42,28,1000,206,545,154,2.4167,191.7
15835,-118.8,34.41,45,1610,406,1148,347,2.7,120.4
15836,-118.88,34.42,20,728,120,360,115,6.1244,375
15837,-118.98,34.4,34,1328,244,795,227,4.4219,338.1
15838,-118.93,34.36,33,1775,309,1071,296,4.6607,187.9
15839,-118.92,34.4,23,1290,283,1060,279,3.3152,198
15840,-118.92,34.41,22,2702,655,2664,571,3.0893,173.4
15841,-118.9,34.41,35,4431,739,2304,720,4.2599,209.1
15842,-118.91,34.4,30,2861,613,2065,586,3.2024,176.1
15843,-118.9,34.4,16,2614,575,1163,524,1.5781,134.4
15844,-119.06,34.37,32,3885,759,2504,736,3.6453,201.7
15845,-119.05,34.36,22,1815,506,2428,473,2.8417,162.5
15846,-119.05,34.4,50,1236,282,1079,257,2.6991,181.3
15847,-119.1,34.31,21,2424,527,1379,484,2.6786,184
15848,-119.06,34.36,52,1409,359,981,304,2.7951,199.3
15849,-119.06,34.36,52,1239,320,934,298,1.8618,183.3
15850,-119.06,34.35,34,2426,646,2116,631,2.0682,158.3
15851,-119.09,34.35,20,4725,881,2823,869,4.0122,214.8
15852,-119.08,34.35,24,3663,828,2718,778,3.2757,186
15853,-119.08,34.34,23,3065,723,2042,698,2.7593,194.8
15854,-119.11,34.33,14,4026,769,1825,671,3.5541,191.8
15855,-119.12,34.38,28,7200,1281,3793,1238,4.075,237.9
15856,-119.23,34.44,34,3193,664,1434,627,2.4777,260.3
15857,-119.26,34.46,30,3826,691,1656,657,4.0074,434.7
15858,-119.23,34.46,34,9280,1765,4514,1693,3.2026,227.6
15859,-119.19,34.46,39,2056,381,939,371,6.6257,427.6
15860,-119.23,34.42,16,630,117,343,100,5.75,325
15861,-119.27,34.45,15,1659,274,679,253,5,357.9
15862,-119.15,34.44,33,2005,392,1043,351,5.308,297.9
15863,-119.14,34.49,17,321,44,92,39,7.75,375
15864,-119.31,34.41,22,2612,494,1361,439,4.1319,245
15865,-119.31,34.38,23,282,69,130,57,2.4375,225
15866,-119.29,34.37,41,1408,311,793,264,2.5441,161.2
15867,-119.34,34.39,27,669,131,314,106,2.4659,231.3
15868,-119.29,34.45,26,2849,535,1383,532,2.6893,230.8
15869,-119.29,34.44,34,4314,878,2361,831,3.2279,243.1
15870,-119.27,34.44,22,3527,711,1483,640,2.7019,234.7
15871,-119.28,34.42,23,4763,828,2198,771,4.8105,313
15872,-119.3,34.42,18,5591,1042,2860,1026,3.5822,219.9
15873,-119.29,34.4,22,3891,657,1727,581,4.2656,241.4
15874,-119.17,34.29,18,3932,724,1896,680,5.2953,279.4
15875,-119.18,34.28,17,4526,717,2088,655,5.6885,268.2
15876,-119.22,34.34,29,3128,672,1815,648,2.9821,175.7
15877,-119.39,34.32,19,3238,629,1195,443,4.8472,500.001
15878,-119.32,34.35,16,52,16,51,15,2.475,225
15879,-119.14,34.29,17,2754,577,1349,533,3.1618,154.2
15880,-119.16,34.28,11,5330,1056,2801,1028,4.763,232.7
15881,-119.16,34.27,24,1824,331,1049,320,5.9181,221.1
15882,-119.14,34.28,31,790,241,1095,222,2.25,75
15883,-119.18,34.27,6,2307,386,910,364,5.215,279.5
15884,-119.17,34.27,18,8010,1539,3982,1483,4.0905,236.5
15885,-119.21,34.26,31,224,88,326,88,2.375,55
15886,-119.21,34.26,10,3150,781,1582,653,4.2448,157.3
15887,-119.22,34.26,16,2596,625,1403,562,3.4018,145.2
15888,-119.2,34.27,8,4942,1173,3012,1033,3.445,203.4
15889,-119.21,34.26,23,2887,540,1508,518,3.3452,217.6
15890,-119.19,34.26,16,5018,853,2524,830,5.1752,218
15891,-119.19,34.25,12,232,37,79,35,4.1667,214.6
15892,-119.21,34.26,26,2406,411,1313,391,4.9079,234.1
15893,-119.2,34.25,18,3208,643,1973,614,3.8162,235
15894,-119.2,34.25,25,195,59,140,43,3.8889,187.5
15895,-119.2,34.28,22,2362,601,1127,499,3.4006,219.4
15896,-119.23,34.27,22,3536,615,1650,612,4.2381,229.3
15897,-119.21,34.31,22,7548,1038,2855,1008,6.729,409.3
15898,-119.23,34.3,18,1713,244,690,239,6.9483,404.3
15899,-119.23,34.28,24,4260,691,1581,607,5.5048,303.6
15900,-119.22,34.28,24,2212,332,899,331,5.533,299.7
15901,-119.22,34.28,33,2467,377,1052,363,4.7333,257.5
15902,-119.25,34.28,36,1530,341,703,317,3.5819,231.9
15903,-119.26,34.28,41,2822,564,1288,541,3.0799,254.1
15904,-119.25,34.3,34,1189,220,445,203,4.8824,396.4
15905,-119.25,34.28,36,2232,373,951,368,5.2261,303.2
15906,-119.26,34.28,41,1835,311,683,308,4.8977,358.2
15907,-119.27,34.28,52,2239,420,941,397,4.125,349
15908,-119.27,34.29,32,2274,406,982,393,5.3254,385.2
15909,-119.29,34.29,33,3854,982,1835,894,3.5294,323.9
15910,-119.29,34.3,24,7637,1705,4647,1623,3.5385,186.8
15911,-119.3,34.29,41,1445,410,1052,388,2.6333,170.8
15912,-119.3,34.29,50,3128,825,2535,783,2.3669,165.3
15913,-119.3,34.29,26,3665,932,2775,870,1.9286,160.5
15914,-119.29,34.28,38,2387,748,1537,741,2.3147,192.5
15915,-119.3,34.27,17,1527,503,688,423,1.6007,187.5
15916,-119.29,34.26,32,3295,764,1344,600,3.6007,395.5
15917,-119.27,34.26,23,3578,753,1455,649,4.1898,359.1
15918,-119.29,34.23,22,2486,608,709,523,2.9018,275
15919,-119.29,34.24,27,4742,775,1682,696,6.194,500.001
15920,-119.27,34.27,44,1312,279,668,278,4.09,203.8
15921,-119.27,34.28,50,1710,412,915,380,3.1757,206.3
15922,-119.27,34.27,52,459,112,276,107,2.375,198.4
15923,-119.27,34.27,52,1577,343,836,335,3.5893,206.6
15924,-119.28,34.27,44,706,176,399,149,3.0089,166.7
15925,-119.25,34.27,46,679,159,382,143,3.5,221.2
15926,-119.24,34.27,32,4071,888,1900,874,3.2792,220.5
15927,-119.23,34.27,29,3298,804,1509,711,3.8125,244.5
15928,-119.25,34.26,30,2948,827,1635,750,2.67,214.9
15929,-119.26,34.27,40,2528,572,1318,549,3.6413,212.7
15930,-119.26,34.27,42,918,204,394,204,4.0069,214.3
15931,-119.25,34.21,12,15201,2418,7132,2251,5.6756,301.8
15932,-119.18,34.24,17,629,221,514,186,3.2847,112.5
15933,-119.18,34.23,16,4609,1220,2147,1007,3.375,218.8
15934,-119.19,34.23,17,3889,748,2415,739,4.5,234.3
15935,-119.18,34.22,15,4615,1008,2549,973,3.9063,198.7
15936,-119.17,34.22,29,4188,816,2783,790,4.1949,197.1
15937,-119.16,34.2,35,2183,636,3504,623,1.9704,160.3
15938,-119.17,34.2,36,2028,523,2751,496,3.015,149.3
15939,-119.18,34.21,30,1096,231,741,229,3.8625,234.7
15940,-119.18,34.21,29,4039,680,1677,644,4.3897,257.6
15941,-119.19,34.21,27,1887,487,1339,428,2.9185,224.5
15942,-119.19,34.21,34,3413,693,2223,651,3.8239,208.2
15943,-119.18,34.21,46,2062,484,1522,469,3.087,213.9
15944,-119.19,34.2,18,3620,852,3171,779,3.3409,220.5
15945,-119.18,34.2,21,494,127,489,106,2.6964,170.8
15946,-119.27,34.17,15,11403,2131,3327,1585,4.3693,423.3
15947,-119.23,34.19,16,5297,810,1489,667,6.4522,500.001
15948,-119.23,34.17,18,6171,1490,2164,1210,3.6875,500.001
15949,-119.23,34.15,18,6213,1188,2679,1000,3.748,380.4
15950,-119.21,34.19,15,3797,692,2216,675,4.7443,229.5
15951,-119.22,34.18,17,3332,762,1797,673,4.4292,231.2
15952,-119.2,34.19,19,9503,1769,6370,1718,5.0016,218.5
15953,-119.2,34.18,27,1035,229,782,222,4.2212,185.4
15954,-119.19,34.19,35,2599,552,2726,543,3.2212,180.5
15955,-119.19,34.18,32,3366,677,2857,669,4.6186,181.1
15956,-119.18,34.19,36,4519,1081,4818,1061,2.8561,179.1
15957,-119.18,34.18,31,2636,638,2695,614,3.2196,175.8
15958,-119.17,34.18,38,3221,783,2792,736,2.9118,172.4
15959,-119.17,34.17,25,1596,321,1378,308,4.0074,188
15960,-119.17,34.17,21,2361,464,1146,396,3.6597,195.1
15961,-119.19,34.17,31,1872,434,1511,405,3.2314,186.8
15962,-119.19,34.17,35,4276,767,3295,708,4.2583,187.3
15963,-119.19,34.16,34,2610,466,1543,433,3.9722,189
15964,-119.22,34.15,32,3152,596,3490,526,2.725,450
15965,-119.2,34.18,22,6465,1397,2694,1370,2.9832,165.6
15966,-119.21,34.18,13,6103,1319,2986,1212,3.9718,215.2
15967,-119.19,34.15,31,4175,1004,3310,954,3.1989,185.4
15968,-119.2,34.15,27,2076,681,1904,647,1.4773,160.8
15969,-119.21,34.12,15,5778,1285,1722,829,4.3427,305.8
15970,-119.18,34.16,27,1832,415,1480,414,3.9643,186
15971,-119.18,34.15,22,4769,1366,5534,1318,2.4167,192
15972,-119.17,34.16,17,5276,1020,4066,984,4.5828,205.4
15973,-119.17,34.15,18,2509,688,3129,677,2.6098,146.1
15974,-119.11,34.17,37,470,105,522,83,2.0368,243.8
15975,-119.17,34.19,28,1444,508,2145,437,1.6964,175
15976,-119.16,34.15,23,3204,644,2295,614,3.9485,196.6
15977,-119.16,34.17,17,7982,1603,6437,1596,4.1279,223.9
15978,-119.15,34.17,23,2239,537,784,497,1.6038,194.3
15979,-119.15,34.2,25,3445,898,5558,894,3.0972,169.3
15980,-119.16,34.23,26,5444,1293,3700,1158,2.7556,213.2
15981,-119.12,34.23,35,2028,554,2252,521,2.4643,182
15982,-119.04,34.28,21,1856,276,863,255,4.5833,500.001
15983,-118.96,34.3,16,3103,482,1567,467,6.907,500.001
15984,-119.09,34.24,17,10214,1589,3409,1327,5.3806,452.1
15985,-119.02,34.26,40,1498,292,707,249,3.7974,228.7
15986,-119.03,34.25,25,3344,502,1483,496,6.196,340.6
15987,-119.04,34.24,20,7794,1192,4169,1188,5.9316,311.9
15988,-118.99,34.23,9,10618,1617,4830,1606,6.6246,284.2
15989,-119.01,34.23,11,5785,1035,2760,985,4.693,232.2
15990,-118.94,34.24,5,10018,1233,4253,1120,8.9063,500.001
15991,-118.96,34.23,14,15207,2924,6301,2829,3.9699,217
15992,-119.03,34.24,25,3655,545,1776,544,5.687,238.1
15993,-119.03,34.23,16,5323,795,2493,779,5.6762,271.3
15994,-119.02,34.24,24,4650,748,2374,702,5.8838,232.6
15995,-119.03,34.22,24,3421,656,2220,645,4.7831,214.2
15996,-119.04,34.23,21,9807,1614,4199,1554,5.0145,246.6
15997,-119.06,34.23,29,3511,632,2591,596,3.0219,221.7
15998,-119.04,34.22,18,3117,583,2079,545,4.6458,222.8
15999,-119.06,34.22,13,4175,1321,2257,1271,3.1446,177.1
16000,-119.05,34.19,39,143,36,113,33,2.8942,275
16001,-119.03,34.21,11,4528,729,2398,684,5.3044,319
16002,-119.05,34.21,27,4357,926,2110,876,3.0119,218.2
16003,-119.05,34.13,12,57,22,69,15,5.0066,275
16004,-118.96,34.19,16,1807,346,587,296,1.9811,162.5
16005,-118.96,34.18,16,3137,462,1384,436,6.1306,258.2
16006,-118.98,34.16,16,2476,402,1251,387,5.7676,241.3
16007,-118.94,34.17,16,3746,508,1556,452,6.3303,299.4
16008,-118.94,34.17,15,1679,271,928,264,5.5681,235.6
16009,-118.95,34.17,23,2630,404,1184,385,5.2955,247.6
16010,-118.95,34.16,21,2953,419,1397,410,6.541,291.5
16011,-118.93,34.18,18,2730,415,1248,412,6.187,287.9
16012,-118.92,34.18,17,2400,352,1067,323,6.3522,259.3
16013,-118.92,34.17,17,1552,246,685,244,5.9836,294.8
16014,-118.94,34.16,3,1170,148,493,142,8.0428,500.001
16015,-118.9,34.18,14,2627,328,1121,328,7.0504,333.8
16016,-118.9,34.17,14,4719,734,1880,731,5.3558,313.8
16017,-118.88,34.17,15,4260,746,1701,669,5.1033,410.7
16018,-118.85,34.17,42,564,96,220,81,4.5625,318.8
16019,-118.84,34.16,18,6075,1056,2571,1018,5.22,399.4
16020,-118.82,34.15,9,655,110,222,109,7.8528,337.5
16021,-118.83,34.15,16,3380,731,1227,641,4.2857,233.2
16022,-118.83,34.14,16,1316,194,450,173,10.1597,500.001
16023,-118.95,34.19,24,2719,434,1318,424,4.675,228.8
16024,-118.94,34.18,24,3689,585,1898,581,5.9224,239.4
16025,-118.94,34.18,25,3502,508,1713,508,5.5181,242.1
16026,-118.93,34.2,17,2619,606,1655,557,3.886,281.3
16027,-118.92,34.19,16,3631,974,2585,923,3.0691,130.4
16028,-118.9,34.2,16,6510,817,2304,778,7.9943,452.1
16029,-118.9,34.19,26,1582,196,573,182,10.0595,500.001
16030,-118.89,34.22,20,3878,665,1651,591,5.5402,264.6
16031,-118.87,34.23,14,4242,746,1858,689,6.0145,287.1
16032,-118.88,34.22,16,2343,393,2007,383,5.756,302.7
16033,-118.87,34.22,14,3108,451,1566,434,6.2423,305.4
16034,-118.85,34.25,17,5593,732,1992,660,7.2965,342.9
16035,-118.85,34.23,13,5094,764,2230,737,6.4823,290.9
16036,-118.86,34.22,22,1230,200,673,195,6.2708,251.4
16037,-118.85,34.21,29,2195,414,1360,401,3.4773,206.7
16038,-118.86,34.21,26,3354,659,2020,648,4.1576,211.8
16039,-118.87,34.21,26,4439,616,1881,592,6.2935,258
16040,-118.87,34.2,26,1924,245,775,244,7.001,286.8
16041,-118.88,34.2,23,4862,597,1938,594,7.3409,316
16042,-118.88,34.19,26,2296,275,842,263,7.7889,309.9
16043,-118.86,34.19,26,3135,480,1474,458,6.1949,243.5
16044,-118.87,34.19,23,2179,423,1338,406,5.5224,240.7
16045,-118.88,34.19,16,7268,1729,3232,1653,3.3703,228.7
16046,-118.87,34.18,21,5661,1369,3188,1308,3.4676,212.8
16047,-118.85,34.18,11,5873,1455,3089,1365,3.5504,173.8
16048,-118.84,34.17,16,3449,820,1877,816,3.2176,187.5
16049,-118.85,34.2,28,2040,297,848,280,6.7612,323.7
16050,-118.86,34.19,27,1931,261,736,244,6.7805,392.9
16051,-118.83,34.18,23,5647,786,2050,738,6.3586,348.3
16052,-118.83,34.17,17,4668,628,1917,624,8.1397,353.9
16053,-118.9,34.14,35,1503,263,576,216,5.1457,500.001
16054,-119,34.08,17,1822,438,578,291,5.4346,428.6
16055,-118.75,34.18,4,16704,2704,6187,2207,6.6122,357.6
16056,-118.75,34.17,18,6217,858,2703,834,6.8075,325.9
16057,-118.69,34.18,11,1177,138,415,119,10.0472,500.001
16058,-118.8,34.19,4,15572,2222,5495,2152,8.6499,500.001
16059,-118.83,34.23,6,8803,1114,3385,1010,8.7288,425.8
16060,-118.74,34.26,22,4337,673,2347,636,5.4091,222.4
16061,-118.7,34.24,28,2405,462,1011,378,4.504,204.3
16062,-118.64,34.25,47,1315,290,581,268,5.4024,253
16063,-118.69,34.21,10,3663,409,1179,371,12.542,500.001
16064,-118.81,34.25,4,9147,1827,3950,1661,5.716,320.8
16065,-118.79,34.26,17,1986,249,761,241,7.2137,401.9
16066,-118.8,34.27,12,3330,600,1577,584,4.6985,264.1
16067,-118.77,34.24,6,16222,2309,6700,2080,6.4963,308.1
16068,-118.78,34.26,24,4072,582,1834,565,6.0487,254.5
16069,-118.78,34.25,13,1841,237,833,231,7.7785,404.7
16070,-118.9,34.3,13,5591,1013,3188,971,5.5925,208.6
16071,-118.83,34.33,6,6679,1164,3196,1157,5.4493,242.6
16072,-118.89,34.29,28,1545,371,1334,318,3.4375,194.1
16073,-118.88,34.28,22,3369,771,2751,710,4.0474,182.1
16074,-118.91,34.28,6,6106,1134,3246,1062,5.2206,280.2
16075,-118.9,34.26,5,25187,3521,11956,3478,6.9712,321.3
16076,-118.78,34.27,20,2743,685,1798,613,3.6761,170.9
16077,-118.77,34.27,7,3074,794,1816,654,2.7137,196.4
16078,-118.77,34.28,6,4685,965,2180,909,4.5458,208.2
16079,-118.77,34.28,26,2873,480,1915,475,5.3681,187.7
16080,-118.75,34.28,22,3844,537,1665,492,6.2059,239.9
16081,-118.76,34.28,21,2786,342,1114,322,5.8578,266.3
16082,-118.75,34.27,20,3495,449,1629,428,5.8096,264.4
16083,-118.75,34.27,26,966,191,690,191,5.1698,188
16084,-118.75,34.27,24,3241,461,1567,446,5.5983,233.3
16085,-118.73,34.27,23,4550,762,2301,744,4.556,205.3
16086,-118.74,34.27,23,2493,522,1488,505,4.18,215
16087,-118.77,34.26,26,3038,468,1825,468,5.6385,196.9
16088,-118.76,34.26,26,1750,284,962,278,4.5673,190.4
16089,-118.75,34.26,26,1767,265,1040,250,5.4787,198.1
16090,-118.74,34.26,27,3467,545,1798,493,4.8717,204.1
16091,-118.74,34.28,21,4056,637,1974,634,5.9024,221
16092,-118.73,34.27,25,3409,493,1699,484,5.653,225.8
16093,-118.7,34.28,25,2377,491,1200,439,4.7083,196.1
16094,-118.72,34.28,17,2654,478,1392,451,5.4459,223.9
16095,-118.72,34.28,17,3051,505,1705,495,5.7376,218.6
16096,-118.68,34.28,17,6488,1102,3199,1070,5.0962,238
16097,-118.67,34.3,5,6123,825,2440,736,7.9013,393
16098,-118.68,34.27,16,4637,941,2476,878,4.0568,225.2
16099,-118.67,34.27,15,3221,659,1390,607,3.5313,191.8
16100,-118.67,34.27,10,3753,678,1859,660,4.9946,204.6
16101,-118.71,34.29,24,2983,406,1203,381,6.3236,302
16102,-118.71,34.29,21,2751,493,1432,483,5.2067,221.2
16103,-118.7,34.28,27,3536,646,1837,580,4.4964,238.3
16104,-118.7,34.3,23,2831,406,1284,393,6.1383,244.1
16105,-118.75,34.33,27,534,85,243,77,8.2787,330
16106,-118.72,34.29,22,3266,529,1595,494,6.0368,248
16107,-118.73,34.29,8,4983,754,2510,725,6.9454,276.5
16108,-121.52,38.59,35,6418,1545,3814,1496,1.6647,69.1
16109,-121.51,38.58,42,1822,636,1372,560,1.2542,76
16110,-121.53,38.6,25,5154,1105,3196,1073,2.7566,80.2
16111,-121.54,38.59,29,2242,493,1481,478,2.0781,74.8
16112,-121.54,38.59,40,2120,504,1304,464,2.0368,67.8
16113,-121.55,38.59,36,435,95,285,90,1.2292,69.6
16114,-121.63,38.67,34,431,85,391,77,2.625,225
16115,-121.52,38.58,24,938,275,508,253,1.642,32.5
16116,-121.53,38.56,39,2438,483,1103,472,2.9375,86.6
16117,-121.52,38.57,43,2360,471,1041,452,2.89,86.2
16118,-121.54,38.58,30,4648,1252,2524,1089,1.3177,74.3
16119,-121.56,38.58,32,2070,561,2046,523,1.9426,82.3
16120,-121.53,38.58,33,4988,1169,2414,1075,1.9728,76.4
16121,-121.55,38.51,22,2403,431,1088,421,3.9,146.9
16122,-121.55,38.55,10,6227,1164,2909,1077,4.106,115.9
16123,-121.56,38.44,43,1485,270,653,251,3,141.7
16124,-121.61,38.38,37,1365,276,952,268,4.037,156.9
16125,-121.79,38.54,7,1777,513,4479,504,1.4653,310
16126,-121.78,38.55,12,10509,2186,5633,2138,2.9605,204.3
16127,-121.76,38.57,11,15018,3008,7984,2962,3.1371,201.8
16128,-121.81,38.58,17,1964,314,808,286,5.9629,286
16129,-121.7,38.6,16,2372,588,1400,583,2.8922,153.6
16130,-121.67,38.54,13,6141,1019,2553,967,4.2432,326.5
16131,-121.74,38.56,18,3960,1151,2248,1144,1.7257,179.1
16132,-121.74,38.55,34,2299,579,1300,536,1.6435,148.5
16133,-121.73,38.55,34,1717,393,1224,387,2.7917,130.8
16134,-121.73,38.54,18,974,317,521,317,1.0633,137.5
16135,-121.71,38.56,20,8627,1516,4071,1466,4.2198,164.1
16136,-121.7,38.54,13,6819,1158,2828,1115,4.6225,226.5
16137,-121.75,38.55,33,2479,382,979,377,4.7308,236.2
16138,-121.74,38.55,33,6861,1820,3717,1767,1.7311,182.6
16139,-121.76,38.55,23,8800,1857,6330,1832,2.065,219.4
16140,-121.75,38.55,26,4802,950,2199,939,3.7452,227.7
16141,-121.77,38.69,47,1697,318,775,276,3.4559,123.1
16142,-121.77,38.68,43,2559,598,1820,591,2.1927,107.9
16143,-121.8,38.69,8,3544,691,2118,678,3.7477,122.2
16144,-121.79,38.69,23,1755,321,1061,313,2.8864,103.1
16145,-121.78,38.69,31,2547,535,1579,509,2.6774,95.8
16146,-121.8,38.68,11,3851,892,1847,747,3.4331,120.6
16147,-121.78,38.68,39,2806,662,1659,638,1.9787,97.8
16148,-121.8,38.67,11,3251,623,1700,615,3.1875,172
16149,-121.79,38.67,17,2875,810,1876,749,1.951,152.5
16150,-121.78,38.68,43,3766,847,1855,817,2.3468,119.4
16151,-121.8,38.67,10,2086,380,1073,378,4.5526,154.4
16152,-121.78,38.67,38,2948,478,1123,460,4.0556,146.9
16153,-121.75,38.67,9,12139,2640,6837,2358,3.125,132.5
16154,-121.71,38.72,32,710,155,550,154,2.8882,151.4
16155,-121.7,38.65,22,1360,282,808,229,2.4167,225
16156,-121.84,38.65,29,3167,548,1554,534,4.3487,200.7
16157,-121.76,38.66,17,5320,984,2866,928,4.1997,133.4
16158,-121.96,38.54,6,1485,318,894,308,3.2222,139.6
16159,-121.99,38.53,6,4598,834,2561,812,3.4186,127.3
16160,-121.98,38.52,27,3044,565,1583,514,2.7989,126.7
16161,-122.05,38.56,20,1005,168,457,157,5.679,225
16162,-121.92,38.57,10,1320,246,898,228,1.9327,193.8
16163,-121.94,38.89,15,1462,314,774,271,2.5478,91.7
16164,-121.72,38.8,36,1069,228,567,190,1.9559,78.4
16165,-121.77,38.76,32,1950,385,1145,363,2.8365,87.9
16166,-122.21,38.83,20,1138,221,459,209,3.1534,123.4
16167,-122.16,38.9,33,1221,236,488,199,3.7574,92.7
16168,-121.95,38.65,19,1265,228,755,218,3.3472,69.8
16169,-122.03,38.69,23,1796,380,939,330,2.7955,96.3
16170,-121.6,39.15,19,1396,336,940,309,1.5208,70.3
16171,-121.59,39.15,5,1922,489,938,439,2.0474,61.3
16172,-121.59,39.15,48,1783,399,938,374,1.6652,58.9
16173,-121.58,39.15,34,1376,376,702,317,1.4946,55.5
16174,-121.58,39.14,52,662,160,520,149,0.8928,55
16175,-121.57,39.16,21,1872,302,870,301,3.725,84.7
16176,-121.56,39.16,12,3349,642,2029,619,2.9647,88.8
16177,-121.57,39.16,33,2033,375,914,330,2.6964,68.5
16178,-121.56,39.16,35,2157,441,1009,409,1.5827,63
16179,-121.57,39.16,18,1632,367,769,330,3.1029,71.7
16180,-121.57,39.13,30,442,103,413,88,1.5694,57.9
16181,-121.56,39.13,17,2277,608,1607,562,1.5085,69.7
16182,-121.54,39.13,18,4289,1021,2707,939,1.3375,59.6
16183,-121.57,39.12,30,2601,534,1702,506,2.08,56.6
16184,-121.57,39.1,28,1442,333,832,286,1.8413,62.3
16185,-121.59,39.1,24,1107,261,768,205,1.7167,48.8
16186,-121.56,39.11,18,2171,480,1527,447,2.3011,57.5
16187,-121.56,39.1,28,2130,484,1195,439,1.3631,45.5
16188,-121.55,39.1,27,1783,441,1163,409,1.2857,47
16189,-121.56,39.08,26,1377,289,761,267,1.4934,48.3
16190,-121.54,39.08,23,1076,216,724,197,2.3598,57.5
16191,-121.53,39.08,15,1810,441,1157,375,2.0469,55.1
16192,-121.55,39.06,25,1332,247,726,226,2.25,63.4
16193,-121.56,39.01,22,1891,340,1023,296,2.7303,99.1
16194,-121.47,39.01,37,1244,247,484,157,2.3661,77.5
16195,-121.37,39.03,32,1158,244,598,227,2.8235,65.5
16196,-121.41,39.04,16,1698,300,731,291,3.0739,87.2
16197,-121.52,39.12,37,102,17,29,14,4.125,72
16198,-121.43,39.18,36,1124,184,504,171,2.1667,93.8
16199,-121.32,39.13,5,358,65,169,59,3,162.5
16200,-121.48,39.1,19,2043,421,1018,390,2.5952,92.4
16201,-121.39,39.12,28,10035,1856,6912,1818,2.0943,108.3
16202,-121.32,39.29,11,2640,505,1257,445,3.5673,112
16203,-121.4,39.33,15,2655,493,1200,432,3.5179,107.2
16204,-121.45,39.26,15,2319,416,1047,385,3.125,115.6
16205,-121.53,39.19,27,2080,412,1082,382,2.5495,98.3
16206,-121.56,39.27,28,2332,395,1041,344,3.7125,116.8
16207,-121.09,39.48,25,1665,374,845,330,1.5603,78.1
16208,-121.21,39.49,18,697,150,356,114,2.5568,77.1
16209,-121.22,39.43,17,2254,485,1007,433,1.7,92.3
16210,-121.32,39.43,18,1860,409,741,349,1.8672,84.7
16211,-121.24,39.37,16,2785,616,1387,530,2.3886,89.4
